cid,title,cat,cat_path,page,langs,n_langs
ENPx8qi2o,2026 타이틀 매치 《오인환 vs. 장서영: 휴먼 에러》,문화관광,Culture > Cultural > Facilities,1,KOPx8qi2o:한국어|ENPx8qi2o:영어|JPPx8qi2o:일본어|CNPx8qi2o:중국어 간체|TCPx8qi2o:중국어 번체,5
ENPreqvti,2026 AECHAE Forest,문화관광,Culture > Cultural > Facilities,1,KOPreqvti:한국어|ENPreqvti:영어|JPPreqvti:일본어|CNPreqvti:중국어 간체|TCPreqvti:중국어 번체|RUPreqvti:러시아어,6
ENPoyf5m1,SPO Park Concert 2026,문화관광,Culture > Cultural > Facilities,1,KOPoyf5m1:한국어|ENPoyf5m1:영어|JPPoyf5m1:일본어|CNPoyf5m1:중국어 간체|TCPoyf5m1:중국어 번체|RUPoyf5m1:러시아어,6
ENPh6s7u3,The Color of Memory,문화관광,Culture > Cultural > Facilities,1,KOPh6s7u3:한국어|ENPh6s7u3:영어|JPPh6s7u3:일본어|CNPh6s7u3:중국어 간체|TCPh6s7u3:중국어 번체|RUPh6s7u3:러시아어,6
ENPqkbvqx,LALARECIPE × MeME : Happiness Recipe for Every Skin,문화관광,Culture > Cultural > Facilities,1,KOPqkbvqx:한국어|ENPqkbvqx:영어|JPPqkbvqx:일본어|CNPqkbvqx:중국어 간체|TCPqkbvqx:중국어 번체|RUPqkbvqx:러시아어,6
ENPzmxljt,"Painters Inspired by Nature-Kim Won, Yoo Youngkuk, Lee In-sung, Lee Jung-seop, Yim Jik-soon",문화관광,Culture > Cultural > Facilities,1,KOPzmxljt:한국어|ENPzmxljt:영어|JPPzmxljt:일본어|CNPzmxljt:중국어 간체|TCPzmxljt:중국어 번체|RUPzmxljt:러시아어,6
ENPex1iie,Pharme Seoul,문화관광,Culture > Cultural > Facilities,1,KOPex1iie:한국어|ENPex1iie:영어|JPPex1iie:일본어|CNPex1iie:중국어 간체|TCPex1iie:중국어 번체|RUPex1iie:러시아어|MLPex1iie:말레이어,7
ENP2ts0gq,Hongdae Mural Street,문화관광,Culture > Cultural > Districts,1,KOP2ts0gq:한국어|ENP2ts0gq:영어|JPP2ts0gq:일본어|CNP2ts0gq:중국어 간체|TCP2ts0gq:중국어 번체|RUP2ts0gq:러시아어|MLP2ts0gq:말레이어,7
ENPzxk4rc,SKETCH 2026 : Aesthetics of Liquidity,문화관광,Culture > Cultural > Facilities,1,KOPzxk4rc:한국어|ENPzxk4rc:영어|JPPzxk4rc:일본어|CNPzxk4rc:중국어 간체|TCPzxk4rc:중국어 번체|RUPzxk4rc:러시아어,6
ENPii0mwl,Fiber Art Special Exhibition 《Texture of Rest》,문화관광,Culture > Cultural > Facilities,1,KOPii0mwl:한국어|ENPii0mwl:영어|JPPii0mwl:일본어|CNPii0mwl:중국어 간체|TCPii0mwl:중국어 번체|RUPii0mwl:러시아어,6
ENPfo3uv0,Gwangnaru Hangang Park Everyone&#039;s Playground,문화관광,Culture > Leisure/Sports > Centers,1,KOPfo3uv0:한국어|ENPfo3uv0:영어|JPPfo3uv0:일본어|CNPfo3uv0:중국어 간체|TCPfo3uv0:중국어 번체|RUPfo3uv0:러시아어|MLPfo3uv0:말레이어,7
ENP3s1wvi,Centre Pompidou Hanwha,문화관광,Culture > Cultural > Facilities > Art > Museums/Galleries,1,KOP3s1wvi:한국어|ENP3s1wvi:영어|JPP3s1wvi:일본어|CNP3s1wvi:중국어 간체|TCP3s1wvi:중국어 번체|RUP3s1wvi:러시아어|MLP3s1wvi:말레이어,7
ENPmv93re,D MUSEUM,문화관광,Culture > Cultural > Facilities > Others > Cultural > Facilities,1,KOPmv93re:한국어|ENPmv93re:영어|JPPmv93re:일본어|CNPmv93re:중국어 간체|TCPmv93re:중국어 번체|RUPmv93re:러시아어|MLPmv93re:말레이어,7
ENP7hbgp3,Photographer Kang Jae-gu Solo Exhibition &lt; Eve of Enlistment - Soldier &gt;,문화관광,Culture > Cultural > Facilities,1,KOP7hbgp3:한국어|ENP7hbgp3:영어|JPP7hbgp3:일본어|CNP7hbgp3:중국어 간체|TCP7hbgp3:중국어 번체|RUP7hbgp3:러시아어,6
ENPe1pb5g,LuggageDot Storage Seoul Station,문화관광,Culture > Cultural > Districts,1,KOPe1pb5g:한국어|ENPe1pb5g:영어|JPPe1pb5g:일본어|CNPe1pb5g:중국어 간체|TCPe1pb5g:중국어 번체|RUPe1pb5g:러시아어|MLPe1pb5g:말레이어,7
ENPa0vdy2,The Art of Learning : Becoming Each Other&#039;s School,문화관광,Culture > Cultural > Facilities,1,KOPa0vdy2:한국어|ENPa0vdy2:영어|JPPa0vdy2:일본어|CNPa0vdy2:중국어 간체|TCPa0vdy2:중국어 번체|RUPa0vdy2:러시아어,6
ENPfxnbtp,Yeouido Inline Skating Rink,문화관광,Culture > Leisure/Sports > Centers,1,KOPfxnbtp:한국어|ENPfxnbtp:영어|JPPfxnbtp:일본어|CNPfxnbtp:중국어 간체|TCPfxnbtp:중국어 번체|RUPfxnbtp:러시아어|MLPfxnbtp:말레이어,7
ENPbqma2f,TFT Wild Fanfest in The Hyundai Seoul,문화관광,Culture > Cultural > Facilities,1,KOPbqma2f:한국어|ENPbqma2f:영어|JPPbqma2f:일본어|CNPbqma2f:중국어 간체|TCPbqma2f:중국어 번체|RUPbqma2f:러시아어,6
ENP8fufjn,"Sumi Jo 40th Anniversary, Song of Four Seasons 《CONTINUUM》",문화관광,Culture > Cultural > Facilities,1,KOP8fufjn:한국어|ENP8fufjn:영어|JPP8fufjn:일본어|CNP8fufjn:중국어 간체|TCP8fufjn:중국어 번체|RUP8fufjn:러시아어,6
ENPmg2v5t,2026 Gugak Plug in vol.3,문화관광,Culture > Cultural > Facilities,1,KOPmg2v5t:한국어|ENPmg2v5t:영어|JPPmg2v5t:일본어|CNPmg2v5t:중국어 간체|TCPmg2v5t:중국어 번체|RUPmg2v5t:러시아어,6
ENPo2o028,Sook Jin Jo : That&#039;s How the Light Gets In,문화관광,Culture > Cultural > Facilities,2,KOPo2o028:한국어|ENPo2o028:영어|JPPo2o028:일본어|CNPo2o028:중국어 간체|TCPo2o028:중국어 번체|RUPo2o028:러시아어,6
ENPc3g5o6,"Seoul, Singing with the World",문화관광,Culture > Cultural > Facilities,2,KOPc3g5o6:한국어|ENPc3g5o6:영어|JPPc3g5o6:일본어|CNPc3g5o6:중국어 간체|TCPc3g5o6:중국어 번체|RUPc3g5o6:러시아어,6
ENPzy336c,KAWS: FRIENDS AND NEIGHBORS,문화관광,Culture > Cultural > Facilities,2,KOPzy336c:한국어|ENPzy336c:영어|JPPzy336c:일본어|CNPzy336c:중국어 간체|TCPzy336c:중국어 번체|RUPzy336c:러시아어,6
ENPgdf9ry,FineCharacter 2026,문화관광,Culture > Cultural > Facilities,2,KOPgdf9ry:한국어|ENPgdf9ry:영어|JPPgdf9ry:일본어|CNPgdf9ry:중국어 간체|TCPgdf9ry:중국어 번체|RUPgdf9ry:러시아어,6
ENP5pejiz,63 Sky Picnic,문화관광,Culture > Landmarks,2,KOP5pejiz:한국어|ENP5pejiz:영어|JPP5pejiz:일본어|CNP5pejiz:중국어 간체|TCP5pejiz:중국어 번체|RUP5pejiz:러시아어|MLP5pejiz:말레이어,7
ENPpm3s33,2026 International Sleep &amp; Healing Expo | Sleep &amp; Wellness Fest,문화관광,Culture > Cultural > Facilities,2,KOPpm3s33:한국어|ENPpm3s33:영어|JPPpm3s33:일본어|CNPpm3s33:중국어 간체|TCPpm3s33:중국어 번체|RUPpm3s33:러시아어,6
ENPgeb6on,Seoul Museum of Photography 《Martin Parr : We Are Martin Parr》,문화관광,Culture > Cultural > Facilities,2,KOPgeb6on:한국어|ENPgeb6on:영어|JPPgeb6on:일본어|CNPgeb6on:중국어 간체|TCPgeb6on:중국어 번체|RUPgeb6on:러시아어,6
ENPy2nopb,Luggage Lounge Anguk Locker,문화관광,Culture > Cultural > Districts,2,KOPy2nopb:한국어|ENPy2nopb:영어|JPPy2nopb:일본어|CNPy2nopb:중국어 간체|TCPy2nopb:중국어 번체|RUPy2nopb:러시아어|MLPy2nopb:말레이어,7
ENPz20943,"From One Book to the World, K-Content: K-BOOK to the WORLD",문화관광,Culture > Cultural > Facilities,2,KOPz20943:한국어|ENPz20943:영어|JPPz20943:일본어|CNPz20943:중국어 간체|TCPz20943:중국어 번체|RUPz20943:러시아어,6
ENPdr8hdy,2026 Kong Sung-hwan Solo Exhibition &lt;Ripple&gt;,문화관광,Culture > Cultural > Facilities,2,KOPdr8hdy:한국어|ENPdr8hdy:영어|JPPdr8hdy:일본어|CNPdr8hdy:중국어 간체|TCPdr8hdy:중국어 번체|RUPdr8hdy:러시아어,6
ENPrxkd9g,GALLERY J. ONE,문화관광,Culture > Cultural > Facilities > Art > Museums/Galleries,2,KOPrxkd9g:한국어|ENPrxkd9g:영어|JPPrxkd9g:일본어|CNPrxkd9g:중국어 간체|TCPrxkd9g:중국어 번체|RUPrxkd9g:러시아어|MLPrxkd9g:말레이어,7
ENP1wimla,"BEAUTY, TRANSLATED",문화관광,Culture > Cultural > Facilities,2,KOP1wimla:한국어|ENP1wimla:영어|JPP1wimla:일본어|CNP1wimla:중국어 간체|TCP1wimla:중국어 번체|RUP1wimla:러시아어,6
ENPhmlx6l,Baekbin Railroad Crossing,문화관광,Culture > Cultural > Districts,2,KOPhmlx6l:한국어|ENPhmlx6l:영어|JPPhmlx6l:일본어|CNPhmlx6l:중국어 간체|TCPhmlx6l:중국어 번체|RUPhmlx6l:러시아어|MLPhmlx6l:말레이어,7
ENPij99b4,Full of Colors : Regions Shaping K,문화관광,Culture > Cultural > Facilities,2,KOPij99b4:한국어|ENPij99b4:영어|JPPij99b4:일본어|CNPij99b4:중국어 간체|TCPij99b4:중국어 번체|RUPij99b4:러시아어,6
ENPqbvlpa,COMPANY World Affair,문화관광,Culture > Cultural > Facilities,2,KOPqbvlpa:한국어|ENPqbvlpa:영어|JPPqbvlpa:일본어|CNPqbvlpa:중국어 간체|TCPqbvlpa:중국어 번체|RUPqbvlpa:러시아어,6
ENPlhr9s8,"You, As You Are - SimLee Da Eun",문화관광,Culture > Cultural > Facilities,2,KOPlhr9s8:한국어|ENPlhr9s8:영어|JPPlhr9s8:일본어|CNPlhr9s8:중국어 간체|TCPlhr9s8:중국어 번체|RUPlhr9s8:러시아어,6
ENP4u05qa,Seongbuk Young Art Space,문화관광,Culture > Cultural > Facilities,2,KOP4u05qa:한국어|ENP4u05qa:영어|JPP4u05qa:일본어|CNP4u05qa:중국어 간체|TCP4u05qa:중국어 번체|RUP4u05qa:러시아어|MLP4u05qa:말레이어,7
ENPj1ro8q,Haechi Madang (Gwanghwamun Square),문화관광,Culture,2,KOPj1ro8q:한국어|ENPj1ro8q:영어|JPPj1ro8q:일본어|CNPj1ro8q:중국어 간체|TCPj1ro8q:중국어 번체|RUPj1ro8q:러시아어|MLPj1ro8q:말레이어,7
ENPwd3ohy,Atelier Gwanghwa,문화관광,Culture,2,KOPwd3ohy:한국어|ENPwd3ohy:영어|JPPwd3ohy:일본어|CNPwd3ohy:중국어 간체|TCPwd3ohy:중국어 번체|RUPwd3ohy:러시아어|MLPwd3ohy:말레이어,7
ENPt1364i,The Garden of Simwon : Ink and Silence,문화관광,Culture > Cultural > Facilities,2,KOPt1364i:한국어|ENPt1364i:영어|JPPt1364i:일본어|CNPt1364i:중국어 간체|TCPt1364i:중국어 번체|RUPt1364i:러시아어,6
ENPqosaz0,"Summer Table : Six Hands, One Table",문화관광,Culture > Cultural > Facilities,3,KOPqosaz0:한국어|ENPqosaz0:영어|JPPqosaz0:일본어|CNPqosaz0:중국어 간체|TCPqosaz0:중국어 번체|RUPqosaz0:러시아어,6
ENPhs2wlq,ICON: The Chair Series,문화관광,Culture > Cultural > Facilities,3,KOPhs2wlq:한국어|ENPhs2wlq:영어|JPPhs2wlq:일본어|CNPhs2wlq:중국어 간체|TCPhs2wlq:중국어 번체|RUPhs2wlq:러시아어,6
ENP0e0w4k,Samilro Changgo Theater,문화관광,Culture > Other > Cultural > Destinations,3,KOP0e0w4k:한국어|ENP0e0w4k:영어|JPP0e0w4k:일본어|CNP0e0w4k:중국어 간체|TCP0e0w4k:중국어 번체|RUP0e0w4k:러시아어|MLP0e0w4k:말레이어,7
ENPx0x7wx,BANKSY: Still Here,문화관광,Culture > Cultural > Facilities,3,KOPx0x7wx:한국어|ENPx0x7wx:영어|JPPx0x7wx:일본어|CNPx0x7wx:중국어 간체|TCPx0x7wx:중국어 번체|RUPx0x7wx:러시아어,6
ENPm8j6gm,Kwon Byungjun: I Embrace You,문화관광,Culture > Cultural > Facilities,3,KOPm8j6gm:한국어|ENPm8j6gm:영어|JPPm8j6gm:일본어|CNPm8j6gm:중국어 간체|TCPm8j6gm:중국어 번체|RUPm8j6gm:러시아어,6
ENPwdbw7j,Everything Dance Hall,문화관광,Culture > Cultural > Facilities,3,KOPwdbw7j:한국어|ENPwdbw7j:영어,2
ENP6y9jr9,IBK Moduda Family Concert 2026,문화관광,Culture > Cultural > Facilities,3,KOP6y9jr9:한국어|ENP6y9jr9:영어|JPP6y9jr9:일본어|CNP6y9jr9:중국어 간체|TCP6y9jr9:중국어 번체|RUP6y9jr9:러시아어,6
ENPnw33eg,club Seolhwa,문화관광,Culture > Cultural > Facilities,3,KOPnw33eg:한국어|ENPnw33eg:영어|JPPnw33eg:일본어|CNPnw33eg:중국어 간체|TCPnw33eg:중국어 번체|RUPnw33eg:러시아어,6
ENP52w7m1,Drawing Room,문화관광,Culture > Cultural > Facilities > Art > Museums/Galleries,3,KOP52w7m1:한국어|ENP52w7m1:영어|JPP52w7m1:일본어|CNP52w7m1:중국어 간체|TCP52w7m1:중국어 번체|RUP52w7m1:러시아어|MLP52w7m1:말레이어,7
ENPsj8gga,Joseon Yangban Hospitality Culture Experience Performance &#039;Onggi Concert&#039;,문화관광,Culture > Cultural > Facilities,3,KOPsj8gga:한국어|ENPsj8gga:영어|JPPsj8gga:일본어|CNPsj8gga:중국어 간체|TCPsj8gga:중국어 번체|RUPsj8gga:러시아어,6
ENPhxlwke,2026 The 2nd Garak Table Concert,문화관광,Culture > Cultural > Facilities,3,KOPhxlwke:한국어|ENPhxlwke:영어|JPPhxlwke:일본어|CNPhxlwke:중국어 간체|TCPhxlwke:중국어 번체|RUPhxlwke:러시아어,6
ENPxe6hpp,Sogang University,문화관광,Culture > Landmarks,3,KOPxe6hpp:한국어|ENPxe6hpp:영어|JPPxe6hpp:일본어|CNPxe6hpp:중국어 간체|TCPxe6hpp:중국어 번체|RUPxe6hpp:러시아어|MLPxe6hpp:말레이어,7
ENPqyzmh2,LuggageQ Hongdae Branch,문화관광,Culture > Cultural > Districts,3,KOPqyzmh2:한국어|ENPqyzmh2:영어|JPPqyzmh2:일본어|CNPqyzmh2:중국어 간체|TCPqyzmh2:중국어 번체|RUPqyzmh2:러시아어|MLPqyzmh2:말레이어,7
ENP60cztf,LuggageQ Seoul Station Branch,문화관광,Culture > Cultural > Districts,3,KOP60cztf:한국어|ENP60cztf:영어|JPP60cztf:일본어|CNP60cztf:중국어 간체|TCP60cztf:중국어 번체|RUP60cztf:러시아어|MLP60cztf:말레이어,7
ENPnkfasx,Yeonhui Permanent Performance 〈Yeonhui Panpan〉,문화관광,Culture > Cultural > Facilities,3,KOPnkfasx:한국어|ENPnkfasx:영어|JPPnkfasx:일본어|CNPnkfasx:중국어 간체|TCPnkfasx:중국어 번체|RUPnkfasx:러시아어,6
ENPy1hneb,What We Want to Talk About When We Talk About Haruki,문화관광,Culture > Cultural > Facilities,3,KOPy1hneb:한국어|ENPy1hneb:영어|JPPy1hneb:일본어|CNPy1hneb:중국어 간체|TCPy1hneb:중국어 번체|RUPy1hneb:러시아어,6
ENP07kl3f,National Geographic Special Exhibition — OCEAN: The Greatest Record,문화관광,Culture > Cultural > Facilities,3,KOP07kl3f:한국어|ENP07kl3f:영어|JPP07kl3f:일본어|CNP07kl3f:중국어 간체|TCP07kl3f:중국어 번체|RUP07kl3f:러시아어,6
ENPw7lepl,Fernando Botero: The Aesthetics of Form,문화관광,Culture > Cultural > Facilities,3,KOPw7lepl:한국어|ENPw7lepl:영어|JPPw7lepl:일본어|CNPw7lepl:중국어 간체|TCPw7lepl:중국어 번체|RUPw7lepl:러시아어,6
ENP4q4n0f,"Beyond Impressionism: Renoir, Degas, Van Gogh, Matisse, Picasso",문화관광,Culture > Cultural > Facilities,3,KOP4q4n0f:한국어|ENP4q4n0f:영어|JPP4q4n0f:일본어|CNP4q4n0f:중국어 간체|TCP4q4n0f:중국어 번체|RUP4q4n0f:러시아어,6
ENPny8ty6,"Goya, the Spanish Master : The Sleep of Reason Produces Monsters Exhibition",문화관광,Culture > Cultural > Facilities,3,KOPny8ty6:한국어|ENPny8ty6:영어|JPPny8ty6:일본어|CNPny8ty6:중국어 간체|TCPny8ty6:중국어 번체|RUPny8ty6:러시아어,6
ENPkkmg5t,Seo-Seoul Museum of Art Inaugural Special Exhibition 《Our Time Begins Here》,문화관광,Culture > Cultural > Facilities,4,KOPkkmg5t:한국어|ENPkkmg5t:영어|JPPkkmg5t:일본어|CNPkkmg5t:중국어 간체|TCPkkmg5t:중국어 번체|RUPkkmg5t:러시아어,6
ENPu2zkva,Seoul Museum of Art Nanji Residency 20th Anniversary Exhibition 《AMOR EX MACHINA》,문화관광,Culture > Cultural > Facilities,4,KOPu2zkva:한국어|ENPu2zkva:영어|JPPu2zkva:일본어|CNPu2zkva:중국어 간체|TCPu2zkva:중국어 번체|RUPu2zkva:러시아어,6
ENPmvjbam,Seoul City Wall Museum,문화관광,Culture > Cultural > Facilities > Museums,4,KOPmvjbam:한국어|ENPmvjbam:영어|JPPmvjbam:일본어|CNPmvjbam:중국어 간체|TCPmvjbam:중국어 번체|RUPmvjbam:러시아어|MLPmvjbam:말레이어,7
ENPipn2pj,Dongdaemun History Museum,문화관광,Culture > Cultural > Facilities > Museums,4,KOPipn2pj:한국어|ENPipn2pj:영어|JPPipn2pj:일본어|CNPipn2pj:중국어 간체|TCPipn2pj:중국어 번체|RUPipn2pj:러시아어|MLPipn2pj:말레이어,7
ENPe4d3g1,Dongdaemun Stadium Memorial,문화관광,Culture > Cultural > Facilities > Museums,4,KOPe4d3g1:한국어|ENPe4d3g1:영어|JPPe4d3g1:일본어|CNPe4d3g1:중국어 간체|TCPe4d3g1:중국어 번체|RUPe4d3g1:러시아어|MLPe4d3g1:말레이어,7
ENP71zsbw,Samgak G7: The Place of Beginning,문화관광,Culture > Cultural > Facilities,4,KOP71zsbw:한국어|ENP71zsbw:영어|JPP71zsbw:일본어|CNP71zsbw:중국어 간체|TCP71zsbw:중국어 번체|RUP71zsbw:러시아어,6
ENPiibcte,"Rembrandt to Goya, Master of European Painting from the Toledo Museum of Art",문화관광,Culture > Cultural > Facilities,4,KOPiibcte:한국어|ENPiibcte:영어|JPPiibcte:일본어|CNPiibcte:중국어 간체|TCPiibcte:중국어 번체|RUPiibcte:러시아어,6
ENPhax5cj,Art Cube 2R2,문화관광,Culture > Cultural > Facilities > Others > Cultural > Facilities,4,KOPhax5cj:한국어|ENPhax5cj:영어|JPPhax5cj:일본어|CNPhax5cj:중국어 간체|TCPhax5cj:중국어 번체|RUPhax5cj:러시아어|MLPhax5cj:말레이어,7
ENPhd2f4q,Dilkusha,문화관광,Culture > Cultural > Facilities > Others > Cultural > Facilities,4,KOPhd2f4q:한국어|ENPhd2f4q:영어|JPPhd2f4q:일본어|CNPhd2f4q:중국어 간체|TCPhd2f4q:중국어 번체|RUPhd2f4q:러시아어|MLPhd2f4q:말레이어,7
ENPpip0hk,Yongsan Cultural Foundation Complex Cultural Space,문화관광,Culture > Cultural > Districts,4,KOPpip0hk:한국어|ENPpip0hk:영어|JPPpip0hk:일본어|CNPpip0hk:중국어 간체|TCPpip0hk:중국어 번체|RUPpip0hk:러시아어|MLPpip0hk:말레이어,7
ENPt72ki7,"Untuned Time : Camille Norment, Min Oh",문화관광,Culture > Cultural > Facilities,4,KOPt72ki7:한국어|ENPt72ki7:영어|JPPt72ki7:일본어|CNPt72ki7:중국어 간체|TCPt72ki7:중국어 번체|RUPt72ki7:러시아어,6
ENPvtrfxs,"Oh Jiyoon Solo Exhibition, 《Dignity: Accumulated Time》",문화관광,Culture > Cultural > Facilities,4,KOPvtrfxs:한국어|ENPvtrfxs:영어|JPPvtrfxs:일본어|CNPvtrfxs:중국어 간체|TCPvtrfxs:중국어 번체|RUPvtrfxs:러시아어,6
ENP21zkoz,Musical 《BILLY ELLIOT》,문화관광,Culture > Cultural > Facilities,4,KOP21zkoz:한국어|ENP21zkoz:영어|JPP21zkoz:일본어|CNP21zkoz:중국어 간체|TCP21zkoz:중국어 번체|RUP21zkoz:러시아어,6
ENPa4m2cj,A Wardrobe of Imagination - E-Land Collection Special Exhibition,문화관광,Culture > Cultural > Facilities,4,KOPa4m2cj:한국어|ENPa4m2cj:영어|JPPa4m2cj:일본어|CNPa4m2cj:중국어 간체|TCPa4m2cj:중국어 번체|RUPa4m2cj:러시아어,6
ENP1udvdv,Hanyang  Adventure Begins!,문화관광,Culture > Cultural > Facilities,4,KOP1udvdv:한국어|ENP1udvdv:영어|JPP1udvdv:일본어|CNP1udvdv:중국어 간체|TCP1udvdv:중국어 번체|RUP1udvdv:러시아어,6
ENP8r0zj2,Lee Hoe-young Memorial Hall,문화관광,Culture > Cultural > Facilities > Others > Cultural > Facilities,4,KOP8r0zj2:한국어|ENP8r0zj2:영어|JPP8r0zj2:일본어|CNP8r0zj2:중국어 간체|TCP8r0zj2:중국어 번체|RUP8r0zj2:러시아어|MLP8r0zj2:말레이어,7
ENPr5wmx4,2026 SPO RIVERSIDE CONCERT,문화관광,Culture > Cultural > Facilities,4,KOPr5wmx4:한국어|ENPr5wmx4:영어,2
ENPquzsjk,Always-Already-There,문화관광,Culture > Cultural > Facilities,4,KOPquzsjk:한국어|ENPquzsjk:영어|JPPquzsjk:일본어|CNPquzsjk:중국어 간체|TCPquzsjk:중국어 번체|RUPquzsjk:러시아어,6
ENPfppq98,Welcome to Hanseongbu: Governing the Capital of Joseon,문화관광,Culture > Cultural > Facilities,4,KOPfppq98:한국어|ENPfppq98:영어|JPPfppq98:일본어|CNPfppq98:중국어 간체|TCPfppq98:중국어 번체|RUPfppq98:러시아어,6
ENPfv3al6,Yoo Youngkuk : A Mountain Within Me,문화관광,Culture > Cultural > Facilities,4,KOPfv3al6:한국어|ENPfv3al6:영어|JPPfv3al6:일본어|CNPfv3al6:중국어 간체|TCPfv3al6:중국어 번체|RUPfv3al6:러시아어,6
ENPxrmedb,Gungisi Relics Exhibition Hall,문화관광,Culture > Cultural > Facilities > Others > Cultural > Facilities,5,KOPxrmedb:한국어|ENPxrmedb:영어|JPPxrmedb:일본어|CNPxrmedb:중국어 간체|TCPxrmedb:중국어 번체|RUPxrmedb:러시아어|MLPxrmedb:말레이어,7
ENP4groc4,Seoul Metropolitan Dance Theatre &lt;Mimesis&gt;,문화관광,Culture > Cultural > Facilities,5,KOP4groc4:한국어|ENP4groc4:영어|JPP4groc4:일본어|CNP4groc4:중국어 간체|TCP4groc4:중국어 번체|RUP4groc4:러시아어,6
ENP5uw5dz,My Art Museum One Grove Branch,문화관광,Culture > Cultural > Facilities > Art > Museums/Galleries,5,KOP5uw5dz:한국어|ENP5uw5dz:영어|JPP5uw5dz:일본어|CNP5uw5dz:중국어 간체|TCP5uw5dz:중국어 번체|RUP5uw5dz:러시아어|MLP5uw5dz:말레이어,7
ENPy3qot3,2026 Donhwamun Traditional Korean Music Week &lt;Between… Sound… Breath…&gt;,문화관광,Culture > Cultural > Facilities,5,KOPy3qot3:한국어|ENPy3qot3:영어|JPPy3qot3:일본어|CNPy3qot3:중국어 간체|TCPy3qot3:중국어 번체|RUPy3qot3:러시아어,6
ENPk0c3m0,Hangangjin Station,문화관광,Culture > Cultural > Districts,5,KOPk0c3m0:한국어|ENPk0c3m0:영어|JPPk0c3m0:일본어|CNPk0c3m0:중국어 간체|TCPk0c3m0:중국어 번체|RUPk0c3m0:러시아어|MLPk0c3m0:말레이어,7
ENP3u747h,[Space Tone Gallery] Ko So-mi Solo Exhibition: Multiplicity,문화관광,Culture > Cultural > Facilities,5,KOP3u747h:한국어|ENP3u747h:영어|JPP3u747h:일본어|CNP3u747h:중국어 간체|TCP3u747h:중국어 번체|RUP3u747h:러시아어,6
ENP15st7z,Seokpajeong Seoul Museum of Art,문화관광,Culture > Cultural > Facilities > Art > Museums/Galleries,5,KOP15st7z:한국어|ENP15st7z:영어|JPP15st7z:일본어|CNP15st7z:중국어 간체|TCP15st7z:중국어 번체|RUP15st7z:러시아어|MLP15st7z:말레이어,7
ENPqphj9g,Where Writing Breathes,문화관광,Culture > Cultural > Facilities,5,KOPqphj9g:한국어|ENPqphj9g:영어|JPPqphj9g:일본어|CNPqphj9g:중국어 간체|TCPqphj9g:중국어 번체|RUPqphj9g:러시아어,6
ENP9kal14,"2026 Seongbuk Museum of Art Special Exhibition 《Lee, Jung yoon: Singing ornaments in the house》",문화관광,Culture > Cultural > Facilities,5,KOP9kal14:한국어|ENP9kal14:영어|JPP9kal14:일본어|CNP9kal14:중국어 간체|TCP9kal14:중국어 번체|RUP9kal14:러시아어,6
ENPqbt49i,2026 Yeongdeungpo Art Square X KAIST Experience Design Lab Special Exhibition &lt;Living Geometry&gt;,문화관광,Culture > Cultural > Facilities,5,KOPqbt49i:한국어|ENPqbt49i:영어|JPPqbt49i:일본어|CNPqbt49i:중국어 간체|TCPqbt49i:중국어 번체|RUPqbt49i:러시아어,6
ENP8kwn54,Arko Kkumbat Theater,문화관광,Culture > Performance > Halls,5,KOP8kwn54:한국어|ENP8kwn54:영어|JPP8kwn54:일본어|CNP8kwn54:중국어 간체|TCP8kwn54:중국어 번체|RUP8kwn54:러시아어|MLP8kwn54:말레이어,7
ENPxa3w2o,Kansong Art Museum,문화관광,Culture > Cultural > Facilities > Art > Museums/Galleries,5,KOPxa3w2o:한국어|ENPxa3w2o:영어|JPPxa3w2o:일본어|CNPxa3w2o:중국어 간체|TCPxa3w2o:중국어 번체|RUPxa3w2o:러시아어|MLPxa3w2o:말레이어,7
ENPij6dx2,2026 Hangang Light Show (Drone Light Show),문화관광,Culture > Cultural > Facilities,5,KOPij6dx2:한국어|ENPij6dx2:영어|JPPij6dx2:일본어|CNPij6dx2:중국어 간체|TCPij6dx2:중국어 번체|RUPij6dx2:러시아어,6
ENPfyj86p,&lt;The magnificent Hermitage&gt; Official Digital Special Exhibition,문화관광,Culture > Cultural > Facilities,5,KOPfyj86p:한국어|ENPfyj86p:영어|JPPfyj86p:일본어|CNPfyj86p:중국어 간체|TCPfyj86p:중국어 번체|RUPfyj86p:러시아어,6
ENPg1x5kx,Mandy El-Sayegh : For Theresa,문화관광,Culture > Cultural > Facilities,5,KOPg1x5kx:한국어|ENPg1x5kx:영어|JPPg1x5kx:일본어|CNPg1x5kx:중국어 간체|TCPg1x5kx:중국어 번체|RUPg1x5kx:러시아어,6
ENPlhrsqk,Strange K-Beauty: Mom&#039;s Drawer,문화관광,Culture > Cultural > Facilities,5,KOPlhrsqk:한국어|ENPlhrsqk:영어|JPPlhrsqk:일본어|CNPlhrsqk:중국어 간체|TCPlhrsqk:중국어 번체|RUPlhrsqk:러시아어,6
ENPjn2f1j,The 46th Traditional Craft Masterpieces Exhibition,문화관광,Culture > Cultural > Facilities,5,KOPjn2f1j:한국어|ENPjn2f1j:영어|JPPjn2f1j:일본어|CNPjn2f1j:중국어 간체|TCPjn2f1j:중국어 번체|RUPjn2f1j:러시아어,6
ENPh1rw9d,BEOM: Ji Min Sun Exhibition,문화관광,Culture > Cultural > Facilities,5,KOPh1rw9d:한국어|ENPh1rw9d:영어|JPPh1rw9d:일본어|CNPh1rw9d:중국어 간체|TCPh1rw9d:중국어 번체|RUPh1rw9d:러시아어,6
ENPwpc03s,The Rosy-Cheeked Pigs&#039; Paper Adventure,문화관광,Culture > Cultural > Facilities,5,KOPwpc03s:한국어|ENPwpc03s:영어|JPPwpc03s:일본어|CNPwpc03s:중국어 간체|TCPwpc03s:중국어 번체|RUPwpc03s:러시아어,6
ENPgmiqls,Somatic Ground - Small Studio Semi,문화관광,Culture > Cultural > Facilities,5,KOPgmiqls:한국어|ENPgmiqls:영어|JPPgmiqls:일본어|CNPgmiqls:중국어 간체|TCPgmiqls:중국어 번체|RUPgmiqls:러시아어,6
ENPi1u9ze,Louis Vuitton Visionary Journeys Seoul,문화관광,Culture > Cultural > Facilities,6,KOPi1u9ze:한국어|ENPi1u9ze:영어|JPPi1u9ze:일본어|CNPi1u9ze:중국어 간체|TCPi1u9ze:중국어 번체,5
ENPjhzbgg,Mixed Orchestra 26,문화관광,Culture > Cultural > Facilities,6,KOPjhzbgg:한국어|ENPjhzbgg:영어|JPPjhzbgg:일본어|CNPjhzbgg:중국어 간체|TCPjhzbgg:중국어 번체,5
ENPwsz1hv,Beauty For All: Beauty Without Boundaries,문화관광,Culture > Cultural > Facilities,6,KOPwsz1hv:한국어|ENPwsz1hv:영어|JPPwsz1hv:일본어|CNPwsz1hv:중국어 간체|TCPwsz1hv:중국어 번체,5
ENPqb6ctu,Hangang Play Place,문화관광,Culture > Cultural > Districts,6,KOPqb6ctu:한국어|ENPqb6ctu:영어|JPPqb6ctu:일본어|CNPqb6ctu:중국어 간체|TCPqb6ctu:중국어 번체|RUPqb6ctu:러시아어|MLPqb6ctu:말레이어,7
ENPadxt74,《Proximities》,문화관광,Culture > Cultural > Facilities,6,KOPadxt74:한국어|ENPadxt74:영어|JPPadxt74:일본어|CNPadxt74:중국어 간체|TCPadxt74:중국어 번체,5
ENPhxyp50,《Jae-Eun Choi : Promise (Where Being Be)》,문화관광,Culture > Cultural > Facilities,6,KOPhxyp50:한국어|ENPhxyp50:영어|JPPhxyp50:일본어|CNPhxyp50:중국어 간체|TCPhxyp50:중국어 번체,5
ENPb4al47,《Electric Shock》,문화관광,Culture > Cultural > Facilities,6,KOPb4al47:한국어|ENPb4al47:영어|JPPb4al47:일본어|CNPb4al47:중국어 간체|TCPb4al47:중국어 번체,5
ENPotdpky,"Artist Research: 《Unfinished Flora―Soyo Lee》, 《Time Blooms―Anna Ridler》",문화관광,Culture > Cultural > Facilities,6,KOPotdpky:한국어|ENPotdpky:영어|JPPotdpky:일본어|CNPotdpky:중국어 간체|TCPotdpky:중국어 번체,5
ENPyst2iu,Klimt and Laciotti: The Miracle,문화관광,Culture > Cultural > Facilities,6,KOPyst2iu:한국어|ENPyst2iu:영어,2
ENPwly2p0,Dialogue in the Dark (Jan–Feb 2026),문화관광,Culture > Cultural > Facilities,6,KOPwly2p0:한국어|ENPwly2p0:영어|JPPwly2p0:일본어|CNPwly2p0:중국어 간체,4
ENP49nma5,Seoul Illustration Fair,문화관광,Culture > Cultural > Facilities,6,KOP49nma5:한국어|ENP49nma5:영어|JPP49nma5:일본어|CNP49nma5:중국어 간체,4
ENPpqthfq,Where’s Wally? Special Exhibition,문화관광,Culture > Cultural > Facilities,6,KOPpqthfq:한국어|ENPpqthfq:영어|JPPpqthfq:일본어|CNPpqthfq:중국어 간체,4
ENPyy3nfg,2025 Seoul Art Show,문화관광,Culture > Cultural > Facilities,6,KOPyy3nfg:한국어|ENPyy3nfg:영어|JPPyy3nfg:일본어|CNPyy3nfg:중국어 간체,4
ENPjw94y2,Musical Eternity,문화관광,Culture > Cultural > Facilities,6,KOPjw94y2:한국어|ENPjw94y2:영어|JPPjw94y2:일본어,3
ENPvgrv8o,Musical Robin,문화관광,Culture > Cultural > Facilities,6,KOPvgrv8o:한국어|ENPvgrv8o:영어|JPPvgrv8o:일본어|CNPvgrv8o:중국어 간체,4
ENPokonim,Sleep No More Seoul,문화관광,Culture > Cultural > Facilities,6,KOPokonim:한국어|ENPokonim:영어|JPPokonim:일본어|CNPokonim:중국어 간체,4
ENPsrsape,Arcade Seoul,문화관광,Culture > Cultural > Districts,6,KOPsrsape:한국어|ENPsrsape:영어|JPPsrsape:일본어|CNPsrsape:중국어 간체|TCPsrsape:중국어 번체,5
ENP1f5yex,Seoul Museum of Art Buk Seoul Branch,문화관광,Culture > Cultural > Facilities > Art > Museums/Galleries,6,KOP1f5yex:한국어|ENP1f5yex:영어|JPP1f5yex:일본어|CNP1f5yex:중국어 간체|TCP1f5yex:중국어 번체,5
ENPihmlac,"Musical The Long, Long Night",문화관광,Culture > Cultural > Facilities,6,KOPihmlac:한국어|ENPihmlac:영어|JPPihmlac:일본어|CNPihmlac:중국어 간체,4
ENPvwyyh4,Musical Kinky Boots,문화관광,Culture > Cultural > Facilities,6,KOPvwyyh4:한국어|ENPvwyyh4:영어|JPPvwyyh4:일본어|CNPvwyyh4:중국어 간체,4
ENPcjuosl,Spirited Away Original Tour,문화관광,Culture > Cultural > Facilities,7,KOPcjuosl:한국어|ENPcjuosl:영어|JPPcjuosl:일본어|CNPcjuosl:중국어 간체,4
ENPa3er53,K-Idol Beauty Experience Zone : WINTER GLAM SEOUL,문화관광,Culture > Cultural > Facilities,7,KOPa3er53:한국어|ENPa3er53:영어,2
ENP4cyqe3,Munassi 《The Season We Fade Away》,문화관광,Culture > Cultural > Facilities,7,KOP4cyqe3:한국어|ENP4cyqe3:영어,2
ENPloaxhb,Han Unsung Collection 《Between Image &amp; Reality》,문화관광,Culture > Cultural > Facilities,7,KOPloaxhb:한국어|ENPloaxhb:영어|JPPloaxhb:일본어|CNPloaxhb:중국어 간체|TCPloaxhb:중국어 번체,5
ENPzgws5p,《Imagination Garden : Fantasy Time》  Exhibition,문화관광,Culture > Cultural > Facilities,7,KOPzgws5p:한국어|ENPzgws5p:영어|JPPzgws5p:일본어|CNPzgws5p:중국어 간체|TCPzgws5p:중국어 번체,5
ENP70mg3c,Special Exhibition for the Eightieth Anniversary of Liberation: Our Yi Sun sin,문화관광,Culture > Cultural > Facilities,7,KOP70mg3c:한국어|ENP70mg3c:영어|JPP70mg3c:일본어|CNP70mg3c:중국어 간체|TCP70mg3c:중국어 번체|RUP70mg3c:러시아어,6
ENP6edc88,Seoul Art Center Doam Gallery,문화관광,Culture > Cultural > Facilities > Art > Museums/Galleries,7,KOP6edc88:한국어|ENP6edc88:영어|JPP6edc88:일본어|CNP6edc88:중국어 간체|TCP6edc88:중국어 번체,5
ENPlcw3a4,From Impressionism to Early Modernism: Collectors of Light – From The Metropolitan Museum of Art,문화관광,Culture > Cultural > Facilities,7,KOPlcw3a4:한국어|ENPlcw3a4:영어|JPPlcw3a4:일본어|CNPlcw3a4:중국어 간체|TCPlcw3a4:중국어 번체|RUPlcw3a4:러시아어,6
ENPd8ek6k,Photography Seoul Museum of Art 《All That Photography》,문화관광,Culture > Cultural > Facilities,7,KOPd8ek6k:한국어|ENPd8ek6k:영어|JPPd8ek6k:일본어|CNPd8ek6k:중국어 간체|TCPd8ek6k:중국어 번체,5
ENPvi3cne,Happy Holidays,문화관광,Culture > Cultural > Facilities,7,KOPvi3cne:한국어|ENPvi3cne:영어|JPPvi3cne:일본어|CNPvi3cne:중국어 간체|TCPvi3cne:중국어 번체,5
ENPkq13lf,National Theater Madangnori &lt;Hong Gildong Is Coming&gt;,문화관광,Culture > Cultural > Facilities,7,KOPkq13lf:한국어|ENPkq13lf:영어|JPPkq13lf:일본어|CNPkq13lf:중국어 간체|TCPkq13lf:중국어 번체,5
ENPgftn4l,"In Silence, the Resonanace Remains",문화관광,Culture > Cultural > Facilities,7,KOPgftn4l:한국어|ENPgftn4l:영어|JPPgftn4l:일본어|CNPgftn4l:중국어 간체|TCPgftn4l:중국어 번체,5
ENPoty0zx,Kyung Hee University Seoul Campus,문화관광,Culture > Landmarks,7,KOPoty0zx:한국어|ENPoty0zx:영어|JPPoty0zx:일본어|CNPoty0zx:중국어 간체|TCPoty0zx:중국어 번체,5
ENPapcfqb,Exhibition 《Where Warmth Shines》,문화관광,Culture > Cultural > Facilities,7,KOPapcfqb:한국어|ENPapcfqb:영어|JPPapcfqb:일본어|CNPapcfqb:중국어 간체|TCPapcfqb:중국어 번체,5
ENPkzupx6,JW Lee Jong Ho Foundation Exhibition for Artists with Disabilities : JW Art Awards,문화관광,Culture > Cultural > Facilities,7,KOPkzupx6:한국어|ENPkzupx6:영어,2
ENP70yggc,Chungmuro Station,문화관광,Culture > Cultural > Districts,7,KOP70yggc:한국어|ENP70yggc:영어|JPP70yggc:일본어|CNP70yggc:중국어 간체|TCP70yggc:중국어 번체,5
ENP998h6q,Yongmasan Skywalk Observatory,문화관광,Culture > Landmarks,7,KOP998h6q:한국어|ENP998h6q:영어|JPP998h6q:일본어|CNP998h6q:중국어 간체|TCP998h6q:중국어 번체,5
ENPah6vze,A Century and a Day : From Memory to Imagination,문화관광,Culture > Cultural > Facilities,7,KOPah6vze:한국어|ENPah6vze:영어|JPPah6vze:일본어|CNPah6vze:중국어 간체|TCPah6vze:중국어 번체,5
ENPic9f47,"2025 Donhwamun Night of the Bright Moon II: Korean Masks, Faces Filled with Laughter and Excitement Exhibition",문화관광,Culture > Cultural > Facilities,7,KOPic9f47:한국어|ENPic9f47:영어|JPPic9f47:일본어|CNPic9f47:중국어 간체|TCPic9f47:중국어 번체,5
ENPr2k2ja,Seoul Metropolitan Archives Exhibition &amp;lt;A City’s Boarding Log&amp;gt;,문화관광,Culture > Cultural > Facilities,7,KOPr2k2ja:한국어|ENPr2k2ja:영어|JPPr2k2ja:일본어|CNPr2k2ja:중국어 간체|TCPr2k2ja:중국어 번체,5
ENPs96x6t,JEJU HAENYEO : DISAPPEARING WORLDS,문화관광,Culture > Cultural > Facilities,8,KOPs96x6t:한국어|ENPs96x6t:영어|JPPs96x6t:일본어|CNPs96x6t:중국어 간체|TCPs96x6t:중국어 번체,5
ENP57x3om,[2025 Cheonggyecheon Public Art Project : Cheonggye Coexistence] Docent Program,문화관광,Culture > Cultural > Facilities,8,KOP57x3om:한국어|ENP57x3om:영어|JPP57x3om:일본어|CNP57x3om:중국어 간체|TCP57x3om:중국어 번체,5
ENPp0vgx2,Masterpieces of ceramics : Greatness Revealed in the Small,문화관광,Culture > Cultural > Facilities,8,KOPp0vgx2:한국어|ENPp0vgx2:영어|JPPp0vgx2:일본어|CNPp0vgx2:중국어 간체|TCPp0vgx2:중국어 번체,5
ENP4s22t5,Mixed Orchestra : Next Level,문화관광,Culture > Cultural > Facilities,8,KOP4s22t5:한국어|ENP4s22t5:영어|JPP4s22t5:일본어|CNP4s22t5:중국어 간체|TCP4s22t5:중국어 번체|RUP4s22t5:러시아어,6
ENP3o0027,KIDZANIA SEOUL,문화관광,Culture > Theme > Parks,8,KOP3o0027:한국어|ENP3o0027:영어|JPP3o0027:일본어|CNP3o0027:중국어 간체|TCP3o0027:중국어 번체,5
ENPaacet0,MCKITHAN HOTEL,문화관광,Culture > Performance > Halls,8,KOPaacet0:한국어|ENPaacet0:영어|JPPaacet0:일본어|CNPaacet0:중국어 간체|TCPaacet0:중국어 번체,5
ENP44b0tv,Eunpyeong History Hanok Museum,문화관광,Culture > Cultural > Facilities > Museums,8,KOP44b0tv:한국어|ENP44b0tv:영어|JPP44b0tv:일본어|CNP44b0tv:중국어 간체|TCP44b0tv:중국어 번체,5
ENPnfu7l4,Play : Crying While Eating Garlic,문화관광,Culture > Cultural > Facilities,8,KOPnfu7l4:한국어|ENPnfu7l4:영어,2
ENPtpyykt,Sleep No More Seoul,문화관광,Culture > Cultural > Facilities,8,KOPtpyykt:한국어|ENPtpyykt:영어|JPPtpyykt:일본어|CNPtpyykt:중국어 간체|TCPtpyykt:중국어 번체,5
ENP7hqfq3,A Thousand Wishes,문화관광,Culture > Cultural > Facilities,8,KOP7hqfq3:한국어|ENP7hqfq3:영어,2
ENP2fcbi7,Rest and Rise: What Remains and What Rises,문화관광,Culture > Cultural > Facilities,8,KOP2fcbi7:한국어|ENP2fcbi7:영어|JPP2fcbi7:일본어|CNP2fcbi7:중국어 간체|TCP2fcbi7:중국어 번체,5
ENPoo9a6e,"Cheonggyecheon Museum, Twenty",문화관광,Culture > Cultural > Facilities,8,KOPoo9a6e:한국어|ENPoo9a6e:영어|JPPoo9a6e:일본어|CNPoo9a6e:중국어 간체|TCPoo9a6e:중국어 번체,5
ENP5vp58h,The Exhibition 《I Will Come to Like》,문화관광,Culture > Cultural > Facilities,8,KOP5vp58h:한국어|ENP5vp58h:영어|JPP5vp58h:일본어|CNP5vp58h:중국어 간체|TCP5vp58h:중국어 번체,5
ENPinmv7s,2025 Seoul World Convention on North Korean Human Rights Inter-Korean Classical and Pop Music Concert,문화관광,Culture > Cultural > Facilities,8,KOPinmv7s:한국어|ENPinmv7s:영어|JPPinmv7s:일본어|CNPinmv7s:중국어 간체|TCPinmv7s:중국어 번체,5
ENPvgjqek,"Dobong  Kim Sun-young : Solo Exhibition 「Here, Standing on the Star」",문화관광,Culture > Cultural > Facilities,8,KOPvgjqek:한국어|ENPvgjqek:영어,2
ENPdqsfd3,2025 YeoYuJak Concert,문화관광,Culture > Cultural > Facilities,8,KOPdqsfd3:한국어|ENPdqsfd3:영어|JPPdqsfd3:일본어|CNPdqsfd3:중국어 간체|TCPdqsfd3:중국어 번체,5
ENPg4osmd,Unprecedented Great Flood: The 1925 Eulchuk Year,문화관광,Culture > Cultural > Facilities,8,KOPg4osmd:한국어|ENPg4osmd:영어|JPPg4osmd:일본어|CNPg4osmd:중국어 간체|TCPg4osmd:중국어 번체,5
ENP4zbweb,tvN  broadcasting,문화관광,Culture > Other > Cultural > Destinations,8,KOP4zbweb:한국어|ENP4zbweb:영어|JPP4zbweb:일본어|CNP4zbweb:중국어 간체|TCP4zbweb:중국어 번체,5
ENP3f5lvc,SBS  broadcasting,문화관광,Culture > Other > Cultural > Destinations,8,KOP3f5lvc:한국어|ENP3f5lvc:영어|JPP3f5lvc:일본어|CNP3f5lvc:중국어 간체|TCP3f5lvc:중국어 번체,5
ENPnw1hit,MBC New Headquarters in Sangam-dong,문화관광,Culture > Other > Cultural > Destinations,8,KOPnw1hit:한국어|ENPnw1hit:영어|JPPnw1hit:일본어|CNPnw1hit:중국어 간체|TCPnw1hit:중국어 번체,5
ENP0asdjp,Magok Cultural Street,문화관광,Culture > Cultural > Districts,9,KOP0asdjp:한국어|ENP0asdjp:영어|JPP0asdjp:일본어|CNP0asdjp:중국어 간체|TCP0asdjp:중국어 번체,5
ENPm73wet,LoL Park,문화관광,Culture > Other > Cultural > Destinations,9,KOPm73wet:한국어|ENPm73wet:영어|JPPm73wet:일본어|CNPm73wet:중국어 간체|TCPm73wet:중국어 번체,5
ENPfpky3x,e-Sports Hall of Fame,문화관광,Culture > Cultural > Facilities > Others > Cultural > Facilities,9,KOPfpky3x:한국어|ENPfpky3x:영어|JPPfpky3x:일본어|CNPfpky3x:중국어 간체|TCPfpky3x:중국어 번체,5
ENP6eo011,Netmarble Game Museum,문화관광,Culture > Cultural > Facilities > Museums,9,KOP6eo011:한국어|ENP6eo011:영어|JPP6eo011:일본어|CNP6eo011:중국어 간체|TCP6eo011:중국어 번체,5
ENP9dtud4,"Korean Dance - peaceful, The Prince&#039;s Way",문화관광,Culture > Cultural > Facilities,9,KOP9dtud4:한국어|ENP9dtud4:영어|JPP9dtud4:일본어|CNP9dtud4:중국어 간체|TCP9dtud4:중국어 번체|RUP9dtud4:러시아어,6
ENPtp4vgi,Chubun: The Beginning of Autumn,문화관광,Culture > Cultural > Facilities,9,KOPtp4vgi:한국어|ENPtp4vgi:영어|JPPtp4vgi:일본어|CNPtp4vgi:중국어 간체|TCPtp4vgi:중국어 번체,5
ENPzx9rx4,2025 Seoul Intangible Cultural Heritage Festival,문화관광,Culture > Cultural > Facilities,9,KOPzx9rx4:한국어|ENPzx9rx4:영어|JPPzx9rx4:일본어|CNPzx9rx4:중국어 간체|TCPzx9rx4:중국어 번체,5
ENP4n0w9a,2025 Creative Artist Support Program : 2025 Young Gugak Director,문화관광,Culture > Cultural > Facilities,9,KOP4n0w9a:한국어|ENP4n0w9a:영어|JPP4n0w9a:일본어|CNP4n0w9a:중국어 간체|TCP4n0w9a:중국어 번체,5
ENPqfnqr2,"Technology Connecting Heritage, the Most Human Future",문화관광,Culture > Cultural > Facilities,9,KOPqfnqr2:한국어|ENPqfnqr2:영어|JPPqfnqr2:일본어|CNPqfnqr2:중국어 간체|TCPqfnqr2:중국어 번체,5
ENP76n5f5,Sunrise to Sunlight,문화관광,Culture > Cultural > Facilities,9,KOP76n5f5:한국어|ENP76n5f5:영어|JPP76n5f5:일본어|CNP76n5f5:중국어 간체|TCP76n5f5:중국어 번체|RUP76n5f5:러시아어,6
ENPn0wsm1,Platform-L Contemporary Art Center,문화관광,Culture > Cultural > Facilities > Art > Museums/Galleries,9,KOPn0wsm1:한국어|ENPn0wsm1:영어|JPPn0wsm1:일본어|CNPn0wsm1:중국어 간체|TCPn0wsm1:중국어 번체|RUPn0wsm1:러시아어|MLPn0wsm1:말레이어,7
ENP5hau1h,Gallery Chosun,문화관광,Culture > Cultural > Facilities > Art > Museums/Galleries,9,KOP5hau1h:한국어|ENP5hau1h:영어|JPP5hau1h:일본어|CNP5hau1h:중국어 간체|TCP5hau1h:중국어 번체|RUP5hau1h:러시아어|MLP5hau1h:말레이어,7
ENPet80lf,Pace Gallery Seoul,문화관광,Culture > Cultural > Facilities > Art > Museums/Galleries,9,KOPet80lf:한국어|ENPet80lf:영어|JPPet80lf:일본어|CNPet80lf:중국어 간체|TCPet80lf:중국어 번체|RUPet80lf:러시아어|MLPet80lf:말레이어,7
ENPxzn4e4,Where Happiness Arrives,문화관광,Culture > Cultural > Facilities,9,KOPxzn4e4:한국어|ENPxzn4e4:영어|JPPxzn4e4:일본어|CNPxzn4e4:중국어 간체|TCPxzn4e4:중국어 번체,5
ENPrpwzjs,Hongik University Museum Special Exhibition 《After White 1975–1995》,문화관광,Culture > Cultural > Facilities,9,KOPrpwzjs:한국어|ENPrpwzjs:영어|JPPrpwzjs:일본어|CNPrpwzjs:중국어 간체|TCPrpwzjs:중국어 번체,5
ENP2w30uj,2025 Title Match 《Jang Young Hye Heavy Industries vs. Hong Jin Hwon: There Is No Middle Ground》,문화관광,Culture > Cultural > Facilities,9,KOP2w30uj:한국어|ENP2w30uj:영어|JPP2w30uj:일본어|CNP2w30uj:중국어 간체|TCP2w30uj:중국어 번체|RUP2w30uj:러시아어,6
ENPh2aqcf,Sonic Planet – Hertz and Dough,문화관광,Culture > Cultural > Facilities,9,KOPh2aqcf:한국어|ENPh2aqcf:영어|JPPh2aqcf:일본어|CNPh2aqcf:중국어 간체|TCPh2aqcf:중국어 번체|RUPh2aqcf:러시아어,6
ENPh83fpt,Seoul Regional Tourism Center,문화관광,Culture > Cultural > Districts,9,KOPh83fpt:한국어|ENPh83fpt:영어|JPPh83fpt:일본어|CNPh83fpt:중국어 간체|TCPh83fpt:중국어 번체|RUPh83fpt:러시아어|MLPh83fpt:말레이어,7
ENPztit27,The 5th Seoul Biennale of Architecture and Urbanism,문화관광,Culture > Cultural > Facilities,9,KOPztit27:한국어|ENPztit27:영어|JPPztit27:일본어|CNPztit27:중국어 간체|TCPztit27:중국어 번체|RUPztit27:러시아어,6
ENP4khc7y,Space K Seoul,문화관광,Culture > Cultural > Facilities > Art > Museums/Galleries,9,KOP4khc7y:한국어|ENP4khc7y:영어|JPP4khc7y:일본어|CNP4khc7y:중국어 간체|TCP4khc7y:중국어 번체,5
ENPjy51fz,LG Arts Center Seoul,문화관광,Culture > Performance > Halls,10,KOPjy51fz:한국어|ENPjy51fz:영어|JPPjy51fz:일본어|CNPjy51fz:중국어 간체|TCPjy51fz:중국어 번체,5
ENPfdzfap,The Day of Our Liberation,문화관광,Culture > Cultural > Facilities,10,KOPfdzfap:한국어|ENPfdzfap:영어|JPPfdzfap:일본어|CNPfdzfap:중국어 간체|TCPfdzfap:중국어 번체,5
ENPpuxifv,The Boundary Unmade: The Destruction of the Seoul City Wall,문화관광,Culture > Cultural > Facilities,10,KOPpuxifv:한국어|ENPpuxifv:영어|JPPpuxifv:일본어|CNPpuxifv:중국어 간체|TCPpuxifv:중국어 번체,5
ENP7lrfs0,Broadening of visions,문화관광,Culture > Cultural > Facilities,10,KOP7lrfs0:한국어|ENP7lrfs0:영어|JPP7lrfs0:일본어|CNP7lrfs0:중국어 간체|TCP7lrfs0:중국어 번체,5
ENP68z1mg,SeMA Public Space Project 《The Dance That Crosses Forever》,문화관광,Culture > Cultural > Facilities,10,KOP68z1mg:한국어|ENP68z1mg:영어|JPP68z1mg:일본어|CNP68z1mg:중국어 간체|TCP68z1mg:중국어 번체|RUP68z1mg:러시아어,6
ENP5db89m,"Again, Earth: Responding with Other Senses",문화관광,Culture > Cultural > Facilities,10,KOP5db89m:한국어|ENP5db89m:영어|JPP5db89m:일본어|CNP5db89m:중국어 간체|TCP5db89m:중국어 번체|RUP5db89m:러시아어,6
ENPe3w8e1,Special Exhibition of Contemporary Crafts 《Material–Practice》,문화관광,Culture > Cultural > Facilities,10,KOPe3w8e1:한국어|ENPe3w8e1:영어|JPPe3w8e1:일본어|CNPe3w8e1:중국어 간체|TCPe3w8e1:중국어 번체|RUPe3w8e1:러시아어,6
ENPy8r22r,Seoul Light DDP 2025 Fall,문화관광,Culture > Cultural > Facilities,10,KOPy8r22r:한국어|ENPy8r22r:영어|JPPy8r22r:일본어|CNPy8r22r:중국어 간체|TCPy8r22r:중국어 번체,5
ENPt9l0a3,DDP Fall Special Tour: Design &amp; Art Tour,문화관광,Culture > Cultural > Facilities,10,KOPt9l0a3:한국어|ENPt9l0a3:영어|JPPt9l0a3:일본어|CNPt9l0a3:중국어 간체|TCPt9l0a3:중국어 번체,5
ENPig96uk,Bae Yun Hwan Solo Exhibition 《Deep Diver》,문화관광,Culture > Cultural > Facilities,10,KOPig96uk:한국어|ENPig96uk:영어|JPPig96uk:일본어|CNPig96uk:중국어 간체|TCPig96uk:중국어 번체,5
ENPkzbkyo,Exhibition Filling the Heart,문화관광,Culture > Cultural > Facilities,10,KOPkzbkyo:한국어|ENPkzbkyo:영어|JPPkzbkyo:일본어|CNPkzbkyo:중국어 간체|TCPkzbkyo:중국어 번체,5
ENPf8bj59,Euljiro Nogari Alley,문화관광,Culture > Cultural > Districts,10,KOPf8bj59:한국어|ENPf8bj59:영어|JPPf8bj59:일본어|CNPf8bj59:중국어 간체|TCPf8bj59:중국어 번체,5
ENP1287z8,Nubim Kim Group Korea Tour,문화관광,Culture > Cultural > Facilities,10,KOP1287z8:한국어|ENP1287z8:영어|JPP1287z8:일본어|CNP1287z8:중국어 간체|TCP1287z8:중국어 번체,5
ENP6nkrnk,Hanji House,문화관광,Culture > Other > Cultural > Destinations,10,KOP6nkrnk:한국어|ENP6nkrnk:영어|JPP6nkrnk:일본어|CNP6nkrnk:중국어 간체|TCP6nkrnk:중국어 번체,5
ENPzncurn,Hanji House Docent Program/Permanent Experience Program/Hanji Print Studio,문화관광,Culture > Other > Cultural > Destinations,10,KOPzncurn:한국어|ENPzncurn:영어|JPPzncurn:일본어|CNPzncurn:중국어 간체|TCPzncurn:중국어 번체,5
ENPgwovaw,UAUS 14th Pavilion Exhibition  Ask Nature : Biomimicry,문화관광,Culture > Cultural > Facilities,10,KOPgwovaw:한국어|ENPgwovaw:영어|JPPgwovaw:일본어|CNPgwovaw:중국어 간체|TCPgwovaw:중국어 번체,5
ENPymxesx,Tongui-dong Alley,문화관광,Culture > Cultural > Districts,10,KOPymxesx:한국어|ENPymxesx:영어|JPPymxesx:일본어|CNPymxesx:중국어 간체|TCPymxesx:중국어 번체,5
ENPf5hpob,Pixel Space 2025,문화관광,Culture > Cultural > Facilities,10,KOPf5hpob:한국어|ENPf5hpob:영어|JPPf5hpob:일본어|CNPf5hpob:중국어 간체|TCPf5hpob:중국어 번체,5
ENPcahnf0,"One Step at a Time: Heehwan Seo, a Master of Hangul Calligraphy",문화관광,Culture > Cultural > Facilities,10,KOPcahnf0:한국어|ENPcahnf0:영어|JPPcahnf0:일본어|CNPcahnf0:중국어 간체|TCPcahnf0:중국어 번체,5
ENPr1o3h2,Water Music Project : Wave,문화관광,Culture > Cultural > Facilities,10,KOPr1o3h2:한국어|ENPr1o3h2:영어|JPPr1o3h2:일본어|CNPr1o3h2:중국어 간체|TCPr1o3h2:중국어 번체,5
ENPn3k0fb,The 13th Seoul Mediacity Biennale: Spell – The Art of the Soul,문화관광,Culture > Cultural > Facilities,11,KOPn3k0fb:한국어|ENPn3k0fb:영어|JPPn3k0fb:일본어|CNPn3k0fb:중국어 간체|TCPn3k0fb:중국어 번체,5
ENPgep0bg,Looking at the Calm Light and the Blue Sky,문화관광,Culture > Cultural > Facilities,11,KOPgep0bg:한국어|ENPgep0bg:영어|JPPgep0bg:일본어|CNPgep0bg:중국어 간체|TCPgep0bg:중국어 번체,5
ENP2s8isl,Jamwon Hangang Park Swimming Pool,문화관광,Culture > Leisure/Sports > Centers,11,KOP2s8isl:한국어|ENP2s8isl:영어|JPP2s8isl:일본어|CNP2s8isl:중국어 간체|TCP2s8isl:중국어 번체,5
ENPn0qtcb,River City Water Ski Park,문화관광,Culture > Leisure/Sports > Centers,11,KOPn0qtcb:한국어|ENPn0qtcb:영어|JPPn0qtcb:일본어|CNPn0qtcb:중국어 간체|TCPn0qtcb:중국어 번체,5
ENPu69ib8,BAZAAR Exhibition : IN-BETWEEN,문화관광,Culture > Cultural > Facilities,11,KOPu69ib8:한국어|ENPu69ib8:영어|JPPu69ib8:일본어|CNPu69ib8:중국어 간체|TCPu69ib8:중국어 번체,5
ENP3fknzc,BLUE SQUARE,문화관광,Culture > Performance > Halls,11,KOP3fknzc:한국어|ENP3fknzc:영어|JPP3fknzc:일본어|CNP3fknzc:중국어 간체|TCP3fknzc:중국어 번체,5
ENP67o3xb,Seoul Olympic Stadium,문화관광,Culture > Leisure/Sports > Centers,11,KOP67o3xb:한국어|ENP67o3xb:영어|JPP67o3xb:일본어|CNP67o3xb:중국어 간체|TCP67o3xb:중국어 번체,5
ENP87afpd,Cheongdamdaegyo Bridge,문화관광,Culture > Landmarks,11,KOP87afpd:한국어|ENP87afpd:영어|JPP87afpd:일본어|CNP87afpd:중국어 간체|TCP87afpd:중국어 번체,5
ENPnj8f9x,COEX K-POP Square,문화관광,Culture > Cultural > Districts,11,KOPnj8f9x:한국어|ENPnj8f9x:영어|JPPnj8f9x:일본어|CNPnj8f9x:중국어 간체|TCPnj8f9x:중국어 번체,5
ENP5y6ztl,YMCA Seoul : A Civic History Shaped by Youth,문화관광,Culture > Cultural > Facilities,11,KOP5y6ztl:한국어|ENP5y6ztl:영어|JPP5y6ztl:일본어|CNP5y6ztl:중국어 간체|TCP5y6ztl:중국어 번체|RUP5y6ztl:러시아어,6
ENP466r05,Nowon Dumulmaru,문화관광,Culture > Cultural > Districts,11,KOP466r05:한국어|ENP466r05:영어|JPP466r05:일본어|CNP466r05:중국어 간체|TCP466r05:중국어 번체,5
ENPojrz90,Cheongwoon Literature Library,문화관광,Culture > Education > Centers,11,KOPojrz90:한국어|ENPojrz90:영어|JPPojrz90:일본어|CNPojrz90:중국어 간체|TCPojrz90:중국어 번체,5
ENPh15wjf,Yeouinaru Station Runner Station,문화관광,Culture > Leisure/Sports > Centers,11,KOPh15wjf:한국어|ENPh15wjf:영어|JPPh15wjf:일본어|CNPh15wjf:중국어 간체|TCPh15wjf:중국어 번체,5
ENPmluo32,Hangang River Bus,문화관광,Culture > Landmarks,11,KOPmluo32:한국어|ENPmluo32:영어|JPPmluo32:일본어|CNPmluo32:중국어 간체|TCPmluo32:중국어 번체|RUPmluo32:러시아어|MLPmluo32:말레이어,7
ENPvp4h52,1st Hanbyeol Art Fair | Yeoyeo Nature 如如自然,문화관광,Culture > Cultural > Facilities,11,KOPvp4h52:한국어|ENPvp4h52:영어|JPPvp4h52:일본어|CNPvp4h52:중국어 간체|TCPvp4h52:중국어 번체,5
ENPp64y00,TOY CON SEOUL,문화관광,Culture > Cultural > Facilities,11,KOPp64y00:한국어|ENPp64y00:영어|JPPp64y00:일본어|CNPp64y00:중국어 간체|TCPp64y00:중국어 번체,5
ENPabxqit,WORLD STAMP EXHIBITION PHILA KOREA 2025,문화관광,Culture > Cultural > Facilities,11,KOPabxqit:한국어|ENPabxqit:영어|JPPabxqit:일본어|CNPabxqit:중국어 간체|TCPabxqit:중국어 번체,5
ENPgd8ldd,Seoul Metropolitan Traditional Orchestra Chamber Music Series  - Sori Island: Arirang Through the Ages,문화관광,Culture > Cultural > Facilities,11,KOPgd8ldd:한국어|ENPgd8ldd:영어|JPPgd8ldd:일본어|CNPgd8ldd:중국어 간체|TCPgd8ldd:중국어 번체,5
ENP3b4gfv,2025 Aechae Forest,문화관광,Culture > Cultural > Facilities,11,KOP3b4gfv:한국어|ENP3b4gfv:영어|JPP3b4gfv:일본어|CNP3b4gfv:중국어 간체|TCP3b4gfv:중국어 번체,5
ENPl57sqg,"The Depth of the Characters, 1.5mm",문화관광,Culture > Cultural > Facilities,11,KOPl57sqg:한국어|ENPl57sqg:영어|JPPl57sqg:일본어|CNPl57sqg:중국어 간체|TCPl57sqg:중국어 번체,5
ENPd5oub3,"Hangang River, Flowing with Folk Songs and Stories",문화관광,Culture > Cultural > Facilities,12,KOPd5oub3:한국어|ENPd5oub3:영어|JPPd5oub3:일본어|CNPd5oub3:중국어 간체|TCPd5oub3:중국어 번체,5
ENPytf3yk,"2025 Summer Project 《HUH, Yun-hee: The Eternal within a Moment》",문화관광,Culture > Cultural > Facilities,12,KOPytf3yk:한국어|ENPytf3yk:영어|JPPytf3yk:일본어|CNPytf3yk:중국어 간체|TCPytf3yk:중국어 번체,5
ENPxwctrd,Gesture Beyond the Canvas Exhibition,문화관광,Culture > Cultural > Facilities,12,KOPxwctrd:한국어|ENPxwctrd:영어|JPPxwctrd:일본어|CNPxwctrd:중국어 간체|TCPxwctrd:중국어 번체,5
ENP20kefn,Cheonggyecheon Media Art : Cheonggye Soul Ocean,문화관광,Culture > Cultural > Facilities,12,KOP20kefn:한국어|ENP20kefn:영어|JPP20kefn:일본어|CNP20kefn:중국어 간체|TCP20kefn:중국어 번체|RUP20kefn:러시아어,6
ENPeenv2i,Seoul Baekje Children&#039;s Museum,문화관광,Culture > Cultural > Facilities > Museums,12,KOPeenv2i:한국어|ENPeenv2i:영어|JPPeenv2i:일본어|CNPeenv2i:중국어 간체|TCPeenv2i:중국어 번체,5
ENP2dc0q5,Veil Undrawn,문화관광,Culture > Cultural > Facilities,12,KOP2dc0q5:한국어|ENP2dc0q5:영어|JPP2dc0q5:일본어|CNP2dc0q5:중국어 간체|TCP2dc0q5:중국어 번체,5
ENP2ite3z,Patriots and Veterans Month Commemorative Performance &lt;To the Heroes&gt;,문화관광,Culture > Cultural > Facilities,12,KOP2ite3z:한국어|ENP2ite3z:영어,2
ENPnambcz,Seonyudo: Silent Coexistence,문화관광,Culture > Cultural > Facilities,12,KOPnambcz:한국어|ENPnambcz:영어|JPPnambcz:일본어|CNPnambcz:중국어 간체|TCPnambcz:중국어 번체,5
ENPmdl0dd,"Christian Hidaka: Theatres of the Sky, Skies of the Theatre",문화관광,Culture > Cultural > Facilities,12,KOPmdl0dd:한국어|ENPmdl0dd:영어|JPPmdl0dd:일본어|CNPmdl0dd:중국어 간체|TCPmdl0dd:중국어 번체|RUPmdl0dd:러시아어,6
ENP2i1euw,OPCD Vinyl LP Library,문화관광,Culture > Cultural > Districts,12,KOP2i1euw:한국어|ENP2i1euw:영어|JPP2i1euw:일본어|CNP2i1euw:중국어 간체|TCP2i1euw:중국어 번체,5
ENP2dup6k,Yellow Luggage Storage,문화관광,Culture > Cultural > Districts,12,KOP2dup6k:한국어|ENP2dup6k:영어|JPP2dup6k:일본어|CNP2dup6k:중국어 간체|TCP2dup6k:중국어 번체,5
ENP11cwng,Hongdae Station Luggage Storage,문화관광,Culture > Cultural > Districts,12,KOP11cwng:한국어|ENP11cwng:영어|JPP11cwng:일본어|CNP11cwng:중국어 간체|TCP11cwng:중국어 번체,5
ENPb3chj1,SEOUL ROBOT &amp; AI MUSEUM (RAIM),문화관광,Culture > Cultural > Facilities,12,KOPb3chj1:한국어|ENPb3chj1:영어|JPPb3chj1:일본어|CNPb3chj1:중국어 간체|TCPb3chj1:중국어 번체|RUPb3chj1:러시아어|MLPb3chj1:말레이어,7
ENPv19yx8,Gymfree Luggage Storage,문화관광,Culture > Cultural > Districts,12,KOPv19yx8:한국어|ENPv19yx8:영어|JPPv19yx8:일본어|CNPv19yx8:중국어 간체,4
ENP4to792,Inside Annyung  Luggage Storage,문화관광,Culture > Cultural > Districts,12,ENP4to792:영어|JPP4to792:일본어|CNP4to792:중국어 간체|TCP4to792:중국어 번체,4
ENPwdnd1y,Square Lab Luggage Storage,문화관광,Culture > Cultural > Districts,12,KOPwdnd1y:한국어|ENPwdnd1y:영어|JPPwdnd1y:일본어|CNPwdnd1y:중국어 간체|TCPwdnd1y:중국어 번체,5
ENPfitqa2,Samseong Station Luggage Storage,문화관광,Culture > Landmarks,12,KOPfitqa2:한국어|ENPfitqa2:영어|JPPfitqa2:일본어|CNPfitqa2:중국어 간체|TCPfitqa2:중국어 번체,5
ENPtdi6q6,Lotte World Tower Luggage Storage,문화관광,Culture > Landmarks,12,KOPtdi6q6:한국어|ENPtdi6q6:영어|JPPtdi6q6:일본어|CNPtdi6q6:중국어 간체|TCPtdi6q6:중국어 번체,5
ENPpwo7rk,Jamsil Station,문화관광,Culture > Landmarks,12,KOPpwo7rk:한국어|ENPpwo7rk:영어|CNPpwo7rk:중국어 간체,3
ENPw9vnct,Dongguk Univ.Station,문화관광,Culture > Other > Cultural > Destinations,12,KOPw9vnct:한국어|ENPw9vnct:영어|JPPw9vnct:일본어|CNPw9vnct:중국어 간체|TCPw9vnct:중국어 번체,5
ENP9hdag0,piknic,문화관광,Culture,13,KOP9hdag0:한국어|ENP9hdag0:영어|JPP9hdag0:일본어|CNP9hdag0:중국어 간체|TCP9hdag0:중국어 번체,5
ENPoovshm,2025 SPO RIVERSIDE CONCERT,문화관광,Culture > Cultural > Facilities,13,KOPoovshm:한국어|ENPoovshm:영어|JPPoovshm:일본어|CNPoovshm:중국어 간체|TCPoovshm:중국어 번체,5
ENPerykvq,Musical -The First Great Show,문화관광,Culture > Cultural > Facilities,13,KOPerykvq:한국어|ENPerykvq:영어|JPPerykvq:일본어|CNPerykvq:중국어 간체|TCPerykvq:중국어 번체,5
ENPcyxke6,THE PAINTERS,문화관광,Culture > Cultural > Facilities,13,KOPcyxke6:한국어|ENPcyxke6:영어|JPPcyxke6:일본어|CNPcyxke6:중국어 간체|TCPcyxke6:중국어 번체|RUPcyxke6:러시아어,6
ENP2yacfo,"2025 Nodeulseom , Art Space_Edge",문화관광,Culture > Cultural > Facilities,13,KOP2yacfo:한국어|ENP2yacfo:영어|JPP2yacfo:일본어|CNP2yacfo:중국어 간체|TCP2yacfo:중국어 번체|RUP2yacfo:러시아어,6
ENPitng4e,HiKR Ground,문화관광,Culture > Other > Cultural > Destinations,13,KOPitng4e:한국어|ENPitng4e:영어|JPPitng4e:일본어|CNPitng4e:중국어 간체|TCPitng4e:중국어 번체,5
ENPyfebh0,2025 Moonlight Lotus Show at Changgyeonggung Palace,문화관광,Culture > Cultural > Facilities,13,KOPyfebh0:한국어|ENPyfebh0:영어|JPPyfebh0:일본어|CNPyfebh0:중국어 간체|TCPyfebh0:중국어 번체|RUPyfebh0:러시아어,6
ENPnd5dx1,Yoojin Lee Solo Exhibition 《Microclimate Salon – A Dependent Solo Exhibition》,문화관광,Culture > Cultural > Facilities,13,KOPnd5dx1:한국어|ENPnd5dx1:영어|JPPnd5dx1:일본어|CNPnd5dx1:중국어 간체|TCPnd5dx1:중국어 번체,5
ENPjggl5r,Hongdae R2 Busking Street,문화관광,Culture > Cultural > Districts,13,KOPjggl5r:한국어|ENPjggl5r:영어|JPPjggl5r:일본어|CNPjggl5r:중국어 간체|TCPjggl5r:중국어 번체,5
ENPidz0r2,Hongdae R1 Red Culture Market,문화관광,Culture > Landmarks,13,KOPidz0r2:한국어|ENPidz0r2:영어|JPPidz0r2:일본어|CNPidz0r2:중국어 간체|TCPidz0r2:중국어 번체,5
ENPrflwgm,The Day and Night of Cheonggyecheon,문화관광,Culture > Cultural > Facilities,13,KOPrflwgm:한국어|ENPrflwgm:영어|JPPrflwgm:일본어|CNPrflwgm:중국어 간체|TCPrflwgm:중국어 번체,5
ENPr6uuc7,RISING NORTH SEOUL,문화관광,Culture > Cultural > Facilities,13,KOPr6uuc7:한국어|ENPr6uuc7:영어|JPPr6uuc7:일본어|CNPr6uuc7:중국어 간체|TCPr6uuc7:중국어 번체,5
ENPqspquw,Strikezon Seoul Jamsil Stadium,문화관광,Culture > Leisure/Sports > Centers,13,KOPqspquw:한국어|ENPqspquw:영어|JPPqspquw:일본어|CNPqspquw:중국어 간체|TCPqspquw:중국어 번체,5
ENPc4jh4a,A World of Paintings: On the Lee Kun-hee Collection,문화관광,Culture > Cultural > Facilities,13,KOPc4jh4a:한국어|ENPc4jh4a:영어|JPPc4jh4a:일본어|CNPc4jh4a:중국어 간체|TCPc4jh4a:중국어 번체,5
ENP1sxxhi,Take My Eyes Off,문화관광,Culture > Cultural > Facilities,13,KOP1sxxhi:한국어|ENP1sxxhi:영어|JPP1sxxhi:일본어|CNP1sxxhi:중국어 간체|TCP1sxxhi:중국어 번체,5
ENPbrcjal,Musical WICKED,문화관광,Culture > Cultural > Facilities,13,KOPbrcjal:한국어|ENPbrcjal:영어|JPPbrcjal:일본어|CNPbrcjal:중국어 간체|TCPbrcjal:중국어 번체,5
ENPv5q129,"Bonds of the Heart, Waves of Resonance",문화관광,Culture > Cultural > Facilities,13,KOPv5q129:한국어|ENPv5q129:영어|JPPv5q129:일본어|CNPv5q129:중국어 간체|TCPv5q129:중국어 번체,5
ENPl3j0oy,SeMA Museum of Photography,문화관광,Culture > Cultural > Facilities,13,KOPl3j0oy:한국어|ENPl3j0oy:영어|JPPl3j0oy:일본어|CNPl3j0oy:중국어 간체|TCPl3j0oy:중국어 번체,5
ENPhl9uml,Sketching Heart&#039;s Delight,문화관광,Culture > Cultural > Facilities,13,KOPhl9uml:한국어|ENPhl9uml:영어|JPPhl9uml:일본어|CNPhl9uml:중국어 간체|TCPhl9uml:중국어 번체,5
ENPghsior,Exhibition POSTER HOUSE,문화관광,Culture > Cultural > Facilities,13,KOPghsior:한국어|ENPghsior:영어|JPPghsior:일본어|CNPghsior:중국어 간체,4
ENPgxl8qf,World Heritage and Capital Fortifications of Hanyang,문화관광,Culture > Cultural > Facilities,14,KOPgxl8qf:한국어|ENPgxl8qf:영어|JPPgxl8qf:일본어|CNPgxl8qf:중국어 간체|TCPgxl8qf:중국어 번체,5
ENPwqfyfs,"&#034;More, Natural&#034; Exhibition",문화관광,Culture > Cultural > Facilities,14,KOPwqfyfs:한국어|ENPwqfyfs:영어|JPPwqfyfs:일본어|CNPwqfyfs:중국어 간체|TCPwqfyfs:중국어 번체,5
ENPj6a5ja,GS Arts Center X Seoul Jazz Festival &lt;PAT METHENY: DREAM BOX-MOONDIAL TOUR&gt;,문화관광,Culture > Cultural > Facilities,14,KOPj6a5ja:한국어|ENPj6a5ja:영어|JPPj6a5ja:일본어|CNPj6a5ja:중국어 간체|TCPj6a5ja:중국어 번체,5
ENPzeh3y8,2025 ＆TEAM CONCERT TOUR ‘AWAKEN THE BLOODLINE’ in SEOUL,문화관광,Culture > Cultural > Facilities,14,KOPzeh3y8:한국어|ENPzeh3y8:영어|JPPzeh3y8:일본어|CNPzeh3y8:중국어 간체|TCPzeh3y8:중국어 번체,5
ENPhcuknk,2025 BIBI 1st WORLD TOUR ［EVE］ IN SEOUL,문화관광,Culture > Cultural > Facilities,14,KOPhcuknk:한국어|ENPhcuknk:영어|JPPhcuknk:일본어|CNPhcuknk:중국어 간체|TCPhcuknk:중국어 번체,5
ENP6ljerd,PEAK FESTIVAL 2025,문화관광,Culture > Cultural > Facilities,14,KOP6ljerd:한국어|ENP6ljerd:영어|JPP6ljerd:일본어|CNP6ljerd:중국어 간체|TCP6ljerd:중국어 번체,5
ENPcgjih3,Beautiful Mint Life 2025,문화관광,Culture > Cultural > Facilities,14,KOPcgjih3:한국어|ENPcgjih3:영어|JPPcgjih3:일본어|CNPcgjih3:중국어 간체|TCPcgjih3:중국어 번체,5
ENPzpe3qy,65th Anniversary of the April 19 Revolution Seoul City Commemorative Concert,문화관광,Culture > Cultural > Facilities,14,KOPzpe3qy:한국어|ENPzpe3qy:영어|JPPzpe3qy:일본어|CNPzpe3qy:중국어 간체|TCPzpe3qy:중국어 번체,5
ENPx2ckxb,Special Exhibition for the 80th Anniversary of Liberation &#034;Prologue: With a Heart Singing to the Stars&#034; from the Gana Art Collection,문화관광,Culture > Cultural > Facilities,14,KOPx2ckxb:한국어|ENPx2ckxb:영어|JPPx2ckxb:일본어|CNPx2ckxb:중국어 간체|TCPx2ckxb:중국어 번체,5
ENPr5aepl,"Mundo Pixar: Pixar, Into the World of Imagination",문화관광,Culture > Cultural > Facilities,14,KOPr5aepl:한국어|ENPr5aepl:영어|JPPr5aepl:일본어|CNPr5aepl:중국어 간체|TCPr5aepl:중국어 번체,5
ENPjzn3w7,Musical〈 Leica 〉,문화관광,Culture > Cultural > Facilities,14,KOPjzn3w7:한국어|ENPjzn3w7:영어|JPPjzn3w7:일본어|CNPjzn3w7:중국어 간체|TCPjzn3w7:중국어 번체,5
ENPbl8ts0,Pyramid of Khufu,문화관광,Culture > Cultural > Facilities,14,KOPbl8ts0:한국어|ENPbl8ts0:영어|JPPbl8ts0:일본어|CNPbl8ts0:중국어 간체|TCPbl8ts0:중국어 번체,5
ENPpiajmm,THE VOICE OF HAMLET,문화관광,Culture > Cultural > Facilities,14,KOPpiajmm:한국어|ENPpiajmm:영어|JPPpiajmm:일본어|CNPpiajmm:중국어 간체|TCPpiajmm:중국어 번체,5
ENP7u9qht,seon-upung-wol(扇友風月),문화관광,Culture > Cultural > Facilities,14,KOP7u9qht:한국어|ENP7u9qht:영어|JPP7u9qht:일본어|CNP7u9qht:중국어 간체|TCP7u9qht:중국어 번체|RUP7u9qht:러시아어,6
ENP9ydqnq,Musical &lt;Phantom&gt; 10th Anniversary Performance,문화관광,Culture > Cultural > Facilities,14,KOP9ydqnq:한국어|ENP9ydqnq:영어|JPP9ydqnq:일본어|CNP9ydqnq:중국어 간체|TCP9ydqnq:중국어 번체,5
ENP9zw186,Snow,문화관광,Culture > Cultural > Facilities,14,KOP9zw186:한국어|ENP9zw186:영어|JPP9zw186:일본어|CNP9zw186:중국어 간체|TCP9zw186:중국어 번체,5
ENPtbjmj6,"Van Gogh, Captured at Your Fingertips",문화관광,Culture > Cultural > Facilities,14,KOPtbjmj6:한국어|ENPtbjmj6:영어|JPPtbjmj6:일본어|CNPtbjmj6:중국어 간체|TCPtbjmj6:중국어 번체,5
ENPc2dpb9,The Exhibition &lt;Connecing Time&gt;,문화관광,Culture > Cultural > Facilities,14,KOPc2dpb9:한국어|ENPc2dpb9:영어|JPPc2dpb9:일본어|CNPc2dpb9:중국어 간체|TCPc2dpb9:중국어 번체,5
ENPn4r215,Little China Town,문화관광,Culture > Cultural > Districts,14,KOPn4r215:한국어|ENPn4r215:영어|JPPn4r215:일본어|CNPn4r215:중국어 간체|TCPn4r215:중국어 번체,5
ENPup1c05,National Jeongdong Theater Cecil,문화관광,Culture > Performance > Halls,14,KOPup1c05:한국어|ENPup1c05:영어|JPPup1c05:일본어|CNPup1c05:중국어 간체|TCPup1c05:중국어 번체,5
ENPmxn1fp,Jeong-dong Observatory,문화관광,Culture > Cultural > Districts,15,KOPmxn1fp:한국어|ENPmxn1fp:영어|JPPmxn1fp:일본어|CNPmxn1fp:중국어 간체|TCPmxn1fp:중국어 번체|RUPmxn1fp:러시아어|MLPmxn1fp:말레이어,7
ENPfynf9l,Graphic by Daishin,문화관광,Culture > Other > Cultural > Destinations,15,KOPfynf9l:한국어|ENPfynf9l:영어|JPPfynf9l:일본어|CNPfynf9l:중국어 간체|TCPfynf9l:중국어 번체,5
ENP3mz1mm,Reign of Peace: Reminiscent of 18th-century Seoul Urbanscape,문화관광,Culture > Cultural > Facilities,15,KOP3mz1mm:한국어|ENP3mz1mm:영어|JPP3mz1mm:일본어|CNP3mz1mm:중국어 간체|TCP3mz1mm:중국어 번체,5
ENP9puqbn,Minyoung Choi: Dreams for Hire,문화관광,Culture > Cultural > Facilities,15,KOP9puqbn:한국어|ENP9puqbn:영어|JPP9puqbn:일본어|CNP9puqbn:중국어 간체|TCP9puqbn:중국어 번체,5
ENP7o9oit,Empty Houses on the Coast,문화관광,Culture > Cultural > Facilities,15,KOP7o9oit:한국어|ENP7o9oit:영어|JPP7o9oit:일본어|CNP7o9oit:중국어 간체|TCP7o9oit:중국어 번체,5
ENPgykl1q,Gathering Vibrance,문화관광,Culture > Cultural > Facilities,15,KOPgykl1q:한국어|ENPgykl1q:영어|JPPgykl1q:일본어|CNPgykl1q:중국어 간체|TCPgykl1q:중국어 번체,5
ENPae1cn5,"Souimun, the Lost Gate of Seoul City Wall",문화관광,Culture > Cultural > Facilities,15,KOPae1cn5:한국어|ENPae1cn5:영어|JPPae1cn5:일본어|CNPae1cn5:중국어 간체|TCPae1cn5:중국어 번체,5
ENPli2f4y,Unwinding Mind,문화관광,Culture > Cultural > Facilities,15,KOPli2f4y:한국어|ENPli2f4y:영어|JPPli2f4y:일본어|CNPli2f4y:중국어 간체|TCPli2f4y:중국어 번체,5
ENPl4rnb2,Healswing Wangsimni(K-Swing),문화관광,Culture > Leisure/Sports > Centers,15,KOPl4rnb2:한국어|ENPl4rnb2:영어|JPPl4rnb2:일본어|CNPl4rnb2:중국어 간체|TCPl4rnb2:중국어 번체,5
ENPr6qnov,"2036 Seoul, Second Olympics",문화관광,Culture > Cultural > Facilities,15,KOPr6qnov:한국어|ENPr6qnov:영어|JPPr6qnov:일본어|CNPr6qnov:중국어 간체|TCPr6qnov:중국어 번체,5
ENP5h6ubl,The Hyundai Seoul&#039;s Christmas &#039;H-Village&#039;,문화관광,Culture > Cultural > Facilities,15,KOP5h6ubl:한국어|ENP5h6ubl:영어|JPP5h6ubl:일본어|CNP5h6ubl:중국어 간체|TCP5h6ubl:중국어 번체|RUP5h6ubl:러시아어,6
ENPpx5985,Yoo Eui Jeong 《The Baek-Ja 》,문화관광,Culture > Cultural > Facilities,15,KOPpx5985:한국어|ENPpx5985:영어|JPPpx5985:일본어|CNPpx5985:중국어 간체|TCPpx5985:중국어 번체,5
ENPlt15e6,Kim Jihye : PADO,문화관광,Culture > Cultural > Facilities,15,KOPlt15e6:한국어|ENPlt15e6:영어|JPPlt15e6:일본어|CNPlt15e6:중국어 간체|TCPlt15e6:중국어 번체,5
ENP2c8enb,99 Art Company   “The Corridor of Return; Seeking Totality&#034;,문화관광,Culture > Cultural > Facilities,15,KOP2c8enb:한국어|ENP2c8enb:영어|JPP2c8enb:일본어|CNP2c8enb:중국어 간체|TCP2c8enb:중국어 번체,5
ENPmcgru1,Play with K,문화관광,Culture > Cultural > Facilities,15,KOPmcgru1:한국어|ENPmcgru1:영어|JPPmcgru1:일본어|TCPmcgru1:중국어 번체,4
ENPjlda9f,The Persistence of Self,문화관광,Culture > Cultural > Facilities,15,KOPjlda9f:한국어|ENPjlda9f:영어|JPPjlda9f:일본어|CNPjlda9f:중국어 간체|TCPjlda9f:중국어 번체,5
ENPwamqsm,Marriage Stories of Seoul Families,문화관광,Culture > Cultural > Facilities,15,KOPwamqsm:한국어|ENPwamqsm:영어|JPPwamqsm:일본어|CNPwamqsm:중국어 간체|TCPwamqsm:중국어 번체,5
ENPh4kp0u,"Someday, we will be in the same.",문화관광,Culture > Cultural > Facilities,15,KOPh4kp0u:한국어|ENPh4kp0u:영어|JPPh4kp0u:일본어|CNPh4kp0u:중국어 간체|TCPh4kp0u:중국어 번체,5
ENP6s1tnd,Pansori Azit Nohlae Box &#039;Pansori Short Stories Vol.2&#039;,문화관광,Culture > Cultural > Facilities,15,KOP6s1tnd:한국어|ENP6s1tnd:영어|JPP6s1tnd:일본어|CNP6s1tnd:중국어 간체|TCP6s1tnd:중국어 번체,5
ENPx9hgr2,Maria Svarbova: The Future of Yesterday,문화관광,Culture > Cultural > Facilities,15,KOPx9hgr2:한국어|ENPx9hgr2:영어|JPPx9hgr2:일본어|CNPx9hgr2:중국어 간체|TCPx9hgr2:중국어 번체,5
ENPs9gkpe,Seoul Archives Children’s Record Experience Room &lt;Twisting Record Exploration&gt;,문화관광,Culture > Cultural > Facilities,16,KOPs9gkpe:한국어|ENPs9gkpe:영어|JPPs9gkpe:일본어|CNPs9gkpe:중국어 간체|TCPs9gkpe:중국어 번체,5
ENPczsr0z,2024 Younha Year-End Concert 〈GROWTH THEORY〉,문화관광,Culture > Cultural > Facilities,16,KOPczsr0z:한국어|ENPczsr0z:영어|JPPczsr0z:일본어|CNPczsr0z:중국어 간체|TCPczsr0z:중국어 번체,5
ENPv7nwyv,Play with K,문화관광,Culture > Cultural > Facilities,16,KOPv7nwyv:한국어|ENPv7nwyv:영어|JPPv7nwyv:일본어|CNPv7nwyv:중국어 간체|TCPv7nwyv:중국어 번체,5
ENP4ec5o3,Seoul Mini Mountains,문화관광,Culture > Cultural > Facilities,16,KOP4ec5o3:한국어|ENP4ec5o3:영어|JPP4ec5o3:일본어|CNP4ec5o3:중국어 간체|TCP4ec5o3:중국어 번체,5
ENPmt730g,Seoul Hiking Tourism Center (Bukhansan Mountain),문화관광,Culture > Cultural > Districts,16,KOPmt730g:한국어|ENPmt730g:영어|JPPmt730g:일본어|CNPmt730g:중국어 간체|TCPmt730g:중국어 번체,5
ENPt16elj,Seoul Hiking Tourism Center (Bugaksan Mountain),문화관광,Culture > Cultural > Districts,16,KOPt16elj:한국어|ENPt16elj:영어|JPPt16elj:일본어|CNPt16elj:중국어 간체|TCPt16elj:중국어 번체,5
ENP610oon,Seoul Hiking Tourism Center (Gwanaksan Mountain),문화관광,Culture > Cultural > Districts,16,KOP610oon:한국어|ENP610oon:영어|JPP610oon:일본어|CNP610oon:중국어 간체|TCP610oon:중국어 번체,5
ENPhgjthy,YDP CULTURAL LOUNGE DADADA,문화관광,Culture > Cultural > Districts,16,KOPhgjthy:한국어|ENPhgjthy:영어|JPPhgjthy:일본어|CNPhgjthy:중국어 간체|TCPhgjthy:중국어 번체,5
ENPw0mro9,Sangjaru : PLUG in Namsan,문화관광,Culture > Cultural > Facilities,16,KOPw0mro9:한국어|ENPw0mro9:영어|JPPw0mro9:일본어|CNPw0mro9:중국어 간체|TCPw0mro9:중국어 번체,5
ENPzm8tt4,"Cho Min-yeol ⟪Blue, Hidden, Nature⟫",문화관광,Culture > Cultural > Facilities,16,KOPzm8tt4:한국어|ENPzm8tt4:영어|JPPzm8tt4:일본어|CNPzm8tt4:중국어 간체|TCPzm8tt4:중국어 번체,5
ENP1fbrx6,2024 LEE MU JIN CONCERT [Supplementary Appendix] - SEOUL,문화관광,Culture > Cultural > Facilities,16,KOP1fbrx6:한국어|ENP1fbrx6:영어|JPP1fbrx6:일본어|CNP1fbrx6:중국어 간체|TCP1fbrx6:중국어 번체,5
ENPr5izii,2024 KISS OF LIFE 1ST WORLD TOUR ［KISS ROAD］ IN SEOUL,문화관광,Culture > Cultural > Facilities,16,KOPr5izii:한국어|ENPr5izii:영어|JPPr5izii:일본어|CNPr5izii:중국어 간체|TCPr5izii:중국어 번체,5
ENPyz09up,Rooftop Garden (The Roof),문화관광,Culture > Parks,16,KOPyz09up:한국어|ENPyz09up:영어|JPPyz09up:일본어|CNPyz09up:중국어 간체|TCPyz09up:중국어 번체,5
ENPjlcb9a,Big Issue Korea,문화관광,Culture > Other > Cultural > Destinations,16,KOPjlcb9a:한국어|ENPjlcb9a:영어|JPPjlcb9a:일본어|CNPjlcb9a:중국어 간체|TCPjlcb9a:중국어 번체,5
ENP8pkdcm,"My Treasures, My Heritage",문화관광,Culture > Cultural > Facilities,16,KOP8pkdcm:한국어|ENP8pkdcm:영어|JPP8pkdcm:일본어|CNP8pkdcm:중국어 간체|TCP8pkdcm:중국어 번체|RUP8pkdcm:러시아어,6
ENPqgqpqj,2024 Kung Festival,문화관광,Culture > Cultural > Facilities,16,KOPqgqpqj:한국어|ENPqgqpqj:영어|JPPqgqpqj:일본어|CNPqgqpqj:중국어 간체|TCPqgqpqj:중국어 번체,5
ENPouf85a,Seongsu Pedestrian Overpass,문화관광,Culture > Cultural > Districts,16,KOPouf85a:한국어|ENPouf85a:영어|JPPouf85a:일본어|CNPouf85a:중국어 간체|TCPouf85a:중국어 번체,5
ENPni951h,2024 Seongbuk Newspaper Persona Project: &#039;Lee Tae-jun: It Seemed Even the Moonlight Was Regrettable to Him&#039; Exhibition,문화관광,Culture > Cultural > Facilities,16,KOPni951h:한국어|ENPni951h:영어|JPPni951h:일본어|CNPni951h:중국어 간체|TCPni951h:중국어 번체,5
ENP9fwlch,Groundseesaw Seochon,문화관광,Culture > Cultural > Facilities,16,KOP9fwlch:한국어|ENP9fwlch:영어|JPP9fwlch:일본어|CNP9fwlch:중국어 간체|TCP9fwlch:중국어 번체,5
ENP0rc3u4,Ktown4u COEX,문화관광,Culture > Other > Cultural > Destinations,16,KOP0rc3u4:한국어|ENP0rc3u4:영어|JPP0rc3u4:일본어|CNP0rc3u4:중국어 간체|TCP0rc3u4:중국어 번체,5
ENPd8sx8c,Immersive-K: Kansong Art and Culture Foundation Media Art Exhibition,문화관광,Culture > Cultural > Facilities,17,KOPd8sx8c:한국어|ENPd8sx8c:영어|JPPd8sx8c:일본어|CNPd8sx8c:중국어 간체|TCPd8sx8c:중국어 번체|RUPd8sx8c:러시아어,6
ENPs5o5q6,Jo Yongjin · Hwang Taein &lt;A Gentle Change&gt;,문화관광,Culture > Cultural > Facilities,17,KOPs5o5q6:한국어|ENPs5o5q6:영어|JPPs5o5q6:일본어|CNPs5o5q6:중국어 간체|TCPs5o5q6:중국어 번체,5
ENPxp3cfn,2024 Creative Artist Support Project,문화관광,Culture > Cultural > Facilities,17,KOPxp3cfn:한국어|ENPxp3cfn:영어|JPPxp3cfn:일본어|CNPxp3cfn:중국어 간체|TCPxp3cfn:중국어 번체,5
ENP1kv0hq,Jinchan,문화관광,Culture > Cultural > Facilities,17,KOP1kv0hq:한국어|ENP1kv0hq:영어|JPP1kv0hq:일본어|CNP1kv0hq:중국어 간체|TCP1kv0hq:중국어 번체,5
ENP69gpsk,DOEZNY《MOVEMENT》,문화관광,Culture > Cultural > Facilities,17,KOP69gpsk:한국어|ENP69gpsk:영어|JPP69gpsk:일본어|CNP69gpsk:중국어 간체|TCP69gpsk:중국어 번체,5
ENPzcpf02,Samseyoung,문화관광,Culture > Cultural > Facilities > Art > Museums/Galleries,17,KOPzcpf02:한국어|ENPzcpf02:영어|JPPzcpf02:일본어|CNPzcpf02:중국어 간체|TCPzcpf02:중국어 번체,5
ENP4gtoyu,Happy voyage,문화관광,Culture > Cultural > Facilities,17,KOP4gtoyu:한국어|ENP4gtoyu:영어|JPP4gtoyu:일본어|CNP4gtoyu:중국어 간체|TCP4gtoyu:중국어 번체,5
ENPfyfhxg,North Korean Human Rights Opera &lt;Naengmyeon&gt;,문화관광,Culture > Cultural > Facilities,17,KOPfyfhxg:한국어|ENPfyfhxg:영어|JPPfyfhxg:일본어|CNPfyfhxg:중국어 간체|TCPfyfhxg:중국어 번체,5
ENPkhtg5h,2024 &lt;NODEUL ISLAND CLASSIC&gt; Opera &#039;Carmen&#039;,문화관광,Culture > Cultural > Facilities,17,KOPkhtg5h:한국어|ENPkhtg5h:영어|JPPkhtg5h:일본어|CNPkhtg5h:중국어 간체|TCPkhtg5h:중국어 번체,5
ENPjtj4tl,2024 &lt;NODEUL ISLAND CLASSIC&gt; Ballet &#039;The Sleeping Beauty&#039;,문화관광,Culture > Cultural > Facilities,17,KOPjtj4tl:한국어|ENPjtj4tl:영어|JPPjtj4tl:일본어|CNPjtj4tl:중국어 간체|TCPjtj4tl:중국어 번체,5
ENPxl8ya1,AiF children 2nd Anniversary 𝙎𝙋𝙀𝘾𝙄𝘼𝙇 𝘼𝙍𝙏 𝙁𝙀𝙎𝙏𝘼,문화관광,Culture > Cultural > Facilities,17,KOPxl8ya1:한국어|ENPxl8ya1:영어|JPPxl8ya1:일본어|CNPxl8ya1:중국어 간체|TCPxl8ya1:중국어 번체,5
ENPqsaooa,Inwangsan Shelter in the Woods,문화관광,Culture > Parks,17,KOPqsaooa:한국어|ENPqsaooa:영어|JPPqsaooa:일본어|CNPqsaooa:중국어 간체|TCPqsaooa:중국어 번체|RUPqsaooa:러시아어|MLPqsaooa:말레이어,7
ENPq3sf3y,2024 2NE1 CONCERT ［WELCOME BACK］ IN SEOUL,문화관광,Culture > Cultural > Facilities,17,KOPq3sf3y:한국어|ENPq3sf3y:영어|CNPq3sf3y:중국어 간체|TCPq3sf3y:중국어 번체,4
ENP2bo6vv,2024 DOH KYUNG SOO ASIA FAN CONCERT TOUR BLOOM THE FINAL,문화관광,Culture > Cultural > Facilities,17,KOP2bo6vv:한국어|ENP2bo6vv:영어|CNP2bo6vv:중국어 간체|TCP2bo6vv:중국어 번체,4
ENPu3xofd,"PLAVE FAN CONCERT ‘Hello, Asterum!’ ENCORE",문화관광,Culture > Cultural > Facilities,17,KOPu3xofd:한국어|ENPu3xofd:영어|CNPu3xofd:중국어 간체|TCPu3xofd:중국어 번체,4
ENPbhrawk,"[Faint Memories, Deep Longing]",문화관광,Culture > Cultural > Facilities,17,KOPbhrawk:한국어|ENPbhrawk:영어|JPPbhrawk:일본어|CNPbhrawk:중국어 간체|TCPbhrawk:중국어 번체|RUPbhrawk:러시아어,6
ENPubcv55,SeMA Omnibus : At the End of the World Split Endlessly,문화관광,Culture > Cultural > Facilities,17,KOPubcv55:한국어|ENPubcv55:영어|JPPubcv55:일본어|CNPubcv55:중국어 간체|TCPubcv55:중국어 번체,5
ENPecp151,Lee Youngjun Ingoing Escape,문화관광,Culture > Cultural > Facilities,17,KOPecp151:한국어|ENPecp151:영어|JPPecp151:일본어|CNPecp151:중국어 간체|TCPecp151:중국어 번체,5
ENPdb8gvb,Selected for the 2024 Samgaksan Geumam Art Museum Craft Exhibition Contest - EUNPYEONG &lt;Variety of Shapes and Colors&gt;,문화관광,Culture > Cultural > Facilities,17,KOPdb8gvb:한국어|ENPdb8gvb:영어|JPPdb8gvb:일본어|CNPdb8gvb:중국어 간체|TCPdb8gvb:중국어 번체,5
ENP1azypy,SeMA Omnibus : Planet Nine,문화관광,Culture > Cultural > Facilities,17,KOP1azypy:한국어|ENP1azypy:영어|JPP1azypy:일본어|CNP1azypy:중국어 간체|TCP1azypy:중국어 번체,5
ENP9q04ig,THEO,문화관광,Culture > Cultural > Facilities > Art > Museums/Galleries,18,KOP9q04ig:한국어|ENP9q04ig:영어|JPP9q04ig:일본어|CNP9q04ig:중국어 간체|TCP9q04ig:중국어 번체|RUP9q04ig:러시아어|MLP9q04ig:말레이어,7
ENPrisi5i,2Gil29Gallery,문화관광,Culture > Cultural > Facilities > Art > Museums/Galleries,18,KOPrisi5i:한국어|ENPrisi5i:영어|JPPrisi5i:일본어|CNPrisi5i:중국어 간체|TCPrisi5i:중국어 번체|RUPrisi5i:러시아어|MLPrisi5i:말레이어,7
ENP72zzo1,Artside Gallery,문화관광,Culture > Cultural > Facilities,18,KOP72zzo1:한국어|ENP72zzo1:영어|JPP72zzo1:일본어|CNP72zzo1:중국어 간체|TCP72zzo1:중국어 번체|RUP72zzo1:러시아어|MLP72zzo1:말레이어,7
ENPvvsy1q,Someday Festival 2024,문화관광,Culture > Cultural > Facilities,18,KOPvvsy1q:한국어|ENPvvsy1q:영어|JPPvvsy1q:일본어|CNPvvsy1q:중국어 간체,4
ENPvvlkpy,"2024 Sung Si Kyung with friends ［So, today］",문화관광,Culture > Cultural > Facilities,18,KOPvvlkpy:한국어|ENPvvlkpy:영어|JPPvvlkpy:일본어|CNPvvlkpy:중국어 간체,4
ENP6hqs2t,CHUN Kyung-ja Centennial 《Turbulent Times: Women Life Art》,문화관광,Culture > Cultural > Facilities,18,KOP6hqs2t:한국어|ENP6hqs2t:영어|JPP6hqs2t:일본어|CNP6hqs2t:중국어 간체|TCP6hqs2t:중국어 번체|RUP6hqs2t:러시아어,6
ENPhcg1td,《The Mindscape ; Encounters of the Third Kind (Imaginary Landscape: Encounter with the Unknown)》,문화관광,Culture > Cultural > Facilities,18,KOPhcg1td:한국어|ENPhcg1td:영어|JPPhcg1td:일본어|CNPhcg1td:중국어 간체|TCPhcg1td:중국어 번체,5
ENPyw61fy,Blue Variations,문화관광,Culture > Cultural > Facilities,18,KOPyw61fy:한국어|ENPyw61fy:영어|JPPyw61fy:일본어|CNPyw61fy:중국어 간체|TCPyw61fy:중국어 번체,5
ENP9xfhqw,SeMA Omnibus - I Want to Love Us,문화관광,Culture > Cultural > Facilities,18,KOP9xfhqw:한국어|ENP9xfhqw:영어|JPP9xfhqw:일본어|CNP9xfhqw:중국어 간체|TCP9xfhqw:중국어 번체,5
ENPa4udir,Kylie Manning: Yellow Sea,문화관광,Culture > Cultural > Facilities,18,KOPa4udir:한국어|ENPa4udir:영어|JPPa4udir:일본어|CNPa4udir:중국어 간체|TCPa4udir:중국어 번체,5
ENPu1vba8,Open-Air Museum - Pungnap,문화관광,Culture > Cultural > Facilities,18,KOPu1vba8:한국어|ENPu1vba8:영어|JPPu1vba8:일본어|CNPu1vba8:중국어 간체|TCPu1vba8:중국어 번체,5
ENPe89h7l,"Shunita, Oh Jeisung, Dokkaebi: Multi Persona",문화관광,Culture > Cultural > Facilities,18,KOPe89h7l:한국어|ENPe89h7l:영어|JPPe89h7l:일본어|CNPe89h7l:중국어 간체|TCPe89h7l:중국어 번체,5
ENPmtfocr,Seoul Metropolitan Office of Education Namsan Library,문화관광,Culture > Cultural > Districts,18,KOPmtfocr:한국어|ENPmtfocr:영어|JPPmtfocr:일본어|CNPmtfocr:중국어 간체|TCPmtfocr:중국어 번체,5
ENP2qn4qq,K-Drama Spotlight,문화관광,Culture > Cultural > Facilities,18,KOP2qn4qq:한국어|ENP2qn4qq:영어|JPP2qn4qq:일본어|CNP2qn4qq:중국어 간체|TCP2qn4qq:중국어 번체,5
ENPad2n9b,crosswalk,문화관광,Culture > Cultural > Facilities,18,KOPad2n9b:한국어|ENPad2n9b:영어|JPPad2n9b:일본어|CNPad2n9b:중국어 간체|TCPad2n9b:중국어 번체,5
ENPsrn1p5,50th Anniversary of Seoul Metropolitan Subway &lt;Subway in Seoul&gt;,문화관광,Culture > Cultural > Facilities,18,KOPsrn1p5:한국어|ENPsrn1p5:영어|JPPsrn1p5:일본어|CNPsrn1p5:중국어 간체|TCPsrn1p5:중국어 번체,5
ENP9923r7,"You and I, and There",문화관광,Culture > Cultural > Facilities,18,KOP9923r7:한국어|ENP9923r7:영어|JPP9923r7:일본어|CNP9923r7:중국어 간체|TCP9923r7:중국어 번체,5
ENPmfskyu,A Stroll Through Records: Seoul’s Parks,문화관광,Culture > Cultural > Facilities,18,KOPmfskyu:한국어|ENPmfskyu:영어|JPPmfskyu:일본어|CNPmfskyu:중국어 간체|TCPmfskyu:중국어 번체,5
ENPgrw5c5,Goto·Sebit Tourist Information Center,문화관광,Culture,18,KOPgrw5c5:한국어|ENPgrw5c5:영어|JPPgrw5c5:일본어|CNPgrw5c5:중국어 간체|TCPgrw5c5:중국어 번체,5
ENPdxudlq,MINSEONG KIM: False Alarm,문화관광,Culture > Cultural > Facilities,18,KOPdxudlq:한국어|ENPdxudlq:영어|JPPdxudlq:일본어|CNPdxudlq:중국어 간체|TCPdxudlq:중국어 번체,5
ENPxua216,Gallery Mosoon,문화관광,Culture > Cultural > Facilities > Art > Museums/Galleries,19,KOPxua216:한국어|ENPxua216:영어|JPPxua216:일본어|CNPxua216:중국어 간체|TCPxua216:중국어 번체,5
ENPcyotr4,THART,문화관광,Culture > Cultural > Facilities,19,KOPcyotr4:한국어|ENPcyotr4:영어|JPPcyotr4:일본어|CNPcyotr4:중국어 간체|TCPcyotr4:중국어 번체,5
ENPnnbbgy,Supsok Hanbang Land,문화관광,Culture > Other > Cultural > Destinations,19,KOPnnbbgy:한국어|ENPnnbbgy:영어|JPPnnbbgy:일본어|CNPnnbbgy:중국어 간체|TCPnnbbgy:중국어 번체,5
ENPnizi31,Gangnam Fine Craft Art Club Exhibition,문화관광,Culture > Cultural > Facilities,19,KOPnizi31:한국어|ENPnizi31:영어|JPPnizi31:일본어|CNPnizi31:중국어 간체|TCPnizi31:중국어 번체,5
ENP18biiq,Bosingak Pavilion: Echoes of Time,문화관광,Culture > Cultural > Facilities,19,KOP18biiq:한국어|ENP18biiq:영어|JPP18biiq:일본어|CNP18biiq:중국어 간체|TCP18biiq:중국어 번체,5
ENP4984rf,Barbershops in Seoul,문화관광,Culture > Cultural > Facilities,19,KOP4984rf:한국어|ENP4984rf:영어|JPP4984rf:일본어|CNP4984rf:중국어 간체|TCP4984rf:중국어 번체,5
ENPmvbf3l,Samgaksan Geumam Art Museum: &#034;Elementary Art Textbooks Unleashed&#034;,문화관광,Culture > Cultural > Facilities,19,KOPmvbf3l:한국어|ENPmvbf3l:영어|JPPmvbf3l:일본어|CNPmvbf3l:중국어 간체|TCPmvbf3l:중국어 번체,5
ENPz8531l,Yoonkee &amp; Guhong&#039;s Guhong &amp; Yoonkee,문화관광,Culture > Cultural > Facilities,19,KOPz8531l:한국어|ENPz8531l:영어|JPPz8531l:일본어|CNPz8531l:중국어 간체|TCPz8531l:중국어 번체,5
ENPrn1wrn,SEOULDAL,문화관광,Culture > Landmarks,19,KOPrn1wrn:한국어|ENPrn1wrn:영어|JPPrn1wrn:일본어|CNPrn1wrn:중국어 간체|TCPrn1wrn:중국어 번체|RUPrn1wrn:러시아어|MLPrn1wrn:말레이어,7
ENPqkuw4r,Ttukseom Windsurfing Park,문화관광,Culture > Leisure/Sports > Centers,19,KOPqkuw4r:한국어|ENPqkuw4r:영어|JPPqkuw4r:일본어|CNPqkuw4r:중국어 간체|TCPqkuw4r:중국어 번체|RUPqkuw4r:러시아어|MLPqkuw4r:말레이어,7
ENP16izx7,Kim Jihee’s Solo Exhibition: DIVINITY,문화관광,Culture > Cultural > Facilities,19,KOP16izx7:한국어|ENP16izx7:영어|JPP16izx7:일본어|CNP16izx7:중국어 간체|TCP16izx7:중국어 번체,5
ENP6kc5mf,Harmony of Notes and Moves,문화관광,Culture > Cultural > Facilities,19,KOP6kc5mf:한국어|ENP6kc5mf:영어|JPP6kc5mf:일본어|CNP6kc5mf:중국어 간체|TCP6kc5mf:중국어 번체,5
ENPpx8z5o,Kim So-jin&#039;s Complete Performance of Boseongsori Jeokbyeokga,문화관광,Culture > Cultural > Facilities,19,KOPpx8z5o:한국어|ENPpx8z5o:영어|JPPpx8z5o:일본어|CNPpx8z5o:중국어 간체|TCPpx8z5o:중국어 번체,5
ENPbhq8vy,Ttukseom Artificial Rock Climbing Wall,문화관광,Culture > Leisure/Sports > Centers,19,KOPbhq8vy:한국어|ENPbhq8vy:영어|JPPbhq8vy:일본어|CNPbhq8vy:중국어 간체|TCPbhq8vy:중국어 번체|RUPbhq8vy:러시아어|MLPbhq8vy:말레이어,7
ENPg8me67,Celestial Whisper,문화관광,Culture > Cultural > Facilities,19,KOPg8me67:한국어|ENPg8me67:영어|JPPg8me67:일본어|CNPg8me67:중국어 간체|TCPg8me67:중국어 번체,5
ENPtvunyc,"Hyundai Card MUSIC LIBRARY,  Hyundai Card VINYL &amp; PLASTIC",문화관광,Culture > Landmarks,19,KOPtvunyc:한국어|ENPtvunyc:영어|JPPtvunyc:일본어|CNPtvunyc:중국어 간체|TCPtvunyc:중국어 번체|RUPtvunyc:러시아어|MLPtvunyc:말레이어,7
ENPy89nt5,Drawing Again Exhibition,문화관광,Culture > Cultural > Facilities,19,KOPy89nt5:한국어|ENPy89nt5:영어|JPPy89nt5:일본어|CNPy89nt5:중국어 간체|TCPy89nt5:중국어 번체,5
ENPmbgpkh,Bathtub &amp; Feather,문화관광,Culture > Cultural > Facilities,19,KOPmbgpkh:한국어|ENPmbgpkh:영어|JPPmbgpkh:일본어|CNPmbgpkh:중국어 간체|TCPmbgpkh:중국어 번체,5
ENP5y25gn,&#034;Where Do We Come From? What Are We? Where Are We Going?” Exhibition,문화관광,Culture > Cultural > Facilities,19,KOP5y25gn:한국어|ENP5y25gn:영어|JPP5y25gn:일본어|CNP5y25gn:중국어 간체|TCP5y25gn:중국어 번체,5
ENPtrioy0,Childhood under the shield,문화관광,Culture > Cultural > Facilities,19,KOPtrioy0:한국어|ENPtrioy0:영어|JPPtrioy0:일본어|CNPtrioy0:중국어 간체|TCPtrioy0:중국어 번체,5
ENPnpbfuz,Please Protect Us,문화관광,Culture > Cultural > Facilities,20,KOPnpbfuz:한국어|ENPnpbfuz:영어|JPPnpbfuz:일본어|CNPnpbfuz:중국어 간체|TCPnpbfuz:중국어 번체,5
ENPfb8q7l,A Walk Around the City Wall: Hanyangdoseong through the Eyes of 19th-Century Literature,문화관광,Culture > Cultural > Facilities,20,KOPfb8q7l:한국어|ENPfb8q7l:영어|JPPfb8q7l:일본어|CNPfb8q7l:중국어 간체|TCPfb8q7l:중국어 번체,5
ENP3r7zs1,Seoul&#039;s Youth and Popular Music,문화관광,Culture > Cultural > Facilities,20,KOP3r7zs1:한국어|ENP3r7zs1:영어|JPP3r7zs1:일본어|CNP3r7zs1:중국어 간체|TCP3r7zs1:중국어 번체,5
ENPpbvzoo,Innocence of Childhood,문화관광,Culture > Cultural > Facilities,20,KOPpbvzoo:한국어|ENPpbvzoo:영어|JPPpbvzoo:일본어|CNPpbvzoo:중국어 간체|TCPpbvzoo:중국어 번체,5
ENPe3alnl,Nowon Light Garden (Old Hwarangdae Station),문화관광,Culture > Theme > Parks,20,KOPe3alnl:한국어|ENPe3alnl:영어|JPPe3alnl:일본어|CNPe3alnl:중국어 간체|TCPe3alnl:중국어 번체|RUPe3alnl:러시아어|MLPe3alnl:말레이어,7
ENPhr5agm,Warm&amp;Cool ART Collection Exhibition,문화관광,Culture > Cultural > Facilities,20,KOPhr5agm:한국어|ENPhr5agm:영어|JPPhr5agm:일본어|CNPhr5agm:중국어 간체|TCPhr5agm:중국어 번체,5
ENPwglig5,Make a Wish,문화관광,Culture > Cultural > Facilities,20,KOPwglig5:한국어|ENPwglig5:영어|JPPwglig5:일본어|CNPwglig5:중국어 간체|TCPwglig5:중국어 번체,5
ENPo1wsp6,DMAU Project &#034;Init&#034;,문화관광,Culture > Cultural > Facilities,20,KOPo1wsp6:한국어|ENPo1wsp6:영어|JPPo1wsp6:일본어|CNPo1wsp6:중국어 간체|TCPo1wsp6:중국어 번체,5
ENPhvgb2b,Myeongdong Jaemi-ro,문화관광,Culture > Cultural > Districts,20,KOPhvgb2b:한국어|ENPhvgb2b:영어|JPPhvgb2b:일본어|CNPhvgb2b:중국어 간체|TCPhvgb2b:중국어 번체,5
ENPgcblme,Choong Ang High School,문화관광,Culture > Education > Centers,20,KOPgcblme:한국어|ENPgcblme:영어|JPPgcblme:일본어|CNPgcblme:중국어 간체|TCPgcblme:중국어 번체,5
ENPuf1clc,Takahata Isao  Exibition,문화관광,Culture > Cultural > Facilities,20,KOPuf1clc:한국어|ENPuf1clc:영어|JPPuf1clc:일본어|CNPuf1clc:중국어 간체|TCPuf1clc:중국어 번체|RUPuf1clc:러시아어,6
ENPauov7d,Changsin-Sungin Quarry Observatory,문화관광,Culture > Cultural > Districts,20,KOPauov7d:한국어|ENPauov7d:영어|JPPauov7d:일본어|CNPauov7d:중국어 간체|TCPauov7d:중국어 번체|MLPauov7d:말레이어,6
ENPrzvy6d,Eddie Martinez 《To Be Continued》,문화관광,Culture > Cultural > Facilities,20,KOPrzvy6d:한국어|ENPrzvy6d:영어|JPPrzvy6d:일본어|CNPrzvy6d:중국어 간체|TCPrzvy6d:중국어 번체,5
ENPgvo4y2,Changsin-dong&#039;s Cliff Village,문화관광,Culture > Cultural > Districts,20,KOPgvo4y2:한국어|ENPgvo4y2:영어|JPPgvo4y2:일본어|CNPgvo4y2:중국어 간체|TCPgvo4y2:중국어 번체|MLPgvo4y2:말레이어,6
ENPzyabwl,Smile Keeper 展,문화관광,Culture > Cultural > Facilities,20,KOPzyabwl:한국어|ENPzyabwl:영어|JPPzyabwl:일본어|CNPzyabwl:중국어 간체|TCPzyabwl:중국어 번체,5
ENPqft0dj,Weaving Relations,문화관광,Culture > Cultural > Facilities,20,KOPqft0dj:한국어|ENPqft0dj:영어|JPPqft0dj:일본어|CNPqft0dj:중국어 간체|TCPqft0dj:중국어 번체|RUPqft0dj:러시아어,6
ENPk2a199,Museum Kimchikan Story &amp; History,문화관광,Culture > Cultural > Facilities,20,KOPk2a199:한국어|ENPk2a199:영어|JPPk2a199:일본어|CNPk2a199:중국어 간체|TCPk2a199:중국어 번체,5
ENPzef7ak,Euphoric Proliferation,문화관광,Culture > Cultural > Facilities,20,KOPzef7ak:한국어|ENPzef7ak:영어|JPPzef7ak:일본어|CNPzef7ak:중국어 간체|TCPzef7ak:중국어 번체,5
ENPoig3k4,"Architecture, Space Time Scenarios",문화관광,Culture > Cultural > Facilities,20,KOPoig3k4:한국어|ENPoig3k4:영어|JPPoig3k4:일본어|CNPoig3k4:중국어 간체|TCPoig3k4:중국어 번체,5
ENP678cv8,The replica of an old mayor’s office,문화관광,Culture > Cultural > Facilities > Others > Cultural > Facilities,20,KOP678cv8:한국어|ENP678cv8:영어|JPP678cv8:일본어|CNP678cv8:중국어 간체|TCP678cv8:중국어 번체|RUP678cv8:러시아어|MLP678cv8:말레이어,7
ENPe5w2yc,Yanghwa Hangang Park,문화관광,Culture > Parks,21,KOPe5w2yc:한국어|ENPe5w2yc:영어|JPPe5w2yc:일본어|CNPe5w2yc:중국어 간체|TCPe5w2yc:중국어 번체|RUPe5w2yc:러시아어|MLPe5w2yc:말레이어,7
ENPkifmep,From dawn to dusk - National Museum Stockholm Collection,문화관광,Culture > Cultural > Facilities,21,KOPkifmep:한국어|ENPkifmep:영어|JPPkifmep:일본어|CNPkifmep:중국어 간체|TCPkifmep:중국어 번체|RUPkifmep:러시아어,6
ENPfztlks,"Utopia: Nowhere, Now Here",문화관광,Culture > Cultural > Facilities,21,KOPfztlks:한국어|ENPfztlks:영어|JPPfztlks:일본어|CNPfztlks:중국어 간체|TCPfztlks:중국어 번체|RUPfztlks:러시아어,6
ENPjltxu8,2024 Delight Seoul,문화관광,Culture > Cultural > Facilities,21,KOPjltxu8:한국어|ENPjltxu8:영어|JPPjltxu8:일본어|CNPjltxu8:중국어 간체|TCPjltxu8:중국어 번체,5
ENP5k7sv5,KooBohnchang’s Voyages,문화관광,Culture > Cultural > Facilities,21,KOP5k7sv5:한국어|ENP5k7sv5:영어|JPP5k7sv5:일본어|CNP5k7sv5:중국어 간체|TCP5k7sv5:중국어 번체,5
ENPdhvwbf,From unfamiliar gaze,문화관광,Culture > Cultural > Facilities,21,KOPdhvwbf:한국어|ENPdhvwbf:영어|JPPdhvwbf:일본어|CNPdhvwbf:중국어 간체|TCPdhvwbf:중국어 번체,5
ENPnmp0dt,Calendar Exhibition 2024,문화관광,Culture > Cultural > Facilities,21,KOPnmp0dt:한국어|ENPnmp0dt:영어|JPPnmp0dt:일본어|CNPnmp0dt:중국어 간체|TCPnmp0dt:중국어 번체,5
ENPtu01xt,Super Moon on My Hand: Moon Jar Exhibition,문화관광,Culture > Cultural > Facilities,21,KOPtu01xt:한국어|ENPtu01xt:영어|JPPtu01xt:일본어|CNPtu01xt:중국어 간체|TCPtu01xt:중국어 번체,5
ENPbtl4l5,Yuichi Hirako &lt;Travel&gt;,문화관광,Culture > Cultural > Facilities,21,KOPbtl4l5:한국어|ENPbtl4l5:영어|JPPbtl4l5:일본어|CNPbtl4l5:중국어 간체|TCPbtl4l5:중국어 번체,5
ENP3pv6se,Huh Sang-wook《 Buncheong Stroll》,문화관광,Culture > Cultural > Facilities,21,KOP3pv6se:한국어|ENP3pv6se:영어|JPP3pv6se:일본어|CNP3pv6se:중국어 간체|TCP3pv6se:중국어 번체,5
ENPdq9fcr,2023 Sejong Museum Special Exhibition《 &#039;Ink and Brush Transformation: Song Soo-nam and Hwang Chang-bae》&#039;Two Perspectives on Contemporary Ink Painting&#039;,문화관광,Culture > Cultural > Facilities,21,KOPdq9fcr:한국어|ENPdq9fcr:영어|JPPdq9fcr:일본어|CNPdq9fcr:중국어 간체|TCPdq9fcr:중국어 번체,5
ENP3r5br9,2023 HOME TABLE DECO FAIR,문화관광,Culture > Cultural > Facilities,21,KOP3r5br9:한국어|ENP3r5br9:영어|JPP3r5br9:일본어|CNP3r5br9:중국어 간체|TCP3r5br9:중국어 번체,5
ENPz90c1l,Ihwa Mural Village,문화관광,Culture > Cultural > Districts,21,KOPz90c1l:한국어|ENPz90c1l:영어|JPPz90c1l:일본어|CNPz90c1l:중국어 간체|TCPz90c1l:중국어 번체,5
ENPpq0clc,Jung Jaeil Concert - Listen,문화관광,Culture > Cultural > Facilities,21,KOPpq0clc:한국어|ENPpq0clc:영어|JPPpq0clc:일본어|CNPpq0clc:중국어 간체|TCPpq0clc:중국어 번체,5
ENPyfsp0k,The Shape of Touch,문화관광,Culture > Cultural > Facilities,21,KOPyfsp0k:한국어|ENPyfsp0k:영어|JPPyfsp0k:일본어|CNPyfsp0k:중국어 간체|TCPyfsp0k:중국어 번체,5
ENPotfyui,"&#034;Ilgagi&#034;, the first Korean traditional music performance series",문화관광,Culture > Cultural > Facilities,21,KOPotfyui:한국어|ENPotfyui:영어|CNPotfyui:중국어 간체,3
ENPpylv57,GWTF: Go with the Flow,문화관광,Culture > Cultural > Facilities,21,KOPpylv57:한국어|ENPpylv57:영어|JPPpylv57:일본어|CNPpylv57:중국어 간체|TCPpylv57:중국어 번체,5
ENP5gy81t,Hangeul Park Academy,문화관광,Culture > Education > Centers,21,KOP5gy81t:한국어|ENP5gy81t:영어|JPP5gy81t:일본어|CNP5gy81t:중국어 간체|TCP5gy81t:중국어 번체,5
ENP5icc8k,Gaze At Exhibition,문화관광,Culture > Cultural > Facilities,21,KOP5icc8k:한국어|ENP5icc8k:영어|JPP5icc8k:일본어|CNP5icc8k:중국어 간체|TCP5icc8k:중국어 번체,5
ENPx61vzb,"Park Hyunsung, Yoon Sukone: The rest of today going to tomorrow",문화관광,Culture > Cultural > Facilities,21,KOPx61vzb:한국어|ENPx61vzb:영어|JPPx61vzb:일본어|CNPx61vzb:중국어 간체|TCPx61vzb:중국어 번체,5
ENPn1ua1r,Seoul Science Museum,문화관광,Culture > Education > Centers,22,KOPn1ua1r:한국어|ENPn1ua1r:영어|JPPn1ua1r:일본어|CNPn1ua1r:중국어 간체|TCPn1ua1r:중국어 번체,5
ENPrlt4bh,"Theatre des Lumieres: Dali, The Endless Enigma",문화관광,Culture > Cultural > Facilities,22,KOPrlt4bh:한국어|ENPrlt4bh:영어|JPPrlt4bh:일본어|CNPrlt4bh:중국어 간체|TCPrlt4bh:중국어 번체,5
ENPsbk889,"Joke: Spreading from Me, Passing to You",문화관광,Culture > Cultural > Facilities,22,KOPsbk889:한국어|ENPsbk889:영어|JPPsbk889:일본어|CNPsbk889:중국어 간체|TCPsbk889:중국어 번체,5
ENP1zyxhn,The Hanging Gardens of Babylon,문화관광,Culture > Cultural > Facilities,22,KOP1zyxhn:한국어|ENP1zyxhn:영어|JPP1zyxhn:일본어|CNP1zyxhn:중국어 간체|TCP1zyxhn:중국어 번체,5
ENPski6au,Alone but Together,문화관광,Culture > Cultural > Facilities,22,KOPski6au:한국어|ENPski6au:영어|JPPski6au:일본어|CNPski6au:중국어 간체|TCPski6au:중국어 번체,5
ENPhwbm10,SeMA Anthology: Ten Orders,문화관광,Culture > Cultural > Facilities,22,KOPhwbm10:한국어|ENPhwbm10:영어|JPPhwbm10:일본어|CNPhwbm10:중국어 간체|TCPhwbm10:중국어 번체,5
ENPz5kf0x,LOCA 3rd Anniversary Commemorative Photo Exhibition: Walking Through New York,문화관광,Culture > Cultural > Facilities,22,KOPz5kf0x:한국어|ENPz5kf0x:영어|JPPz5kf0x:일본어|CNPz5kf0x:중국어 간체|TCPz5kf0x:중국어 번체,5
ENP8j7w39,Kwon Jin Kyu&#039;s Forever Home,문화관광,Culture > Cultural > Facilities,22,KOP8j7w39:한국어|ENP8j7w39:영어|JPP8j7w39:일본어|CNP8j7w39:중국어 간체|TCP8j7w39:중국어 번체,5
ENP1wzrx2,Collection of Moments,문화관광,Culture > Cultural > Facilities,22,KOP1wzrx2:한국어|ENP1wzrx2:영어|JPP1wzrx2:일본어|CNP1wzrx2:중국어 간체|TCP1wzrx2:중국어 번체,5
ENP1ps3fb,Keep Calm and Give a Shit,문화관광,Culture > Cultural > Facilities,22,KOP1ps3fb:한국어|ENP1ps3fb:영어|JPP1ps3fb:일본어|CNP1ps3fb:중국어 간체|TCP1ps3fb:중국어 번체,5
ENPyie8if,The 4th Biennale of Architecture and Urbanism,문화관광,Culture > Cultural > Facilities,22,KOPyie8if:한국어|ENPyie8if:영어|JPPyie8if:일본어|CNPyie8if:중국어 간체|TCPyie8if:중국어 번체,5
ENPgklb6g,"Jeong Kwan, Kim Hyeju: Unresolved Chapter",문화관광,Culture > Cultural > Facilities,22,KOPgklb6g:한국어|ENPgklb6g:영어|JPPgklb6g:일본어|CNPgklb6g:중국어 간체|TCPgklb6g:중국어 번체,5
ENPhi142j,NUMAZ WHOLESALE WEEK,문화관광,Culture > Cultural > Facilities,22,KOPhi142j:한국어|ENPhi142j:영어|JPPhi142j:일본어|CNPhi142j:중국어 간체|TCPhi142j:중국어 번체,5
ENPk4sx8q,2023 Seoul Performig Arts Festival (SPAF),문화관광,Culture > Cultural > Facilities,22,KOPk4sx8q:한국어|ENPk4sx8q:영어|JPPk4sx8q:일본어|CNPk4sx8q:중국어 간체|TCPk4sx8q:중국어 번체,5
ENPg4p0aa,Seoul Philharmonic Orchestra 78th Anniversary Concert,문화관광,Culture > Cultural > Facilities,22,KOPg4p0aa:한국어|ENPg4p0aa:영어|JPPg4p0aa:일본어|CNPg4p0aa:중국어 간체|TCPg4p0aa:중국어 번체,5
ENPsfb8bl,Seoul Philharmonic Orchestra Park Concert 2023,문화관광,Culture > Cultural > Facilities,22,KOPsfb8bl:한국어|ENPsfb8bl:영어|JPPsfb8bl:일본어|CNPsfb8bl:중국어 간체|TCPsfb8bl:중국어 번체,5
ENP4cq7rr,2023 Autumn Seoul Light DDP,문화관광,Culture > Cultural > Facilities,22,KOP4cq7rr:한국어|ENP4cq7rr:영어|JPP4cq7rr:일본어|CNP4cq7rr:중국어 간체|TCP4cq7rr:중국어 번체,5
ENPhxe78f,Korea lnt’l EDUCATION WEEK 2023,문화관광,Culture > Cultural > Facilities,22,KOPhxe78f:한국어|ENPhxe78f:영어|JPPhxe78f:일본어|CNPhxe78f:중국어 간체|TCPhxe78f:중국어 번체,5
ENPrfwk6e,2023 KOREA BUILD WEEK,문화관광,Culture > Cultural > Facilities,22,KOPrfwk6e:한국어|ENPrfwk6e:영어|JPPrfwk6e:일본어|CNPrfwk6e:중국어 간체|TCPrfwk6e:중국어 번체,5
ENP9vuxuv,Kim Byung-gu Solo Exhibition: 7 am Green pew,문화관광,Culture > Cultural > Facilities,22,KOP9vuxuv:한국어|ENP9vuxuv:영어|JPP9vuxuv:일본어|CNP9vuxuv:중국어 간체|TCP9vuxuv:중국어 번체,5
ENPsbarih,A Magical day,문화관광,Culture > Cultural > Facilities,23,KOPsbarih:한국어|ENPsbarih:영어|CNPsbarih:중국어 간체|TCPsbarih:중국어 번체,4
ENPowtoyc,Seoul Sky,문화관광,Culture > Landmarks,23,KOPowtoyc:한국어|ENPowtoyc:영어|JPPowtoyc:일본어|CNPowtoyc:중국어 간체|TCPowtoyc:중국어 번체,5
ENPsnugjh,Transparence_ Sense and Mind: The Exhibition of Gapado AiR Artists 2018-2022,문화관광,Culture > Cultural > Facilities,23,KOPsnugjh:한국어|ENPsnugjh:영어|JPPsnugjh:일본어|CNPsnugjh:중국어 간체|TCPsnugjh:중국어 번체,5
ENP24o1g5,Cho Kyoungjae: : Absolute Reconstruction,문화관광,Culture > Cultural > Facilities,23,KOP24o1g5:한국어|ENP24o1g5:영어|JPP24o1g5:일본어|CNP24o1g5:중국어 간체|TCP24o1g5:중국어 번체,5
ENPxj9byw,Gallery Jiwooheon,문화관광,Culture > Cultural > Facilities,23,KOPxj9byw:한국어|ENPxj9byw:영어|JPPxj9byw:일본어|CNPxj9byw:중국어 간체|TCPxj9byw:중국어 번체,5
ENPi1olcq,Alchemy of Souls: Light and Shadow Immersive Media Art Exhibition,문화관광,Culture > Cultural > Facilities,23,KOPi1olcq:한국어|ENPi1olcq:영어|JPPi1olcq:일본어|CNPi1olcq:중국어 간체|TCPi1olcq:중국어 번체,5
ENPx138ls,Geoan,문화관광,Culture > Cultural > Facilities > Others > Cultural > Facilities,23,KOPx138ls:한국어|ENPx138ls:영어|JPPx138ls:일본어|CNPx138ls:중국어 간체|TCPx138ls:중국어 번체,5
ENP6zvjr6,Ttukseom Hangang Park X Game Zone,문화관광,Culture > Leisure/Sports > Centers,23,KOP6zvjr6:한국어|ENP6zvjr6:영어|JPP6zvjr6:일본어|CNP6zvjr6:중국어 간체|TCP6zvjr6:중국어 번체|RUP6zvjr6:러시아어|MLP6zvjr6:말레이어,7
ENPa0muuu,Hangang Story Exhibition Hall,문화관광,Culture > Other > Cultural > Destinations,23,KOPa0muuu:한국어|ENPa0muuu:영어|JPPa0muuu:일본어|CNPa0muuu:중국어 간체|TCPa0muuu:중국어 번체,5
ENPqnwgc7,"Mood, sunday",문화관광,Culture > Cultural > Facilities,23,KOPqnwgc7:한국어|ENPqnwgc7:영어|JPPqnwgc7:일본어|CNPqnwgc7:중국어 간체|TCPqnwgc7:중국어 번체,5
ENP129lpb,SM Entertainment,문화관광,Culture,23,KOP129lpb:한국어|ENP129lpb:영어|JPP129lpb:일본어|CNP129lpb:중국어 간체|TCP129lpb:중국어 번체,5
ENP5zna0p,GanaArt Collection Permanent Exhibition《80 Urban Reality》,문화관광,Culture > Cultural > Facilities,23,KOP5zna0p:한국어|ENP5zna0p:영어|JPP5zna0p:일본어|CNP5zna0p:중국어 간체|TCP5zna0p:중국어 번체,5
ENPxv4p1y,Diffusione,문화관광,Culture > Cultural > Facilities,23,KOPxv4p1y:한국어|ENPxv4p1y:영어|JPPxv4p1y:일본어|CNPxv4p1y:중국어 간체|TCPxv4p1y:중국어 번체,5
ENP433ns6,Bulgwang Blacksmith Workshop,문화관광,Culture > Cultural > Districts,23,KOP433ns6:한국어|ENP433ns6:영어|JPP433ns6:일본어|CNP433ns6:중국어 간체|TCP433ns6:중국어 번체,5
ENPer9yef,Happiness Recipe Found in a Gallery,문화관광,Culture > Cultural > Facilities,23,KOPer9yef:한국어|ENPer9yef:영어|JPPer9yef:일본어|CNPer9yef:중국어 간체|TCPer9yef:중국어 번체,5
ENPgpl1c3,Walpurgis Night: THE WITCHES FROM KOREA,문화관광,Culture > Cultural > Facilities,23,KOPgpl1c3:한국어|ENPgpl1c3:영어|JPPgpl1c3:일본어|CNPgpl1c3:중국어 간체|TCPgpl1c3:중국어 번체,5
ENP8w111p,"Byung-Hun Min&#039;s solo exhibition, Southern Excursion",문화관광,Culture > Cultural > Facilities,23,KOP8w111p:한국어|ENP8w111p:영어|JPP8w111p:일본어|CNP8w111p:중국어 간체,4
ENPav9wgq,B the B,문화관광,Culture > Other > Cultural > Destinations,23,KOPav9wgq:한국어|ENPav9wgq:영어|JPPav9wgq:일본어|CNPav9wgq:중국어 간체|TCPav9wgq:중국어 번체,5
ENP6w9tgb,Seoul Vibe,문화관광,Culture > Cultural > Facilities,23,KOP6w9tgb:한국어|ENP6w9tgb:영어|JPP6w9tgb:일본어|CNP6w9tgb:중국어 간체|TCP6w9tgb:중국어 번체,5
ENP042446,Kim Joong-up House of Architectural Culture,문화관광,Culture > Cultural > Facilities,23,KOP042446:한국어|ENP042446:영어,2
ENP042352,ChoiManLin Museum,문화관광,Culture > Cultural > Facilities > Art > Museums/Galleries,24,KOP042352:한국어|ENP042352:영어,2
ENP042350,ParkNoSoo Museum,문화관광,Culture > Cultural > Facilities,24,KOP042350:한국어|ENP042350:영어|JPP042350:일본어|CNP042350:중국어 간체|TCP042350:중국어 번체,5
ENP042328,World Trade Center Seoul (WTC Seoul),문화관광,Culture > Landmarks,24,KOP042328:한국어|ENP042328:영어|JPP042328:일본어|CNP042328:중국어 간체|TCP042328:중국어 번체,5
ENP042288,Graphic,문화관광,Culture > Other > Cultural > Destinations,24,KOP042288:한국어|ENP042288:영어|JPP042288:일본어|CNP042288:중국어 간체|TCP042288:중국어 번체,5
ENP042255,Figure and Ground,문화관광,Culture > Other > Cultural > Destinations,24,KOP042255:한국어|ENP042255:영어,2
ENP042252,LCDC SEOUL,문화관광,Culture > Cultural > Districts,24,KOP042252:한국어|ENP042252:영어,2
ENP042078,Incheon International Airport Terminal 1 Tourist Information Center (West),문화관광,Culture,24,KOP042078:한국어|ENP042078:영어|JPP042078:일본어|CNP042078:중국어 간체|TCP042078:중국어 번체,5
ENP041926,Songpa Book Museum,문화관광,Culture > Cultural > Facilities > Museums,24,KOP041926:한국어|ENP041926:영어,2
ENP041927,Yangcheon Park Book Shelter,문화관광,Culture > Cultural > Districts,24,KOP041927:한국어|ENP041927:영어,2
ENP041925,NaeSup Library,문화관광,Culture > Cultural > Districts,24,KOP041925:한국어|ENP041925:영어,2
ENP041903,Kim Geun-tae Memorial Library-Archives,문화관광,Culture > Cultural > Facilities > Others > Cultural > Facilities,24,KOP041903:한국어|ENP041903:영어,2
ENP041681,Shinhan Museum,문화관광,Culture > Cultural > Facilities,24,KOP041681:한국어|ENP041681:영어|JPP041681:일본어|CNP041681:중국어 간체|TCP041681:중국어 번체,5
ENP041095,Jamsildaegyo Bridge,문화관광,Culture > Landmarks,24,KOP041095:한국어|ENP041095:영어|JPP041095:일본어|CNP041095:중국어 간체|TCP041095:중국어 번체|RUP041095:러시아어|MLP041095:말레이어,7
ENP040770,National Meteorological Museum of Korea,문화관광,Culture > Cultural > Facilities,24,KOP040770:한국어|ENP040770:영어|JPP040770:일본어|CNP040770:중국어 간체|TCP040770:중국어 번체|RUP040770:러시아어|MLP040770:말레이어,7
ENP040673,Indiespace,문화관광,Culture > Other > Cultural > Destinations,24,KOP040673:한국어|ENP040673:영어|JPP040673:일본어|CNP040673:중국어 간체|TCP040673:중국어 번체|RUP040673:러시아어|MLP040673:말레이어,7
ENP040172,Kyobo Bookstore Gwanghwamun Branch,문화관광,Culture > Landmarks,24,KOP040172:한국어|ENP040172:영어|JPP040172:일본어|CNP040172:중국어 간체|TCP040172:중국어 번체|RUP040172:러시아어|MLP040172:말레이어,7
ENP039726,The Project HUAM,문화관광,Culture > Cultural > Facilities > Others > Cultural > Facilities,24,KOP039726:한국어|ENP039726:영어|JPP039726:일본어|CNP039726:중국어 간체|TCP039726:중국어 번체|RUP039726:러시아어|MLP039726:말레이어,7
ENP039725,Book Park Lounge,문화관광,Culture > Cultural > Facilities > Others > Cultural > Facilities,24,KOP039725:한국어|ENP039725:영어|JPP039725:일본어|CNP039725:중국어 간체|TCP039725:중국어 번체|RUP039725:러시아어|MLP039725:말레이어,7
ENP039724,Sojeonseolim,문화관광,Culture > Other > Cultural > Destinations,24,KOP039724:한국어|ENP039724:영어|JPP039724:일본어|CNP039724:중국어 간체|TCP039724:중국어 번체|RUP039724:러시아어|MLP039724:말레이어,7
ENP039707,Hyochang Park,문화관광,Culture > Parks,24,KOP039707:한국어|ENP039707:영어|JPP039707:일본어|CNP039707:중국어 간체|TCP039707:중국어 번체|RUP039707:러시아어|MLP039707:말레이어,7
ENP039706,Seoripul Park,문화관광,Culture > Parks,25,KOP039706:한국어|ENP039706:영어|JPP039706:일본어|CNP039706:중국어 간체|TCP039706:중국어 번체|RUP039706:러시아어|MLP039706:말레이어,7
ENP039629,Chundangji Pond,문화관광,Culture > Parks,25,KOP039629:한국어|ENP039629:영어|JPP039629:일본어|CNP039629:중국어 간체|TCP039629:중국어 번체|RUP039629:러시아어|MLP039629:말레이어,7
ENP038861,World Cup Park&#039;s Dog Park,문화관광,Culture > Parks,25,KOP038861:한국어|ENP038861:영어|JPP038861:일본어|CNP038861:중국어 간체|TCP038861:중국어 번체|RUP038861:러시아어|MLP038861:말레이어,7
ENP038243,Seoul Urban Life Museum,문화관광,Culture > Cultural > Facilities > Museums,25,KOP038243:한국어|ENP038243:영어|JPP038243:일본어|CNP038243:중국어 간체|TCP038243:중국어 번체|RUP038243:러시아어|MLP038243:말레이어,7
ENP038092,Seoul Museum of Craft,문화관광,Culture > Cultural > Facilities > Museums,25,KOP038092:한국어|ENP038092:영어|JPP038092:일본어|CNP038092:중국어 간체|TCP038092:중국어 번체|RUP038092:러시아어|MLP038092:말레이어,7
ENP038104,Zero World Gangnam,문화관광,Culture > Other > Cultural > Destinations,25,KOP038104:한국어|ENP038104:영어|JPP038104:일본어|CNP038104:중국어 간체|TCP038104:중국어 번체|RUP038104:러시아어|MLP038104:말레이어,7
ENP038021,National Aviation Museum of Korea,문화관광,Culture > Cultural > Facilities > Museums,25,KOP038021:한국어|ENP038021:영어|JPP038021:일본어|CNP038021:중국어 간체|TCP038021:중국어 번체|RUP038021:러시아어|MLP038021:말레이어,7
ENP035570,Modu School,문화관광,Culture > Education > Centers,25,KOP035570:한국어|ENP035570:영어|JPP035570:일본어|CNP035570:중국어 간체|TCP035570:중국어 번체|RUP035570:러시아어,6
ENP037583,Tourist Information Center in Seoul Tourism Plaza,문화관광,Culture,25,KOP037583:한국어|ENP037583:영어|JPP037583:일본어|CNP037583:중국어 간체|TCP037583:중국어 번체|RUP037583:러시아어|MLP037583:말레이어,7
ENP037367,Lotte World Aquarium,문화관광,Culture > Theme > Parks,25,KOP037367:한국어|ENP037367:영어|JPP037367:일본어|CNP037367:중국어 간체|TCP037367:중국어 번체|RUP037367:러시아어|MLP037367:말레이어,7
ENP037194,TRYGROUND Studyroom,문화관광,Culture > Education > Centers,25,KOP037194:한국어|ENP037194:영어|JPP037194:일본어|CNP037194:중국어 간체|TCP037194:중국어 번체|RUP037194:러시아어|MLP037194:말레이어,7
ENP037162,Gyeongui Line Book Street,문화관광,Culture > Cultural > Districts,25,KOP037162:한국어|ENP037162:영어|JPP037162:일본어|CNP037162:중국어 간체|TCP037162:중국어 번체|RUP037162:러시아어|MLP037162:말레이어,7
ENP037160,Gyeongui Line Forest Park,문화관광,Culture > Parks,25,KOP037160:한국어|ENP037160:영어|JPP037160:일본어|CNP037160:중국어 간체|TCP037160:중국어 번체|RUP037160:러시아어|MLP037160:말레이어,7
ENP037158,Jahamun Tunnel,문화관광,Culture > Landmarks,25,KOP037158:한국어|ENP037158:영어|JPP037158:일본어|CNP037158:중국어 간체|TCP037158:중국어 번체|RUP037158:러시아어|MLP037158:말레이어,7
ENP037156,Malli-dong,문화관광,Culture > Cultural > Districts,25,KOP037156:한국어|ENP037156:영어|JPP037156:일본어|CNP037156:중국어 간체|TCP037156:중국어 번체|RUP037156:러시아어|MLP037156:말레이어,7
ENP037044,KCDF Gallery,문화관광,Culture > Cultural > Facilities > Art > Museums/Galleries,25,KOP037044:한국어|ENP037044:영어|JPP037044:일본어|CNP037044:중국어 간체|TCP037044:중국어 번체|RUP037044:러시아어|MLP037044:말레이어,7
ENP037008,Ikseon-dong Hanok Village,문화관광,Culture > Cultural > Districts,25,KOP037008:한국어|ENP037008:영어|JPP037008:일본어|CNP037008:중국어 간체|TCP037008:중국어 번체|RUP037008:러시아어|MLP037008:말레이어,7
ENP037010,Gwangjin Forest Naru Park,문화관광,Culture > Parks,25,KOP037010:한국어|ENP037010:영어|JPP037010:일본어|CNP037010:중국어 간체|TCP037010:중국어 번체|RUP037010:러시아어|MLP037010:말레이어,7
ENP036989,Seocho Culture &amp; Arts Park,문화관광,Culture > Parks,25,KOP036989:한국어|ENP036989:영어|JPP036989:일본어|CNP036989:중국어 간체|TCP036989:중국어 번체|RUP036989:러시아어|MLP036989:말레이어,7
ENP036971,Salgoji-gil,문화관광,Culture > Parks,25,KOP036971:한국어|ENP036971:영어|JPP036971:일본어|CNP036971:중국어 간체|TCP036971:중국어 번체|RUP036971:러시아어|MLP036971:말레이어,7
ENP035673,Eunpyeong Hanok Village,문화관광,Culture > Cultural > Districts,26,KOP035673:한국어|ENP035673:영어|JPP035673:일본어|CNP035673:중국어 간체|TCP035673:중국어 번체|RUP035673:러시아어|MLP035673:말레이어,7
ENP035621,Metasequoia Forest Park,문화관광,Culture > Parks,26,KOP035621:한국어|ENP035621:영어|JPP035621:일본어|CNP035621:중국어 간체|TCP035621:중국어 번체|RUP035621:러시아어|MLP035621:말레이어,7
ENP035622,Hwarangdae Railroad Park,문화관광,Culture > Parks,26,KOP035622:한국어|ENP035622:영어|JPP035622:일본어|CNP035622:중국어 간체|TCP035622:중국어 번체|RUP035622:러시아어|MLP035622:말레이어,7
ENP035405,National Hangeul Museum,문화관광,Culture > Cultural > Facilities,26,KOP035405:한국어|ENP035405:영어|JPP035405:일본어|CNP035405:중국어 간체|TCP035405:중국어 번체|RUP035405:러시아어|MLP035405:말레이어,7
ENP035307,Joongrang Camping Site,문화관광,Culture > Leisure/Sports > Centers,26,KOP035307:한국어|ENP035307:영어|JPP035307:일본어|CNP035307:중국어 간체|TCP035307:중국어 번체|RUP035307:러시아어|MLP035307:말레이어,7
ENP035118,Hangang Art Park,문화관광,Culture > Parks,26,KOP035118:한국어|ENP035118:영어|JPP035118:일본어|CNP035118:중국어 간체|TCP035118:중국어 번체|RUP035118:러시아어|MLP035118:말레이어,7
ENP035072,Nanjicheon Park,문화관광,Culture > Parks,26,KOP035072:한국어|ENP035072:영어|JPP035072:일본어|CNP035072:중국어 간체|TCP035072:중국어 번체|RUP035072:러시아어|MLP035072:말레이어,7
ENP035015,Namsan Cable Car,문화관광,Culture > Landmarks,26,KOP035015:한국어|ENP035015:영어|JPP035015:일본어|CNP035015:중국어 간체|TCP035015:중국어 번체|RUP035015:러시아어|MLP035015:말레이어,7
ENP034909,Kimdaljin Art Archives &amp; Museum,문화관광,Culture > Cultural > Facilities > Art > Museums/Galleries,26,KOP034909:한국어|ENP034909:영어|JPP034909:일본어|CNP034909:중국어 간체|TCP034909:중국어 번체|RUP034909:러시아어,6
ENP034860,Jeon Tae-il Memorial Hall,문화관광,Culture > Cultural > Facilities > Others > Cultural > Facilities,26,KOP034860:한국어|ENP034860:영어|JPP034860:일본어|CNP034860:중국어 간체|TCP034860:중국어 번체|RUP034860:러시아어,6
ENP034857,Seoul Metropolitan Archives,문화관광,Culture > Cultural > Facilities > Museums,26,KOP034857:한국어|ENP034857:영어|JPP034857:일본어|CNP034857:중국어 간체|TCP034857:중국어 번체|RUP034857:러시아어|MLP034857:말레이어,7
ENP034587,Gyeongchun Line Forest Street Arts,문화관광,Culture > Parks,26,KOP034587:한국어|ENP034587:영어|JPP034587:일본어|CNP034587:중국어 간체|TCP034587:중국어 번체|RUP034587:러시아어,6
ENP034492,Smashing Bowl (Cheongdam),문화관광,Culture > Leisure/Sports > Centers,26,KOP034492:한국어|ENP034492:영어|JPP034492:일본어|CNP034492:중국어 간체|TCP034492:중국어 번체|RUP034492:러시아어|MLP034492:말레이어,7
ENP034489,Kom Kom Arcade,문화관광,Culture > Other > Cultural > Destinations,26,KOP034489:한국어|ENP034489:영어|JPP034489:일본어|CNP034489:중국어 간체|TCP034489:중국어 번체|RUP034489:러시아어|MLP034489:말레이어,7
ENP034359,Tubester (Sebitseom Island),문화관광,Culture > Cultural > Facilities > Others > Cultural > Facilities,26,KOP034359:한국어|ENP034359:영어|CNP034359:중국어 간체|TCP034359:중국어 번체|MLP034359:말레이어,5
ENP034149,Seoul Hall of Urbanism &amp; Architecture,문화관광,Culture > Cultural > Facilities,26,KOP034149:한국어|ENP034149:영어|JPP034149:일본어|CNP034149:중국어 간체|TCP034149:중국어 번체|RUP034149:러시아어,6
ENP033825,Seoul Sewerage Science Museum,문화관광,Culture > Cultural > Facilities,26,KOP033825:한국어|ENP033825:영어|JPP033825:일본어|CNP033825:중국어 간체|TCP033825:중국어 번체,5
ENP033826,Seocho Tourist Information Center,문화관광,Culture > Cultural > Districts,26,KOP033826:한국어|ENP033826:영어|JPP033826:일본어|CNP033826:중국어 간체|TCP033826:중국어 번체|RUP033826:러시아어|MLP033826:말레이어,7
ENP033828,Sungshin Women&#039;s University Costume Museum and Natural History Museum,문화관광,Culture > Cultural > Facilities > Museums,26,KOP033828:한국어|ENP033828:영어|JPP033828:일본어|CNP033828:중국어 간체|TCP033828:중국어 번체|RUP033828:러시아어|MLP033828:말레이어,7
ENP033516,Neorang Narang Urirang Stamp Healing Tour,문화관광,Culture,26,KOP033516:한국어|ENP033516:영어|JPP033516:일본어|CNP033516:중국어 간체|TCP033516:중국어 번체,5
ENP032734,Anyoung Insadong,문화관광,Culture > Other > Cultural > Destinations,27,KOP032734:한국어|ENP032734:영어|JPP032734:일본어|CNP032734:중국어 간체|TCP032734:중국어 번체|RUP032734:러시아어|MLP032734:말레이어,7
ENP032546,Daerim Market &amp; Gamjaguk Street,문화관광,Culture > Cultural > Districts,27,KOP032546:한국어|ENP032546:영어|JPP032546:일본어|CNP032546:중국어 간체|TCP032546:중국어 번체|RUP032546:러시아어|MLP032546:말레이어,7
ENP032529,Jeongdong 1928 Art Center,문화관광,Culture > Cultural > Facilities > Art > Museums/Galleries,27,KOP032529:한국어|ENP032529:영어|JPP032529:일본어|CNP032529:중국어 간체|TCP032529:중국어 번체|RUP032529:러시아어,6
ENP031055,Seoul Science Park,문화관광,Culture > Education > Centers,27,KOP031055:한국어|ENP031055:영어|JPP031055:일본어|CNP031055:중국어 간체|TCP031055:중국어 번체|RUP031055:러시아어,6
ENP030804,Seosomun Shrine History Museum,문화관광,Culture > Cultural > Facilities > Museums,27,KOP030804:한국어|ENP030804:영어|JPP030804:일본어|CNP030804:중국어 간체|TCP030804:중국어 번체|RUP030804:러시아어,6
ENP030803,Amore Pacific Museum of Art (APMA),문화관광,Culture > Cultural > Facilities > Art > Museums/Galleries,27,KOP030803:한국어|ENP030803:영어|JPP030803:일본어|CNP030803:중국어 간체|TCP030803:중국어 번체|RUP030803:러시아어,6
ENP030789,Seoul Book Bogo,문화관광,Culture > Cultural > Facilities > Others > Cultural > Facilities,27,KOP030789:한국어|ENP030789:영어|JPP030789:일본어|CNP030789:중국어 간체|TCP030789:중국어 번체|RUP030789:러시아어|MLP030789:말레이어,7
ENP029767,Hwanghakjeong Korean Archery Gallery,문화관광,Culture > Cultural > Facilities > Museums,27,KOP029767:한국어|ENP029767:영어|JPP029767:일본어|CNP029767:중국어 간체|TCP029767:중국어 번체|RUP029767:러시아어,6
ENP029766,Hwanghakjeong (Archery Field),문화관광,Culture > Cultural > Facilities > Museums,27,KOP029766:한국어|ENP029766:영어|JPP029766:일본어|CNP029766:중국어 간체|TCP029766:중국어 번체|RUP029766:러시아어|MLP029766:말레이어,7
ENP029759,Jungnang Adventure Zone : Youth Experience Forest,문화관광,Culture > Cultural > Facilities > Others > Cultural > Facilities,27,KOP029759:한국어|ENP029759:영어|JPP029759:일본어|CNP029759:중국어 간체|TCP029759:중국어 번체|RUP029759:러시아어,6
ENP029578,Shuim Museum,문화관광,Culture > Cultural > Facilities > Museums,27,KOP029578:한국어|ENP029578:영어|JPP029578:일본어|CNP029578:중국어 간체|TCP029578:중국어 번체|RUP029578:러시아어|MLP029578:말레이어,7
ENP029568,Mugyewon,문화관광,Culture > Cultural > Facilities > Others > Cultural > Facilities,27,KOP029568:한국어|ENP029568:영어|JPP029568:일본어|CNP029568:중국어 간체|TCP029568:중국어 번체|RUP029568:러시아어,6
ENP029564,Seoul Women&#039;s Plaza,문화관광,Culture > Cultural > Facilities > Others > Cultural > Facilities,27,KOP029564:한국어|ENP029564:영어|JPP029564:일본어|CNP029564:중국어 간체|TCP029564:중국어 번체|RUP029564:러시아어,6
ENP029561,aT Center,문화관광,Culture > Convention > Centers,27,KOP029561:한국어|ENP029561:영어|JPP029561:일본어|CNP029561:중국어 간체|TCP029561:중국어 번체|RUP029561:러시아어,6
ENP029548,Central City Terminal,문화관광,Culture > Landmarks,27,KOP029548:한국어|ENP029548:영어|JPP029548:일본어|CNP029548:중국어 간체|TCP029548:중국어 번체|RUP029548:러시아어|MLP029548:말레이어,7
ENP029502,Larva Town,문화관광,Culture > Theme > Parks,27,KOP029502:한국어|ENP029502:영어|JPP029502:일본어|CNP029502:중국어 간체|TCP029502:중국어 번체|RUP029502:러시아어|MLP029502:말레이어,7
ENP029458,Solbat Neighborhood Park,문화관광,Culture > Parks,27,KOP029458:한국어|ENP029458:영어|JPP029458:일본어|CNP029458:중국어 간체|TCP029458:중국어 번체|RUP029458:러시아어|MLP029458:말레이어,7
ENP029381,Donuimun Museum,문화관광,Culture > Cultural > Facilities > Museums,27,KOP029381:한국어|ENP029381:영어|JPP029381:일본어|CNP029381:중국어 간체|TCP029381:중국어 번체|RUP029381:러시아어|MLP029381:말레이어,7
ENP029239,Noksapyeong Station Underground Art Garden,문화관광,Culture > Parks,27,KOP029239:한국어|ENP029239:영어|JPP029239:일본어|CNP029239:중국어 간체|TCP029239:중국어 번체|RUP029239:러시아어,6
ENP028794,Seongsu Yeonbang,문화관광,Culture > Other > Cultural > Destinations,27,KOP028794:한국어|ENP028794:영어|JPP028794:일본어|CNP028794:중국어 간체|TCP028794:중국어 번체|RUP028794:러시아어,6
ENP028776,Children&#039;s Grand Park - Dog Park,문화관광,Culture > Parks,28,KOP028776:한국어|ENP028776:영어|JPP028776:일본어|CNP028776:중국어 간체|TCP028776:중국어 번체|RUP028776:러시아어|MLP028776:말레이어,7
ENP028659,Haebangchon Alleyway,문화관광,Culture > Landmarks,28,KOP028659:한국어|ENP028659:영어|JPP028659:일본어|CNP028659:중국어 간체|TCP028659:중국어 번체|RUP028659:러시아어|MLP028659:말레이어,7
ENP028658,Sowol-gil,문화관광,Culture > Parks,28,KOP028658:한국어|ENP028658:영어|JPP028658:일본어|CNP028658:중국어 간체|TCP028658:중국어 번체|RUP028658:러시아어|MLP028658:말레이어,7
ENP028656,Baekbeom Square Park,문화관광,Culture > Parks,28,KOP028656:한국어|ENP028656:영어|JPP028656:일본어|CNP028656:중국어 간체|TCP028656:중국어 번체|RUP028656:러시아어|MLP028656:말레이어,7
ENP028340,Yonsei University Campus,문화관광,Culture > Landmarks,28,KOP028340:한국어|ENP028340:영어|JPP028340:일본어|CNP028340:중국어 간체|TCP028340:중국어 번체|RUP028340:러시아어,6
ENP028338,Ewha Campus Complex (ECC),문화관광,Culture > Landmarks,28,KOP028338:한국어|ENP028338:영어|JPP028338:일본어|CNP028338:중국어 간체|TCP028338:중국어 번체|RUP028338:러시아어,6
ENP028280,Sajik Park,문화관광,Culture > Parks,28,KOP028280:한국어|ENP028280:영어|JPP028280:일본어|CNP028280:중국어 간체|TCP028280:중국어 번체|RUP028280:러시아어|MLP028280:말레이어,7
ENP028278,Cheonggyecheon Shack Theme Zone,문화관광,Culture > Cultural > Facilities > Others > Cultural > Facilities,28,KOP028278:한국어|ENP028278:영어|JPP028278:일본어|CNP028278:중국어 간체|TCP028278:중국어 번체|RUP028278:러시아어,6
ENP028029,Sounds Urban Resort Hannam,문화관광,Culture > Other > Cultural > Destinations,28,KOP028029:한국어|ENP028029:영어|JPP028029:일본어|CNP028029:중국어 간체|TCP028029:중국어 번체|RUP028029:러시아어|MLP028029:말레이어,7
ENP027231,Sinchon Tourist Information Center,문화관광,Culture,28,KOP027231:한국어|ENP027231:영어|JPP027231:일본어|CNP027231:중국어 간체|TCP027231:중국어 번체|RUP027231:러시아어,6
ENP027225,Gwanghwamun Tourist Information Center,문화관광,Culture,28,KOP027225:한국어|ENP027225:영어|JPP027225:일본어|CNP027225:중국어 간체|TCP027225:중국어 번체|RUP027225:러시아어,6
ENP027691,Noeul Park,문화관광,Culture > Parks,28,KOP027691:한국어|ENP027691:영어|JPP027691:일본어|CNP027691:중국어 간체|TCP027691:중국어 번체|RUP027691:러시아어|MLP027691:말레이어,7
ENP027221,Seoul Tourism Souvenir Shop∙Tourist Information Center,문화관광,Culture,28,KOP027221:한국어|ENP027221:영어|JPP027221:일본어|CNP027221:중국어 간체|TCP027221:중국어 번체|RUP027221:러시아어,6
ENP027219,Namdaemun Market Tourist Information Center,문화관광,Culture,28,KOP027219:한국어|ENP027219:영어|JPP027219:일본어|CNP027219:중국어 간체|TCP027219:중국어 번체|RUP027219:러시아어,6
ENP027218,Itaewon Tourist Information Center (Itaewon Station),문화관광,Culture,28,KOP027218:한국어|ENP027218:영어|JPP027218:일본어|CNP027218:중국어 간체|TCP027218:중국어 번체|RUP027218:러시아어,6
ENP027215,Dongdaemun Tourist Information Center,문화관광,Culture,28,KOP027215:한국어|ENP027215:영어|JPP027215:일본어|CNP027215:중국어 간체|TCP027215:중국어 번체|RUP027215:러시아어,6
ENP027475,Seoul Music,문화관광,Culture > Other > Cultural > Destinations,28,ENP027475:영어|JPP027475:일본어|CNP027475:중국어 간체|TCP027475:중국어 번체|MLP027475:말레이어,5
ENP027193,Songpa Tourist Information Center,문화관광,Culture,28,KOP027193:한국어|ENP027193:영어|JPP027193:일본어|CNP027193:중국어 간체|TCP027193:중국어 번체|RUP027193:러시아어,6
ENP027190,Mapo Tourist Information Center,문화관광,Culture,28,KOP027190:한국어|ENP027190:영어|JPP027190:일본어|CNP027190:중국어 간체|TCP027190:중국어 번체|RUP027190:러시아어,6
ENP027189,Bukchon Village Information Center,문화관광,Culture,28,KOP027189:한국어|ENP027189:영어|JPP027189:일본어|CNP027189:중국어 간체|TCP027189:중국어 번체|RUP027189:러시아어,6
ENP027111,Peace Culture Bunker,문화관광,Culture > Cultural > Facilities > Others > Cultural > Facilities,29,KOP027111:한국어|ENP027111:영어|JPP027111:일본어|CNP027111:중국어 간체|TCP027111:중국어 번체|RUP027111:러시아어|MLP027111:말레이어,7
ENP026676,Gallery Kong,문화관광,Culture > Cultural > Facilities > Art > Museums/Galleries,29,KOP026676:한국어|ENP026676:영어|JPP026676:일본어|CNP026676:중국어 간체|TCP026676:중국어 번체|RUP026676:러시아어,6
ENP026675,Gongpyeong Historic Sites Museum,문화관광,Culture > Cultural > Facilities > Museums,29,KOP026675:한국어|ENP026675:영어|JPP026675:일본어|CNP026675:중국어 간체|TCP026675:중국어 번체|RUP026675:러시아어,6
ENP026558,Starfield Library,문화관광,Culture > Landmarks,29,KOP026558:한국어|ENP026558:영어|JPP026558:일본어|CNP026558:중국어 간체|TCP026558:중국어 번체|RUP026558:러시아어|MLP026558:말레이어,7
ENP026206,Reopening of Dongdaemun History Museum Exhibition Hall,문화관광,Culture > Cultural > Facilities,29,KOP026206:한국어|ENP026206:영어|JPP026206:일본어|CNP026206:중국어 간체|TCP026206:중국어 번체|RUP026206:러시아어,6
ENP024807,Incheon Int&#039;l Airport Terminal 2 Tourist Information Center,문화관광,Culture,29,KOP024807:한국어|ENP024807:영어|JPP024807:일본어|CNP024807:중국어 간체|TCP024807:중국어 번체|RUP024807:러시아어,6
ENP024755,Golden Blue Marina,문화관광,Culture > Leisure/Sports > Centers,29,KOP024755:한국어|ENP024755:영어|JPP024755:일본어|CNP024755:중국어 간체|TCP024755:중국어 번체|RUP024755:러시아어,6
ENP024732,SJ. Kunsthalle,문화관광,Culture > Cultural > Facilities > Art > Museums/Galleries,29,KOP024732:한국어|ENP024732:영어|JPP024732:일본어|CNP024732:중국어 간체|TCP024732:중국어 번체|RUP024732:러시아어,6
ENP024710,Jeongdong Maru,문화관광,Culture > Performance > Halls,29,KOP024710:한국어|ENP024710:영어|JPP024710:일본어|CNP024710:중국어 간체|TCP024710:중국어 번체,5
ENP024679,Dongdaemun Design Plaza (DDP),문화관광,Culture > Landmarks,29,KOP024679:한국어|ENP024679:영어|JPP024679:일본어|CNP024679:중국어 간체|TCP024679:중국어 번체|RUP024679:러시아어|MLP024679:말레이어,7
ENP024668,Sejong University Convention Center,문화관광,Culture > Convention > Centers,29,KOP024668:한국어|ENP024668:영어|JPP024668:일본어|CNP024668:중국어 간체|TCP024668:중국어 번체,5
ENP024663,COEX,문화관광,Culture > Convention > Centers,29,KOP024663:한국어|ENP024663:영어|JPP024663:일본어|CNP024663:중국어 간체|TCP024663:중국어 번체|RUP024663:러시아어|MLP024663:말레이어,7
ENP024645,Sebitseom (Sebitseom Island),문화관광,Culture > Landmarks,29,KOP024645:한국어|ENP024645:영어|JPP024645:일본어|CNP024645:중국어 간체|TCP024645:중국어 번체|RUP024645:러시아어|MLP024645:말레이어,7
ENP024630,The RAUM,문화관광,Culture > Convention > Centers,29,KOP024630:한국어|ENP024630:영어|JPP024630:일본어|CNP024630:중국어 간체|TCP024630:중국어 번체|MLP024630:말레이어,6
ENP023518,Seoul Upcycling Plaza,문화관광,Culture > Other > Cultural > Destinations,29,KOP023518:한국어|ENP023518:영어|JPP023518:일본어|CNP023518:중국어 간체|TCP023518:중국어 번체|RUP023518:러시아어,6
ENP024596,Seoul Donhwamun Traditional Theater,문화관광,Culture > Performance > Halls,29,KOP024596:한국어|ENP024596:영어|JPP024596:일본어|CNP024596:중국어 간체|TCP024596:중국어 번체,5
ENP024561,KT&amp;G Sangsang Madang,문화관광,Culture > Other > Cultural > Destinations,29,KOP024561:한국어|ENP024561:영어|JPP024561:일본어|CNP024561:중국어 간체|TCP024561:중국어 번체,5
ENP023543,Oil Tank Culture Park,문화관광,Culture > Parks,29,KOP023543:한국어|ENP023543:영어|JPP023543:일본어|CNP023543:중국어 간체|TCP023543:중국어 번체|RUP023543:러시아어|MLP023543:말레이어,7
ENP005815,Lotte World Folk Museum,문화관광,Culture > Cultural > Facilities > Museums,29,KOP005815:한국어|ENP005815:영어|JPP005815:일본어|CNP005815:중국어 간체|TCP005815:중국어 번체|RUP005815:러시아어,6
ENP002285,National Museum Of Modern And Contemporary Art: Changdong Residency,문화관광,Culture > Cultural > Facilities > Art > Museums/Galleries,29,ENP002285:영어|JPP002285:일본어|CNP002285:중국어 간체|TCP002285:중국어 번체,4
ENP000846,Museum of Medicine,문화관광,Culture > Cultural > Facilities > Museums,30,KOP000846:한국어|ENP000846:영어|JPP000846:일본어|CNP000846:중국어 간체|TCP000846:중국어 번체|RUP000846:러시아어|MLP000846:말레이어,7
ENP001403,Heo Jun Museum,문화관광,Culture > Cultural > Facilities > Museums,30,KOP001403:한국어|ENP001403:영어|JPP001403:일본어|CNP001403:중국어 간체|TCP001403:중국어 번체|RUP001403:러시아어,6
ENP001439,Nature Poem,문화관광,Culture > Cultural > Facilities > Art > Museums/Galleries,30,ENP001439:영어|JPP001439:일본어|CNP001439:중국어 간체|TCP001439:중국어 번체|MLP001439:말레이어,5
ENP001453,Doosan Art Center,문화관광,Culture > Cultural > Facilities > Art > Museums/Galleries,30,KOP001453:한국어|ENP001453:영어|JPP001453:일본어|CNP001453:중국어 간체|TCP001453:중국어 번체|RUP001453:러시아어|MLP001453:말레이어,7
ENP001478,LATT Children’s Theater,문화관광,Culture > Performance > Halls,30,KOP001478:한국어|ENP001478:영어|JPP001478:일본어|CNP001478:중국어 간체|TCP001478:중국어 번체|RUP001478:러시아어,6
ENP001562,Ujang Park,문화관광,Culture > Parks,30,KOP001562:한국어|ENP001562:영어|JPP001562:일본어|CNP001562:중국어 간체|TCP001562:중국어 번체|RUP001562:러시아어|MLP001562:말레이어,7
ENP001596,Jeongdok Public Library,문화관광,Culture > Education > Centers,30,KOP001596:한국어|ENP001596:영어|JPP001596:일본어|CNP001596:중국어 간체|TCP001596:중국어 번체|RUP001596:러시아어|MLP001596:말레이어,7
ENP001605,Eungbong Rock Climbing Park,문화관광,Culture > Leisure/Sports > Centers,30,KOP001605:한국어|ENP001605:영어|JPP001605:일본어|CNP001605:중국어 간체|TCP001605:중국어 번체|RUP001605:러시아어|MLP001605:말레이어,7
ENP001676,Arumjigi,문화관광,Culture > Cultural > Facilities > Others > Cultural > Facilities,30,KOP001676:한국어|ENP001676:영어|JPP001676:일본어|CNP001676:중국어 간체|TCP001676:중국어 번체,5
ENP001694,Gallery Hyundai,문화관광,Culture > Cultural > Facilities > Art > Museums/Galleries,30,KOP001694:한국어|ENP001694:영어|JPP001694:일본어|CNP001694:중국어 간체|TCP001694:중국어 번체|RUP001694:러시아어|MLP001694:말레이어,7
ENP001747,Theater Sanwoollim,문화관광,Culture > Performance > Halls,30,KOP001747:한국어|ENP001747:영어|JPP001747:일본어|CNP001747:중국어 간체|TCP001747:중국어 번체|RUP001747:러시아어|MLP001747:말레이어,7
ENP001778,Mokdong Ice Rink,문화관광,Culture > Leisure/Sports > Centers,30,KOP001778:한국어|ENP001778:영어|JPP001778:일본어|CNP001778:중국어 간체|TCP001778:중국어 번체|RUP001778:러시아어,6
ENP001780,Folk Theater Pungryu,문화관광,Culture > Performance > Halls,30,KOP001780:한국어|ENP001780:영어|JPP001780:일본어|CNP001780:중국어 간체|TCP001780:중국어 번체|RUP001780:러시아어|MLP001780:말레이어,7
ENP001809,Mokin Museum,문화관광,Culture > Cultural > Facilities > Art > Museums/Galleries,30,KOP001809:한국어|ENP001809:영어|JPP001809:일본어|CNP001809:중국어 간체|TCP001809:중국어 번체|RUP001809:러시아어|MLP001809:말레이어,7
ENP001904,Bosingak Pavilion (Bell Ringing Ceremony),문화관광,Culture > Landmarks,30,KOP001904:한국어|ENP001904:영어|JPP001904:일본어|CNP001904:중국어 간체|TCP001904:중국어 번체|RUP001904:러시아어|MLP001904:말레이어,7
ENP001912,Gwangnaru Safety Experience Center,문화관광,Culture > Education > Centers,30,KOP001912:한국어|ENP001912:영어|JPP001912:일본어|CNP001912:중국어 간체|TCP001912:중국어 번체|RUP001912:러시아어,6
ENP001919,Myeongbo Art Hall,문화관광,Culture > Cultural > Facilities > Art > Museums/Galleries,30,KOP001919:한국어|ENP001919:영어|JPP001919:일본어|CNP001919:중국어 간체|TCP001919:중국어 번체,5
ENP001943,Yongma Falls Park,문화관광,Culture > Parks,30,KOP001943:한국어|ENP001943:영어|JPP001943:일본어|CNP001943:중국어 간체|TCP001943:중국어 번체|RUP001943:러시아어|MLP001943:말레이어,7
ENP001951,Boramae Park Climbing Wall,문화관광,Culture > Leisure/Sports > Centers,30,KOP001951:한국어|ENP001951:영어|JPP001951:일본어|CNP001951:중국어 간체|TCP001951:중국어 번체|MLP001951:말레이어,6
ENP001961,Gyeomjae Jeong Seon Art Museum,문화관광,Culture > Cultural > Facilities > Art > Museums/Galleries,30,KOP001961:한국어|ENP001961:영어|JPP001961:일본어|CNP001961:중국어 간체|TCP001961:중국어 번체|RUP001961:러시아어|MLP001961:말레이어,7
ENP001966,Seo Gallery,문화관광,Culture > Cultural > Facilities > Art > Museums/Galleries,31,ENP001966:영어|JPP001966:일본어|CNP001966:중국어 간체|TCP001966:중국어 번체|RUP001966:러시아어|MLP001966:말레이어,6
ENP002100,Manguri Park,문화관광,Culture > Parks,31,KOP002100:한국어|ENP002100:영어|JPP002100:일본어|CNP002100:중국어 간체|TCP002100:중국어 번체|RUP002100:러시아어|MLP002100:말레이어,7
ENP002269,Gocheok Neighborhood Park,문화관광,Culture > Parks,31,KOP002269:한국어|ENP002269:영어|JPP002269:일본어|CNP002269:중국어 간체|TCP002269:중국어 번체|RUP002269:러시아어|MLP002269:말레이어,7
ENP002275,Nowon Astronomy and Space Science Museum,문화관광,Culture > Education > Centers,31,KOP002275:한국어|ENP002275:영어|JPP002275:일본어|CNP002275:중국어 간체|TCP002275:중국어 번체|RUP002275:러시아어|MLP002275:말레이어,7
ENP002293,Taereung International Skating Rink,문화관광,Culture > Leisure/Sports > Centers,31,KOP002293:한국어|ENP002293:영어|JPP002293:일본어|CNP002293:중국어 간체|TCP002293:중국어 번체|RUP002293:러시아어,6
ENP002388,Arario Gallery Seoul,문화관광,Culture > Cultural > Facilities > Art > Museums/Galleries,31,KOP002388:한국어|ENP002388:영어|JPP002388:일본어|CNP002388:중국어 간체|TCP002388:중국어 번체|RUP002388:러시아어,6
ENP002435,A Look at Yonsei University&#039;s 3 Historic Halls,문화관광,Culture > Cultural > Facilities > Museums,31,KOP002435:한국어|ENP002435:영어|JPP002435:일본어|CNP002435:중국어 간체|TCP002435:중국어 번체|RUP002435:러시아어,6
ENP002637,Choonwondang Museum of Korean Medicine,문화관광,Culture > Cultural > Facilities > Museums,31,KOP002637:한국어|ENP002637:영어|JPP002637:일본어|CNP002637:중국어 간체|TCP002637:중국어 번체|RUP002637:러시아어|MLP002637:말레이어,7
ENP002789,Mullae Art Village,문화관광,Culture > Cultural > Facilities > Art > Museums/Galleries,31,KOP002789:한국어|ENP002789:영어|JPP002789:일본어|CNP002789:중국어 간체|TCP002789:중국어 번체,5
ENP002885,PKM Gallery,문화관광,Culture > Cultural > Facilities > Art > Museums/Galleries,31,KOP002885:한국어|ENP002885:영어|JPP002885:일본어|CNP002885:중국어 간체|TCP002885:중국어 번체|RUP002885:러시아어|MLP002885:말레이어,7
ENP023496,Seoullo 7017,문화관광,Culture > Landmarks,31,KOP023496:한국어|ENP023496:영어|JPP023496:일본어|CNP023496:중국어 간체|TCP023496:중국어 번체|RUP023496:러시아어|MLP023496:말레이어,7
ENP003136,Cheongun Park,문화관광,Culture > Parks,31,KOP003136:한국어|ENP003136:영어|JPP003136:일본어|CNP003136:중국어 간체|TCP003136:중국어 번체|RUP003136:러시아어|MLP003136:말레이어,7
ENP003241,Kukje Gallery,문화관광,Culture > Cultural > Facilities > Art > Museums/Galleries,31,KOP003241:한국어|ENP003241:영어|JPP003241:일본어|CNP003241:중국어 간체|TCP003241:중국어 번체|RUP003241:러시아어|MLP003241:말레이어,7
ENP003330,Samsung Museum of Publishing,문화관광,Culture > Cultural > Facilities > Museums,31,KOP003330:한국어|ENP003330:영어|JPP003330:일본어|CNP003330:중국어 간체|TCP003330:중국어 번체|RUP003330:러시아어|MLP003330:말레이어,7
ENP003399,Geumhyeon Gugak Center,문화관광,Culture > Performance > Halls,31,KOP003399:한국어|ENP003399:영어|JPP003399:일본어|CNP003399:중국어 간체|TCP003399:중국어 번체,5
ENP003452,Korea Furniture Museum,문화관광,Culture > Cultural > Facilities > Museums,31,KOP003452:한국어|ENP003452:영어|JPP003452:일본어|CNP003452:중국어 간체|TCP003452:중국어 번체|RUP003452:러시아어,6
ENP003778,Songeun Art Cube,문화관광,Culture > Cultural > Facilities > Art > Museums/Galleries,31,KOP003778:한국어|ENP003778:영어|JPP003778:일본어|CNP003778:중국어 간체|TCP003778:중국어 번체|RUP003778:러시아어|MLP003778:말레이어,7
ENP004513,Sayuksin Park,문화관광,Culture > Parks,31,KOP004513:한국어|ENP004513:영어|JPP004513:일본어|CNP004513:중국어 간체|TCP004513:중국어 번체|RUP004513:러시아어,6
ENP023466,Seoul Battleship Park,문화관광,Culture > Parks,31,KOP023466:한국어|ENP023466:영어|JPP023466:일본어|CNP023466:중국어 간체|TCP023466:중국어 번체|RUP023466:러시아어|MLP023466:말레이어,7
ENP023460,SeMA Nam June Paik Memorial House,문화관광,Culture > Cultural > Facilities > Museums,31,KOP023460:한국어|ENP023460:영어|JPP023460:일본어|CNP023460:중국어 간체|TCP023460:중국어 번체|RUP023460:러시아어,6
ENP022602,Sungjae Museum of Traditional Architecture,문화관광,Culture > Cultural > Facilities > Museums,32,KOP022602:한국어|ENP022602:영어|JPP022602:일본어|CNP022602:중국어 간체|TCP022602:중국어 번체,5
ENP022073,Union Star Bowling Alley,문화관광,Culture > Leisure/Sports > Centers,32,KOP022073:한국어|ENP022073:영어|JPP022073:일본어|CNP022073:중국어 간체|TCP022073:중국어 번체,5
ENP011186,Arirang Movie Street,문화관광,Culture > Cultural > Districts,32,KOP011186:한국어|ENP011186:영어|CNP011186:중국어 간체|TCP011186:중국어 번체,4
ENP021278,Lotte World Tower,문화관광,Culture > Landmarks,32,KOP021278:한국어|ENP021278:영어|JPP021278:일본어|CNP021278:중국어 간체|TCP021278:중국어 번체|RUP021278:러시아어|MLP021278:말레이어,7
ENP011669,Seoul Children&#039;s Museum,문화관광,Culture > Cultural > Facilities > Museums,32,KOP011669:한국어|ENP011669:영어|JPP011669:일본어|CNP011669:중국어 간체|TCP011669:중국어 번체,5
ENP011082,Seorae Village,문화관광,Culture > Cultural > Districts,32,KOP011082:한국어|ENP011082:영어|JPP011082:일본어|CNP011082:중국어 간체|TCP011082:중국어 번체|RUP011082:러시아어|MLP011082:말레이어,7
ENP020731,Arario Museum in Space,문화관광,Culture > Cultural > Facilities > Art > Museums/Galleries,32,KOP020731:한국어|ENP020731:영어|JPP020731:일본어|CNP020731:중국어 간체|TCP020731:중국어 번체|RUP020731:러시아어|MLP020731:말레이어,7
ENP020550,National Palace Museum of Korea,문화관광,Culture > Cultural > Facilities > Museums,32,KOP020550:한국어|ENP020550:영어|JPP020550:일본어|CNP020550:중국어 간체|TCP020550:중국어 번체|RUP020550:러시아어,6
ENP020549,Korean National Police Heritage Museum,문화관광,Culture > Cultural > Facilities > Museums,32,KOP020549:한국어|ENP020549:영어|JPP020549:일본어|CNP020549:중국어 간체|TCP020549:중국어 번체|RUP020549:러시아어,6
ENP020547,Children&#039;s Museum of the National Museum of Korea,문화관광,Culture > Cultural > Facilities > Museums,32,KOP020547:한국어|ENP020547:영어|JPP020547:일본어|CNP020547:중국어 간체|TCP020547:중국어 번체|RUP020547:러시아어|MLP020547:말레이어,7
ENP019924,Museum Kimchikan,문화관광,Culture > Cultural > Facilities > Museums,32,KOP019924:한국어|ENP019924:영어|JPP019924:일본어|CNP019924:중국어 간체|TCP019924:중국어 번체|RUP019924:러시아어,6
ENP019656,Sungkyunkwan University,문화관광,Culture > Landmarks,32,KOP019656:한국어|ENP019656:영어|JPP019656:일본어|CNP019656:중국어 간체|TCP019656:중국어 번체|RUP019656:러시아어|MLP019656:말레이어,7
ENP018992,Arko Art Center,문화관광,Culture > Cultural > Facilities > Art > Museums/Galleries,32,KOP018992:한국어|ENP018992:영어|JPP018992:일본어|CNP018992:중국어 간체|TCP018992:중국어 번체|RUP018992:러시아어,6
ENP018912,Gahoe Museum,문화관광,Culture > Cultural > Facilities > Art > Museums/Galleries,32,KOP018912:한국어|ENP018912:영어|JPP018912:일본어|CNP018912:중국어 간체|TCP018912:중국어 번체|RUP018912:러시아어,6
ENP018902,Bukchon Traditional Crafts Center,문화관광,Culture > Cultural > Facilities > Art > Museums/Galleries,32,KOP018902:한국어|ENP018902:영어|JPP018902:일본어|CNP018902:중국어 간체|TCP018902:중국어 번체,5
ENP018881,Woori-jip Guesthouse,문화관광,Culture,32,KOP018881:한국어|ENP018881:영어|JPP018881:일본어|CNP018881:중국어 간체|TCP018881:중국어 번체,5
ENP016792,Gallery Art Zone at the National Museum of Modern and Contemporary Art,문화관광,Culture > Cultural > Facilities > Art > Museums/Galleries,32,KOP016792:한국어|ENP016792:영어|JPP016792:일본어|CNP016792:중국어 간체|TCP016792:중국어 번체|RUP016792:러시아어|MLP016792:말레이어,7
ENP016328,Seokchon Lake at Night,문화관광,Culture > Landmarks,32,KOP016328:한국어|ENP016328:영어|JPP016328:일본어|CNP016328:중국어 간체|TCP016328:중국어 번체|RUP016328:러시아어|MLP016328:말레이어,7
ENP016325,Night Views at Banpodaegyo Bridge,문화관광,Culture > Landmarks,32,KOP016325:한국어|ENP016325:영어|JPP016325:일본어|CNP016325:중국어 간체|TCP016325:중국어 번체|RUP016325:러시아어|MLP016325:말레이어,7
ENP016322,Night Views at Haneul Park,문화관광,Culture > Landmarks,32,KOP016322:한국어|ENP016322:영어|JPP016322:일본어|CNP016322:중국어 간체|TCP016322:중국어 번체|RUP016322:러시아어|MLP016322:말레이어,7
ENP016321,N Seoul Tower at Night,문화관광,Culture > Landmarks,33,KOP016321:한국어|ENP016321:영어|JPP016321:일본어|CNP016321:중국어 간체|TCP016321:중국어 번체|RUP016321:러시아어|MLP016321:말레이어,7
ENP016320,Naksan Park at Night,문화관광,Culture > Parks,33,KOP016320:한국어|ENP016320:영어|JPP016320:일본어|CNP016320:중국어 간체|TCP016320:중국어 번체|RUP016320:러시아어|MLP016320:말레이어,7
ENP015863,Figure Museum W,문화관광,Culture > Cultural > Facilities > Art > Museums/Galleries,33,KOP015863:한국어|ENP015863:영어|JPP015863:일본어|CNP015863:중국어 간체|TCP015863:중국어 번체|RUP015863:러시아어|MLP015863:말레이어,7
ENP015855,Yeoeuido KBS,문화관광,Culture > Landmarks,33,KOP015855:한국어|ENP015855:영어|JPP015855:일본어|CNP015855:중국어 간체|TCP015855:중국어 번체,5
ENP016319,Gwanghwamun Square at Night,문화관광,Culture > Landmarks,33,KOP016319:한국어|ENP016319:영어|JPP016319:일본어|CNP016319:중국어 간체|TCP016319:중국어 번체|RUP016319:러시아어|MLP016319:말레이어,7
ENP015402,Gocheok Skydome,문화관광,Culture > Leisure/Sports > Centers,33,KOP015402:한국어|ENP015402:영어|JPP015402:일본어|CNP015402:중국어 간체|TCP015402:중국어 번체,5
ENP015338,1898 Myeongdong Cathedral,문화관광,Culture > Landmarks,33,KOP015338:한국어|ENP015338:영어|JPP015338:일본어|CNP015338:중국어 간체|TCP015338:중국어 번체|RUP015338:러시아어,6
ENP002220,Banpodaegyo Bridge Moonlight Rainbow Fountain,문화관광,Culture > Landmarks,33,KOP002220:한국어|ENP002220:영어|JPP002220:일본어|CNP002220:중국어 간체|TCP002220:중국어 번체|RUP002220:러시아어,6
ENP002189,Boramae Park,문화관광,Culture > Parks,33,KOP002189:한국어|ENP002189:영어|JPP002189:일본어|CNP002189:중국어 간체|TCP002189:중국어 번체|RUP002189:러시아어|MLP002189:말레이어,7
ENP002161,Yeouido Park,문화관광,Culture > Parks,33,KOP002161:한국어|ENP002161:영어|JPP002161:일본어|CNP002161:중국어 간체|TCP002161:중국어 번체|RUP002161:러시아어|MLP002161:말레이어,7
ENP002139,Olympic Park,문화관광,Culture > Parks,33,KOP002139:한국어|ENP002139:영어|JPP002139:일본어|CNP002139:중국어 간체|TCP002139:중국어 번체|RUP002139:러시아어|MLP002139:말레이어,7
ENP002071,Marronnier Park,문화관광,Culture > Parks,33,KOP002071:한국어|ENP002071:영어|JPP002071:일본어|CNP002071:중국어 간체|TCP002071:중국어 번체|RUP002071:러시아어|MLP002071:말레이어,7
ENP001525,Seoul Museum of Art (Seosomun Main Building),문화관광,Culture > Cultural > Facilities > Art > Museums/Galleries,33,KOP001525:한국어|ENP001525:영어|JPP001525:일본어|CNP001525:중국어 간체|TCP001525:중국어 번체|RUP001525:러시아어|MLP001525:말레이어,7
ENP001434,Seoul Land,문화관광,Culture > Theme > Parks,33,KOP001434:한국어|ENP001434:영어|JPP001434:일본어|CNP001434:중국어 간체|TCP001434:중국어 번체|RUP001434:러시아어|MLP001434:말레이어,7
ENP001421,Jeongdong Theater,문화관광,Culture > Performance > Halls,33,KOP001421:한국어|ENP001421:영어|JPP001421:일본어|CNP001421:중국어 간체|TCP001421:중국어 번체|RUP001421:러시아어,6
ENP001278,Seoul Namsan Gugakdang,문화관광,Culture > Performance > Halls,33,KOP001278:한국어|ENP001278:영어|JPP001278:일본어|CNP001278:중국어 간체|TCP001278:중국어 번체|RUP001278:러시아어|MLP001278:말레이어,7
ENP001232,Leeum Museum of Art,문화관광,Culture > Cultural > Facilities > Art > Museums/Galleries,33,KOP001232:한국어|ENP001232:영어|JPP001232:일본어|CNP001232:중국어 간체|TCP001232:중국어 번체|RUP001232:러시아어|MLP001232:말레이어,7
ENP000450,Culture Station Seoul 284,문화관광,Culture > Cultural > Facilities > Museums,33,KOP000450:한국어|ENP000450:영어|JPP000450:일본어|CNP000450:중국어 간체|TCP000450:중국어 번체|RUP000450:러시아어,6
ENP000433,The National Museum of Korea,문화관광,Culture > Cultural > Facilities > Museums,33,KOP000433:한국어|ENP000433:영어|JPP000433:일본어|CNP000433:중국어 간체|TCP000433:중국어 번체|RUP000433:러시아어|MLP000433:말레이어,7
ENP000405,Lotte World Ice Rink,문화관광,Culture > Leisure/Sports > Centers,33,KOP000405:한국어|ENP000405:영어|JPP000405:일본어|CNP000405:중국어 간체|TCP000405:중국어 번체|RUP000405:러시아어,6
ENP000380,Myeongdong Real Gun Shooting Range,문화관광,Culture > Leisure/Sports > Centers,34,KOP000380:한국어|ENP000380:영어|JPP000380:일본어|CNP000380:중국어 간체|TCP000380:중국어 번체,5
ENP000374,"SEA LIFE COEX, Seoul Aquarium",문화관광,Culture > Theme > Parks,34,KOP000374:한국어|ENP000374:영어|JPP000374:일본어|CNP000374:중국어 간체|TCP000374:중국어 번체|RUP000374:러시아어|MLP000374:말레이어,7
ENP000358,Seven Luck Casino (Seoul Dragon City Branch),문화관광,Culture > Other > Cultural > Destinations,34,KOP000358:한국어|ENP000358:영어|JPP000358:일본어|CNP000358:중국어 간체|TCP000358:중국어 번체,5
ENP000305,Sejong Center for the Performing Arts,문화관광,Culture > Performance > Halls,34,KOP000305:한국어|ENP000305:영어|JPP000305:일본어|CNP000305:중국어 간체|TCP000305:중국어 번체|RUP000305:러시아어,6
ENP000261,Bukchon Hanok Village,문화관광,Culture > Landmarks,34,KOP000261:한국어|ENP000261:영어|JPP000261:일본어|CNP000261:중국어 간체|TCP000261:중국어 번체|RUP000261:러시아어,6
ENP000210,63 Square,문화관광,Culture > Landmarks,34,KOP000210:한국어|ENP000210:영어|JPP000210:일본어|CNP000210:중국어 간체|TCP000210:중국어 번체|RUP000210:러시아어|MLP000210:말레이어,7
ENP000080,Insadong,문화관광,Culture > Cultural > Districts,34,KOP000080:한국어|ENP000080:영어|JPP000080:일본어|CNP000080:중국어 간체|TCP000080:중국어 번체|RUP000080:러시아어|MLP000080:말레이어,7
ENP000036,Namsan Seoul Tower,문화관광,Culture > Landmarks,34,KOP000036:한국어|ENP000036:영어|JPP000036:일본어|CNP000036:중국어 간체|TCP000036:중국어 번체|RUP000036:러시아어|MLP000036:말레이어,7
ENP000032,Hongdae,문화관광,Culture > Cultural > Districts,34,KOP000032:한국어|ENP000032:영어|JPP000032:일본어|CNP000032:중국어 간체|TCP000032:중국어 번체,5
ENP011988,Seocho Traveler Support Center,문화관광,Culture > Other > Cultural > Destinations,34,KOP011988:한국어|ENP011988:영어|JPP011988:일본어|CNP011988:중국어 간체|TCP011988:중국어 번체|RUP011988:러시아어,6
ENP011893,National Gugak Museum,문화관광,Culture > Cultural > Facilities > Museums,34,KOP011893:한국어|ENP011893:영어|JPP011893:일본어|CNP011893:중국어 간체|TCP011893:중국어 번체|RUP011893:러시아어|MLP011893:말레이어,7
ENP011863,Incheon International Airport Terminal 1 Tourist Information Center (East),문화관광,Culture,34,KOP011863:한국어|ENP011863:영어|JPP011863:일본어|CNP011863:중국어 간체|TCP011863:중국어 번체|RUP011863:러시아어,6
ENP011835,Gimpo International Airport Tourist Information Center,문화관광,Culture,34,KOP011835:한국어|ENP011835:영어|JPP011835:일본어|CNP011835:중국어 간체|TCP011835:중국어 번체|RUP011835:러시아어,6
ENP002971,National Theater of Korea,문화관광,Culture > Performance > Halls,34,KOP002971:한국어|ENP002971:영어|JPP002971:일본어|TCP002971:중국어 번체|RUP002971:러시아어,5
ENP012311,Hyundai Wonseo Park,문화관광,Culture > Parks,34,KOP012311:한국어|ENP012311:영어|JPP012311:일본어|CNP012311:중국어 간체|TCP012311:중국어 번체|RUP012311:러시아어|MLP012311:말레이어,7
ENP012993,Yeouido Hangang Park,문화관광,Culture > Parks,34,KOP012993:한국어|ENP012993:영어|JPP012993:일본어|CNP012993:중국어 간체|TCP012993:중국어 번체|RUP012993:러시아어|MLP012993:말레이어,7
ENP011658,"National Museum of Modern and Contemporary Art, Seoul",문화관광,Culture > Cultural > Facilities > Art > Museums/Galleries,34,KOP011658:한국어|ENP011658:영어|JPP011658:일본어|CNP011658:중국어 간체|TCP011658:중국어 번체|RUP011658:러시아어|MLP011658:말레이어,7
ENP011622,Seoul Energy Dream Center,문화관광,Culture > Cultural > Facilities > Others > Cultural > Facilities,34,KOP011622:한국어|ENP011622:영어|JPP011622:일본어|CNP011622:중국어 간체|TCP011622:중국어 번체|RUP011622:러시아어,6
ENP011610,Seoul Baekje Museum,문화관광,Culture > Cultural > Facilities > Museums,34,KOP011610:한국어|ENP011610:영어|JPP011610:일본어|CNP011610:중국어 간체|TCP011610:중국어 번체|RUP011610:러시아어,6
ENP011524,Rolling Hall,문화관광,Culture > Performance > Halls,34,KOP011524:한국어|ENP011524:영어|JPP011524:일본어|CNP011524:중국어 간체|TCP011524:중국어 번체,5
ENP011037,Riverview 8th Avenue (Gwangjingyo Bridge),문화관광,Culture > Landmarks,35,KOP011037:한국어|ENP011037:영어|JPP011037:일본어|CNP011037:중국어 간체|TCP011037:중국어 번체|RUP011037:러시아어|MLP011037:말레이어,7
ENP011234,Road of Wind and Seoul Color Park at Mapodaegyo Bridge,문화관광,Culture > Landmarks,35,KOP011234:한국어|ENP011234:영어|JPP011234:일본어|CNP011234:중국어 간체|TCP011234:중국어 번체|RUP011234:러시아어|MLP011234:말레이어,7
ENP011369,KBS Hall,문화관광,Culture > Landmarks,35,KOP011369:한국어|ENP011369:영어|JPP011369:일본어|CNP011369:중국어 간체|TCP011369:중국어 번체|RUP011369:러시아어,6
ENP011142,Digital Media City,문화관광,Culture > Landmarks,35,KOP011142:한국어|ENP011142:영어|JPP011142:일본어|CNP011142:중국어 간체|TCP011142:중국어 번체|RUP011142:러시아어,6
ENP011070,Hongik Cultural Park,문화관광,Culture > Parks,35,KOP011070:한국어|ENP011070:영어|JPP011070:일본어|CNP011070:중국어 간체|TCP011070:중국어 번체|RUP011070:러시아어|MLP011070:말레이어,7
ENP010928,Daeo Bookstore,문화관광,Culture > Other > Cultural > Destinations,35,KOP010928:한국어|ENP010928:영어|JPP010928:일본어|CNP010928:중국어 간체|TCP010928:중국어 번체|RUP010928:러시아어,6
ENP010567,Songwoldong,문화관광,Culture > Cultural > Districts,35,KOP010567:한국어|ENP010567:영어|JPP010567:일본어|CNP010567:중국어 간체|TCP010567:중국어 번체|RUP010567:러시아어|MLP010567:말레이어,7
ENP010231,Seoul Metropolitan Library,문화관광,Culture > Education > Centers,35,KOP010231:한국어|ENP010231:영어|JPP010231:일본어|CNP010231:중국어 간체|TCP010231:중국어 번체|RUP010231:러시아어|MLP010231:말레이어,7
ENP006886,The Museum of Korean Medical History,문화관광,Culture > Cultural > Facilities > Museums,35,KOP006886:한국어|ENP006886:영어|JPP006886:일본어|CNP006886:중국어 간체|TCP006886:중국어 번체|RUP006886:러시아어|MLP006886:말레이어,7
ENP006924,Kyung Hee University Central Museum,문화관광,Culture > Cultural > Facilities > Museums,35,KOP006924:한국어|ENP006924:영어|JPP006924:일본어|CNP006924:중국어 간체|TCP006924:중국어 번체|RUP006924:러시아어|MLP006924:말레이어,7
ENP006957,Kyung Hee University Natural History Museum,문화관광,Culture > Cultural > Facilities > Museums,35,KOP006957:한국어|ENP006957:영어|JPP006957:일본어|CNP006957:중국어 간체|TCP006957:중국어 번체,5
ENP002066,Kim Chong Yung Museum,문화관광,Culture > Cultural > Facilities > Art > Museums/Galleries,35,KOP002066:한국어|ENP002066:영어|JPP002066:일본어|CNP002066:중국어 간체|TCP002066:중국어 번체|RUP002066:러시아어|MLP002066:말레이어,7
ENP003085,Total Museum of Contemporary Art,문화관광,Culture > Cultural > Facilities > Art > Museums/Galleries,35,KOP003085:한국어|ENP003085:영어|JPP003085:일본어|CNP003085:중국어 간체|TCP003085:중국어 번체|RUP003085:러시아어|MLP003085:말레이어,7
ENP006667,National Museum of Korean Contemporary History,문화관광,Culture > Cultural > Facilities > Museums,35,KOP006667:한국어|ENP006667:영어|JPP006667:일본어|CNP006667:중국어 간체|TCP006667:중국어 번체|RUP006667:러시아어|MLP006667:말레이어,7
ENP002121,Samcheongdong,문화관광,Culture > Cultural > Districts,35,KOP002121:한국어|ENP002121:영어|JPP002121:일본어|CNP002121:중국어 간체|TCP002121:중국어 번체|RUP002121:러시아어|MLP002121:말레이어,7
ENP006463,Chojun Textile &amp; Quilt Art Museum,문화관광,Culture > Cultural > Facilities > Art > Museums/Galleries,35,KOP006463:한국어|ENP006463:영어|JPP006463:일본어|CNP006463:중국어 간체|TCP006463:중국어 번체|RUP006463:러시아어|MLP006463:말레이어,7
ENP006491,Korea Culture House (KOUS),문화관광,Culture > Performance > Halls,35,KOP006491:한국어|ENP006491:영어|JPP006491:일본어|CNP006491:중국어 간체|TCP006491:중국어 번체,5
ENP006225,National Gugak Center,문화관광,Culture > Performance > Halls,35,KOP006225:한국어|ENP006225:영어|JPP006225:일본어|CNP006225:중국어 간체|TCP006225:중국어 번체|RUP006225:러시아어,6
ENP005796,Jong Ie Nara Paper Art Museum,문화관광,Culture > Cultural > Facilities > Art > Museums/Galleries,35,KOP005796:한국어|ENP005796:영어|JPP005796:일본어|CNP005796:중국어 간체|TCP005796:중국어 번체|RUP005796:러시아어,6
ENP005763,National Assembly Building,문화관광,Culture > Landmarks,35,KOP005763:한국어|ENP005763:영어|JPP005763:일본어|CNP005763:중국어 간체|TCP005763:중국어 번체|RUP005763:러시아어|MLP005763:말레이어,7
ENP005546,Horim Museum,문화관광,Culture > Cultural > Facilities > Museums,36,KOP005546:한국어|ENP005546:영어|JPP005546:일본어|CNP005546:중국어 간체|TCP005546:중국어 번체|RUP005546:러시아어|MLP005546:말레이어,7
ENP002107,Daehak-ro,문화관광,Culture > Performance > Halls,36,KOP002107:한국어|ENP002107:영어|JPP002107:일본어|CNP002107:중국어 간체|TCP002107:중국어 번체,5
ENP005328,Universal Arts Center,문화관광,Culture > Performance > Halls,36,KOP005328:한국어|ENP005328:영어|JPP005328:일본어|CNP005328:중국어 간체|TCP005328:중국어 번체|RUP005328:러시아어,6
ENP005130,Children&#039;s Folk Museum,문화관광,Culture > Cultural > Facilities > Museums,36,KOP005130:한국어|ENP005130:영어|JPP005130:일본어|CNP005130:중국어 간체|TCP005130:중국어 번체|RUP005130:러시아어,6
ENP005667,Bukchon Asian Cultural Art Museum,문화관광,Culture > Cultural > Facilities > Art > Museums/Galleries,36,KOP005667:한국어|ENP005667:영어|JPP005667:일본어|CNP005667:중국어 간체|TCP005667:중국어 번체|RUP005667:러시아어|MLP005667:말레이어,7
ENP004996,Chung Won San Bang,문화관광,Culture > Cultural > Facilities > Museums,36,KOP004996:한국어|ENP004996:영어|JPP004996:일본어|CNP004996:중국어 간체|TCP004996:중국어 번체|RUP004996:러시아어|MLP004996:말레이어,7
ENP005060,Seoul Art Space - Sindang Creative Arcade,문화관광,Culture > Cultural > Districts,36,KOP005060:한국어|ENP005060:영어|JPP005060:일본어|CNP005060:중국어 간체|TCP005060:중국어 번체|RUP005060:러시아어|MLP005060:말레이어,7
ENP004693,Cheonggyecheon Museum,문화관광,Culture > Cultural > Facilities > Museums,36,KOP004693:한국어|ENP004693:영어|JPP004693:일본어|CNP004693:중국어 간체|TCP004693:중국어 번체|RUP004693:러시아어|MLP004693:말레이어,7
ENP004632,Seoul Yangnyeongsi Herb Medicine Museum,문화관광,Culture > Cultural > Facilities > Museums,36,KOP004632:한국어|ENP004632:영어|JPP004632:일본어|CNP004632:중국어 간체|TCP004632:중국어 번체|RUP004632:러시아어|MLP004632:말레이어,7
ENP005156,Hongdae NANTA Theatre,문화관광,Culture > Performance > Halls,36,KOP005156:한국어|ENP005156:영어|JPP005156:일본어|CNP005156:중국어 간체|TCP005156:중국어 번체|RUP005156:러시아어,6
ENP005246,KBS Tourhall,문화관광,Culture > Convention > Centers,36,KOP005246:한국어|ENP005246:영어|JPP005246:일본어|CNP005246:중국어 간체|TCP005246:중국어 번체|RUP005246:러시아어,6
ENP005333,Seoul Olympic Museum,문화관광,Culture > Leisure/Sports > Centers,36,KOP005333:한국어|ENP005333:영어|JPP005333:일본어|CNP005333:중국어 간체|TCP005333:중국어 번체|RUP005333:러시아어,6
ENP005465,The Story of King Sejong • The Story of Admiral Yi Sunshin,문화관광,Culture > Cultural > Facilities > Museums,36,KOP005465:한국어|ENP005465:영어|JPP005465:일본어|CNP005465:중국어 간체|TCP005465:중국어 번체|RUP005465:러시아어|MLP005465:말레이어,7
ENP005538,Cheongwadae,문화관광,Culture > Landmarks,36,KOP005538:한국어|ENP005538:영어|JPP005538:일본어|CNP005538:중국어 간체|TCP005538:중국어 번체|RUP005538:러시아어|MLP005538:말레이어,7
ENP003357,The Hangsangsoo Embroidery,문화관광,Culture > Cultural > Facilities > Museums,36,KOP003357:한국어|ENP003357:영어|JPP003357:일본어|CNP003357:중국어 간체|TCP003357:중국어 번체|RUP003357:러시아어,6
ENP001907,Sungkok Art Museum,문화관광,Culture > Cultural > Facilities > Art > Museums/Galleries,36,KOP001907:한국어|ENP001907:영어|JPP001907:일본어|CNP001907:중국어 간체|TCP001907:중국어 번체|RUP001907:러시아어|MLP001907:말레이어,7
ENP011117,Bugak Skyway Octagonal Pavilion,문화관광,Culture > Landmarks,36,KOP011117:한국어|ENP011117:영어|JPP011117:일본어|CNP011117:중국어 간체|TCP011117:중국어 번체|RUP011117:러시아어|MLP011117:말레이어,7
ENP004467,Beautiful Tea Museum,문화관광,Culture > Cultural > Facilities > Museums,36,KOP004467:한국어|ENP004467:영어|JPP004467:일본어|CNP004467:중국어 간체|TCP004467:중국어 번체|RUP004467:러시아어,6
ENP003008,Nakseongdae Park,문화관광,Culture > Parks,36,KOP003008:한국어|ENP003008:영어|JPP003008:일본어|CNP003008:중국어 간체|TCP003008:중국어 번체|RUP003008:러시아어|MLP003008:말레이어,7
ENP002101,Seoul World Cup Stadium,문화관광,Culture > Leisure/Sports > Centers,36,KOP002101:한국어|ENP002101:영어|JPP002101:일본어|CNP002101:중국어 간체|TCP002101:중국어 번체|RUP002101:러시아어,6
ENP002642,Jamsil Baseball Stadium,문화관광,Culture > Leisure/Sports > Centers,37,KOP002642:한국어|ENP002642:영어|JPP002642:일본어|CNP002642:중국어 간체|TCP002642:중국어 번체|RUP002642:러시아어,6
ENP002801,Paradise Casino Walkerhill,문화관광,Culture > Other > Cultural > Destinations,37,KOP002801:한국어|ENP002801:영어|JPP002801:일본어|CNP002801:중국어 간체|TCP002801:중국어 번체,5
ENP002939,Grand Hyatt Seoul Ice Rink,문화관광,Culture > Leisure/Sports > Centers,37,KOP002939:한국어|ENP002939:영어|JPP002939:일본어|CNP002939:중국어 간체|TCP002939:중국어 번체|RUP002939:러시아어|MLP002939:말레이어,7
ENP002925,Kukkiwon World Taekwondo Headquarters,문화관광,Culture > Leisure/Sports > Centers,37,KOP002925:한국어|ENP002925:영어|JPP002925:일본어|CNP002925:중국어 간체|TCP002925:중국어 번체,5
ENP001753,Seodaemun Independence Park,문화관광,Culture > Parks,37,KOP001753:한국어|ENP001753:영어|JPP001753:일본어|CNP001753:중국어 간체|TCP001753:중국어 번체|RUP001753:러시아어,6
ENP001871,Hakgojae Gallery,문화관광,Culture > Cultural > Facilities > Art > Museums/Galleries,37,KOP001871:한국어|ENP001871:영어|JPP001871:일본어|CNP001871:중국어 간체|TCP001871:중국어 번체|RUP001871:러시아어|MLP001871:말레이어,7
ENP002251,Ilmin Museum of Art,문화관광,Culture > Cultural > Facilities > Art > Museums/Galleries,37,KOP002251:한국어|ENP002251:영어|JPP002251:일본어|CNP002251:중국어 간체|TCP002251:중국어 번체|RUP002251:러시아어|MLP002251:말레이어,7
ENP001789,Dosan Park,문화관광,Culture > Parks,37,KOP001789:한국어|ENP001789:영어|JPP001789:일본어|CNP001789:중국어 간체|TCP001789:중국어 번체|RUP001789:러시아어,6
ENP002030,Seoul Anglican Cathedral,문화관광,Culture > Cultural > Facilities > Museums,37,KOP002030:한국어|ENP002030:영어|JPP002030:일본어|CNP002030:중국어 간체|TCP002030:중국어 번체|RUP002030:러시아어|MLP002030:말레이어,7
ENP003411,Myeongdong Theater,문화관광,Culture > Performance > Halls,37,KOP003411:한국어|ENP003411:영어|JPP003411:일본어|CNP003411:중국어 간체|TCP003411:중국어 번체,5
ENP002446,Chungmu Arts Center,문화관광,Culture > Cultural > Facilities > Art > Museums/Galleries,37,KOP002446:한국어|ENP002446:영어|JPP002446:일본어|CNP002446:중국어 간체|TCP002446:중국어 번체|RUP002446:러시아어|MLP002446:말레이어,7
ENP001644,National Folk Museum of Korea,문화관광,Culture > Cultural > Facilities > Museums,37,KOP001644:한국어|ENP001644:영어|JPP001644:일본어|CNP001644:중국어 간체|TCP001644:중국어 번체,5
ENP002116,World Cup Park,문화관광,Culture > Leisure/Sports > Centers,37,KOP002116:한국어|ENP002116:영어|JPP002116:일본어|CNP002116:중국어 간체|TCP002116:중국어 번체|RUP002116:러시아어|MLP002116:말레이어,7
ENP002192,Lotte World Adventure,문화관광,Culture > Theme > Parks,37,KOP002192:한국어|ENP002192:영어|JPP002192:일본어|CNP002192:중국어 간체|TCP002192:중국어 번체,5
ENP002077,Itaewon,문화관광,Culture > Cultural > Districts,37,KOP002077:한국어|ENP002077:영어|JPP002077:일본어|CNP002077:중국어 간체|TCP002077:중국어 번체|RUP002077:러시아어,6
ENP004036,Myeongdong Cathedral,문화관광,Culture > Landmarks,37,KOP004036:한국어|ENP004036:영어|JPP004036:일본어|CNP004036:중국어 간체|TCP004036:중국어 번체|RUP004036:러시아어,6
ENP002037,Tteok Museum,문화관광,Culture > Cultural > Facilities > Museums,37,KOP002037:한국어|ENP002037:영어|JPP002037:일본어|CNP002037:중국어 간체|TCP002037:중국어 번체|RUP002037:러시아어,6
ENP002722,The Seoul Museum of History,문화관광,Culture > Cultural > Facilities > Museums,37,KOP002722:한국어|ENP002722:영어|JPP002722:일본어|CNP002722:중국어 간체|TCP002722:중국어 번체|RUP002722:러시아어|MLP002722:말레이어,7
ENP002613,Seodaemun Museum of Natural History,문화관광,Culture > Cultural > Facilities > Museums,37,KOP002613:한국어|ENP002613:영어|JPP002613:일본어|CNP002613:중국어 간체|TCP002613:중국어 번체|RUP002613:러시아어,6
ENP011010,National Library of Korea,문화관광,Culture > Education > Centers,37,KOP011010:한국어|ENP011010:영어|JPP011010:일본어|CNP011010:중국어 간체|TCP011010:중국어 번체|RUP011010:러시아어|MLP011010:말레이어,7
ENP002730,Bank of Korea Money Museum,문화관광,Culture > Cultural > Facilities > Museums,38,KOP002730:한국어|ENP002730:영어|JPP002730:일본어|CNP002730:중국어 간체|TCP002730:중국어 번체|RUP002730:러시아어|MLP002730:말레이어,7
ENP001707,National Museum of Art at Deoksugung Palace,문화관광,Culture > Cultural > Facilities > Museums,38,KOP001707:한국어|ENP001707:영어|JPP001707:일본어|CNP001707:중국어 간체|TCP001707:중국어 번체|RUP001707:러시아어|MLP001707:말레이어,7
ENP003100,Kumho Museum of Art,문화관광,Culture > Cultural > Facilities > Art > Museums/Galleries,38,KOP003100:한국어|ENP003100:영어|JPP003100:일본어|CNP003100:중국어 간체|TCP003100:중국어 번체|RUP003100:러시아어,6
ENP004325,Hangaram Art Museum,문화관광,Culture > Cultural > Facilities > Art > Museums/Galleries,38,KOP004325:한국어|ENP004325:영어|JPP004325:일본어|CNP004325:중국어 간체|TCP004325:중국어 번체|RUP004325:러시아어|MLP004325:말레이어,7
ENP002011,Kyungin Museum of Fine Art,문화관광,Culture > Cultural > Facilities > Art > Museums/Galleries,38,KOP002011:한국어|ENP002011:영어|JPP002011:일본어|CNP002011:중국어 간체|TCP002011:중국어 번체,5
ENP002082,Gana Art Center,문화관광,Culture > Cultural > Facilities > Art > Museums/Galleries,38,KOP002082:한국어|ENP002082:영어|JPP002082:일본어|CNP002082:중국어 간체|TCP002082:중국어 번체|RUP002082:러시아어|MLP002082:말레이어,7
ENP002405,Art Sonje Center,문화관광,Culture > Cultural > Facilities > Art > Museums/Galleries,38,KOP002405:한국어|ENP002405:영어|JPP002405:일본어|CNP002405:중국어 간체|TCP002405:중국어 번체|RUP002405:러시아어,6
ENP002156,Maeheon Citizens’ Forest,문화관광,Culture > Parks,38,KOP002156:한국어|ENP002156:영어|JPP002156:일본어|CNP002156:중국어 간체|TCP002156:중국어 번체|RUP002156:러시아어|MLP002156:말레이어,7
ENP001577,Tapgol Park,문화관광,Culture > Parks,38,KOP001577:한국어|ENP001577:영어|JPP001577:일본어|CNP001577:중국어 간체|TCP001577:중국어 번체|RUP001577:러시아어|MLP001577:말레이어,7
ENP003700,Naksan Park,문화관광,Culture > Parks,38,KOP003700:한국어|ENP003700:영어|JPP003700:일본어|CNP003700:중국어 간체|TCP003700:중국어 번체|RUP003700:러시아어|MLP003700:말레이어,7
ENP003830,Haneul Park,문화관광,Culture > Parks,38,KOP003830:한국어|ENP003830:영어|JPP003830:일본어|CNP003830:중국어 간체|TCP003830:중국어 번체|RUP003830:러시아어|MLP003830:말레이어,7
ENP001913,Yeouido Hangang Park Swimming Pool,문화관광,Culture > Leisure/Sports > Centers,38,KOP001913:한국어|ENP001913:영어|JPP001913:일본어|CNP001913:중국어 간체|TCP001913:중국어 번체|RUP001913:러시아어|MLP001913:말레이어,7
ENP005750,Ttukseom Hangang Theme Park,문화관광,Culture > Parks,38,KOP005750:한국어|ENP005750:영어|JPP005750:일본어|CNP005750:중국어 간체|TCP005750:중국어 번체|RUP005750:러시아어|MLP005750:말레이어,7
ENP001852,Children&#039;s Grand Park,문화관광,Culture > Parks,38,KOP001852:한국어|ENP001852:영어|JPP001852:일본어|CNP001852:중국어 간체|TCP001852:중국어 번체|RUP001852:러시아어|MLP001852:말레이어,7
ENP003332,Museum of Korea Straw and Plants Handicraft,문화관광,Culture > Cultural > Facilities > Museums,38,KOP003332:한국어|ENP003332:영어|JPP003332:일본어|CNP003332:중국어 간체|TCP003332:중국어 번체|RUP003332:러시아어,6
ENP001538,Seoul Plaza,문화관광,Culture > Landmarks,38,KOP001538:한국어|ENP001538:영어|JPP001538:일본어|CNP001538:중국어 간체|TCP001538:중국어 번체|RUP001538:러시아어,6
ENP003986,Seoul Arts Center,문화관광,Culture > Performance > Halls,38,KOP003986:한국어|ENP003986:영어|JPP003986:일본어|CNP003986:중국어 간체|TCP003986:중국어 번체,5
ENP005788,Myeongdong Nanta Theater,문화관광,Culture > Performance > Halls,38,KOP005788:한국어|ENP005788:영어|JPP005788:일본어|CNP005788:중국어 간체|TCP005788:중국어 번체|RUP005788:러시아어,6
ENP001615,Jump Theater,문화관광,Culture > Performance > Halls,38,KOP001615:한국어|ENP001615:영어|JPP001615:일본어|CNP001615:중국어 간체|TCP001615:중국어 번체|RUP001615:러시아어|MLP001615:말레이어,7
ENP001732,ARKO Arts Theater,문화관광,Culture > Performance > Halls,38,KOP001732:한국어|ENP001732:영어|JPP001732:일본어|CNP001732:중국어 간체|TCP001732:중국어 번체|RUP001732:러시아어,6
ENP001889,Seven Luck Casino Seoul (Gangnam Branch),문화관광,Culture > Other > Cultural > Destinations,39,KOP001889:한국어|ENP001889:영어|JPP001889:일본어|CNP001889:중국어 간체|TCP001889:중국어 번체,5
ENP006007,Cheongwadae Sarangchae,문화관광,Culture > Landmarks,39,KOP006007:한국어|ENP006007:영어|CNP006007:중국어 간체|RUP006007:러시아어,4
ENP3o3i2c,GENTLE MONSTER HAUS NOWHERE SEOUL,쇼핑,Shopping > Specialty > Shops > & > Stores,1,KOP3o3i2c:한국어|ENP3o3i2c:영어|JPP3o3i2c:일본어|CNP3o3i2c:중국어 간체|TCP3o3i2c:중국어 번체|RUP3o3i2c:러시아어|MLP3o3i2c:말레이어,7
ENPnew3no,DAISO Eastern Square Gangdong Cheonho,쇼핑,Shopping > Specialty > Shops > & > Stores,1,KOPnew3no:한국어|ENPnew3no:영어|JPPnew3no:일본어|CNPnew3no:중국어 간체|TCPnew3no:중국어 번체|RUPnew3no:러시아어|MLPnew3no:말레이어,7
ENPziwp2z,MEDIKINGDOM Pharmacy,쇼핑,Shopping > Specialty > Shops > & > Stores,1,KOPziwp2z:한국어|ENPziwp2z:영어|JPPziwp2z:일본어|CNPziwp2z:중국어 간체|TCPziwp2z:중국어 번체|RUPziwp2z:러시아어|MLPziwp2z:말레이어,7
ENPw8jvg2,Modern House New Concept Store New Core Gangnam Branch,쇼핑,Shopping > Specialty > Shops > & > Stores,1,KOPw8jvg2:한국어|ENPw8jvg2:영어|JPPw8jvg2:일본어|CNPw8jvg2:중국어 간체|TCPw8jvg2:중국어 번체|RUPw8jvg2:러시아어|MLPw8jvg2:말레이어,7
ENP8ymdnz,Seoul My Soul Shop Gangnam Branch,쇼핑,Shopping > Specialty > Shops > & > Stores,1,KOP8ymdnz:한국어|ENP8ymdnz:영어|JPP8ymdnz:일본어|CNP8ymdnz:중국어 간체|TCP8ymdnz:중국어 번체,5
ENP19pl3n,Musinsa Kicks Seongsu,쇼핑,Shopping > Specialty > Shops > & > Stores,1,KOP19pl3n:한국어|ENP19pl3n:영어|JPP19pl3n:일본어|CNP19pl3n:중국어 간체|TCP19pl3n:중국어 번체|RUP19pl3n:러시아어|MLP19pl3n:말레이어,7
ENPmwrtiq,NYUNYU HOUSE Seongsu Station Branch,쇼핑,Shopping > Specialty > Shops > & > Stores,1,KOPmwrtiq:한국어|ENPmwrtiq:영어|JPPmwrtiq:일본어|CNPmwrtiq:중국어 간체|TCPmwrtiq:중국어 번체|RUPmwrtiq:러시아어|MLPmwrtiq:말레이어,7
ENPkptqaw,Chiikawa Shop I&#039;Park Mall Yongsan Branch,쇼핑,Shopping > Specialty > Shops > & > Stores,1,KOPkptqaw:한국어|ENPkptqaw:영어|JPPkptqaw:일본어|CNPkptqaw:중국어 간체|TCPkptqaw:중국어 번체|RUPkptqaw:러시아어|MLPkptqaw:말레이어,7
ENP6cgusv,Optima Wellness Museum Pharmacy,쇼핑,Shopping > Specialty > Shops > & > Stores,1,KOP6cgusv:한국어|ENP6cgusv:영어|JPP6cgusv:일본어|CNP6cgusv:중국어 간체|TCP6cgusv:중국어 번체|RUP6cgusv:러시아어|MLP6cgusv:말레이어,7
ENP1lezus,Medicube Flagship Store,쇼핑,Shopping > Specialty > Shops > & > Stores,1,KOP1lezus:한국어|ENP1lezus:영어|JPP1lezus:일본어|CNP1lezus:중국어 간체|TCP1lezus:중국어 번체|RUP1lezus:러시아어|MLP1lezus:말레이어,7
ENPftj6y4,Seoul My Soul Shop 5th Branch,쇼핑,Shopping > Specialty > Shops > & > Stores,1,KOPftj6y4:한국어|ENPftj6y4:영어|JPPftj6y4:일본어|CNPftj6y4:중국어 간체|TCPftj6y4:중국어 번체|RUPftj6y4:러시아어|MLPftj6y4:말레이어,7
ENPk1tc0u,Nagano Market SEOUL,쇼핑,Shopping > Specialty > Shops > & > Stores,1,KOPk1tc0u:한국어|ENPk1tc0u:영어|JPPk1tc0u:일본어|CNPk1tc0u:중국어 간체|TCPk1tc0u:중국어 번체|RUPk1tc0u:러시아어|MLPk1tc0u:말레이어,7
ENPggigcc,Eeut,쇼핑,Shopping > Specialty > Shops > & > Stores,1,KOPggigcc:한국어|ENPggigcc:영어|JPPggigcc:일본어|CNPggigcc:중국어 간체|TCPggigcc:중국어 번체|RUPggigcc:러시아어|MLPggigcc:말레이어,7
ENPvqiu03,Yeum Records,쇼핑,Shopping > Specialty > Shops > & > Stores,1,KOPvqiu03:한국어|ENPvqiu03:영어|JPPvqiu03:일본어|CNPvqiu03:중국어 간체|TCPvqiu03:중국어 번체|RUPvqiu03:러시아어|MLPvqiu03:말레이어,7
ENPmjfup7,Manmulsangdan Dongmyo Branch,쇼핑,Shopping > Specialty > Shops > & > Stores,1,KOPmjfup7:한국어|ENPmjfup7:영어|JPPmjfup7:일본어|CNPmjfup7:중국어 간체|TCPmjfup7:중국어 번체|RUPmjfup7:러시아어|MLPmjfup7:말레이어,7
ENPj2hey2,Retro Holic,쇼핑,Shopping > Specialty > Shops > & > Stores,1,KOPj2hey2:한국어|ENPj2hey2:영어|JPPj2hey2:일본어|CNPj2hey2:중국어 간체|TCPj2hey2:중국어 번체|RUPj2hey2:러시아어|MLPj2hey2:말레이어,7
ENP1lzgz5,PURPLE GARAGE,쇼핑,Shopping > Specialty > Shops > & > Stores,1,KOP1lzgz5:한국어|ENP1lzgz5:영어|JPP1lzgz5:일본어|CNP1lzgz5:중국어 간체|TCP1lzgz5:중국어 번체|RUP1lzgz5:러시아어|MLP1lzgz5:말레이어,7
ENP5wmxna,CEMT,쇼핑,Shopping > Specialty > Shops > & > Stores,1,KOP5wmxna:한국어|ENP5wmxna:영어|JPP5wmxna:일본어|CNP5wmxna:중국어 간체|TCP5wmxna:중국어 번체|RUP5wmxna:러시아어|MLP5wmxna:말레이어,7
ENPv74tvt,Subaco 2,쇼핑,Shopping > Specialty > Shops > & > Stores,1,KOPv74tvt:한국어|ENPv74tvt:영어|JPPv74tvt:일본어|CNPv74tvt:중국어 간체|TCPv74tvt:중국어 번체|RUPv74tvt:러시아어|MLPv74tvt:말레이어,7
ENP3xm3gd,Hokori Shop,쇼핑,Shopping > Specialty > Shops > & > Stores,1,KOP3xm3gd:한국어|ENP3xm3gd:영어|JPP3xm3gd:일본어|CNP3xm3gd:중국어 간체|TCP3xm3gd:중국어 번체|RUP3xm3gd:러시아어|MLP3xm3gd:말레이어,7
ENPsx4vm0,508shop,쇼핑,Shopping,2,KOPsx4vm0:한국어|ENPsx4vm0:영어|JPPsx4vm0:일본어|CNPsx4vm0:중국어 간체|TCPsx4vm0:중국어 번체|RUPsx4vm0:러시아어|MLPsx4vm0:말레이어,7
ENP51dofx,Namdaemun Flower Market,쇼핑,Shopping > Traditional > Markets,2,KOP51dofx:한국어|ENP51dofx:영어|JPP51dofx:일본어|CNP51dofx:중국어 간체|TCP51dofx:중국어 번체|RUP51dofx:러시아어|MLP51dofx:말레이어,7
ENPxwxy2m,Musinsa Mega store Seongsu,쇼핑,Shopping > Shopping > Malls > & > Outlets,2,KOPxwxy2m:한국어|ENPxwxy2m:영어|JPPxwxy2m:일본어|CNPxwxy2m:중국어 간체|TCPxwxy2m:중국어 번체|RUPxwxy2m:러시아어|MLPxwxy2m:말레이어,7
ENPrnh215,the SamE,쇼핑,Shopping > Specialty > Shops > & > Stores,2,KOPrnh215:한국어|ENPrnh215:영어|JPPrnh215:일본어|CNPrnh215:중국어 간체|TCPrnh215:중국어 번체|RUPrnh215:러시아어|MLPrnh215:말레이어,7
ENP4ub523,Vunque Cheongdam Flagship Store,쇼핑,Shopping > Specialty > Shops > & > Stores,2,KOP4ub523:한국어|ENP4ub523:영어|JPP4ub523:일본어|CNP4ub523:중국어 간체|TCP4ub523:중국어 번체|RUP4ub523:러시아어|MLP4ub523:말레이어,7
ENPwjlcvv,Scentica Sogyeok Branch,쇼핑,Shopping > Specialty > Shops > & > Stores,2,KOPwjlcvv:한국어|ENPwjlcvv:영어|JPPwjlcvv:일본어|CNPwjlcvv:중국어 간체|TCPwjlcvv:중국어 번체|RUPwjlcvv:러시아어|MLPwjlcvv:말레이어,7
ENPywt0mt,Scentica Hannam Branch,쇼핑,Shopping > Specialty > Shops > & > Stores,2,KOPywt0mt:한국어|ENPywt0mt:영어|JPPywt0mt:일본어|CNPywt0mt:중국어 간체|TCPywt0mt:중국어 번체|RUPywt0mt:러시아어|MLPywt0mt:말레이어,7
ENPy0dc86,LOFA Seoul,쇼핑,Shopping > Specialty > Shops > & > Stores,2,KOPy0dc86:한국어|ENPy0dc86:영어|JPPy0dc86:일본어|CNPy0dc86:중국어 간체|TCPy0dc86:중국어 번체|RUPy0dc86:러시아어|MLPy0dc86:말레이어,7
ENP42hkoc,Good Morning General Store,쇼핑,Shopping,2,KOP42hkoc:한국어|ENP42hkoc:영어|JPP42hkoc:일본어|CNP42hkoc:중국어 간체|TCP42hkoc:중국어 번체|RUP42hkoc:러시아어|MLP42hkoc:말레이어,7
ENPza4e3a,Olive Better Gwanghwamun Branch,쇼핑,Shopping,2,KOPza4e3a:한국어|ENPza4e3a:영어|JPPza4e3a:일본어|CNPza4e3a:중국어 간체|TCPza4e3a:중국어 번체|RUPza4e3a:러시아어|MLPza4e3a:말레이어,7
ENPfko0nq,Atypical Yongsan shop &amp; gallery,쇼핑,Shopping > Specialty > Shops > & > Stores,2,KOPfko0nq:한국어|ENPfko0nq:영어|JPPfko0nq:일본어|CNPfko0nq:중국어 간체|TCPfko0nq:중국어 번체|RUPfko0nq:러시아어|MLPfko0nq:말레이어,7
ENP0zmnvi,dearpost,쇼핑,Shopping > Specialty > Shops > & > Stores,2,KOP0zmnvi:한국어|ENP0zmnvi:영어|JPP0zmnvi:일본어|CNP0zmnvi:중국어 간체|TCP0zmnvi:중국어 번체|RUP0zmnvi:러시아어|MLP0zmnvi:말레이어,7
ENPth7w31,M CRAFT,쇼핑,Shopping > Specialty > Shops > & > Stores,2,KOPth7w31:한국어|ENPth7w31:영어|JPPth7w31:일본어|CNPth7w31:중국어 간체|TCPth7w31:중국어 번체|RUPth7w31:러시아어|MLPth7w31:말레이어,7
ENP3crf5v,LOW CLASSIC Mirae Building Branch,쇼핑,Shopping,2,KOP3crf5v:한국어|ENP3crf5v:영어|JPP3crf5v:일본어|CNP3crf5v:중국어 간체|TCP3crf5v:중국어 번체|RUP3crf5v:러시아어|MLP3crf5v:말레이어,7
ENPab5p53,LOW CLASSIC Seongsu Branch,쇼핑,Shopping,2,KOPab5p53:한국어|ENPab5p53:영어|JPPab5p53:일본어|CNPab5p53:중국어 간체|TCPab5p53:중국어 번체|RUPab5p53:러시아어|MLPab5p53:말레이어,7
ENP2i6uh8,LOW CLASSIC Garosu-gil Branch,쇼핑,Shopping > Specialty > Shops > & > Stores,2,KOP2i6uh8:한국어|ENP2i6uh8:영어|JPP2i6uh8:일본어|CNP2i6uh8:중국어 간체|TCP2i6uh8:중국어 번체|RUP2i6uh8:러시아어|MLP2i6uh8:말레이어,7
ENPrzx6dz,Renewed Seongsu,쇼핑,Shopping > Traditional > Markets,2,KOPrzx6dz:한국어|ENPrzx6dz:영어|JPPrzx6dz:일본어|CNPrzx6dz:중국어 간체|TCPrzx6dz:중국어 번체|RUPrzx6dz:러시아어|MLPrzx6dz:말레이어,7
ENP1p6g0h,Romantic Move Seongsu Flagship Store,쇼핑,Shopping > Specialty > Shops > & > Stores,2,KOP1p6g0h:한국어|ENP1p6g0h:영어|JPP1p6g0h:일본어|CNP1p6g0h:중국어 간체|TCP1p6g0h:중국어 번체|RUP1p6g0h:러시아어|MLP1p6g0h:말레이어,7
ENP4sh9je,Cosmic Mansion Seochon,쇼핑,Shopping > Specialty > Shops > & > Stores,2,KOP4sh9je:한국어|ENP4sh9je:영어|JPP4sh9je:일본어|CNP4sh9je:중국어 간체|TCP4sh9je:중국어 번체|RUP4sh9je:러시아어|MLP4sh9je:말레이어,7
ENPncj7nn,Poset Yeonhui,쇼핑,Shopping > Specialty > Shops > & > Stores,2,KOPncj7nn:한국어|ENPncj7nn:영어|JPPncj7nn:일본어|CNPncj7nn:중국어 간체|TCPncj7nn:중국어 번체|RUPncj7nn:러시아어|MLPncj7nn:말레이어,7
ENPjx2a9d,Beesket Studio,쇼핑,Shopping > Specialty > Shops > & > Stores,3,KOPjx2a9d:한국어|ENPjx2a9d:영어|JPPjx2a9d:일본어|CNPjx2a9d:중국어 간체|TCPjx2a9d:중국어 번체|RUPjx2a9d:러시아어|MLPjx2a9d:말레이어,7
ENP86di0a,Hetras Seongsu,쇼핑,Shopping > Specialty > Shops > & > Stores,3,KOP86di0a:한국어|ENP86di0a:영어|JPP86di0a:일본어|CNP86di0a:중국어 간체|TCP86di0a:중국어 번체|RUP86di0a:러시아어|MLP86di0a:말레이어,7
ENPi3s4ab,Seongsu Ready Young drug store,쇼핑,Shopping > Specialty > Shops > & > Stores,3,KOPi3s4ab:한국어|ENPi3s4ab:영어|JPPi3s4ab:일본어|CNPi3s4ab:중국어 간체|TCPi3s4ab:중국어 번체|RUPi3s4ab:러시아어|MLPi3s4ab:말레이어,7
ENPg1mnzj,Hwanghak-dong Flea Market,쇼핑,Shopping > Traditional > Markets,3,KOPg1mnzj:한국어|ENPg1mnzj:영어|JPPg1mnzj:일본어|CNPg1mnzj:중국어 간체|TCPg1mnzj:중국어 번체|RUPg1mnzj:러시아어|MLPg1mnzj:말레이어,7
ENPm7kjm3,K-Heritage Store Deoksugung,쇼핑,Shopping > Specialty > Shops > & > Stores,3,KOPm7kjm3:한국어|ENPm7kjm3:영어|JPPm7kjm3:일본어|CNPm7kjm3:중국어 간체|TCPm7kjm3:중국어 번체|RUPm7kjm3:러시아어|MLPm7kjm3:말레이어,7
ENPafkx6w,Vintage Universe,쇼핑,Shopping > Specialty > Shops > & > Stores,3,KOPafkx6w:한국어|ENPafkx6w:영어|JPPafkx6w:일본어|CNPafkx6w:중국어 간체|TCPafkx6w:중국어 번체|RUPafkx6w:러시아어|MLPafkx6w:말레이어,7
ENPy3knml,Colly Bily,쇼핑,Shopping > Specialty > Shops > & > Stores,3,KOPy3knml:한국어|ENPy3knml:영어|JPPy3knml:일본어|CNPy3knml:중국어 간체|TCPy3knml:중국어 번체|RUPy3knml:러시아어|MLPy3knml:말레이어,7
ENP4ahe2c,One More Bag,쇼핑,Shopping > Specialty > Shops > & > Stores,3,KOP4ahe2c:한국어|ENP4ahe2c:영어|JPP4ahe2c:일본어|CNP4ahe2c:중국어 간체|TCP4ahe2c:중국어 번체|RUP4ahe2c:러시아어|MLP4ahe2c:말레이어,7
ENP7mwbxy,Geunyeong Musical Instruments,쇼핑,Shopping > Specialty > Shops > & > Stores,3,KOP7mwbxy:한국어|ENP7mwbxy:영어|JPP7mwbxy:일본어|CNP7mwbxy:중국어 간체|TCP7mwbxy:중국어 번체,5
ENPv184vp,LLEGE,쇼핑,Shopping > Specialty > Shops > & > Stores,3,KOPv184vp:한국어|ENPv184vp:영어|JPPv184vp:일본어|CNPv184vp:중국어 간체|TCPv184vp:중국어 번체,5
ENP1upa1m,TWL shop,쇼핑,Shopping > Specialty > Shops > & > Stores,3,KOP1upa1m:한국어|ENP1upa1m:영어|JPP1upa1m:일본어|CNP1upa1m:중국어 간체|TCP1upa1m:중국어 번체,5
ENPbo1j5m,OJACRAFT,쇼핑,Shopping > Specialty > Shops > & > Stores,3,KOPbo1j5m:한국어|ENPbo1j5m:영어|JPPbo1j5m:일본어|CNPbo1j5m:중국어 간체|TCPbo1j5m:중국어 번체,5
ENP1yzr0u,Cecile &amp; Cedric,쇼핑,Shopping > Specialty > Shops > & > Stores,3,KOP1yzr0u:한국어|ENP1yzr0u:영어|JPP1yzr0u:일본어|CNP1yzr0u:중국어 간체|TCP1yzr0u:중국어 번체,5
ENP5y94vy,GS25 DX LAB Store,쇼핑,Shopping > Specialty > Shops > & > Stores,3,KOP5y94vy:한국어|ENP5y94vy:영어|JPP5y94vy:일본어|CNP5y94vy:중국어 간체|TCP5y94vy:중국어 번체,5
ENPo4mwrs,Jongno Character Fancy (Newthing),쇼핑,Shopping > Specialty > Shops > & > Stores,3,KOPo4mwrs:한국어|ENPo4mwrs:영어|JPPo4mwrs:일본어|CNPo4mwrs:중국어 간체|TCPo4mwrs:중국어 번체,5
ENPq52hjp,Garden Beau,쇼핑,Shopping > Specialty > Shops > & > Stores,3,KOPq52hjp:한국어|ENPq52hjp:영어|JPPq52hjp:일본어|CNPq52hjp:중국어 간체|TCPq52hjp:중국어 번체,5
ENP6ptemj,Shinsegae The Heritage,쇼핑,Shopping > Department > Stores,3,KOP6ptemj:한국어|ENP6ptemj:영어|JPP6ptemj:일본어|CNP6ptemj:중국어 간체|TCP6ptemj:중국어 번체,5
ENPet9p1i,K-Pop Square Hongdae,쇼핑,Shopping > Specialty > Shops > & > Stores,3,KOPet9p1i:한국어|ENPet9p1i:영어|JPPet9p1i:일본어|CNPet9p1i:중국어 간체|TCPet9p1i:중국어 번체,5
ENPln64kv,Vintage Shop Page-One,쇼핑,Shopping > Specialty > Shops > & > Stores,3,KOPln64kv:한국어|ENPln64kv:영어|JPPln64kv:일본어|CNPln64kv:중국어 간체|TCPln64kv:중국어 번체,5
ENPlh08xy,Rolledpaint,쇼핑,Shopping > Specialty > Shops > & > Stores,3,KOPlh08xy:한국어|ENPlh08xy:영어|JPPlh08xy:일본어|CNPlh08xy:중국어 간체|TCPlh08xy:중국어 번체,5
ENPnx3r6c,My Favorite,쇼핑,Shopping > Specialty > Shops > & > Stores,4,KOPnx3r6c:한국어|ENPnx3r6c:영어|JPPnx3r6c:일본어|CNPnx3r6c:중국어 간체|TCPnx3r6c:중국어 번체,5
ENPw44mzp,TTA,쇼핑,Shopping > Specialty > Shops > & > Stores,4,KOPw44mzp:한국어|ENPw44mzp:영어|JPPw44mzp:일본어|CNPw44mzp:중국어 간체|TCPw44mzp:중국어 번체|RUPw44mzp:러시아어|MLPw44mzp:말레이어,7
ENP7c8tmq,LOEUVRE Hannam Flagship Store,쇼핑,Shopping > Specialty > Shops > & > Stores,4,KOP7c8tmq:한국어|ENP7c8tmq:영어|JPP7c8tmq:일본어|CNP7c8tmq:중국어 간체|TCP7c8tmq:중국어 번체,5
ENP0nu1y0,NEOTERIA Hannam,쇼핑,Shopping > Specialty > Shops > & > Stores,4,KOP0nu1y0:한국어|ENP0nu1y0:영어|JPP0nu1y0:일본어|CNP0nu1y0:중국어 간체|TCP0nu1y0:중국어 번체,5
ENPy0z89u,SISAO Hannam,쇼핑,Shopping > Specialty > Shops > & > Stores,4,KOPy0z89u:한국어|ENPy0z89u:영어|JPPy0z89u:일본어|CNPy0z89u:중국어 간체|TCPy0z89u:중국어 번체,5
ENPvvfz6r,Seonyudo Cat,쇼핑,Shopping,4,KOPvvfz6r:한국어|ENPvvfz6r:영어|JPPvvfz6r:일본어|CNPvvfz6r:중국어 간체|TCPvvfz6r:중국어 번체,5
ENP32m3he,COEX Luggage Storage,쇼핑,Shopping > Department > Stores,4,KOP32m3he:한국어|ENP32m3he:영어|JPP32m3he:일본어|CNP32m3he:중국어 간체|TCP32m3he:중국어 번체,5
ENP01flpb,POINT OF VIEW SEOUL,쇼핑,Shopping > Specialty > Shops > & > Stores,4,KOP01flpb:한국어|ENP01flpb:영어|JPP01flpb:일본어|CNP01flpb:중국어 간체|TCP01flpb:중국어 번체,5
ENP64f1uy,Yangjae Flower Market,쇼핑,Shopping > Traditional > Markets,4,KOP64f1uy:한국어|ENP64f1uy:영어|JPP64f1uy:일본어|CNP64f1uy:중국어 간체|TCP64f1uy:중국어 번체|RUP64f1uy:러시아어|MLP64f1uy:말레이어,7
ENP3rjtd6,Gyeongdong Market,쇼핑,Shopping > Traditional > Markets,4,KOP3rjtd6:한국어|ENP3rjtd6:영어|JPP3rjtd6:일본어|CNP3rjtd6:중국어 간체|TCP3rjtd6:중국어 번체,5
ENPyk4dod,VILLA ERBATIUM,쇼핑,Shopping > Specialty > Shops > & > Stores,4,KOPyk4dod:한국어|ENPyk4dod:영어|JPPyk4dod:일본어|CNPyk4dod:중국어 간체|TCPyk4dod:중국어 번체,5
ENPazp76o,KITH Seoul,쇼핑,Shopping > Specialty > Shops > & > Stores,4,KOPazp76o:한국어|ENPazp76o:영어|JPPazp76o:일본어|CNPazp76o:중국어 간체|TCPazp76o:중국어 번체,5
ENPcblu8e,CUEREN,쇼핑,Shopping > Specialty > Shops > & > Stores,4,KOPcblu8e:한국어|ENPcblu8e:영어|JPPcblu8e:일본어|CNPcblu8e:중국어 간체|TCPcblu8e:중국어 번체,5
ENPfgv1jj,KUOCA SEONGSU,쇼핑,Shopping > Specialty > Shops > & > Stores,4,KOPfgv1jj:한국어|ENPfgv1jj:영어|JPPfgv1jj:일본어|CNPfgv1jj:중국어 간체|TCPfgv1jj:중국어 번체,5
ENPdi0px1,pocaboo,쇼핑,Shopping > Traditional > Markets,4,KOPdi0px1:한국어|ENPdi0px1:영어|JPPdi0px1:일본어|CNPdi0px1:중국어 간체|TCPdi0px1:중국어 번체,5
ENPveuat2,DUCKY WORLD,쇼핑,Shopping > Traditional > Markets,4,KOPveuat2:한국어|ENPveuat2:영어|JPPveuat2:일본어|CNPveuat2:중국어 간체|TCPveuat2:중국어 번체,5
ENPkbyxzt,WITH·MU·U HONGDAE AK PLAZA,쇼핑,Shopping > Traditional > Markets,4,KOPkbyxzt:한국어|ENPkbyxzt:영어|JPPkbyxzt:일본어|CNPkbyxzt:중국어 간체|TCPkbyxzt:중국어 번체,5
ENPue1dn6,Prop Factory,쇼핑,Shopping > Traditional > Markets,4,KOPue1dn6:한국어|ENPue1dn6:영어|JPPue1dn6:일본어|CNPue1dn6:중국어 간체|TCPue1dn6:중국어 번체,5
ENPc8w958,Hongdae R3 Fashion Street,쇼핑,Shopping > Traditional > Markets,4,KOPc8w958:한국어|ENPc8w958:영어|JPPc8w958:일본어|CNPc8w958:중국어 간체|TCPc8w958:중국어 번체,5
ENP42q156,10 Corso Como Seoul : Cheongdam Branch,쇼핑,Shopping,4,KOP42q156:한국어|ENP42q156:영어|JPP42q156:일본어|CNP42q156:중국어 간체|TCP42q156:중국어 번체,5
ENP4rundc,GROVE,쇼핑,Shopping,5,KOP4rundc:한국어|ENP4rundc:영어|JPP4rundc:일본어|CNP4rundc:중국어 간체|TCP4rundc:중국어 번체,5
ENP6x3iur,Granhand : Dosan Branch,쇼핑,Shopping,5,KOP6x3iur:한국어|ENP6x3iur:영어|JPP6x3iur:일본어|CNP6x3iur:중국어 간체|TCP6x3iur:중국어 번체,5
ENP86hwqe,Saemaeul Market,쇼핑,Shopping,5,KOP86hwqe:한국어|ENP86hwqe:영어|JPP86hwqe:일본어|CNP86hwqe:중국어 간체|TCP86hwqe:중국어 번체,5
ENP7u7jrk,Seongsu Yeonmujang-gil,쇼핑,Shopping,5,KOP7u7jrk:한국어|ENP7u7jrk:영어|JPP7u7jrk:일본어|CNP7u7jrk:중국어 간체|TCP7u7jrk:중국어 번체,5
ENPrqbz6d,Yongsan Yongridan-gil,쇼핑,Shopping,5,KOPrqbz6d:한국어|ENPrqbz6d:영어|JPPrqbz6d:일본어|CNPrqbz6d:중국어 간체|TCPrqbz6d:중국어 번체,5
ENP9ynvir,FilmLog,쇼핑,Shopping,5,KOP9ynvir:한국어|ENP9ynvir:영어|JPP9ynvir:일본어|CNP9ynvir:중국어 간체|TCP9ynvir:중국어 번체,5
ENP0kjpgo,Allwrite Seochon Branch,쇼핑,Shopping,5,KOP0kjpgo:한국어|ENP0kjpgo:영어|JPP0kjpgo:일본어|CNP0kjpgo:중국어 간체|TCP0kjpgo:중국어 번체,5
ENPia9uar,UHJJUHDAH Book Shop,쇼핑,Shopping,5,KOPia9uar:한국어|ENPia9uar:영어|JPPia9uar:일본어|CNPia9uar:중국어 간체|TCPia9uar:중국어 번체,5
ENPsy91f2,Geulwoll Yeonhui Branch,쇼핑,Shopping > Specialty > Shops > & > Stores,5,KOPsy91f2:한국어|ENPsy91f2:영어|JPPsy91f2:일본어|CNPsy91f2:중국어 간체|TCPsy91f2:중국어 번체,5
ENPsiyv8i,buruttrak,쇼핑,Shopping,5,KOPsiyv8i:한국어|ENPsiyv8i:영어|JPPsiyv8i:일본어|CNPsiyv8i:중국어 간체|TCPsiyv8i:중국어 번체,5
ENP8jtjh5,Optic Project,쇼핑,Shopping,5,KOP8jtjh5:한국어|ENP8jtjh5:영어|JPP8jtjh5:일본어|CNP8jtjh5:중국어 간체|TCP8jtjh5:중국어 번체,5
ENPg9q2f1,Asem Eye Wear,쇼핑,Shopping,5,KOPg9q2f1:한국어|ENPg9q2f1:영어|JPPg9q2f1:일본어|CNPg9q2f1:중국어 간체|TCPg9q2f1:중국어 번체,5
ENPuw4dco,Chaekbonyang,쇼핑,Shopping > Specialty > Shops > & > Stores,5,KOPuw4dco:한국어|ENPuw4dco:영어|JPPuw4dco:일본어|CNPuw4dco:중국어 간체|TCPuw4dco:중국어 번체,5
ENPc4t2zl,Jackson Chameleon,쇼핑,Shopping > Specialty > Shops > & > Stores,5,KOPc4t2zl:한국어|ENPc4t2zl:영어|JPPc4t2zl:일본어|CNPc4t2zl:중국어 간체|TCPc4t2zl:중국어 번체,5
ENPnh3bjr,Musinsa Store Seongsu@Daelim Changgo,쇼핑,Shopping,5,KOPnh3bjr:한국어|ENPnh3bjr:영어|JPPnh3bjr:일본어|CNPnh3bjr:중국어 간체|TCPnh3bjr:중국어 번체,5
ENP1ny5i7,Musinsa Empty Apgujeong Basement,쇼핑,Shopping,5,KOP1ny5i7:한국어|ENP1ny5i7:영어|JPP1ny5i7:일본어|CNP1ny5i7:중국어 간체|TCP1ny5i7:중국어 번체,5
ENPqyg4ls,MY CHOICE Seochon,쇼핑,Shopping,5,KOPqyg4ls:한국어|ENPqyg4ls:영어|JPPqyg4ls:일본어|CNPqyg4ls:중국어 간체|TCPqyg4ls:중국어 번체,5
ENPk0r1d9,MONAMI FACTORY Seongsu Branch,쇼핑,Shopping > Specialty > Shops > & > Stores,5,KOPk0r1d9:한국어|ENPk0r1d9:영어|JPPk0r1d9:일본어|CNPk0r1d9:중국어 간체|TCPk0r1d9:중국어 번체,5
ENPyd4kmy,Ginger House,쇼핑,Shopping > Specialty > Shops > & > Stores,5,KOPyd4kmy:한국어|ENPyd4kmy:영어|JPPyd4kmy:일본어|CNPyd4kmy:중국어 간체|TCPyd4kmy:중국어 번체,5
ENP4o6xl3,Calvin Klein Hongdae Branch,쇼핑,Shopping > Specialty > Shops > & > Stores,5,KOP4o6xl3:한국어|ENP4o6xl3:영어|JPP4o6xl3:일본어|CNP4o6xl3:중국어 간체|TCP4o6xl3:중국어 번체,5
ENPwlwiuo,Parsnips,쇼핑,Shopping > Specialty > Shops > & > Stores,6,KOPwlwiuo:한국어|ENPwlwiuo:영어|JPPwlwiuo:일본어|CNPwlwiuo:중국어 간체|TCPwlwiuo:중국어 번체,5
ENPhs5npl,Gwangseong Utong,쇼핑,Shopping,6,KOPhs5npl:한국어|ENPhs5npl:영어|JPPhs5npl:일본어|CNPhs5npl:중국어 간체|TCPhs5npl:중국어 번체,5
ENPv9kv5b,Ankyungbaksa,쇼핑,Shopping > Specialty > Shops > & > Stores,6,KOPv9kv5b:한국어|ENPv9kv5b:영어|JPPv9kv5b:일본어|CNPv9kv5b:중국어 간체|TCPv9kv5b:중국어 번체,5
ENPtw1dyr,Park Seon-yeong Traditional Hanbok Research,쇼핑,Shopping > Specialty > Shops > & > Stores,6,KOPtw1dyr:한국어|ENPtw1dyr:영어|JPPtw1dyr:일본어|CNPtw1dyr:중국어 간체|TCPtw1dyr:중국어 번체,5
ENPennz8o,Calvin Klein Myeong-dong,쇼핑,Shopping > Specialty > Shops > & > Stores,6,KOPennz8o:한국어|ENPennz8o:영어|JPPennz8o:일본어|CNPennz8o:중국어 간체|TCPennz8o:중국어 번체,5
ENPjxvczp,"PLAY IN THE BOX, The Hyundai Seoul Branch",쇼핑,Shopping > Specialty > Shops > & > Stores,6,KOPjxvczp:한국어|ENPjxvczp:영어|JPPjxvczp:일본어|CNPjxvczp:중국어 간체|TCPjxvczp:중국어 번체,5
ENPfuliol,MONOHA HANNAM,쇼핑,Shopping > Specialty > Shops > & > Stores,6,KOPfuliol:한국어|ENPfuliol:영어|JPPfuliol:일본어|CNPfuliol:중국어 간체|TCPfuliol:중국어 번체,5
ENPbj4if3,NR CERAMICS,쇼핑,Shopping > Specialty > Shops > & > Stores,6,KOPbj4if3:한국어|ENPbj4if3:영어|JPPbj4if3:일본어|CNPbj4if3:중국어 간체|TCPbj4if3:중국어 번체,5
ENPh102m6,Storage Book &amp; Film Rotary Branch,쇼핑,Shopping > Specialty > Shops > & > Stores,6,KOPh102m6:한국어|ENPh102m6:영어|JPPh102m6:일본어|CNPh102m6:중국어 간체|TCPh102m6:중국어 번체,5
ENPwnlgos,Goyoseosa,쇼핑,Shopping > Specialty > Shops > & > Stores,6,KOPwnlgos:한국어|ENPwnlgos:영어|JPPwnlgos:일본어|CNPwnlgos:중국어 간체|TCPwnlgos:중국어 번체,5
ENPguxwe8,Bank Holiday,쇼핑,Shopping > Specialty > Shops > & > Stores,6,KOPguxwe8:한국어|ENPguxwe8:영어|JPPguxwe8:일본어|CNPguxwe8:중국어 간체|TCPguxwe8:중국어 번체,5
ENP4g7mm3,Gajungsic Fabric,쇼핑,Shopping > Specialty > Shops > & > Stores,6,KOP4g7mm3:한국어|ENP4g7mm3:영어|JPP4g7mm3:일본어|CNP4g7mm3:중국어 간체|TCP4g7mm3:중국어 번체,5
ENPxbgr44,Soil Baker Jeongdong-gil,쇼핑,Shopping > Specialty > Shops > & > Stores,6,KOPxbgr44:한국어|ENPxbgr44:영어|JPPxbgr44:일본어|CNPxbgr44:중국어 간체|TCPxbgr44:중국어 번체,5
ENP2dr3he,Lotte Outlet Seoul Station,쇼핑,Shopping > Shopping > Malls > & > Outlets,6,KOP2dr3he:한국어|ENP2dr3he:영어,2
ENP27a0mo,Jewel Park,쇼핑,Shopping > Specialty > Shops > & > Stores,6,KOP27a0mo:한국어|ENP27a0mo:영어|JPP27a0mo:일본어|CNP27a0mo:중국어 간체|TCP27a0mo:중국어 번체,5
ENPlm37m4,Burdeng Children&#039;s Clothing,쇼핑,Shopping > Specialty > Shops > & > Stores,6,KOPlm37m4:한국어|ENPlm37m4:영어|JPPlm37m4:일본어|CNPlm37m4:중국어 간체|TCPlm37m4:중국어 번체,5
ENPl4du7k,Porky Kids Children&#039;s Clothing,쇼핑,Shopping > Specialty > Shops > & > Stores,6,KOPl4du7k:한국어|ENPl4du7k:영어|JPPl4du7k:일본어|CNPl4du7k:중국어 간체|TCPl4du7k:중국어 번체,5
ENP0gxkdq,NONFICTION Hannam,쇼핑,Shopping > Specialty > Shops > & > Stores,6,KOP0gxkdq:한국어|ENP0gxkdq:영어|JPP0gxkdq:일본어|CNP0gxkdq:중국어 간체|TCP0gxkdq:중국어 번체|RUP0gxkdq:러시아어|MLP0gxkdq:말레이어,7
ENP43to2h,Storage Book and Film,쇼핑,Shopping > Specialty > Shops > & > Stores,6,KOP43to2h:한국어|ENP43to2h:영어|JPP43to2h:일본어|CNP43to2h:중국어 간체|TCP43to2h:중국어 번체,5
ENPbxv0dg,The Book Society,쇼핑,Shopping > Specialty > Shops > & > Stores,6,KOPbxv0dg:한국어|ENPbxv0dg:영어|JPPbxv0dg:일본어|CNPbxv0dg:중국어 간체|TCPbxv0dg:중국어 번체,5
ENP7xadww,Gongneung-dong Dokkaebi Market,쇼핑,Shopping > Traditional > Markets,7,KOP7xadww:한국어|ENP7xadww:영어|JPP7xadww:일본어|CNP7xadww:중국어 간체|TCP7xadww:중국어 번체|RUP7xadww:러시아어|MLP7xadww:말레이어,7
ENPz1lgm9,Jiguboolsichak,쇼핑,Shopping > Specialty > Shops > & > Stores,7,KOPz1lgm9:한국어|ENPz1lgm9:영어|JPPz1lgm9:일본어|CNPz1lgm9:중국어 간체|TCPz1lgm9:중국어 번체|RUPz1lgm9:러시아어|MLPz1lgm9:말레이어,7
ENP30tdop,Your Mind,쇼핑,Shopping > Specialty > Shops > & > Stores,7,KOP30tdop:한국어|ENP30tdop:영어|JPP30tdop:일본어|CNP30tdop:중국어 간체|TCP30tdop:중국어 번체,5
ENPym8jdx,Mosaic West,쇼핑,Shopping > Specialty > Shops > & > Stores,7,KOPym8jdx:한국어|ENPym8jdx:영어|JPPym8jdx:일본어|CNPym8jdx:중국어 간체|TCPym8jdx:중국어 번체|RUPym8jdx:러시아어,6
ENPl7gype,Choong Ang Store,쇼핑,Shopping > Specialty > Shops > & > Stores,7,KOPl7gype:한국어|ENPl7gype:영어|JPPl7gype:일본어|CNPl7gype:중국어 간체|TCPl7gype:중국어 번체|RUPl7gype:러시아어,6
ENP8onuvv,Baekyang Laundry,쇼핑,Shopping > Specialty > Shops > & > Stores,7,KOP8onuvv:한국어|ENP8onuvv:영어|JPP8onuvv:일본어|CNP8onuvv:중국어 간체|TCP8onuvv:중국어 번체|RUP8onuvv:러시아어,6
ENPcx585q,TETEROTSALON,쇼핑,Shopping > Specialty > Shops > & > Stores,7,ENPcx585q:영어,1
ENPrvylta,K Bottle Shop,쇼핑,Shopping,7,KOPrvylta:한국어|ENPrvylta:영어|JPPrvylta:일본어|CNPrvylta:중국어 간체|TCPrvylta:중국어 번체,5
ENPb3kzdm,B&amp;C Market,쇼핑,Shopping,7,KOPb3kzdm:한국어|ENPb3kzdm:영어|JPPb3kzdm:일본어|CNPb3kzdm:중국어 간체|TCPb3kzdm:중국어 번체,5
ENPc90jlv,Wiggle Wiggle Flagship Store Dosan Branch,쇼핑,Shopping,7,KOPc90jlv:한국어|ENPc90jlv:영어|JPPc90jlv:일본어|CNPc90jlv:중국어 간체|TCPc90jlv:중국어 번체,5
ENPdyjr97,Butter Shop - Myeongdong Branch,쇼핑,Shopping,7,KOPdyjr97:한국어|ENPdyjr97:영어|JPPdyjr97:일본어|CNPdyjr97:중국어 간체|TCPdyjr97:중국어 번체,5
ENPksh9w1,Nursebalm,쇼핑,Shopping,7,KOPksh9w1:한국어|ENPksh9w1:영어|JPPksh9w1:일본어|CNPksh9w1:중국어 간체|TCPksh9w1:중국어 번체,5
ENP6ubtgx,SeeSaw Optical Store,쇼핑,Shopping,7,KOP6ubtgx:한국어|ENP6ubtgx:영어|JPP6ubtgx:일본어|CNP6ubtgx:중국어 간체|TCP6ubtgx:중국어 번체,5
ENPoigt91,MUSINSA EMPTY,쇼핑,Shopping > Specialty > Shops > & > Stores,7,KOPoigt91:한국어|ENPoigt91:영어|JPPoigt91:일본어|CNPoigt91:중국어 간체|TCPoigt91:중국어 번체,5
ENP58m9lc,Musinsa Terrace Seongsu,쇼핑,Shopping > Specialty > Shops > & > Stores,7,KOP58m9lc:한국어|ENP58m9lc:영어|JPP58m9lc:일본어|CNP58m9lc:중국어 간체|TCP58m9lc:중국어 번체|RUP58m9lc:러시아어|MLP58m9lc:말레이어,7
ENP5ietpk,Yemoonsa,쇼핑,Shopping > Specialty > Shops > & > Stores,7,KOP5ietpk:한국어|ENP5ietpk:영어|JPP5ietpk:일본어|CNP5ietpk:중국어 간체|TCP5ietpk:중국어 번체,5
ENPaw1wws,JS Shoes Design Lab,쇼핑,Shopping > Specialty > Shops > & > Stores,7,KOPaw1wws:한국어|ENPaw1wws:영어|JPPaw1wws:일본어|CNPaw1wws:중국어 간체|TCPaw1wws:중국어 번체,5
ENPpp5dae,Seungjun Toy,쇼핑,Shopping > Supermarkets > & > Warehouses,7,KOPpp5dae:한국어|ENPpp5dae:영어|JPPpp5dae:일본어|CNPpp5dae:중국어 간체|TCPpp5dae:중국어 번체,5
ENPs40x54,Dream Handmade,쇼핑,Shopping > Specialty > Shops > & > Stores,7,KOPs40x54:한국어|ENPs40x54:영어|JPPs40x54:일본어|CNPs40x54:중국어 간체|TCPs40x54:중국어 번체,5
ENPht2ct9,Hill string,쇼핑,Shopping > Specialty > Shops > & > Stores,7,KOPht2ct9:한국어|ENPht2ct9:영어|JPPht2ct9:일본어|CNPht2ct9:중국어 간체|TCPht2ct9:중국어 번체,5
ENPhujesr,Kyungeun Acoustic,쇼핑,Shopping > Specialty > Shops > & > Stores,8,KOPhujesr:한국어|ENPhujesr:영어|JPPhujesr:일본어|CNPhujesr:중국어 간체|TCPhujesr:중국어 번체,5
ENPrf5phm,Seoul Record,쇼핑,Shopping > Specialty > Shops > & > Stores,8,KOPrf5phm:한국어|ENPrf5phm:영어|JPPrf5phm:일본어|CNPrf5phm:중국어 간체|TCPrf5phm:중국어 번체,5
ENPozt8oi,Gentle Monster Haus Dosan,쇼핑,Shopping,8,KOPozt8oi:한국어|ENPozt8oi:영어|JPPozt8oi:일본어|CNPozt8oi:중국어 간체|TCPozt8oi:중국어 번체,5
ENPxc7u7g,Hapdeok Supermarket,쇼핑,Shopping > Specialty > Shops > & > Stores,8,KOPxc7u7g:한국어|ENPxc7u7g:영어|JPPxc7u7g:일본어|CNPxc7u7g:중국어 간체|TCPxc7u7g:중국어 번체,5
ENPygkpyt,Omnipeople Gallery,쇼핑,Shopping,8,KOPygkpyt:한국어|ENPygkpyt:영어|JPPygkpyt:일본어|CNPygkpyt:중국어 간체|TCPygkpyt:중국어 번체,5
ENP77xns8,Covernat Hongdae Flagship Store,쇼핑,Shopping,8,KOP77xns8:한국어|ENP77xns8:영어|JPP77xns8:일본어|CNP77xns8:중국어 간체|TCP77xns8:중국어 번체,5
ENPjuf6ry,Musinsa Standard Hongdae,쇼핑,Shopping,8,KOPjuf6ry:한국어|ENPjuf6ry:영어|JPPjuf6ry:일본어|CNPjuf6ry:중국어 간체|TCPjuf6ry:중국어 번체,5
ENPp5guss,Musinsa Standard Gangnam,쇼핑,Shopping,8,KOPp5guss:한국어|ENPp5guss:영어|JPPp5guss:일본어|CNPp5guss:중국어 간체|TCPp5guss:중국어 번체,5
ENPgloa3i,Ewha Myeongju,쇼핑,Shopping > Specialty > Shops > & > Stores,8,KOPgloa3i:한국어|ENPgloa3i:영어|JPPgloa3i:일본어|CNPgloa3i:중국어 간체|TCPgloa3i:중국어 번체,5
ENP61vxfa,Gembros Gioro Jewelry,쇼핑,Shopping > Specialty > Shops > & > Stores,8,KOP61vxfa:한국어|ENP61vxfa:영어|JPP61vxfa:일본어|CNP61vxfa:중국어 간체|TCP61vxfa:중국어 번체,5
ENP8tfd7i,Geumbok Store,쇼핑,Shopping > Specialty > Shops > & > Stores,8,KOP8tfd7i:한국어|ENP8tfd7i:영어|JPP8tfd7i:일본어|CNP8tfd7i:중국어 간체|TCP8tfd7i:중국어 번체,5
ENPh55o29,MECLADS Hannam-dong Select Shop,쇼핑,Shopping,8,KOPh55o29:한국어|ENPh55o29:영어|JPPh55o29:일본어|CNPh55o29:중국어 간체|TCPh55o29:중국어 번체,5
ENPe6lrh6,Midopa Flower Cafe,쇼핑,Shopping > Specialty > Shops > & > Stores,8,KOPe6lrh6:한국어|ENPe6lrh6:영어|JPPe6lrh6:일본어|CNPe6lrh6:중국어 간체|TCPe6lrh6:중국어 번체,5
ENPald1vp,Men to Men Tailor Shop,쇼핑,Shopping > Specialty > Shops > & > Stores,8,KOPald1vp:한국어|ENPald1vp:영어|JPPald1vp:일본어|CNPald1vp:중국어 간체|TCPald1vp:중국어 번체,5
ENPb4qyjm,Ssangma Studio,쇼핑,Shopping > Specialty > Shops > & > Stores,8,KOPb4qyjm:한국어|ENPb4qyjm:영어|JPPb4qyjm:일본어|CNPb4qyjm:중국어 간체|TCPb4qyjm:중국어 번체,5
ENPrs9x47,Hyeseong Hair Shop,쇼핑,Shopping > Specialty > Shops > & > Stores,8,KOPrs9x47:한국어|ENPrs9x47:영어|JPPrs9x47:일본어|CNPrs9x47:중국어 간체|TCPrs9x47:중국어 번체,5
ENP3iuk2x,Lee Frameshop,쇼핑,Shopping,8,KOP3iuk2x:한국어|ENP3iuk2x:영어|JPP3iuk2x:일본어|CNP3iuk2x:중국어 간체|TCP3iuk2x:중국어 번체,5
ENPkv7z3y,Itaewon Books,쇼핑,Shopping,8,KOPkv7z3y:한국어|ENPkv7z3y:영어|JPPkv7z3y:일본어|CNPkv7z3y:중국어 간체|TCPkv7z3y:중국어 번체,5
ENPx2foc9,Kwangya@Seoul,쇼핑,Shopping > Shopping > Malls > & > Outlets,8,KOPx2foc9:한국어|ENPx2foc9:영어|JPPx2foc9:일본어|CNPx2foc9:중국어 간체|TCPx2foc9:중국어 번체,5
ENPqc1t0c,Gnal,쇼핑,Shopping > Specialty > Shops > & > Stores,8,KOPqc1t0c:한국어|ENPqc1t0c:영어|JPPqc1t0c:일본어|CNPqc1t0c:중국어 간체|TCPqc1t0c:중국어 번체,5
ENPpic8xu,Enter-6 Fashion Mall,쇼핑,Shopping > Shopping > Malls > & > Outlets,9,KOPpic8xu:한국어|ENPpic8xu:영어|JPPpic8xu:일본어|CNPpic8xu:중국어 간체|TCPpic8xu:중국어 번체,5
ENP041995,Myeongdong Cathedral Bookstore,쇼핑,Shopping > Specialty > Shops > & > Stores,9,KOP041995:한국어|ENP041995:영어|JPP041995:일본어|CNP041995:중국어 간체|TCP041995:중국어 번체,5
ENP041965,Hoegi Station Pajeon Alley,쇼핑,Shopping,9,KOP041965:한국어|ENP041965:영어|JPP041965:일본어|CNP041965:중국어 간체|TCP041965:중국어 번체,5
ENP041964,Cheongnyangni Tongdak Alley,쇼핑,Shopping,9,KOP041964:한국어|ENP041964:영어|JPP041964:일본어|CNP041964:중국어 간체|TCP041964:중국어 번체,5
ENP041963,Cheongnyangni Traditional Market,쇼핑,Shopping,9,KOP041963:한국어|ENP041963:영어|JPP041963:일본어|CNP041963:중국어 간체|TCP041963:중국어 번체,5
ENP041950,Namdaemun Kalguksu Alley,쇼핑,Shopping,9,KOP041950:한국어|ENP041950:영어|JPP041950:일본어|CNP041950:중국어 간체|TCP041950:중국어 번체,5
ENP041949,Namdaemun Galchi-jorim(Hairtail) Alley,쇼핑,Shopping,9,KOP041949:한국어|ENP041949:영어|JPP041949:일본어|CNP041949:중국어 간체|TCP041949:중국어 번체,5
ENP041871,House of Aromatica,쇼핑,Shopping,9,KOP041871:한국어|ENP041871:영어|JPP041871:일본어|CNP041871:중국어 간체|TCP041871:중국어 번체,5
ENP041870,Ader Space 3.0 Flagship Store,쇼핑,Shopping,9,KOP041870:한국어|ENP041870:영어|JPP041870:일본어|CNP041870:중국어 간체|TCP041870:중국어 번체,5
ENP041868,RECTO,쇼핑,Shopping > Specialty > Shops > & > Stores,9,KOP041868:한국어|ENP041868:영어|JPP041868:일본어|CNP041868:중국어 간체|TCP041868:중국어 번체,5
ENP041854,8DIVISION,쇼핑,Shopping > Specialty > Shops > & > Stores,9,KOP041854:한국어|ENP041854:영어|JPP041854:일본어|CNP041854:중국어 간체|TCP041854:중국어 번체,5
ENP041787,Ssangnidan-gil,쇼핑,Shopping,9,KOP041787:한국어|ENP041787:영어|JPP041787:일본어|CNP041787:중국어 간체|TCP041787:중국어 번체,5
ENP041786,Songridan-gil,쇼핑,Shopping > Shopping > Malls > & > Outlets,9,KOP041786:한국어|ENP041786:영어|JPP041786:일본어|CNP041786:중국어 간체|TCP041786:중국어 번체,5
ENP041785,Mangridan-gil,쇼핑,Shopping,9,KOP041785:한국어|ENP041785:영어|JPP041785:일본어|CNP041785:중국어 간체|TCP041785:중국어 번체,5
ENP041784,Gyeongnidan-gil,쇼핑,Shopping > Shopping > Malls > & > Outlets,9,KOP041784:한국어|ENP041784:영어|JPP041784:일본어|CNP041784:중국어 간체|TCP041784:중국어 번체,5
ENP041772,Warmgrey Tail,쇼핑,Shopping,9,KOP041772:한국어|ENP041772:영어|JPP041772:일본어|CNP041772:중국어 간체|TCP041772:중국어 번체|RUP041772:러시아어|MLP041772:말레이어,7
ENP038445,Sulwhasoo Flagship Store,쇼핑,Shopping > Specialty > Shops > & > Stores,9,KOP038445:한국어|ENP038445:영어|JPP038445:일본어|CNP038445:중국어 간체|TCP038445:중국어 번체|RUP038445:러시아어|MLP038445:말레이어,7
ENP038400,Gentle Monster Hongdae Flagship Store,쇼핑,Shopping > Specialty > Shops > & > Stores,9,KOP038400:한국어|ENP038400:영어|JPP038400:일본어|CNP038400:중국어 간체|TCP038400:중국어 번체|RUP038400:러시아어|MLP038400:말레이어,7
ENP038399,Amore Pacific Flagship Store (Seongsu),쇼핑,Shopping > Specialty > Shops > & > Stores,9,KOP038399:한국어|ENP038399:영어|JPP038399:일본어|CNP038399:중국어 간체|TCP038399:중국어 번체|RUP038399:러시아어|MLP038399:말레이어,7
ENP038195,Seoul Central Market,쇼핑,Shopping > Traditional > Markets,9,KOP038195:한국어|ENP038195:영어|JPP038195:일본어|CNP038195:중국어 간체|TCP038195:중국어 번체|RUP038195:러시아어|MLP038195:말레이어,7
ENP037951,Shinheung Market,쇼핑,Shopping > Traditional > Markets,10,KOP037951:한국어|ENP037951:영어|JPP037951:일본어|CNP037951:중국어 간체|TCP037951:중국어 번체|RUP037951:러시아어|MLP037951:말레이어,7
ENP037950,Mangwon Market,쇼핑,Shopping > Traditional > Markets,10,KOP037950:한국어|ENP037950:영어|JPP037950:일본어|CNP037950:중국어 간체|TCP037950:중국어 번체|RUP037950:러시아어|MLP037950:말레이어,7
ENP037934,Ssamzi-gil,쇼핑,Shopping > Shopping > Malls > & > Outlets,10,KOP037934:한국어|ENP037934:영어|JPP037934:일본어|CNP037934:중국어 간체|TCP037934:중국어 번체|RUP037934:러시아어|MLP037934:말레이어,7
ENP037890,Sewoon Cheonggye Shopping Center,쇼핑,Shopping > Shopping > Malls > & > Outlets,10,KOP037890:한국어|ENP037890:영어|JPP037890:일본어|CNP037890:중국어 간체|TCP037890:중국어 번체|RUP037890:러시아어|MLP037890:말레이어,7
ENP037815,Almang Market,쇼핑,Shopping > Specialty > Shops > & > Stores,10,KOP037815:한국어|ENP037815:영어|JPP037815:일본어|CNP037815:중국어 간체|TCP037815:중국어 번체|RUP037815:러시아어|MLP037815:말레이어,7
ENP037170,The Hyundai Seoul,쇼핑,Shopping > Department > Stores,10,KOP037170:한국어|ENP037170:영어|JPP037170:일본어|CNP037170:중국어 간체|TCP037170:중국어 번체|RUP037170:러시아어|MLP037170:말레이어,7
ENP034835,Seoul Donghaeng(Companion) Store,쇼핑,Shopping > Specialty > Shops > & > Stores,10,KOP034835:한국어|ENP034835:영어|JPP034835:일본어|CNP034835:중국어 간체|TCP034835:중국어 번체|RUP034835:러시아어|MLP034835:말레이어,7
ENP034490,Lumiere,쇼핑,Shopping > Specialty > Shops > & > Stores,10,KOP034490:한국어|ENP034490:영어|JPP034490:일본어|CNP034490:중국어 간체|TCP034490:중국어 번체|RUP034490:러시아어,6
ENP034459,Stylenanda,쇼핑,Shopping > Specialty > Shops > & > Stores,10,KOP034459:한국어|ENP034459:영어|JPP034459:일본어|CNP034459:중국어 간체|TCP034459:중국어 번체|RUP034459:러시아어|MLP034459:말레이어,7
ENP031984,Jeil Market,쇼핑,Shopping > Traditional > Markets,10,KOP031984:한국어|ENP031984:영어|JPP031984:일본어|CNP031984:중국어 간체|TCP031984:중국어 번체|RUP031984:러시아어,6
ENP031944,Jeungsan Market,쇼핑,Shopping > Traditional > Markets,10,KOP031944:한국어|ENP031944:영어|JPP031944:일본어|CNP031944:중국어 간체|TCP031944:중국어 번체|RUP031944:러시아어|MLP031944:말레이어,7
ENP012775,Yongsan ETLand,쇼핑,Shopping > Specialty > Shops > & > Stores,10,KOP012775:한국어|ENP012775:영어|JPP012775:일본어|CNP012775:중국어 간체|TCP012775:중국어 번체|RUP012775:러시아어,6
ENP029716,Seongwoo Barbershop,쇼핑,Shopping > Specialty > Shops > & > Stores,10,KOP029716:한국어|ENP029716:영어|JPP029716:일본어|CNP029716:중국어 간체|TCP029716:중국어 번체|RUP029716:러시아어|MLP029716:말레이어,7
ENP029715,Gaemi Supermarket,쇼핑,Shopping > Specialty > Shops > & > Stores,10,KOP029715:한국어|ENP029715:영어|JPP029715:일본어|CNP029715:중국어 간체|TCP029715:중국어 번체|RUP029715:러시아어|MLP029715:말레이어,7
ENP029550,Common Ground,쇼핑,Shopping > Specialty > Shops > & > Stores,10,KOP029550:한국어|ENP029550:영어|JPP029550:일본어|CNP029550:중국어 간체|TCP029550:중국어 번체|RUP029550:러시아어|MLP029550:말레이어,7
ENP029546,Goto Mall,쇼핑,Shopping > Shopping > Malls > & > Outlets,10,KOP029546:한국어|ENP029546:영어|JPP029546:일본어|CNP029546:중국어 간체|TCP029546:중국어 번체|RUP029546:러시아어|MLP029546:말레이어,7
ENP029236,Oh!Zemidong,쇼핑,Shopping > Specialty > Shops > & > Stores,10,KOP029236:한국어|ENP029236:영어|JPP029236:일본어|CNP029236:중국어 간체|TCP029236:중국어 번체,5
ENP029052,Itaewon Antique Furniture Street,쇼핑,Shopping > Traditional > Markets,10,KOP029052:한국어|ENP029052:영어|JPP029052:일본어|CNP029052:중국어 간체|TCP029052:중국어 번체|RUP029052:러시아어,6
ENP029048,Hansin Pottery,쇼핑,Shopping > Specialty > Shops > & > Stores,10,KOP029048:한국어|ENP029048:영어|JPP029048:일본어|CNP029048:중국어 간체|TCP029048:중국어 번체|RUP029048:러시아어,6
ENP028335,Gongdeok Market,쇼핑,Shopping > Traditional > Markets,10,KOP028335:한국어|ENP028335:영어|JPP028335:일본어|CNP028335:중국어 간체|TCP028335:중국어 번체|RUP028335:러시아어,6
ENP028332,HONGIKMUNGO,쇼핑,Shopping > Specialty > Shops > & > Stores,11,KOP028332:한국어|ENP028332:영어|JPP028332:일본어|CNP028332:중국어 간체|TCP028332:중국어 번체|RUP028332:러시아어,6
ENP028328,Chunchusa,쇼핑,Shopping > Specialty > Shops > & > Stores,11,KOP028328:한국어|ENP028328:영어|JPP028328:일본어|CNP028328:중국어 간체|TCP028328:중국어 번체,5
ENP028327,Yeonhee Photo Studio,쇼핑,Shopping > Specialty > Shops > & > Stores,11,KOP028327:한국어|ENP028327:영어|JPP028327:일본어|CNP028327:중국어 간체|TCP028327:중국어 번체,5
ENP028255,Geumnam Market,쇼핑,Shopping > Traditional > Markets,11,KOP028255:한국어|ENP028255:영어|JPP028255:일본어|CNP028255:중국어 간체|TCP028255:중국어 번체|RUP028255:러시아어,6
ENP028254,Yeonseo Market,쇼핑,Shopping > Traditional > Markets,11,KOP028254:한국어|ENP028254:영어|JPP028254:일본어|CNP028254:중국어 간체|TCP028254:중국어 번체|RUP028254:러시아어|MLP028254:말레이어,7
ENP028253,Dongnimmun Yeongcheon Market,쇼핑,Shopping > Traditional > Markets,11,KOP028253:한국어|ENP028253:영어|JPP028253:일본어|CNP028253:중국어 간체|TCP028253:중국어 번체|RUP028253:러시아어|MLP028253:말레이어,7
ENP028252,Namseong Market,쇼핑,Shopping > Traditional > Markets,11,KOP028252:한국어|ENP028252:영어|JPP028252:일본어|CNP028252:중국어 간체|TCP028252:중국어 번체|RUP028252:러시아어|MLP028252:말레이어,7
ENP028251,Daerim Jungang Market,쇼핑,Shopping > Traditional > Markets,11,KOP028251:한국어|ENP028251:영어|JPP028251:일본어|CNP028251:중국어 간체|TCP028251:중국어 번체|RUP028251:러시아어|MLP028251:말레이어,7
ENP028057,Haechang Tailor Shop,쇼핑,Shopping > Specialty > Shops > & > Stores,11,KOP028057:한국어|ENP028057:영어|JPP028057:일본어|CNP028057:중국어 간체|TCP028057:중국어 번체|RUP028057:러시아어,6
ENP028052,Geulbeot Books,쇼핑,Shopping > Specialty > Shops > & > Stores,11,KOP028052:한국어|ENP028052:영어|JPP028052:일본어|CNP028052:중국어 간체|TCP028052:중국어 번체|RUP028052:러시아어,6
ENP028051,Homi Art Shop,쇼핑,Shopping > Specialty > Shops > & > Stores,11,KOP028051:한국어|ENP028051:영어|JPP028051:일본어|CNP028051:중국어 간체|TCP028051:중국어 번체|RUP028051:러시아어,6
ENP027812,Gawon Craft Studio,쇼핑,Shopping > Specialty > Shops > & > Stores,11,KOP027812:한국어|ENP027812:영어|JPP027812:일본어|CNP027812:중국어 간체|TCP027812:중국어 번체,5
ENP027649,Seongsu Handmade Shoes Street,쇼핑,Shopping > Specialty > Shops > & > Stores,11,KOP027649:한국어|ENP027649:영어|JPP027649:일본어|CNP027649:중국어 간체|TCP027649:중국어 번체|RUP027649:러시아어|MLP027649:말레이어,7
ENP027472,Dol Record,쇼핑,Shopping > Specialty > Shops > & > Stores,11,KOP027472:한국어|ENP027472:영어|JPP027472:일본어|CNP027472:중국어 간체|TCP027472:중국어 번체|RUP027472:러시아어|MLP027472:말레이어,7
ENP027468,Daegu Sesame Oil,쇼핑,Shopping > Specialty > Shops > & > Stores,11,KOP027468:한국어|ENP027468:영어|JPP027468:일본어|CNP027468:중국어 간체|TCP027468:중국어 번체|RUP027468:러시아어|MLP027468:말레이어,7
ENP027304,Kakao Friends (Hongdae Flagship),쇼핑,Shopping > Specialty > Shops > & > Stores,11,KOP027304:한국어|ENP027304:영어|JPP027304:일본어|CNP027304:중국어 간체|TCP027304:중국어 번체|RUP027304:러시아어,6
ENP026965,Garak Mall,쇼핑,Shopping > Traditional > Markets,11,KOP026965:한국어|ENP026965:영어|JPP026965:일본어|CNP026965:중국어 간체|TCP026965:중국어 번체|RUP026965:러시아어|MLP026965:말레이어,7
ENP026964,Pyounghwa (Pyeonghwa) Market,쇼핑,Shopping > Traditional > Markets,11,KOP026964:한국어|ENP026964:영어|JPP026964:일본어|CNP026964:중국어 간체|TCP026964:중국어 번체|RUP026964:러시아어|MLP026964:말레이어,7
ENP026956,HY Tailor,쇼핑,Shopping > Specialty > Shops > & > Stores,11,KOP026956:한국어|ENP026956:영어|JPP026956:일본어|CNP026956:중국어 간체|TCP026956:중국어 번체|RUP026956:러시아어|MLP026956:말레이어,7
ENP026955,Songlim,쇼핑,Shopping > Specialty > Shops > & > Stores,11,KOP026955:한국어|ENP026955:영어|JPP026955:일본어|CNP026955:중국어 간체|TCP026955:중국어 번체|RUP026955:러시아어|MLP026955:말레이어,7
ENP026954,Park Indang,쇼핑,Shopping > Specialty > Shops > & > Stores,12,KOP026954:한국어|ENP026954:영어|JPP026954:일본어|CNP026954:중국어 간체|TCP026954:중국어 번체|RUP026954:러시아어|MLP026954:말레이어,7
ENP026953,Munhwa Barber Shop,쇼핑,Shopping > Specialty > Shops > & > Stores,12,ENP026953:영어|JPP026953:일본어|CNP026953:중국어 간체|TCP026953:중국어 번체|MLP026953:말레이어,5
ENP025931,The store from Tong-in,쇼핑,Shopping > Traditional > Markets,12,KOP025931:한국어|ENP025931:영어|JPP025931:일본어|CNP025931:중국어 간체|TCP025931:중국어 번체|RUP025931:러시아어,6
ENP025930,Tongmungwan,쇼핑,Shopping > Specialty > Shops > & > Stores,12,KOP025930:한국어|ENP025930:영어|JPP025930:일본어|CNP025930:중국어 간체|TCP025930:중국어 번체|RUP025930:러시아어|MLP025930:말레이어,7
ENP025929,Talbang,쇼핑,Shopping > Specialty > Shops > & > Stores,12,KOP025929:한국어|ENP025929:영어|JPP025929:일본어|CNP025929:중국어 간체|TCP025929:중국어 번체,5
ENP025928,Napcheong Bronzeware,쇼핑,Shopping > Specialty > Shops > & > Stores,12,KOP025928:한국어|ENP025928:영어|JPP025928:일본어|CNP025928:중국어 간체|TCP025928:중국어 번체|RUP025928:러시아어|MLP025928:말레이어,7
ENP025768,Popcon D Square,쇼핑,Shopping > Specialty > Shops > & > Stores,12,KOP025768:한국어|ENP025768:영어|JPP025768:일본어|CNP025768:중국어 간체|TCP025768:중국어 번체,5
ENP024705,Gukseon Otchil,쇼핑,Shopping > Specialty > Shops > & > Stores,12,KOP024705:한국어|ENP024705:영어|JPP024705:일본어|CNP024705:중국어 간체|TCP024705:중국어 번체|RUP024705:러시아어|MLP024705:말레이어,7
ENP024703,Koohasanbang,쇼핑,Shopping > Specialty > Shops > & > Stores,12,KOP024703:한국어|ENP024703:영어|JPP024703:일본어|CNP024703:중국어 간체|TCP024703:중국어 번체|RUP024703:러시아어|MLP024703:말레이어,7
ENP024708,Chong Ro Tailor,쇼핑,Shopping > Specialty > Shops > & > Stores,12,KOP024708:한국어|ENP024708:영어|JPP024708:일본어|CNP024708:중국어 간체|TCP024708:중국어 번체|RUP024708:러시아어|MLP024708:말레이어,7
ENP024463,Shinsegae Duty Free,쇼핑,Shopping > Duty > Free > Shops,12,KOP024463:한국어|ENP024463:영어|JPP024463:일본어|CNP024463:중국어 간체|TCP024463:중국어 번체|RUP024463:러시아어,6
ENP024420,National Souvenir Center,쇼핑,Shopping > Specialty > Shops > & > Stores,12,KOP024420:한국어|ENP024420:영어|JPP024420:일본어|CNP024420:중국어 간체|TCP024420:중국어 번체|RUP024420:러시아어,6
ENP001272,Pungwoldang,쇼핑,Shopping > Specialty > Shops > & > Stores,12,KOP001272:한국어|ENP001272:영어|JPP001272:일본어|CNP001272:중국어 간체|TCP001272:중국어 번체|RUP001272:러시아어,6
ENP022993,Jung Saem Mool Plops,쇼핑,Shopping > Specialty > Shops > & > Stores,12,KOP022993:한국어|ENP022993:영어|JPP022993:일본어|CNP022993:중국어 간체|TCP022993:중국어 번체,5
ENP020328,BOONTHESHOP CHEONGDAM,쇼핑,Shopping,12,KOP020328:한국어|ENP020328:영어|JPP020328:일본어|CNP020328:중국어 간체|TCP020328:중국어 번체,5
ENP020070,Gentle Monster Sinsa Flagship Store,쇼핑,Shopping > Specialty > Shops > & > Stores,12,KOP020070:한국어|ENP020070:영어|JPP020070:일본어|CNP020070:중국어 간체|TCP020070:중국어 번체|RUP020070:러시아어,6
ENP020068,Culture And Nature,쇼핑,Shopping > Specialty > Shops > & > Stores,12,KOP020068:한국어|ENP020068:영어|JPP020068:일본어|CNP020068:중국어 간체|TCP020068:중국어 번체|RUP020068:러시아어,6
ENP020048,A. by BOM,쇼핑,Shopping > Specialty > Shops > & > Stores,12,KOP020048:한국어|ENP020048:영어|JPP020048:일본어|CNP020048:중국어 간체|TCP020048:중국어 번체|RUP020048:러시아어,6
ENP020034,ARTAGE,쇼핑,Shopping > Specialty > Shops > & > Stores,12,KOP020034:한국어|ENP020034:영어|JPP020034:일본어|CNP020034:중국어 간체|TCP020034:중국어 번체|RUP020034:러시아어,6
ENP020152,WE11DONE FLAGSHIP STORE,쇼핑,Shopping > Specialty > Shops > & > Stores,12,KOP020152:한국어|ENP020152:영어|JPP020152:일본어|CNP020152:중국어 간체|TCP020152:중국어 번체|RUP020152:러시아어,6
ENP019124,Goorooroo,쇼핑,Shopping > Specialty > Shops > & > Stores,13,KOP019124:한국어|ENP019124:영어|JPP019124:일본어|CNP019124:중국어 간체|TCP019124:중국어 번체|RUP019124:러시아어,6
ENP017740,Gangnam Station Underground Shopping Center,쇼핑,Shopping > Shopping > Malls > & > Outlets,13,KOP017740:한국어|ENP017740:영어|JPP017740:일본어|CNP017740:중국어 간체|TCP017740:중국어 번체|RUP017740:러시아어,6
ENP017598,Shinsegae Department Store (Main Store),쇼핑,Shopping > Department > Stores,13,KOP017598:한국어|ENP017598:영어|JPP017598:일본어|CNP017598:중국어 간체|TCP017598:중국어 번체,5
ENP016352,Shilla IPark Duty Free,쇼핑,Shopping > Duty > Free > Shops,13,KOP016352:한국어|ENP016352:영어|JPP016352:일본어|CNP016352:중국어 간체|TCP016352:중국어 번체|RUP016352:러시아어,6
ENP015859,Lotte World Mall,쇼핑,Shopping > Department > Stores,13,KOP015859:한국어|ENP015859:영어|JPP015859:일본어|CNP015859:중국어 간체|TCP015859:중국어 번체|RUP015859:러시아어|MLP015859:말레이어,7
ENP015857,Enter6 Wangsimni Store,쇼핑,Shopping > Department > Stores,13,KOP015857:한국어|ENP015857:영어|JPP015857:일본어|CNP015857:중국어 간체|TCP015857:중국어 번체|RUP015857:러시아어,6
ENP015847,Beauty Boulevard,쇼핑,Shopping > Specialty > Shops > & > Stores,13,KOP015847:한국어|ENP015847:영어|JPP015847:일본어|CNP015847:중국어 간체|TCP015847:중국어 번체|RUP015847:러시아어,6
ENP002106,Jongno Jewelry Shopping Street,쇼핑,Shopping > Specialty > Shops > & > Stores,13,KOP002106:한국어|ENP002106:영어|JPP002106:일본어|CNP002106:중국어 간체|TCP002106:중국어 번체,5
ENP001600,Seoul Folk Flea Market,쇼핑,Shopping > Traditional > Markets,13,KOP001600:한국어|ENP001600:영어|JPP001600:일본어|CNP001600:중국어 간체|TCP001600:중국어 번체|RUP001600:러시아어|MLP001600:말레이어,7
ENP001356,Seoul Yangnyeong Market,쇼핑,Shopping > Traditional > Markets,13,KOP001356:한국어|ENP001356:영어|JPP001356:일본어|CNP001356:중국어 간체|TCP001356:중국어 번체|RUP001356:러시아어|MLP001356:말레이어,7
ENP001307,Cheongdamdong Fashion Street,쇼핑,Shopping > Shopping > Malls > & > Outlets,13,KOP001307:한국어|ENP001307:영어|JPP001307:일본어|CNP001307:중국어 간체|TCP001307:중국어 번체|RUP001307:러시아어|MLP001307:말레이어,7
ENP000559,Hoehyeon Underground Shopping Center,쇼핑,Shopping > Shopping > Malls > & > Outlets,13,KOP000559:한국어|ENP000559:영어|JPP000559:일본어|CNP000559:중국어 간체|TCP000559:중국어 번체|RUP000559:러시아어,6
ENP000541,Lotte Mart Zettaplex (Seoul Station),쇼핑,Shopping > Supermarkets > & > Warehouses,13,KOP000541:한국어|ENP000541:영어|JPP000541:일본어|CNP000541:중국어 간체|TCP000541:중국어 번체|RUP000541:러시아어,6
ENP000528,Sogong Underground Shopping Center,쇼핑,Shopping > Shopping > Malls > & > Outlets,13,KOP000528:한국어|ENP000528:영어|JPP000528:일본어,3
ENP000521,Shilla Duty Free Shop,쇼핑,Shopping > Shopping > Malls > & > Outlets,13,KOP000521:한국어|ENP000521:영어|JPP000521:일본어|CNP000521:중국어 간체|TCP000521:중국어 번체|RUP000521:러시아어,6
ENP000465,Jenny House,쇼핑,Shopping > Specialty > Shops > & > Stores,13,KOP000465:한국어|ENP000465:영어|JPP000465:일본어|CNP000465:중국어 간체|TCP000465:중국어 번체|RUP000465:러시아어,6
ENP000511,Cheonggye 5-ga Underground Shopping Center,쇼핑,Shopping > Traditional > Markets,13,KOP000511:한국어|ENP000511:영어,2
ENP000503,Kyobo HOTTRACKS (Gwanghwamun Branch),쇼핑,Shopping > Specialty > Shops > & > Stores,13,KOP000503:한국어|ENP000503:영어|JPP000503:일본어|CNP000503:중국어 간체|RUP000503:러시아어|MLP000503:말레이어,6
ENP000502,Jongoh Underground Shopping Center,쇼핑,Shopping > Shopping > Malls > & > Outlets,13,KOP000502:한국어|ENP000502:영어|JPP000502:일본어|RUP000502:러시아어,4
ENP000491,Hongdae Free Market,쇼핑,Shopping > Specialty > Shops > & > Stores,13,KOP000491:한국어|ENP000491:영어|JPP000491:일본어|CNP000491:중국어 간체|TCP000491:중국어 번체|RUP000491:러시아어,6
ENP000490,Mario Outlet,쇼핑,Shopping > Shopping > Malls > & > Outlets,14,KOP000490:한국어|ENP000490:영어|JPP000490:일본어|CNP000490:중국어 간체|TCP000490:중국어 번체|RUP000490:러시아어|MLP000490:말레이어,7
ENP000488,Jonggak Underground Shopping Center,쇼핑,Shopping > Shopping > Malls > & > Outlets,14,KOP000488:한국어|ENP000488:영어|JPP000488:일본어|RUP000488:러시아어,4
ENP000475,Galleria Luxury Hall,쇼핑,Shopping > Department > Stores,14,KOP000475:한국어|ENP000475:영어|JPP000475:일본어|CNP000475:중국어 간체|TCP000475:중국어 번체|RUP000475:러시아어,6
ENP000444,Geumcheon Course,쇼핑,Shopping > Shopping > Malls > & > Outlets,14,KOP000444:한국어|ENP000444:영어|JPP000444:일본어|CNP000444:중국어 간체|TCP000444:중국어 번체,5
ENP000416,Doota Mall,쇼핑,Shopping > Shopping > Malls > & > Outlets,14,KOP000416:한국어|ENP000416:영어|JPP000416:일본어|CNP000416:중국어 간체|TCP000416:중국어 번체|RUP000416:러시아어,6
ENP000419,IFC Mall,쇼핑,Shopping > Department > Stores,14,KOP000419:한국어|ENP000419:영어|JPP000419:일본어|CNP000419:중국어 간체|TCP000419:중국어 번체|RUP000419:러시아어|MLP000419:말레이어,7
ENP000403,Times Square,쇼핑,Shopping > Department > Stores,14,KOP000403:한국어|ENP000403:영어|JPP000403:일본어|CNP000403:중국어 간체|TCP000403:중국어 번체|RUP000403:러시아어|MLP000403:말레이어,7
ENP000291,Garosu-gil Road,쇼핑,Shopping > Shopping > Malls > & > Outlets,14,KOP000291:한국어|ENP000291:영어|JPP000291:일본어|CNP000291:중국어 간체|TCP000291:중국어 번체|RUP000291:러시아어,6
ENP000286,Gwangjang Market,쇼핑,Shopping > Traditional > Markets,14,KOP000286:한국어|ENP000286:영어|JPP000286:일본어|CNP000286:중국어 간체|TCP000286:중국어 번체|RUP000286:러시아어|MLP000286:말레이어,7
ENP000281,Tongin Market,쇼핑,Shopping > Traditional > Markets,14,KOP000281:한국어|ENP000281:영어|JPP000281:일본어|CNP000281:중국어 간체|TCP000281:중국어 번체|RUP000281:러시아어,6
ENP000268,COEX Mall,쇼핑,Shopping > Department > Stores,14,KOP000268:한국어|ENP000268:영어|JPP000268:일본어|CNP000268:중국어 간체|TCP000268:중국어 번체|RUP000268:러시아어|MLP000268:말레이어,7
ENP000217,Lotte Duty Free Shop,쇼핑,Shopping > Duty > Free > Shops,14,KOP000217:한국어|ENP000217:영어|JPP000217:일본어|CNP000217:중국어 간체|TCP000217:중국어 번체|RUP000217:러시아어|MLP000217:말레이어,7
ENP000190,Changsin-dong Toy Wholesale Market,쇼핑,Shopping > Specialty > Shops > & > Stores,14,KOP000190:한국어|ENP000190:영어|JPP000190:일본어|CNP000190:중국어 간체|TCP000190:중국어 번체|RUP000190:러시아어,6
ENP000170,Dongdaemun Shopping Complex and Shopping Town,쇼핑,Shopping > Shopping > Malls > & > Outlets,14,KOP000170:한국어|ENP000170:영어|JPP000170:일본어|CNP000170:중국어 간체|TCP000170:중국어 번체|RUP000170:러시아어|MLP000170:말레이어,7
ENP000085,Namdaemun Market,쇼핑,Shopping > Traditional > Markets,14,KOP000085:한국어|ENP000085:영어|JPP000085:일본어|CNP000085:중국어 간체|TCP000085:중국어 번체|RUP000085:러시아어|MLP000085:말레이어,7
ENP000067,Myeongdong,쇼핑,Shopping > Shopping > Malls > & > Outlets,14,KOP000067:한국어|ENP000067:영어|JPP000067:일본어|CNP000067:중국어 간체|TCP000067:중국어 번체|RUP000067:러시아어|MLP000067:말레이어,7
ENP000061,Dongdaemun Market,쇼핑,Shopping > Traditional > Markets,14,KOP000061:한국어|ENP000061:영어|JPP000061:일본어|CNP000061:중국어 간체|TCP000061:중국어 번체|RUP000061:러시아어|MLP000061:말레이어,7
ENP009885,E-Mart (Wangsimni Branch),쇼핑,Shopping > Supermarkets > & > Warehouses,14,KOP009885:한국어|ENP009885:영어|JPP009885:일본어|CNP009885:중국어 간체|TCP009885:중국어 번체|RUP009885:러시아어,6
ENP011469,Myeong-dong Tourist Information Center,쇼핑,Shopping,14,KOP011469:한국어|ENP011469:영어|JPP011469:일본어|CNP011469:중국어 간체|TCP011469:중국어 번체|RUP011469:러시아어,6
ENP011781,Saegimsori,쇼핑,Shopping > Specialty > Shops > & > Stores,14,KOP011781:한국어|ENP011781:영어|JPP011781:일본어|CNP011781:중국어 간체|TCP011781:중국어 번체|RUP011781:러시아어,6
ENP011882,Jung Saem Mool Inspiration,쇼핑,Shopping > Specialty > Shops > & > Stores,15,KOP011882:한국어|ENP011882:영어|JPP011882:일본어|CNP011882:중국어 간체|TCP011882:중국어 번체|RUP011882:러시아어|MLP011882:말레이어,7
ENP011961,Bandi in House (Gangnam Branch),쇼핑,Shopping > Specialty > Shops > & > Stores,15,KOP011961:한국어|ENP011961:영어|JPP011961:일본어|CNP011961:중국어 간체|TCP011961:중국어 번체|RUP011961:러시아어|MLP011961:말레이어,7
ENP012015,Olive Young (Myeongdong Flagship Store),쇼핑,Shopping > Specialty > Shops > & > Stores,15,KOP012015:한국어|ENP012015:영어|JPP012015:일본어|CNP012015:중국어 간체|TCP012015:중국어 번체|RUP012015:러시아어,6
ENP012709,Hot Tracks Yeongdeungpo Branch,쇼핑,Shopping > Specialty > Shops > & > Stores,15,KOP012709:한국어|ENP012709:영어|JPP012709:일본어|CNP012709:중국어 간체|TCP012709:중국어 번체|RUP012709:러시아어,6
ENP009606,Hyundai Department Store Trade Center Branch,쇼핑,Shopping > Department > Stores,15,KOP009606:한국어|ENP009606:영어|JPP009606:일본어|CNP009606:중국어 간체|TCP009606:중국어 번체|RUP009606:러시아어|MLP009606:말레이어,7
ENP009751,Etude House,쇼핑,Shopping > Specialty > Shops > & > Stores,15,KOP009751:한국어|ENP009751:영어|JPP009751:일본어|CNP009751:중국어 간체|TCP009751:중국어 번체|RUP009751:러시아어,6
ENP009730,Myeongdong Underground Shopping Center,쇼핑,Shopping > Shopping > Malls > & > Outlets,15,KOP009730:한국어|ENP009730:영어|JPP009730:일본어|CNP009730:중국어 간체|TCP009730:중국어 번체|RUP009730:러시아어,6
ENP010467,Addicted,쇼핑,Shopping > Department > Stores,15,KOP010467:한국어|ENP010467:영어|JPP010467:일본어|CNP010467:중국어 간체|TCP010467:중국어 번체|RUP010467:러시아어,6
ENP011104,Mecenatpolis Mall,쇼핑,Shopping > Department > Stores,15,KOP011104:한국어|ENP011104:영어|JPP011104:일본어|CNP011104:중국어 간체|TCP011104:중국어 번체|RUP011104:러시아어,6
ENP010521,Lotte Young Plaza (Myeongdong Branch),쇼핑,Shopping > Department > Stores,15,KOP010521:한국어|ENP010521:영어|JPP010521:일본어|CNP010521:중국어 간체|TCP010521:중국어 번체|RUP010521:러시아어,6
ENP011438,SPAO,쇼핑,Shopping > Specialty > Shops > & > Stores,15,KOP011438:한국어|ENP011438:영어|JPP011438:일본어|CNP011438:중국어 간체|TCP011438:중국어 번체|RUP011438:러시아어,6
ENP003223,Kwanchenru Street: The Little Chinese Quarter of Seoul,쇼핑,Shopping > Specialty > Shops > & > Stores,15,KOP003223:한국어|ENP003223:영어|JPP003223:일본어|CNP003223:중국어 간체|TCP003223:중국어 번체|RUP003223:러시아어,6
ENP001742,Cheonggyecheon Secondhand Book Street,쇼핑,Shopping > Specialty > Shops > & > Stores,15,KOP001742:한국어|ENP001742:영어|JPP001742:일본어|CNP001742:중국어 간체|TCP001742:중국어 번체|RUP001742:러시아어,6
ENP009721,Nagwon Instrument Arcade,쇼핑,Shopping > Shopping > Malls > & > Outlets,15,KOP009721:한국어|ENP009721:영어|JPP009721:일본어|CNP009721:중국어 간체|TCP009721:중국어 번체|RUP009721:러시아어,6
ENP009672,Yongsan Electronics Market,쇼핑,Shopping > Shopping > Malls > & > Outlets,15,KOP009672:한국어|ENP009672:영어|JPP009672:일본어|CNP009672:중국어 간체|TCP009672:중국어 번체|RUP009672:러시아어,6
ENP002231,Techno Mart,쇼핑,Shopping > Shopping > Malls > & > Outlets,15,KOP002231:한국어|ENP002231:영어|JPP002231:일본어|CNP002231:중국어 간체|TCP002231:중국어 번체|RUP002231:러시아어,6
ENP009626,Hyundai Department Store,쇼핑,Shopping > Department > Stores,15,KOP009626:한국어|ENP009626:영어|JPP009626:일본어|CNP009626:중국어 간체|TCP009626:중국어 번체|RUP009626:러시아어|MLP009626:말레이어,7
ENP009756,Galleria Department Store EAST,쇼핑,Shopping > Department > Stores,15,KOP009756:한국어|ENP009756:영어|JPP009756:일본어|CNP009756:중국어 간체|TCP009756:중국어 번체|RUP009756:러시아어,6
ENP001702,I Park Mall,쇼핑,Shopping > Department > Stores,15,KOP001702:한국어|ENP001702:영어|JPP001702:일본어|CNP001702:중국어 간체|TCP001702:중국어 번체|RUP001702:러시아어,6
ENP001379,Dapsimni Antique Shopping Mall,쇼핑,Shopping > Specialty > Shops > & > Stores,15,KOP001379:한국어|ENP001379:영어|JPP001379:일본어|CNP001379:중국어 간체|TCP001379:중국어 번체,5
ENP001938,Hoehyeon Secondhand LP Arcade,쇼핑,Shopping > Specialty > Shops > & > Stores,16,KOP001938:한국어|ENP001938:영어|JPP001938:일본어|CNP001938:중국어 간체|TCP001938:중국어 번체|RUP001938:러시아어|MLP001938:말레이어,7
ENP009646,Dongmyo Flea Market,쇼핑,Shopping > Traditional > Markets,16,KOP009646:한국어|ENP009646:영어|JPP009646:일본어|CNP009646:중국어 간체|TCP009646:중국어 번체|RUP009646:러시아어,6
ENP009505,Noryangjin Fisheries Wholesale Market,쇼핑,Shopping > Traditional > Markets,16,KOP009505:한국어|ENP009505:영어|JPP009505:일본어|CNP009505:중국어 간체|TCP009505:중국어 번체|RUP009505:러시아어,6
ENP009631,Banghak-dong Dokkaebi Market,쇼핑,Shopping > Specialty > Shops > & > Stores,16,KOP009631:한국어|ENP009631:영어|JPP009631:일본어,3
ENP001811,Munjeong-dong Rodeo Street,쇼핑,Shopping > Shopping > Malls > & > Outlets,16,KOP001811:한국어|ENP001811:영어|JPP001811:일본어|CNP001811:중국어 간체|TCP001811:중국어 번체|RUP001811:러시아어,6
ENP002270,Garibong Rodeo,쇼핑,Shopping > Shopping > Malls > & > Outlets,16,KOP002270:한국어|ENP002270:영어|JPP002270:일본어|CNP002270:중국어 간체|TCP002270:중국어 번체|RUP002270:러시아어,6
ENP009621,Mokdong Rodeo Street,쇼핑,Shopping > Shopping > Malls > & > Outlets,16,KOP009621:한국어|ENP009621:영어|JPP009621:일본어|CNP009621:중국어 간체|TCP009621:중국어 번체,5
ENP009735,Central City,쇼핑,Shopping > Department > Stores,16,KOP009735:한국어|ENP009735:영어|JPP009735:일본어|CNP009735:중국어 간체|TCP009735:중국어 번체|RUP009735:러시아어,6
ENP009641,Lotte Duty Free Main Store,쇼핑,Shopping > Duty > Free > Shops,16,KOP009641:한국어|ENP009641:영어|JPP009641:일본어|CNP009641:중국어 간체|TCP009641:중국어 번체|RUP009641:러시아어,6
ENP009677,Dongwha Duty Free Shop,쇼핑,Shopping > Duty > Free > Shops,16,KOP009677:한국어|ENP009677:영어|JPP009677:일본어|CNP009677:중국어 간체|TCP009677:중국어 번체|RUP009677:러시아어,6
ENPvmf745,Leejae Seoul,숙박,Accommodations,1,KOPvmf745:한국어|ENPvmf745:영어|JPPvmf745:일본어|CNPvmf745:중국어 간체|TCPvmf745:중국어 번체|RUPvmf745:러시아어|MLPvmf745:말레이어,7
ENP54ay57,Surak Hyu Treehouse,숙박,Accommodations,1,KOP54ay57:한국어|ENP54ay57:영어|JPP54ay57:일본어|CNP54ay57:중국어 간체|TCP54ay57:중국어 번체|RUP54ay57:러시아어|MLP54ay57:말레이어,7
ENPrb2d9e,Stay Davansa,숙박,Accommodations,1,KOPrb2d9e:한국어|ENPrb2d9e:영어|JPPrb2d9e:일본어|CNPrb2d9e:중국어 간체|TCPrb2d9e:중국어 번체,5
ENPx17ry7,Hotel Poco Seongsu,숙박,Accommodations > Hotels,1,KOPx17ry7:한국어|ENPx17ry7:영어|JPPx17ry7:일본어|CNPx17ry7:중국어 간체|TCPx17ry7:중국어 번체,5
ENP9dsjmt,Andaz Seoul Gangnam,숙박,Accommodations > Hotels,1,KOP9dsjmt:한국어|ENP9dsjmt:영어|JPP9dsjmt:일본어|CNP9dsjmt:중국어 간체|TCP9dsjmt:중국어 번체,5
ENP042851,Nostalgia Bluejae,숙박,Accommodations,1,KOP042851:한국어|ENP042851:영어|JPP042851:일본어|CNP042851:중국어 간체|TCP042851:중국어 번체,5
ENP042850,Nuwa,숙박,Accommodations > Hotels,1,KOP042850:한국어|ENP042850:영어|JPP042850:일본어|CNP042850:중국어 간체|TCP042850:중국어 번체,5
ENP042849,Eungjeongheon,숙박,Accommodations > Hotels,1,KOP042849:한국어|ENP042849:영어|JPP042849:일본어|CNP042849:중국어 간체|TCP042849:중국어 번체,5
ENP039311,Mangrove Sinseol,숙박,Accommodations > Hostels,1,KOP039311:한국어|ENP039311:영어|JPP039311:일본어|CNP039311:중국어 간체|TCP039311:중국어 번체|RUP039311:러시아어|MLP039311:말레이어,7
ENP028037,Vista Walkerhill Seoul,숙박,Accommodations > Hotels,1,KOP028037:한국어|ENP028037:영어|JPP028037:일본어|CNP028037:중국어 간체|TCP028037:중국어 번체,5
ENP024551,Hotel Cappuccino,숙박,Accommodations > Hotels,1,KOP024551:한국어|ENP024551:영어|JPP024551:일본어|CNP024551:중국어 간체|TCP024551:중국어 번체,5
ENP012495,Mayfield Hotel,숙박,Accommodations > Hotels,1,KOP012495:한국어|ENP012495:영어|JPP012495:일본어|CNP012495:중국어 간체|TCP012495:중국어 번체,5
ENP013049,Grand Walkerhill Hotel,숙박,Accommodations > Hotels,1,KOP013049:한국어|ENP013049:영어|JPP013049:일본어|CNP013049:중국어 간체|TCP013049:중국어 번체|RUP013049:러시아어,6
ENP011307,Conrad Seoul Hotel,숙박,Accommodations > Hotels,1,KOP011307:한국어|ENP011307:영어|JPP011307:일본어|CNP011307:중국어 간체|TCP011307:중국어 번체|RUP011307:러시아어,6
ENP010068,Namhyundang Hanok Guesthouse,숙박,Accommodations,1,KOP010068:한국어|ENP010068:영어|JPP010068:일본어|CNP010068:중국어 간체|TCP010068:중국어 번체,5
ENP009960,Hi Seoul Youth Hostel,숙박,Accommodations > Hostels,1,KOP009960:한국어|ENP009960:영어|JPP009960:일본어|CNP009960:중국어 간체|TCP009960:중국어 번체,5
ENP92zc2g,Seoul Heungcheonsa Temple,역사관광,History > Religious > Sites,1,KOP92zc2g:한국어|ENP92zc2g:영어|JPP92zc2g:일본어|CNP92zc2g:중국어 간체|TCP92zc2g:중국어 번체|RUP92zc2g:러시아어|MLP92zc2g:말레이어,7
ENPw9eym0,Dalmasa Temple,역사관광,History > Religious > Sites,1,KOPw9eym0:한국어|ENPw9eym0:영어|JPPw9eym0:일본어|CNPw9eym0:중국어 간체|TCPw9eym0:중국어 번체|RUPw9eym0:러시아어|MLPw9eym0:말레이어,7
ENPnje8ve,Gyeonggyojang,역사관광,History > Historical > Sites > Modern > Architecture,1,KOPnje8ve:한국어|ENPnje8ve:영어|JPPnje8ve:일본어|CNPnje8ve:중국어 간체|TCPnje8ve:중국어 번체|RUPnje8ve:러시아어|MLPnje8ve:말레이어,7
ENPv4bofj,Garden of Gratitude,역사관광,History,1,KOPv4bofj:한국어|ENPv4bofj:영어,2
ENP0wav1s,Jongmyo Shrine Stonewall Path,역사관광,History > Historical > Sites,1,KOP0wav1s:한국어|ENP0wav1s:영어|JPP0wav1s:일본어|CNP0wav1s:중국어 간체|TCP0wav1s:중국어 번체|RUP0wav1s:러시아어|MLP0wav1s:말레이어,7
ENPfk9nxi,Gyeongbokgung Palace Jibokjae,역사관광,History > Historical > Sites,1,KOPfk9nxi:한국어|ENPfk9nxi:영어|JPPfk9nxi:일본어|CNPfk9nxi:중국어 간체|TCPfk9nxi:중국어 번체,5
ENPldz98j,Gyeongbokgung Stonewall Walkway,역사관광,History > Historical > Sites > Fortresses > & > Gates,1,KOPldz98j:한국어|ENPldz98j:영어|JPPldz98j:일본어|CNPldz98j:중국어 간체|TCPldz98j:중국어 번체,5
ENPl8f5md,Changdeokgung Secret Garden,역사관광,History > Historical > Sites > Palaces,1,KOPl8f5md:한국어|ENPl8f5md:영어|JPPl8f5md:일본어|CNPl8f5md:중국어 간체|TCPl8f5md:중국어 번체,5
ENPkxi16h,Kyungguksa,역사관광,History > Religious > Sites,1,KOPkxi16h:한국어|ENPkxi16h:영어|JPPkxi16h:일본어|CNPkxi16h:중국어 간체|TCPkxi16h:중국어 번체,5
ENPexzzw3,Seokguram,역사관광,History > Religious > Sites,1,KOPexzzw3:한국어|ENPexzzw3:영어|JPPexzzw3:일본어|CNPexzzw3:중국어 간체|TCPexzzw3:중국어 번체,5
ENPjkm9y3,Shina Memorial Hall,역사관광,History > Historical > Sites > Modern > Architecture,1,KOPjkm9y3:한국어|ENPjkm9y3:영어|JPPjkm9y3:일본어|CNPjkm9y3:중국어 간체|TCPjkm9y3:중국어 번체,5
ENPlpqd8k,Cheongjeon Yi Sang-beom House,역사관광,History > Historical > Sites,1,KOPlpqd8k:한국어|ENPlpqd8k:영어|JPPlpqd8k:일본어|CNPlpqd8k:중국어 간체|TCPlpqd8k:중국어 번체,5
ENPcyd45f,Site of Concubine Jang Huibin’s Well,역사관광,History > Historical > Sites > Historical > Sites,1,KOPcyd45f:한국어|ENPcyd45f:영어|JPPcyd45f:일본어|CNPcyd45f:중국어 간체|TCPcyd45f:중국어 번체,5
ENP041904,Jungnang Mang-u Space,역사관광,History,1,KOP041904:한국어|ENP041904:영어,2
ENP037164,Seokpajeong,역사관광,History > Historical > Sites > Others > Historical > Sites,1,KOP037164:한국어|ENP037164:영어|JPP037164:일본어|CNP037164:중국어 간체|TCP037164:중국어 번체|RUP037164:러시아어|MLP037164:말레이어,7
ENP037176,Grand Greenhouse Changgyeonggung Palace,역사관광,History > Historical > Sites > Palaces,1,KOP037176:한국어|ENP037176:영어|JPP037176:일본어|CNP037176:중국어 간체|TCP037176:중국어 번체|RUP037176:러시아어|MLP037176:말레이어,7
ENP036973,Seosulla-gil,역사관광,History > Historical > Sites > Others > Historical > Sites,1,KOP036973:한국어|ENP036973:영어|JPP036973:일본어|CNP036973:중국어 간체|TCP036973:중국어 번체|RUP036973:러시아어|MLP036973:말레이어,7
ENP036843,Geumseonsa Temple,역사관광,History > Religious > Sites,1,KOP036843:한국어|ENP036843:영어|JPP036843:일본어|CNP036843:중국어 간체|TCP036843:중국어 번체|RUP036843:러시아어|MLP036843:말레이어,7
ENP033829,Hwagyesa Temple,역사관광,History > Religious > Sites,1,KOP033829:한국어|ENP033829:영어|JPP033829:일본어|CNP033829:중국어 간체|TCP033829:중국어 번체,5
ENP032528,Brothers&#039; Blacksmith Workshop,역사관광,History > Historical > Sites > Others > Historical > Sites,1,KOP032528:한국어|ENP032528:영어|JPP032528:일본어|CNP032528:중국어 간체|TCP032528:중국어 번체|RUP032528:러시아어|MLP032528:말레이어,7
ENP029945,Seosomun Historical Park,역사관광,History > Historical > Sites > Others > Historical > Sites,2,KOP029945:한국어|ENP029945:영어|JPP029945:일본어|CNP029945:중국어 간체|TCP029945:중국어 번체|RUP029945:러시아어|MLP029945:말레이어,7
ENP029722,Yongsan Mill,역사관광,History > Historical > Sites > Modern > Architecture,2,ENP029722:영어|JPP029722:일본어|CNP029722:중국어 간체|TCP029722:중국어 번체,4
ENP029394,Korean Catholic Martyrs’ Museum,역사관광,History > Religious > Sites,2,KOP029394:한국어|ENP029394:영어|JPP029394:일본어|CNP029394:중국어 간체|TCP029394:중국어 번체|RUP029394:러시아어,6
ENP028339,Bongwonsa Temple,역사관광,History > Religious > Sites,2,KOP028339:한국어|ENP028339:영어|JPP028339:일본어|CNP028339:중국어 간체|TCP028339:중국어 번체|RUP028339:러시아어,6
ENP027105,Modern History Memorial Hall,역사관광,History > Historical > Sites > Others > Historical > Sites,2,KOP027105:한국어|ENP027105:영어|JPP027105:일본어|CNP027105:중국어 간체|TCP027105:중국어 번체|RUP027105:러시아어|MLP027105:말레이어,7
ENP023758,Sodeokmun Gate (Seosomun),역사관광,History > Historical > Sites > Fortresses > & > Gates,2,KOP023758:한국어|ENP023758:영어|JPP023758:일본어|CNP023758:중국어 간체|TCP023758:중국어 번체|RUP023758:러시아어,6
ENP023605,Gwanghuimun Gate,역사관광,History > Historical > Sites > Fortresses > & > Gates,2,KOP023605:한국어|ENP023605:영어|JPP023605:일본어|CNP023605:중국어 간체|TCP023605:중국어 번체|RUP023605:러시아어,6
ENP023606,Hyehwamun Gate,역사관광,History > Historical > Sites > Fortresses > & > Gates,2,KOP023606:한국어|ENP023606:영어|JPP023606:일본어|CNP023606:중국어 간체|TCP023606:중국어 번체|RUP023606:러시아어|MLP023606:말레이어,7
ENP023760,Sukjeongmun Gate,역사관광,History > Historical > Sites > Fortresses > & > Gates,2,KOP023760:한국어|ENP023760:영어|JPP023760:일본어|CNP023760:중국어 간체|TCP023760:중국어 번체|RUP023760:러시아어|MLP023760:말레이어,7
ENP023759,Donuimun Gate (Seodaemun),역사관광,History > Historical > Sites > Fortresses > & > Gates,2,KOP023759:한국어|ENP023759:영어|JPP023759:일본어|CNP023759:중국어 간체|TCP023759:중국어 번체|RUP023759:러시아어|MLP023759:말레이어,7
ENP023561,Sewoon Shopping Center,역사관광,History > Historical > Sites > Others > Historical > Sites,2,KOP023561:한국어|ENP023561:영어|JPP023561:일본어|CNP023561:중국어 간체|TCP023561:중국어 번체|RUP023561:러시아어|MLP023561:말레이어,7
ENP024591,Seoul Central Post Office,역사관광,History > Historical > Sites > Modern > Architecture,2,KOP024591:한국어|ENP024591:영어|JPP024591:일본어|CNP024591:중국어 간체|TCP024591:중국어 번체|RUP024591:러시아어|MLP024591:말레이어,7
ENP001399,Manhae Han Yong-Un Simujang,역사관광,History > Historical > Sites > Others > Historical > Sites,2,KOP001399:한국어|ENP001399:영어|JPP001399:일본어|CNP001399:중국어 간체|TCP001399:중국어 번체|RUP001399:러시아어|MLP001399:말레이어,7
ENP001862,Wonhyoro Catholic Church,역사관광,History > Religious > Sites,2,KOP001862:한국어|ENP001862:영어|JPP001862:일본어|CNP001862:중국어 간체|TCP001862:중국어 번체|RUP001862:러시아어|MLP001862:말레이어,7
ENP001932,Sulla-gil Road,역사관광,History > Historical > Sites > Others > Historical > Sites,2,KOP001932:한국어|ENP001932:영어|JPP001932:일본어|CNP001932:중국어 간체|TCP001932:중국어 번체|RUP001932:러시아어|MLP001932:말레이어,7
ENP002010,Andong Presbyterian Church&#039;s Soheodang,역사관광,History > Religious > Sites,2,KOP002010:한국어|ENP002010:영어|JPP002010:일본어|CNP002010:중국어 간체|TCP002010:중국어 번체|RUP002010:러시아어|MLP002010:말레이어,7
ENP002027,Heojun Neighborhood Park,역사관광,History > Historical > Sites > Others > Historical > Sites,2,KOP002027:한국어|ENP002027:영어|JPP002027:일본어|CNP002027:중국어 간체|TCP002027:중국어 번체|RUP002027:러시아어|MLP002027:말레이어,7
ENP002250,Yonghakgeong (Mokdong Archery Club),역사관광,History > Historical > Sites > Others > Historical > Sites,2,KOP002250:한국어|ENP002250:영어|JPP002250:일본어|CNP002250:중국어 간체|TCP002250:중국어 번체|RUP002250:러시아어,6
ENP002372,Salgoji Bridge (Jeongotgyo Bridge),역사관광,History > Historical > Sites > Others > Historical > Sites,2,KOP002372:한국어|ENP002372:영어|JPP002372:일본어|CNP002372:중국어 간체|TCP002372:중국어 번체|RUP002372:러시아어|MLP002372:말레이어,7
ENP002395,Segeomjeong Pavilion,역사관광,History > Historical > Sites > Historical > Sites,2,KOP002395:한국어|ENP002395:영어|JPP002395:일본어|CNP002395:중국어 간체|TCP002395:중국어 번체|RUP002395:러시아어|MLP002395:말레이어,7
ENP002962,Korea University Main Hall &amp; Old Main Library,역사관광,History > Historical > Sites > Modern > Architecture,3,KOP002962:한국어|ENP002962:영어|JPP002962:일본어|CNP002962:중국어 간체|TCP002962:중국어 번체|RUP002962:러시아어,6
ENP023563,Deoksugung Stonewall Walkway,역사관광,History > Historical > Sites > Historical > Sites,3,KOP023563:한국어|ENP023563:영어|JPP023563:일본어|CNP023563:중국어 간체|TCP023563:중국어 번체|RUP023563:러시아어|MLP023563:말레이어,7
ENP003387,Old Seoul Engineering School Main Hall,역사관광,History > Historical > Sites > Others > Historical > Sites,3,KOP003387:한국어|ENP003387:영어|JPP003387:일본어|CNP003387:중국어 간체|TCP003387:중국어 번체|RUP003387:러시아어|MLP003387:말레이어,7
ENP022888,Sungnyemun Gate (Namdaemun),역사관광,History > Historical > Sites > Fortresses > & > Gates,3,KOP022888:한국어|ENP022888:영어|JPP022888:일본어|CNP022888:중국어 간체|TCP022888:중국어 번체|RUP022888:러시아어|MLP022888:말레이어,7
ENP021128,Baek In-je House,역사관광,History > Historical > Sites > Others > Historical > Sites,3,KOP021128:한국어|ENP021128:영어|JPP021128:일본어|CNP021128:중국어 간체|TCP021128:중국어 번체|RUP021128:러시아어|MLP021128:말레이어,7
ENP019540,Comfort Women Memorial,역사관광,History > Historical > Sites > Others > Historical > Sites,3,KOP019540:한국어|ENP019540:영어|JPP019540:일본어|CNP019540:중국어 간체|TCP019540:중국어 번체|RUP019540:러시아어|MLP019540:말레이어,7
ENP015109,Palaces,역사관광,History > Historical > Sites,3,KOP015109:한국어|ENP015109:영어|JPP015109:일본어|CNP015109:중국어 간체|TCP015109:중국어 번체|RUP015109:러시아어,6
ENP002299,Taereung and Gangreung Royal Tombs,역사관광,History > Historical > Sites > Tombs > & > Mausoleums,3,KOP002299:한국어|ENP002299:영어|JPP002299:일본어|CNP002299:중국어 간체|TCP002299:중국어 번체|RUP002299:러시아어|MLP002299:말레이어,7
ENP002021,Hwagyesa Temple,역사관광,History > Religious > Sites,3,KOP002021:한국어|ENP002021:영어|JPP002021:일본어|CNP002021:중국어 간체|TCP002021:중국어 번체|RUP002021:러시아어,6
ENP001999,Heunginjimun Gate (Dongdaemun),역사관광,History > Historical > Sites > Fortresses > & > Gates,3,KOP001999:한국어|ENP001999:영어|JPP001999:일본어|CNP001999:중국어 간체|TCP001999:중국어 번체|RUP001999:러시아어|MLP001999:말레이어,7
ENP001965,Seoul National Cemetery,역사관광,History > Historical > Sites > Tombs > & > Mausoleums,3,KOP001965:한국어|ENP001965:영어|JPP001965:일본어|CNP001965:중국어 간체|TCP001965:중국어 번체|RUP001965:러시아어|MLP001965:말레이어,7
ENP001159,Gyeonghuigung Palace,역사관광,History > Historical > Sites > Palaces,3,KOP001159:한국어|ENP001159:영어|JPP001159:일본어|CNP001159:중국어 간체|TCP001159:중국어 번체|RUP001159:러시아어|MLP001159:말레이어,7
ENP001153,Yanghwajin Foreign Missionary Cemetery,역사관광,History > Religious > Sites,3,KOP001153:한국어|ENP001153:영어|JPP001153:일본어|CNP001153:중국어 간체|TCP001153:중국어 번체|RUP001153:러시아어,6
ENP000889,Jeongdong-gil,역사관광,History > Historical > Sites > Others > Historical > Sites,3,KOP000889:한국어|ENP000889:영어|JPP000889:일본어|CNP000889:중국어 간체|TCP000889:중국어 번체|RUP000889:러시아어|MLP000889:말레이어,7
ENP000859,The War Memorial of Korea,역사관광,History > Historical > Sites > Others > Historical > Sites,3,KOP000859:한국어|ENP000859:영어|JPP000859:일본어|CNP000859:중국어 간체|TCP000859:중국어 번체|RUP000859:러시아어|MLP000859:말레이어,7
ENP000507,Jongmyo Shrine,역사관광,History > Historical > Sites > Palaces,3,KOP000507:한국어|ENP000507:영어|JPP000507:일본어|CNP000507:중국어 간체|TCP000507:중국어 번체|RUP000507:러시아어|MLP000507:말레이어,7
ENP000471,Unhyeongung Palace,역사관광,History > Historical > Sites > Palaces,3,KOP000471:한국어|ENP000471:영어|JPP000471:일본어|CNP000471:중국어 간체|TCP000471:중국어 번체|RUP000471:러시아어|MLP000471:말레이어,7
ENP000411,Bongeunsa Temple,역사관광,History > Religious > Sites,3,KOP000411:한국어|ENP000411:영어|JPP000411:일본어|CNP000411:중국어 간체|TCP000411:중국어 번체|RUP000411:러시아어|MLP000411:말레이어,7
ENP000297,Changgyeonggung Palace,역사관광,History > Historical > Sites > Palaces,3,KOP000297:한국어|ENP000297:영어|JPP000297:일본어|CNP000297:중국어 간체|TCP000297:중국어 번체|RUP000297:러시아어|MLP000297:말레이어,7
ENP000295,Changdeokgung Palace,역사관광,History > Historical > Sites > Palaces,3,KOP000295:한국어|ENP000295:영어|JPP000295:일본어|CNP000295:중국어 간체|TCP000295:중국어 번체|RUP000295:러시아어|MLP000295:말레이어,7
ENP000276,Namsangol Hanok Village,역사관광,History > Historical > Sites > Others > Historical > Sites,4,KOP000276:한국어|ENP000276:영어|JPP000276:일본어|CNP000276:중국어 간체|TCP000276:중국어 번체|RUP000276:러시아어|MLP000276:말레이어,7
ENP000090,Hanyangdoseong (Seoul City Wall),역사관광,History > Historical > Sites > Others > Historical > Sites,4,KOP000090:한국어|ENP000090:영어|JPP000090:일본어|CNP000090:중국어 간체|TCP000090:중국어 번체|RUP000090:러시아어|MLP000090:말레이어,7
ENP000072,Gyeongbokgung Palace,역사관광,History > Historical > Sites > Palaces,4,KOP000072:한국어|ENP000072:영어|JPP000072:일본어|CNP000072:중국어 간체|TCP000072:중국어 번체|RUP000072:러시아어|MLP000072:말레이어,7
ENP006995,Son Kee Chung Memorial Hall,역사관광,History > Historical > Sites > Others > Historical > Sites,4,KOP006995:한국어|ENP006995:영어|JPP006995:일본어|CNP006995:중국어 간체|TCP006995:중국어 번체|RUP006995:러시아어|MLP006995:말레이어,7
ENP006430,Appenzeller Noble Memorial Museum,역사관광,History > Religious > Sites,4,KOP006430:한국어|ENP006430:영어|JPP006430:일본어|CNP006430:중국어 간체|TCP006430:중국어 번체|RUP006430:러시아어,6
ENP006251,Jinkwansa Temple,역사관광,History > Religious > Sites,4,KOP006251:한국어|ENP006251:영어|JPP006251:일본어|CNP006251:중국어 간체|TCP006251:중국어 번체|RUP006251:러시아어,6
ENP005240,Heonilleung,역사관광,History > Historical > Sites > Tombs > & > Mausoleums,4,KOP005240:한국어|ENP005240:영어|JPP005240:일본어|CNP005240:중국어 간체|TCP005240:중국어 번체|RUP005240:러시아어,6
ENP005205,Uireung,역사관광,History > Historical > Sites > Tombs > & > Mausoleums,4,KOP005205:한국어|ENP005205:영어|JPP005205:일본어|CNP005205:중국어 간체|TCP005205:중국어 번체|RUP005205:러시아어,6
ENP004863,Korea Central Mosque,역사관광,History > Religious > Sites,4,KOP004863:한국어|ENP004863:영어|JPP004863:일본어|CNP004863:중국어 간체|TCP004863:중국어 번체|RUP004863:러시아어|MLP004863:말레이어,7
ENP005015,Daegaksa Temple,역사관광,History > Religious > Sites,4,KOP005015:한국어|ENP005015:영어|JPP005015:일본어|CNP005015:중국어 간체|TCP005015:중국어 번체|RUP005015:러시아어,6
ENP001845,Yakhyeon Catholic Church,역사관광,History > Religious > Sites,4,KOP001845:한국어|ENP001845:영어|JPP001845:일본어|CNP001845:중국어 간체|TCP001845:중국어 번체|RUP001845:러시아어,6
ENP004281,An Jung-geun Memorial Hall,역사관광,History > Historical > Sites > Historical > Sites,4,KOP004281:한국어|ENP004281:영어|JPP004281:일본어|CNP004281:중국어 간체|TCP004281:중국어 번체|RUP004281:러시아어,6
ENP001414,Seonjeongneung (Tomb),역사관광,History > Historical > Sites > Tombs > & > Mausoleums,4,KOP001414:한국어|ENP001414:영어|JPP001414:일본어|CNP001414:중국어 간체|TCP001414:중국어 번체|RUP001414:러시아어,6
ENP001953,Pungnaptoseong Fortress,역사관광,History > Historical > Sites > Fortresses > & > Gates,4,KOP001953:한국어|ENP001953:영어|JPP001953:일본어|CNP001953:중국어 간체|TCP001953:중국어 번체|RUP001953:러시아어,6
ENP002132,Chungdong First Methodist Church,역사관광,History > Religious > Sites,4,KOP002132:한국어|ENP002132:영어|JPP002132:일본어|CNP002132:중국어 간체|TCP002132:중국어 번체|RUP002132:러시아어,6
ENP004101,Hongjimun Gate and Tangchundaeseong Fortress,역사관광,History > Historical > Sites > Fortresses > & > Gates,4,KOP004101:한국어|ENP004101:영어|JPP004101:일본어|CNP004101:중국어 간체|TCP004101:중국어 번체|RUP004101:러시아어,6
ENP004524,Yeonghwiwon and Sunginwon Royal Tombs,역사관광,History > Historical > Sites > Tombs > & > Mausoleums,4,KOP004524:한국어|ENP004524:영어|JPP004524:일본어|CNP004524:중국어 간체|TCP004524:중국어 번체|RUP004524:러시아어,6
ENP003305,Bonghwanggak Pavilion,역사관광,History > Historical > Sites > Others > Historical > Sites,4,KOP003305:한국어|ENP003305:영어|JPP003305:일본어|CNP003305:중국어 간체|TCP003305:중국어 번체|RUP003305:러시아어,6
ENP004198,Wongudan Altar,역사관광,History > Historical > Sites > Modern > Architecture,4,KOP004198:한국어|ENP004198:영어|JPP004198:일본어|CNP004198:중국어 간체|TCP004198:중국어 번체|RUP004198:러시아어|MLP004198:말레이어,7
ENP002210,Mongchontoseong Fortress,역사관광,History > Historical > Sites > Fortresses > & > Gates,4,KOP002210:한국어|ENP002210:영어|JPP002210:일본어|CNP002210:중국어 간체|TCP002210:중국어 번체|RUP002210:러시아어|MLP002210:말레이어,7
ENP003176,Sungkyunkwan University&#039;s Myeongryundang Lecture Hall,역사관광,History > Historical > Sites > Others > Historical > Sites,5,KOP003176:한국어|ENP003176:영어|JPP003176:일본어|CNP003176:중국어 간체|TCP003176:중국어 번체|RUP003176:러시아어,6
ENP003266,Changuimun Gate,역사관광,History > Historical > Sites > Fortresses > & > Gates,5,KOP003266:한국어|ENP003266:영어|JPP003266:일본어|CNP003266:중국어 간체|TCP003266:중국어 번체|RUP003266:러시아어,6
ENP003759,Maehun Yun Bong-Gil Memorial Hall,역사관광,History > Historical > Sites > Others > Historical > Sites,5,KOP003759:한국어|ENP003759:영어|JPP003759:일본어|CNP003759:중국어 간체|TCP003759:중국어 번체|RUP003759:러시아어|MLP003759:말레이어,7
ENP002046,Deoksugung Palace,역사관광,History > Historical > Sites > Palaces,5,KOP002046:한국어|ENP002046:영어|JPP002046:일본어|CNP002046:중국어 간체|TCP002046:중국어 번체|RUP002046:러시아어|MLP002046:말레이어,7
ENP002586,Jogyesa Temple,역사관광,History > Religious > Sites,5,KOP002586:한국어|ENP002586:영어|JPP002586:일본어|CNP002586:중국어 간체|TCP002586:중국어 번체|RUP002586:러시아어,6
ENP003459,Jeongneung (A Royal Tomb),역사관광,History > Historical > Sites > Tombs > & > Mausoleums,5,KOP003459:한국어|ENP003459:영어|JPP003459:일본어|CNP003459:중국어 간체|TCP003459:중국어 번체|RUP003459:러시아어,6
ENP003255,Gilsangsa Temple,역사관광,History > Religious > Sites,5,KOP003255:한국어|ENP003255:영어|JPP003255:일본어|CNP003255:중국어 간체|TCP003255:중국어 번체|RUP003255:러시아어,6
ENP002544,Bangi-dong Ancient Baekje Tombs,역사관광,History > Historical > Sites > Tombs > & > Mausoleums,5,KOP002544:한국어|ENP002544:영어|JPP002544:일본어|CNP002544:중국어 간체|TCP002544:중국어 번체|RUP002544:러시아어,6
ENP002174,Amsa–dong Prehistoric Settlement Site,역사관광,History > Historical > Sites > Historical > Sites,5,KOP002174:한국어|ENP002174:영어|JPP002174:일본어|CNP002174:중국어 간체|TCP002174:중국어 번체|RUP002174:러시아어,6
ENP001831,Seodaemun Prison History Hall,역사관광,History > Historical > Sites > Historical > Sites,5,KOP001831:한국어|ENP001831:영어|JPP001831:일본어|CNP001831:중국어 간체|TCP001831:중국어 번체|RUP001831:러시아어,6
ENP001899,Gwanghwamun Square,역사관광,History > Historical > Sites,5,KOP001899:한국어|ENP001899:영어|JPP001899:일본어|CNP001899:중국어 간체|TCP001899:중국어 번체|RUP001899:러시아어,6
ENP001824,Sajikdan (Sajik Altar),역사관광,History > Historical > Sites > Historical > Sites,5,KOP001824:한국어|ENP001824:영어|JPP001824:일본어|CNP001824:중국어 간체|TCP001824:중국어 번체|RUP001824:러시아어,6
ENPkguc3l,madameal,음식,Cuisine,1,KOPkguc3l:한국어|ENPkguc3l:영어|JPPkguc3l:일본어|CNPkguc3l:중국어 간체|TCPkguc3l:중국어 번체|RUPkguc3l:러시아어|MLPkguc3l:말레이어,7
ENPsnbimq,Pirultz Coffeehouse Yongsan Branch,음식,Cuisine > Cafes > & > Tea > Shops,1,KOPsnbimq:한국어|ENPsnbimq:영어|JPPsnbimq:일본어|CNPsnbimq:중국어 간체|TCPsnbimq:중국어 번체|RUPsnbimq:러시아어|MLPsnbimq:말레이어,7
ENPc35r9m,Cafe noci Seongsu,음식,Cuisine > Cafes > & > Tea > Shops,1,KOPc35r9m:한국어|ENPc35r9m:영어|JPPc35r9m:일본어|CNPc35r9m:중국어 간체|TCPc35r9m:중국어 번체|RUPc35r9m:러시아어|MLPc35r9m:말레이어,7
ENPlgqke4,Doduk&amp;Kyubum,음식,Cuisine > Cafes > & > Tea > Shops,1,KOPlgqke4:한국어|ENPlgqke4:영어|JPPlgqke4:일본어|CNPlgqke4:중국어 간체|TCPlgqke4:중국어 번체|RUPlgqke4:러시아어|MLPlgqke4:말레이어,7
ENP3b9qip,Gonbab,음식,Cuisine > Korean > Restaurants,1,KOP3b9qip:한국어|ENP3b9qip:영어|JPP3b9qip:일본어|CNP3b9qip:중국어 간체|TCP3b9qip:중국어 번체|RUP3b9qip:러시아어|MLP3b9qip:말레이어,7
ENPqqvqkm,Jebi Dabang,음식,Cuisine > Cafes > & > Tea > Shops,1,KOPqqvqkm:한국어|ENPqqvqkm:영어|JPPqqvqkm:일본어|CNPqqvqkm:중국어 간체|TCPqqvqkm:중국어 번체|RUPqqvqkm:러시아어|MLPqqvqkm:말레이어,7
ENP5loufq,Arisu Manchan,음식,Cuisine > Korean > Restaurants,1,KOP5loufq:한국어|ENP5loufq:영어|JPP5loufq:일본어|CNP5loufq:중국어 간체|TCP5loufq:중국어 번체|RUP5loufq:러시아어|MLP5loufq:말레이어,7
ENPmagegz,Neungrado Gwanghwamun Branch,음식,Cuisine > Korean > Restaurants,1,KOPmagegz:한국어|ENPmagegz:영어|JPPmagegz:일본어|CNPmagegz:중국어 간체|TCPmagegz:중국어 번체|RUPmagegz:러시아어|MLPmagegz:말레이어,7
ENPj6enzc,Gowundon Ikseon Branch,음식,Cuisine > Korean > Restaurants,1,KOPj6enzc:한국어|ENPj6enzc:영어|JPPj6enzc:일본어|CNPj6enzc:중국어 간체|TCPj6enzc:중국어 번체|RUPj6enzc:러시아어|MLPj6enzc:말레이어,7
ENPc6lslm,Cafe &amp; Pub Yeonmujang Dundun Dongdaemun Branch,음식,Cuisine > Cafes > & > Tea > Shops,1,KOPc6lslm:한국어|ENPc6lslm:영어|JPPc6lslm:일본어|CNPc6lslm:중국어 간체|TCPc6lslm:중국어 번체|RUPc6lslm:러시아어|MLPc6lslm:말레이어,7
ENPwahkrc,Kyochon Pilbang,음식,Cuisine,1,KOPwahkrc:한국어|ENPwahkrc:영어|JPPwahkrc:일본어|CNPwahkrc:중국어 간체|TCPwahkrc:중국어 번체|RUPwahkrc:러시아어|MLPwahkrc:말레이어,7
ENPyercei,Gram Gram Apgujeong Cruise Branch,음식,Cuisine > Korean > Restaurants,1,KOPyercei:한국어|ENPyercei:영어|JPPyercei:일본어|CNPyercei:중국어 간체|TCPyercei:중국어 번체|RUPyercei:러시아어|MLPyercei:말레이어,7
ENPzvtw4o,Seolleung Cheongwadae Sogeum-gui,음식,Cuisine > Korean > Restaurants,1,KOPzvtw4o:한국어|ENPzvtw4o:영어|JPPzvtw4o:일본어|CNPzvtw4o:중국어 간체|TCPzvtw4o:중국어 번체|RUPzvtw4o:러시아어|MLPzvtw4o:말레이어,7
ENP8rjhve,Neomaneul Andong Galbi,음식,Cuisine > Korean > Restaurants,1,KOP8rjhve:한국어|ENP8rjhve:영어|JPP8rjhve:일본어|CNP8rjhve:중국어 간체|TCP8rjhve:중국어 번체|RUP8rjhve:러시아어|MLP8rjhve:말레이어,7
ENPivj1sg,Marryking Seoul Bukbu Branch,음식,Cuisine > Korean > Restaurants,1,KOPivj1sg:한국어|ENPivj1sg:영어|JPPivj1sg:일본어|CNPivj1sg:중국어 간체|TCPivj1sg:중국어 번체|RUPivj1sg:러시아어|MLPivj1sg:말레이어,7
ENP5biuc6,Neungrado Myeongdong Branch,음식,Cuisine > Korean > Restaurants,1,KOP5biuc6:한국어|ENP5biuc6:영어|JPP5biuc6:일본어|CNP5biuc6:중국어 간체|TCP5biuc6:중국어 번체|RUP5biuc6:러시아어|MLP5biuc6:말레이어,7
ENP6hb17n,Neungrado Seocho Branch,음식,Cuisine > Korean > Restaurants,1,KOP6hb17n:한국어|ENP6hb17n:영어|JPP6hb17n:일본어|CNP6hb17n:중국어 간체|TCP6hb17n:중국어 번체|RUP6hb17n:러시아어|MLP6hb17n:말레이어,7
ENPjns5q9,FLAN,음식,Cuisine > Cafes > & > Tea > Shops,1,KOPjns5q9:한국어|ENPjns5q9:영어|JPPjns5q9:일본어|CNPjns5q9:중국어 간체|TCPjns5q9:중국어 번체|RUPjns5q9:러시아어|MLPjns5q9:말레이어,7
ENPtjmzyg,JO＆DAWSON Gwanghwamun Branch,음식,Cuisine > Cafes > & > Tea > Shops,1,KOPtjmzyg:한국어|ENPtjmzyg:영어|JPPtjmzyg:일본어|CNPtjmzyg:중국어 간체|TCPtjmzyg:중국어 번체|RUPtjmzyg:러시아어|MLPtjmzyg:말레이어,7
ENPi6rvj2,Musim,음식,Cuisine > Cafes > & > Tea > Shops,1,KOPi6rvj2:한국어|ENPi6rvj2:영어|JPPi6rvj2:일본어|CNPi6rvj2:중국어 간체|TCPi6rvj2:중국어 번체|RUPi6rvj2:러시아어|MLPi6rvj2:말레이어,7
ENPgvi0k6,TBAB,음식,Cuisine > Cafes > & > Tea > Shops,2,KOPgvi0k6:한국어|ENPgvi0k6:영어|JPPgvi0k6:일본어|CNPgvi0k6:중국어 간체|TCPgvi0k6:중국어 번체|RUPgvi0k6:러시아어|MLPgvi0k6:말레이어,7
ENP2ckakp,Unique Cafe &#039;Tiki Room&#039;,음식,Cuisine > Cafes > & > Tea > Shops,2,KOP2ckakp:한국어|ENP2ckakp:영어|JPP2ckakp:일본어|CNP2ckakp:중국어 간체|TCP2ckakp:중국어 번체|RUP2ckakp:러시아어|MLP2ckakp:말레이어,7
ENPnpz0q2,Yeogi Inga (Seochon Cafe),음식,Cuisine > Cafes > & > Tea > Shops,2,KOPnpz0q2:한국어|ENPnpz0q2:영어|JPPnpz0q2:일본어|CNPnpz0q2:중국어 간체|TCPnpz0q2:중국어 번체|RUPnpz0q2:러시아어|MLPnpz0q2:말레이어,7
ENPz665mn,PLAYDOGS,음식,Cuisine > Cafes > & > Tea > Shops,2,KOPz665mn:한국어|ENPz665mn:영어|JPPz665mn:일본어|CNPz665mn:중국어 간체|TCPz665mn:중국어 번체|RUPz665mn:러시아어|MLPz665mn:말레이어,7
ENPvlhzhw,Smore Market,음식,Cuisine > Cafes > & > Tea > Shops,2,KOPvlhzhw:한국어|ENPvlhzhw:영어|JPPvlhzhw:일본어|CNPvlhzhw:중국어 간체|TCPvlhzhw:중국어 번체|RUPvlhzhw:러시아어|MLPvlhzhw:말레이어,7
ENPds3v1e,Joseon Choga Hankki Mapo Branch,음식,Cuisine > Korean > Restaurants,2,KOPds3v1e:한국어|ENPds3v1e:영어|JPPds3v1e:일본어|CNPds3v1e:중국어 간체|TCPds3v1e:중국어 번체|RUPds3v1e:러시아어|MLPds3v1e:말레이어,7
ENPdvr9yu,CU Seongsu Dessert Park Branch,음식,Cuisine,2,KOPdvr9yu:한국어|ENPdvr9yu:영어|JPPdvr9yu:일본어|CNPdvr9yu:중국어 간체|TCPdvr9yu:중국어 번체|RUPdvr9yu:러시아어|MLPdvr9yu:말레이어,7
ENPhrnovc,Hanok Gukbap &#039;Songam Onban&#039;,음식,Cuisine > Korean > Restaurants,2,KOPhrnovc:한국어|ENPhrnovc:영어|JPPhrnovc:일본어|CNPhrnovc:중국어 간체|TCPhrnovc:중국어 번체|RUPhrnovc:러시아어|MLPhrnovc:말레이어,7
ENPc9eu5r,Midong Sikdang,음식,Cuisine > Bars > & > Clubs,2,KOPc9eu5r:한국어|ENPc9eu5r:영어|JPPc9eu5r:일본어|CNPc9eu5r:중국어 간체|TCPc9eu5r:중국어 번체|RUPc9eu5r:러시아어|MLPc9eu5r:말레이어,7
ENPbg0u5h,Cafe Gongmyung Mangwon Book Bakery,음식,Cuisine > Cafes > & > Tea > Shops,2,KOPbg0u5h:한국어|ENPbg0u5h:영어|JPPbg0u5h:일본어|CNPbg0u5h:중국어 간체|TCPbg0u5h:중국어 번체|RUPbg0u5h:러시아어|MLPbg0u5h:말레이어,7
ENPmfp5ro,HIVE PLAYGROUND,음식,Cuisine > Cafes > & > Tea > Shops,2,KOPmfp5ro:한국어|ENPmfp5ro:영어|JPPmfp5ro:일본어|CNPmfp5ro:중국어 간체|TCPmfp5ro:중국어 번체|RUPmfp5ro:러시아어|MLPmfp5ro:말레이어,7
ENPxq64tq,Ihwa Ohana,음식,Cuisine > Foreign > Restaurant > Japanese,2,KOPxq64tq:한국어|ENPxq64tq:영어|JPPxq64tq:일본어|CNPxq64tq:중국어 간체|TCPxq64tq:중국어 번체|RUPxq64tq:러시아어|MLPxq64tq:말레이어,7
ENP0zvhxx,Cafe Kakariko,음식,Cuisine > Cafes > & > Tea > Shops,2,KOP0zvhxx:한국어|ENP0zvhxx:영어|JPP0zvhxx:일본어|CNP0zvhxx:중국어 간체|TCP0zvhxx:중국어 번체|RUP0zvhxx:러시아어|MLP0zvhxx:말레이어,7
ENPywjsmm,Tosokchon Samgyetang,음식,Cuisine > Korean > Restaurants,2,KOPywjsmm:한국어|ENPywjsmm:영어|JPPywjsmm:일본어|CNPywjsmm:중국어 간체|TCPywjsmm:중국어 번체|RUPywjsmm:러시아어|MLPywjsmm:말레이어,7
ENP1d5td0,Hanok Seosulla-gil Branch,음식,Cuisine > Korean > Restaurants,2,KOP1d5td0:한국어|ENP1d5td0:영어|JPP1d5td0:일본어|CNP1d5td0:중국어 간체|TCP1d5td0:중국어 번체|RUP1d5td0:러시아어|MLP1d5td0:말레이어,7
ENPtvc2cy,Heritage Club,음식,Cuisine > Cafes > & > Tea > Shops,2,KOPtvc2cy:한국어|ENPtvc2cy:영어|JPPtvc2cy:일본어|CNPtvc2cy:중국어 간체|TCPtvc2cy:중국어 번체|RUPtvc2cy:러시아어|MLPtvc2cy:말레이어,7
ENPt829ij,ASHLEY QUEENS HONGDAE BRANCH,음식,Cuisine > Korean > Restaurants,2,KOPt829ij:한국어|ENPt829ij:영어|JPPt829ij:일본어|CNPt829ij:중국어 간체|TCPt829ij:중국어 번체|RUPt829ij:러시아어|MLPt829ij:말레이어,7
ENPf0gxy1,ASHLEY QUEENS SEONGSU NAKNAK BRANCH,음식,Cuisine > Korean > Restaurants,2,KOPf0gxy1:한국어|ENPf0gxy1:영어|JPPf0gxy1:일본어|CNPf0gxy1:중국어 간체|TCPf0gxy1:중국어 번체|RUPf0gxy1:러시아어|MLPf0gxy1:말레이어,7
ENPwv6j5f,ASHLEY QUEENS DUNDUN DONGDAEMUN BRANCH,음식,Cuisine > Korean > Restaurants,2,KOPwv6j5f:한국어|ENPwv6j5f:영어|JPPwv6j5f:일본어|CNPwv6j5f:중국어 간체|TCPwv6j5f:중국어 번체|RUPwv6j5f:러시아어|MLPwv6j5f:말레이어,7
ENPpr9v1k,Cheongdonok,음식,Cuisine > Korean > Restaurants,2,KOPpr9v1k:한국어|ENPpr9v1k:영어|JPPpr9v1k:일본어|CNPpr9v1k:중국어 간체|TCPpr9v1k:중국어 번체|RUPpr9v1k:러시아어|MLPpr9v1k:말레이어,7
ENP6sdoro,Joseph&#039;s Coffee Tree,음식,Cuisine > Cafes > & > Tea > Shops,3,KOP6sdoro:한국어|ENP6sdoro:영어|JPP6sdoro:일본어|CNP6sdoro:중국어 간체|TCP6sdoro:중국어 번체|RUP6sdoro:러시아어|MLP6sdoro:말레이어,7
ENPll1tbp,Babjitgo Tiurim (Cooking Rice and Brewing Tea),음식,Cuisine > Korean > Restaurants,3,KOPll1tbp:한국어|ENPll1tbp:영어|JPPll1tbp:일본어|CNPll1tbp:중국어 간체|TCPll1tbp:중국어 번체|RUPll1tbp:러시아어|MLPll1tbp:말레이어,7
ENPuhyzcz,Jazz Story,음식,Cuisine > Bars > & > Clubs,3,KOPuhyzcz:한국어|ENPuhyzcz:영어|JPPuhyzcz:일본어|CNPuhyzcz:중국어 간체|TCPuhyzcz:중국어 번체|RUPuhyzcz:러시아어|MLPuhyzcz:말레이어,7
ENPa7mlqm,Dongjak Sunset Café,음식,Cuisine > Cafes > & > Tea > Shops,3,KOPa7mlqm:한국어|ENPa7mlqm:영어|JPPa7mlqm:일본어|CNPa7mlqm:중국어 간체|TCPa7mlqm:중국어 번체|RUPa7mlqm:러시아어|MLPa7mlqm:말레이어,7
ENPc4ztew,THE SSANGHWA,음식,Cuisine > Cafes > & > Tea > Shops,3,KOPc4ztew:한국어|ENPc4ztew:영어|JPPc4ztew:일본어|CNPc4ztew:중국어 간체|TCPc4ztew:중국어 번체|RUPc4ztew:러시아어|MLPc4ztew:말레이어,7
ENPn176ze,Dotori Oven,음식,Cuisine > Cafes > & > Tea > Shops,3,KOPn176ze:한국어|ENPn176ze:영어|JPPn176ze:일본어|CNPn176ze:중국어 간체|TCPn176ze:중국어 번체|RUPn176ze:러시아어|MLPn176ze:말레이어,7
ENPh7v6i1,Palgyejip,음식,Cuisine > Korean > Restaurants,3,KOPh7v6i1:한국어|ENPh7v6i1:영어|JPPh7v6i1:일본어|CNPh7v6i1:중국어 간체|TCPh7v6i1:중국어 번체|RUPh7v6i1:러시아어|MLPh7v6i1:말레이어,7
ENP8ndtkv,Muguok,음식,Cuisine > Korean > Restaurants,3,KOP8ndtkv:한국어|ENP8ndtkv:영어|JPP8ndtkv:일본어|CNP8ndtkv:중국어 간체|TCP8ndtkv:중국어 번체|RUP8ndtkv:러시아어|MLP8ndtkv:말레이어,7
ENPq5g5y2,Munjeonseongsi,음식,Cuisine > Korean > Restaurants,3,KOPq5g5y2:한국어|ENPq5g5y2:영어|JPPq5g5y2:일본어|CNPq5g5y2:중국어 간체|TCPq5g5y2:중국어 번체|RUPq5g5y2:러시아어|MLPq5g5y2:말레이어,7
ENPjdhubv,Dalmaji Gwangjang Barbecue,음식,Cuisine > Korean > Restaurants,3,KOPjdhubv:한국어|ENPjdhubv:영어|JPPjdhubv:일본어|CNPjdhubv:중국어 간체|TCPjdhubv:중국어 번체|RUPjdhubv:러시아어|MLPjdhubv:말레이어,7
ENPqyikuv,Durumi Bunsik N Seoul Tower Branch,음식,Cuisine > Korean > Restaurants,3,KOPqyikuv:한국어|ENPqyikuv:영어|JPPqyikuv:일본어|CNPqyikuv:중국어 간체|TCPqyikuv:중국어 번체|RUPqyikuv:러시아어|MLPqyikuv:말레이어,7
ENPxxcfmq,Koraebul,음식,Cuisine > Korean > Restaurants,3,KOPxxcfmq:한국어|ENPxxcfmq:영어|JPPxxcfmq:일본어|CNPxxcfmq:중국어 간체|TCPxxcfmq:중국어 번체|RUPxxcfmq:러시아어|MLPxxcfmq:말레이어,7
ENP2w1s9w,Baekpal (108),음식,Cuisine > Bars > & > Clubs,3,KOP2w1s9w:한국어|ENP2w1s9w:영어|JPP2w1s9w:일본어|CNP2w1s9w:중국어 간체|TCP2w1s9w:중국어 번체|RUP2w1s9w:러시아어|MLP2w1s9w:말레이어,7
ENP14h5v9,Undebt,음식,Cuisine > Cafes > & > Tea > Shops,3,KOP14h5v9:한국어|ENP14h5v9:영어|JPP14h5v9:일본어|CNP14h5v9:중국어 간체|TCP14h5v9:중국어 번체|RUP14h5v9:러시아어|MLP14h5v9:말레이어,7
ENP7bb6ng,Tung Empty Life,음식,Cuisine > Cafes > & > Tea > Shops,3,KOP7bb6ng:한국어|ENP7bb6ng:영어|JPP7bb6ng:일본어|CNP7bb6ng:중국어 간체|TCP7bb6ng:중국어 번체|RUP7bb6ng:러시아어|MLP7bb6ng:말레이어,7
ENP2ms2gs,Scoff Seochon,음식,Cuisine > Cafes > & > Tea > Shops,3,KOP2ms2gs:한국어|ENP2ms2gs:영어|JPP2ms2gs:일본어|CNP2ms2gs:중국어 간체|TCP2ms2gs:중국어 번체|RUP2ms2gs:러시아어|MLP2ms2gs:말레이어,7
ENP5l258t,H COFFEE ROASTERS SEOCHON,음식,Cuisine > Cafes > & > Tea > Shops,3,KOP5l258t:한국어|ENP5l258t:영어|JPP5l258t:일본어|CNP5l258t:중국어 간체|TCP5l258t:중국어 번체|RUP5l258t:러시아어|MLP5l258t:말레이어,7
ENP5xmb4f,Space K Nodeul,음식,Cuisine > Cafes > & > Tea > Shops,3,KOP5xmb4f:한국어|ENP5xmb4f:영어|JPP5xmb4f:일본어|CNP5xmb4f:중국어 간체|TCP5xmb4f:중국어 번체|RUP5xmb4f:러시아어|MLP5xmb4f:말레이어,7
ENPsj6nqy,Booyas Gopchang Hongdae Branch,음식,Cuisine > Korean > Restaurants,3,KOPsj6nqy:한국어|ENPsj6nqy:영어|JPPsj6nqy:일본어|CNPsj6nqy:중국어 간체|TCPsj6nqy:중국어 번체|RUPsj6nqy:러시아어|MLPsj6nqy:말레이어,7
ENP1wv054,Gongneung Chicken Hanmari,음식,Cuisine,3,KOP1wv054:한국어|ENP1wv054:영어|MLP1wv054:말레이어,3
ENPz2k7k0,Surokgok Giroksil,음식,Cuisine > Cafes > & > Tea > Shops,4,KOPz2k7k0:한국어|ENPz2k7k0:영어|JPPz2k7k0:일본어|CNPz2k7k0:중국어 간체|TCPz2k7k0:중국어 번체|RUPz2k7k0:러시아어|MLPz2k7k0:말레이어,7
ENPe2b9jp,Before It Melts,음식,Cuisine > Cafes > & > Tea > Shops,4,KOPe2b9jp:한국어|ENPe2b9jp:영어|JPPe2b9jp:일본어|CNPe2b9jp:중국어 간체|TCPe2b9jp:중국어 번체|RUPe2b9jp:러시아어|MLPe2b9jp:말레이어,7
ENP53n6hr,I.O MEAL,음식,Cuisine > Foreign > Restaurant > Japanese,4,KOP53n6hr:한국어|ENP53n6hr:영어|JPP53n6hr:일본어|CNP53n6hr:중국어 간체|TCP53n6hr:중국어 번체|RUP53n6hr:러시아어|MLP53n6hr:말레이어,7
ENP6fo4p4,Hwandae Coffee Work,음식,Cuisine > Cafes > & > Tea > Shops,4,KOP6fo4p4:한국어|ENP6fo4p4:영어|JPP6fo4p4:일본어|CNP6fo4p4:중국어 간체|TCP6fo4p4:중국어 번체|RUP6fo4p4:러시아어|MLP6fo4p4:말레이어,7
ENPpxfou6,l’oubli,음식,Cuisine > Bars > & > Clubs,4,KOPpxfou6:한국어|ENPpxfou6:영어|JPPpxfou6:일본어|CNPpxfou6:중국어 간체|TCPpxfou6:중국어 번체|RUPpxfou6:러시아어|MLPpxfou6:말레이어,7
ENPtgef38,Jincheongyujeom,음식,Cuisine > Korean > Restaurants,4,KOPtgef38:한국어|ENPtgef38:영어|JPPtgef38:일본어|CNPtgef38:중국어 간체|TCPtgef38:중국어 번체|RUPtgef38:러시아어|MLPtgef38:말레이어,7
ENPpl8jdv,GOUM,음식,Cuisine > Korean > Restaurants,4,KOPpl8jdv:한국어|ENPpl8jdv:영어|JPPpl8jdv:일본어|CNPpl8jdv:중국어 간체|TCPpl8jdv:중국어 번체|RUPpl8jdv:러시아어|MLPpl8jdv:말레이어,7
ENPoy0arv,Tailor Coffee Seochon Gyeongbokgung Branch,음식,Cuisine > Cafes > & > Tea > Shops,4,KOPoy0arv:한국어|ENPoy0arv:영어|JPPoy0arv:일본어|CNPoy0arv:중국어 간체|TCPoy0arv:중국어 번체|RUPoy0arv:러시아어|MLPoy0arv:말레이어,7
ENPcgf2vx,Seonchae Seongsu,음식,Cuisine > Korean > Restaurants,4,KOPcgf2vx:한국어|ENPcgf2vx:영어|JPPcgf2vx:일본어|CNPcgf2vx:중국어 간체|TCPcgf2vx:중국어 번체|RUPcgf2vx:러시아어|MLPcgf2vx:말레이어,7
ENP9v6vt5,Mokro Garden,음식,Cuisine > Cafes > & > Tea > Shops,4,KOP9v6vt5:한국어|ENP9v6vt5:영어|JPP9v6vt5:일본어|CNP9v6vt5:중국어 간체|TCP9v6vt5:중국어 번체|RUP9v6vt5:러시아어|MLP9v6vt5:말레이어,7
ENPtqtwq3,Original Hongdukkae Kalguksu,음식,Cuisine > Korean > Restaurants,4,KOPtqtwq3:한국어|ENPtqtwq3:영어|JPPtqtwq3:일본어|CNPtqtwq3:중국어 간체|TCPtqtwq3:중국어 번체|RUPtqtwq3:러시아어|MLPtqtwq3:말레이어,7
ENPizfcys,Independent Bookstore Odd&#039;s Book,음식,Cuisine > Cafes > & > Tea > Shops,4,KOPizfcys:한국어|ENPizfcys:영어|JPPizfcys:일본어|CNPizfcys:중국어 간체|TCPizfcys:중국어 번체|RUPizfcys:러시아어|MLPizfcys:말레이어,7
ENPr8eytr,cofe de palezze,음식,Cuisine > Cafes > & > Tea > Shops,4,KOPr8eytr:한국어|ENPr8eytr:영어|JPPr8eytr:일본어|CNPr8eytr:중국어 간체|TCPr8eytr:중국어 번체|RUPr8eytr:러시아어|MLPr8eytr:말레이어,7
ENP9cr70y,Aino Garden Kitchen,음식,Cuisine > Korean > Restaurants,4,KOP9cr70y:한국어|ENP9cr70y:영어|JPP9cr70y:일본어|CNP9cr70y:중국어 간체|TCP9cr70y:중국어 번체|RUP9cr70y:러시아어|MLP9cr70y:말레이어,7
ENPjmmeg3,Seochon Dagwabang,음식,Cuisine > Cafes > & > Tea > Shops,4,KOPjmmeg3:한국어|ENPjmmeg3:영어|JPPjmmeg3:일본어|CNPjmmeg3:중국어 간체|TCPjmmeg3:중국어 번체|RUPjmmeg3:러시아어|MLPjmmeg3:말레이어,7
ENP3qxuik,Namsan memories,음식,Cuisine > Foreign > Restaurant > Japanese,4,KOP3qxuik:한국어|ENP3qxuik:영어|JPP3qxuik:일본어|CNP3qxuik:중국어 간체|TCP3qxuik:중국어 번체|RUP3qxuik:러시아어|MLP3qxuik:말레이어,7
ENP0j4zdb,Aftertaste,음식,Cuisine > Cafes > & > Tea > Shops,4,KOP0j4zdb:한국어|ENP0j4zdb:영어|JPP0j4zdb:일본어|CNP0j4zdb:중국어 간체|TCP0j4zdb:중국어 번체|RUP0j4zdb:러시아어|MLP0j4zdb:말레이어,7
ENPoym5k2,Folv Yeonnam,음식,Cuisine > Cafes > & > Tea > Shops,4,KOPoym5k2:한국어|ENPoym5k2:영어|JPPoym5k2:일본어|CNPoym5k2:중국어 간체|TCPoym5k2:중국어 번체|RUPoym5k2:러시아어|MLPoym5k2:말레이어,7
ENPdn21ou,Paldo Milbang Gangnam Main Branch,음식,Cuisine > Korean > Restaurants,4,KOPdn21ou:한국어|ENPdn21ou:영어|JPPdn21ou:일본어|CNPdn21ou:중국어 간체|TCPdn21ou:중국어 번체|RUPdn21ou:러시아어|MLPdn21ou:말레이어,7
ENPn8s2yl,Cafe Haven,음식,Cuisine > Cafes > & > Tea > Shops,4,KOPn8s2yl:한국어|ENPn8s2yl:영어|JPPn8s2yl:일본어|CNPn8s2yl:중국어 간체|TCPn8s2yl:중국어 번체|RUPn8s2yl:러시아어|MLPn8s2yl:말레이어,7
ENPnylx75,bricksand Seoul Station Branch,음식,Cuisine > Cafes > & > Tea > Shops,5,KOPnylx75:한국어|ENPnylx75:영어|JPPnylx75:일본어|CNPnylx75:중국어 간체|TCPnylx75:중국어 번체|RUPnylx75:러시아어|MLPnylx75:말레이어,7
ENP0uxe6i,Bricksand Gangnam Station Branch,음식,Cuisine > Cafes > & > Tea > Shops,5,KOP0uxe6i:한국어|ENP0uxe6i:영어|JPP0uxe6i:일본어|CNP0uxe6i:중국어 간체|TCP0uxe6i:중국어 번체|RUP0uxe6i:러시아어|MLP0uxe6i:말레이어,7
ENP7wi581,Bricksand Seongsu Factory,음식,Cuisine > Cafes > & > Tea > Shops,5,KOP7wi581:한국어|ENP7wi581:영어|JPP7wi581:일본어|CNP7wi581:중국어 간체|TCP7wi581:중국어 번체|RUP7wi581:러시아어|MLP7wi581:말레이어,7
ENP7aevqa,Bricksand Myeongdong Branch,음식,Cuisine > Cafes > & > Tea > Shops,5,KOP7aevqa:한국어|ENP7aevqa:영어|JPP7aevqa:일본어|CNP7aevqa:중국어 간체|TCP7aevqa:중국어 번체|RUP7aevqa:러시아어|MLP7aevqa:말레이어,7
ENPmayzx5,Bricksand Gran Seoul Jonggak Branch,음식,Cuisine > Cafes > & > Tea > Shops,5,KOPmayzx5:한국어|ENPmayzx5:영어|JPPmayzx5:일본어|CNPmayzx5:중국어 간체|TCPmayzx5:중국어 번체|RUPmayzx5:러시아어|MLPmayzx5:말레이어,7
ENP0lonae,Bricksand Yeouido Branch,음식,Cuisine > Cafes > & > Tea > Shops,5,KOP0lonae:한국어|ENP0lonae:영어|JPP0lonae:일본어|CNP0lonae:중국어 간체|TCP0lonae:중국어 번체|RUP0lonae:러시아어|MLP0lonae:말레이어,7
ENP8skiqh,Bricksand One Grove Branch,음식,Cuisine > Cafes > & > Tea > Shops,5,KOP8skiqh:한국어|ENP8skiqh:영어|JPP8skiqh:일본어|CNP8skiqh:중국어 간체|TCP8skiqh:중국어 번체|RUP8skiqh:러시아어|MLP8skiqh:말레이어,7
ENPj4uwzp,Bricksand Shinsegae Duty Free Myeongdong Branch,음식,Cuisine > Cafes > & > Tea > Shops,5,KOPj4uwzp:한국어|ENPj4uwzp:영어|JPPj4uwzp:일본어|CNPj4uwzp:중국어 간체|TCPj4uwzp:중국어 번체|RUPj4uwzp:러시아어|MLPj4uwzp:말레이어,7
ENPqilmw0,Guanho Yeouido Main Branch,음식,Cuisine > Foreign > Restaurant > Western,5,KOPqilmw0:한국어|ENPqilmw0:영어|JPPqilmw0:일본어|CNPqilmw0:중국어 간체|TCPqilmw0:중국어 번체|RUPqilmw0:러시아어|MLPqilmw0:말레이어,7
ENP8tpoik,Saeng Gopchangjip Sangam,음식,Cuisine,5,KOP8tpoik:한국어|ENP8tpoik:영어|MLP8tpoik:말레이어,3
ENP3x803n,Art Sushi,음식,Cuisine,5,KOP3x803n:한국어|ENP3x803n:영어|MLP3x803n:말레이어,3
ENPdcpjoc,Troy Kebab,음식,Cuisine,5,KOPdcpjoc:한국어|ENPdcpjoc:영어|MLPdcpjoc:말레이어,3
ENPthrlz3,Haemok Nonhyeon,음식,Cuisine,5,KOPthrlz3:한국어|ENPthrlz3:영어|MLPthrlz3:말레이어,3
ENPvds803,KERVAN Famille Station,음식,Cuisine,5,KOPvds803:한국어|ENPvds803:영어|MLPvds803:말레이어,3
ENPrhifpg,Bongchu Jjimdak Apgujeong Rodeo,음식,Cuisine,5,KOPrhifpg:한국어|ENPrhifpg:영어|MLPrhifpg:말레이어,3
ENP27qmwv,New Delhi,음식,Cuisine,5,KOP27qmwv:한국어|ENP27qmwv:영어|MLP27qmwv:말레이어,3
ENPkujjd3,Oeyang-Gan,음식,Cuisine,5,KOPkujjd3:한국어|ENPkujjd3:영어|MLPkujjd3:말레이어,3
ENP3ys04f,The Rabbit,음식,Cuisine,5,KOP3ys04f:한국어|ENP3ys04f:영어|MLP3ys04f:말레이어,3
ENP7ia818,Jangsu Medicinal Herb Ginseng Chicken Soup,음식,Cuisine,5,KOP7ia818:한국어|ENP7ia818:영어|MLP7ia818:말레이어,3
ENPafuqeb,Myeongin Deungsim Mapo,음식,Cuisine,5,KOPafuqeb:한국어|ENPafuqeb:영어|MLPafuqeb:말레이어,3
ENPs8hcn0,Daepo Zzimdak Sinchon,음식,Cuisine,6,KOPs8hcn0:한국어|ENPs8hcn0:영어|MLPs8hcn0:말레이어,3
ENPtf2mue,Tuna Jinuh,음식,Cuisine,6,KOPtf2mue:한국어|ENPtf2mue:영어|MLPtf2mue:말레이어,3
ENPtjpqcw,Sinjindo Ganjang Gejang,음식,Cuisine,6,KOPtjpqcw:한국어|ENPtjpqcw:영어|MLPtjpqcw:말레이어,3
ENPos97i1,Baba India,음식,Cuisine,6,KOPos97i1:한국어|ENPos97i1:영어|MLPos97i1:말레이어,3
ENPckp2iq,AMMA HONGDAE,음식,Cuisine,6,KOPckp2iq:한국어|ENPckp2iq:영어|MLPckp2iq:말레이어,3
ENPo3ewu8,Baek nyeon Baekse Ginseng Chicken Soup,음식,Cuisine,6,KOPo3ewu8:한국어|ENPo3ewu8:영어|MLPo3ewu8:말레이어,3
ENPxjgsvf,Delhi India,음식,Cuisine,6,KOPxjgsvf:한국어|ENPxjgsvf:영어|MLPxjgsvf:말레이어,3
ENPuzw7wd,Hongdae Soy Sauce Marinated Crab  Hongilpum,음식,Cuisine,6,KOPuzw7wd:한국어|ENPuzw7wd:영어|MLPuzw7wd:말레이어,3
ENP7ejzo2,Bali in Mangwon,음식,Cuisine,6,KOP7ejzo2:한국어|ENP7ejzo2:영어|MLP7ejzo2:말레이어,3
ENPselb9d,KERVAN COEX Mall,음식,Cuisine,6,KOPselb9d:한국어|ENPselb9d:영어|MLPselb9d:말레이어,3
ENP6g2jb8,LunaAsia,음식,Cuisine,6,KOP6g2jb8:한국어|ENP6g2jb8:영어|MLP6g2jb8:말레이어,3
ENPrct6ro,Cheonghwa Sushi,음식,Cuisine,6,KOPrct6ro:한국어|ENPrct6ro:영어|MLPrct6ro:말레이어,3
ENPtlh2om,Hanguk Jip Lotte World Mall,음식,Cuisine,6,KOPtlh2om:한국어|ENPtlh2om:영어|MLPtlh2om:말레이어,3
ENP1hhncm,Sobamae Nigo,음식,Cuisine,6,KOP1hhncm:한국어|ENP1hhncm:영어|MLP1hhncm:말레이어,3
ENP6w2zfb,Kebab inn,음식,Cuisine,6,KOP6w2zfb:한국어|ENP6w2zfb:영어|MLP6w2zfb:말레이어,3
ENPm2229j,PalGakdo Seongsu Station,음식,Cuisine,6,KOPm2229j:한국어|ENPm2229j:영어|MLPm2229j:말레이어,3
ENPe8hu0j,Sobamae,음식,Cuisine,6,KOPe8hu0j:한국어|ENPe8hu0j:영어|MLPe8hu0j:말레이어,3
ENPzr5qwr,Gyeongseong Gogikun,음식,Cuisine,6,KOPzr5qwr:한국어|ENPzr5qwr:영어|MLPzr5qwr:말레이어,3
ENPlfzx4y,Chammallo Jotsudak 273,음식,Cuisine,6,KOPlfzx4y:한국어|ENPlfzx4y:영어|MLPlfzx4y:말레이어,3
ENPk0otw0,Green Field Restaurant,음식,Cuisine,6,KOPk0otw0:한국어|ENPk0otw0:영어|MLPk0otw0:말레이어,3
ENPg9te51,Lumbini Restaurant,음식,Cuisine,7,KOPg9te51:한국어|ENPg9te51:영어|MLPg9te51:말레이어,3
ENPeuqftn,Everest Restaurant Dongdaemun,음식,Cuisine,7,KOPeuqftn:한국어|ENPeuqftn:영어|MLPeuqftn:말레이어,3
ENP59hywx,DDP SPECIAL DUCK,음식,Cuisine,7,KOP59hywx:한국어|ENP59hywx:영어|MLP59hywx:말레이어,3
ENPbtu7ax,Everest Restaurant Dongdaemun History &amp; Culture Park,음식,Cuisine,7,KOPbtu7ax:한국어|ENPbtu7ax:영어|MLPbtu7ax:말레이어,3
ENPq7kzsy,Pooja 2 Indian Halal Food,음식,Cuisine,7,KOPq7kzsy:한국어|ENPq7kzsy:영어|MLPq7kzsy:말레이어,3
ENP96vwnh,Tashkent Kebab,음식,Cuisine,7,KOP96vwnh:한국어|ENP96vwnh:영어|MLP96vwnh:말레이어,3
ENPgp26ht,Star Samarkand,음식,Cuisine,7,KOPgp26ht:한국어|ENPgp26ht:영어|MLPgp26ht:말레이어,3
ENP9gwsjk,SAMARKAND CITY,음식,Cuisine,7,KOP9gwsjk:한국어|ENP9gwsjk:영어|MLP9gwsjk:말레이어,3
ENP8ryxxk,Tandoor,음식,Cuisine,7,KOP8ryxxk:한국어|ENP8ryxxk:영어|MLP8ryxxk:말레이어,3
ENP65uazy,Mongol Nomadic,음식,Cuisine,7,KOP65uazy:한국어|ENP65uazy:영어|MLP65uazy:말레이어,3
ENPj578d4,SAMARKAND,음식,Cuisine,7,KOPj578d4:한국어|ENPj578d4:영어|MLPj578d4:말레이어,3
ENP9v2gby,SAMARQAND SHAHJAHON CHAYHONA,음식,Cuisine,7,KOP9v2gby:한국어|ENP9v2gby:영어|MLP9v2gby:말레이어,3
ENP0o2u2b,KERVAN Bakery &amp; Cafe,음식,Cuisine,7,KOP0o2u2b:한국어|ENP0o2u2b:영어|MLP0o2u2b:말레이어,3
ENP6pl0le,Zaffran,음식,Cuisine,7,KOP6pl0le:한국어|ENP6pl0le:영어|MLP6pl0le:말레이어,3
ENPsmjldi,Yell-O! Chicken,음식,Cuisine,7,KOPsmjldi:한국어|ENPsmjldi:영어|MLPsmjldi:말레이어,3
ENP14y652,Little India Seoul,음식,Cuisine,7,KOP14y652:한국어|ENP14y652:영어|MLP14y652:말레이어,3
ENPf9yq31,"KERVAN Cafe, Dessert &amp; Brunch",음식,Cuisine,7,KOPf9yq31:한국어|ENPf9yq31:영어|MLPf9yq31:말레이어,3
ENPzupq4t,Eid,음식,Cuisine,7,KOPzupq4t:한국어|ENPzupq4t:영어|MLPzupq4t:말레이어,3
ENP9l2ncp,BOMBAY GRILL,음식,Cuisine,7,KOP9l2ncp:한국어|ENP9l2ncp:영어|MLP9l2ncp:말레이어,3
ENP4nropx,ITAEWON KITCHEN,음식,Cuisine,7,KOP4nropx:한국어|ENP4nropx:영어|MLP4nropx:말레이어,3
ENPwwx8qx,Taj Palace Itaewon,음식,Cuisine,8,KOPwwx8qx:한국어|ENPwwx8qx:영어|MLPwwx8qx:말레이어,3
ENPq6gjtw,DUBAI Restaurant,음식,Cuisine,8,KOPq6gjtw:한국어|ENPq6gjtw:영어|MLPq6gjtw:말레이어,3
ENP4mrgkb,KERVAN Restaurant,음식,Cuisine,8,KOP4mrgkb:한국어|ENP4mrgkb:영어|MLP4mrgkb:말레이어,3
ENP70wlhh,Mr. Kebab,음식,Cuisine,8,KOP70wlhh:한국어|ENP70wlhh:영어|MLP70wlhh:말레이어,3
ENPxpm2kz,King Kebab Itaewon,음식,Cuisine,8,KOPxpm2kz:한국어|ENPxpm2kz:영어|MLPxpm2kz:말레이어,3
ENP3uxdg6,Sultan Kebab,음식,Cuisine,8,KOP3uxdg6:한국어|ENP3uxdg6:영어|MLP3uxdg6:말레이어,3
ENP84pj4v,Petra Palace,음식,Cuisine,8,KOP84pj4v:한국어|ENP84pj4v:영어|MLP84pj4v:말레이어,3
ENPccpnt7,Petra,음식,Cuisine,8,KOPccpnt7:한국어|ENPccpnt7:영어|MLPccpnt7:말레이어,3
ENPof2x74,Yusukdan Buja Nakji,음식,Cuisine,8,KOPof2x74:한국어|ENPof2x74:영어|MLPof2x74:말레이어,3
ENPe30qwg,Lamb Camp,음식,Cuisine,8,KOPe30qwg:한국어|ENPe30qwg:영어|MLPe30qwg:말레이어,3
ENPmp2ukb,MaeHwa Lamb Skewers Myeongdong,음식,Cuisine,8,KOPmp2ukb:한국어|ENPmp2ukb:영어|MLPmp2ukb:말레이어,3
ENPlbm8ie,Gurkha India Restaurant,음식,Cuisine,8,KOPlbm8ie:한국어|ENPlbm8ie:영어|MLPlbm8ie:말레이어,3
ENP7z17kj,Bongchu Jjimdak  Myeongdong Jungang Post Office,음식,Cuisine,8,KOP7z17kj:한국어|ENP7z17kj:영어|MLP7z17kj:말레이어,3
ENPx3kk1v,Necktie Man Galchi Dongtae,음식,Cuisine,8,KOPx3kk1v:한국어|ENPx3kk1v:영어|MLPx3kk1v:말레이어,3
ENP1ccsum,Jungang Galchi Restaurant,음식,Cuisine,8,KOP1ccsum:한국어|ENP1ccsum:영어|MLP1ccsum:말레이어,3
ENPj8x66k,Huirak Galchi,음식,Cuisine,8,KOPj8x66k:한국어|ENPj8x66k:영어|MLPj8x66k:말레이어,3
ENPb2avld,Daebok,음식,Cuisine,8,KOPb2avld:한국어|ENPb2avld:영어|MLPb2avld:말레이어,3
ENPdnebwv,NIROSHA Restaurant,음식,Cuisine,8,KOPdnebwv:한국어|ENPdnebwv:영어|MLPdnebwv:말레이어,3
ENPf28lwz,Mohssens Sweets Daehak-ro,음식,Cuisine,8,KOPf28lwz:한국어|ENPf28lwz:영어|MLPf28lwz:말레이어,3
ENPlb7z0z,Yukjeon Gukbap Daehak-ro,음식,Cuisine,8,KOPlb7z0z:한국어|ENPlb7z0z:영어|MLPlb7z0z:말레이어,3
ENPtbt0il,Chani Oden,음식,Cuisine,9,KOPtbt0il:한국어|ENPtbt0il:영어|MLPtbt0il:말레이어,3
ENP5kjdbe,The Kitchen Asia Daehak-ro,음식,Cuisine,9,KOP5kjdbe:한국어|ENP5kjdbe:영어|MLP5kjdbe:말레이어,3
ENPixhmqp,MANOKAMANA Daehak-ro,음식,Cuisine,9,KOPixhmqp:한국어|ENPixhmqp:영어|MLPixhmqp:말레이어,3
ENPhfkqu9,Persian Palace,음식,Cuisine,9,KOPhfkqu9:한국어|ENPhfkqu9:영어|MLPhfkqu9:말레이어,3
ENPeab5ni,Hyeongje Yukhoe Main,음식,Cuisine,9,KOPeab5ni:한국어|ENPeab5ni:영어|MLPeab5ni:말레이어,3
ENPt8a9jd,Eosachultto Jongno 3 Ga,음식,Cuisine,9,KOPt8a9jd:한국어|ENPt8a9jd:영어|MLPt8a9jd:말레이어,3
ENPjl2sos,Saffron Restaurant,음식,Cuisine,9,KOPjl2sos:한국어|ENPjl2sos:영어|MLPjl2sos:말레이어,3
ENP8q4txd,Naerimson Samgyetang Euljiro,음식,Cuisine,9,KOP8q4txd:한국어|ENP8q4txd:영어|MLP8q4txd:말레이어,3
ENPz0vzz8,Jongno Samgyetang,음식,Cuisine,9,KOPz0vzz8:한국어|ENPz0vzz8:영어|MLPz0vzz8:말레이어,3
ENP87zug0,Insaeng Sliced Raw Fish Jonggak Main,음식,Cuisine,9,KOP87zug0:한국어|ENP87zug0:영어|MLP87zug0:말레이어,3
ENP4vpx7k,Temple Food-Specialized Restaurant  Balwoo Gongyang,음식,Cuisine,9,KOP4vpx7k:한국어|ENP4vpx7k:영어|MLP4vpx7k:말레이어,3
ENP3x8ft8,Nirvana,음식,Cuisine,9,KOP3x8ft8:한국어|ENP3x8ft8:영어|MLP3x8ft8:말레이어,3
ENPtzl5yx,Everest Restaurant Yangjae,음식,Cuisine,9,KOPtzl5yx:한국어|ENPtzl5yx:영어|MLPtzl5yx:말레이어,3
ENPz1mnmb,ALADDIN’S LAMB,음식,Cuisine,9,KOPz1mnmb:한국어|ENPz1mnmb:영어|MLPz1mnmb:말레이어,3
ENPe3levx,Himalaya Jonggak,음식,Cuisine > Foreign > Restaurant > Others,9,KOPe3levx:한국어|ENPe3levx:영어|MLPe3levx:말레이어,3
ENPc22jm7,plat å[o:],음식,Cuisine,9,KOPc22jm7:한국어|ENPc22jm7:영어|MLPc22jm7:말레이어,3
ENP3mgvk1,Durga Gangnam,음식,Cuisine,9,KOP3mgvk1:한국어|ENP3mgvk1:영어|MLP3mgvk1:말레이어,3
ENPz6bmpi,The Makan Yeouido,음식,Cuisine > Foreign > Restaurant > Others,9,KOPz6bmpi:한국어|ENPz6bmpi:영어|MLPz6bmpi:말레이어,3
ENP5j7jo8,Kwanho Yeouido,음식,Cuisine > Foreign > Restaurant > Chinese,9,KOP5j7jo8:한국어|ENP5j7jo8:영어|MLP5j7jo8:말레이어,3
ENP4aaule,Durga Gwanghwamun,음식,Cuisine > Foreign > Restaurant > Others,9,KOP4aaule:한국어|ENP4aaule:영어|MLP4aaule:말레이어,3
ENPxaopct,India Chef,음식,Cuisine,10,KOPxaopct:한국어|ENPxaopct:영어|MLPxaopct:말레이어,3
ENP3nhveo,The Makan,음식,Cuisine,10,KOP3nhveo:한국어|ENP3nhveo:영어|MLP3nhveo:말레이어,3
ENPekx8tt,The Kitchen Asia Hongdae,음식,Cuisine,10,KOPekx8tt:한국어|ENPekx8tt:영어|MLPekx8tt:말레이어,3
ENPorrf67,byTOFU,음식,Cuisine,10,KOPorrf67:한국어|ENPorrf67:영어|MLPorrf67:말레이어,3
ENPj65aa1,Home-Cooked Meal Gim Seonsaeng,음식,Cuisine,10,KOPj65aa1:한국어|ENPj65aa1:영어|MLPj65aa1:말레이어,3
ENP9fr8b4,Nammi Plant Lab,음식,Cuisine,10,KOP9fr8b4:한국어|ENP9fr8b4:영어|MLP9fr8b4:말레이어,3
ENPxsrld7,Cheil Jemyunso Yeouido IFC Mall Branch,음식,Cuisine > Korean > Restaurants,10,KOPxsrld7:한국어|ENPxsrld7:영어|JPPxsrld7:일본어|CNPxsrld7:중국어 간체|TCPxsrld7:중국어 번체,5
ENPx6hcb6,GlutenFree 6Day-Chicken,음식,Cuisine > Korean > Restaurants,10,KOPx6hcb6:한국어|ENPx6hcb6:영어|JPPx6hcb6:일본어|CNPx6hcb6:중국어 간체|TCPx6hcb6:중국어 번체,5
ENPum8opd,Bobae Banjum Myeongdong Branch,음식,Cuisine > Foreign > Restaurant > Chinese,10,KOPum8opd:한국어|ENPum8opd:영어|JPPum8opd:일본어|CNPum8opd:중국어 간체|TCPum8opd:중국어 번체,5
ENPwz3yz2,Yundal Ori,음식,Cuisine,10,KOPwz3yz2:한국어|ENPwz3yz2:영어|MLPwz3yz2:말레이어,3
ENP5c5ze2,Meoktong Nakji,음식,Cuisine,10,KOP5c5ze2:한국어|ENP5c5ze2:영어|MLP5c5ze2:말레이어,3
ENPxuebom,YANG IN HWAN DAE Hongdae,음식,Cuisine,10,KOPxuebom:한국어|ENPxuebom:영어|MLPxuebom:말레이어,3
ENPeenjav,Travel writer&#039;s Azit,음식,Cuisine,10,KOPeenjav:한국어|ENPeenjav:영어|MLPeenjav:말레이어,3
ENP07ysk5,Seokyeong Hanwoo,음식,Cuisine,10,KOP07ysk5:한국어|ENP07ysk5:영어|MLP07ysk5:말레이어,3
ENPgotwff,Gyeongsong,음식,Cuisine,10,KOPgotwff:한국어|ENPgotwff:영어|MLPgotwff:말레이어,3
ENPb1otdc,ALT.a,음식,Cuisine,10,KOPb1otdc:한국어|ENPb1otdc:영어|MLPb1otdc:말레이어,3
ENP9axuz4,MONKS BUTCHER,음식,Cuisine,10,KOP9axuz4:한국어|ENP9axuz4:영어|MLP9axuz4:말레이어,3
ENPve8nho,Cheongdam Musin,음식,Cuisine,10,KOPve8nho:한국어|ENPve8nho:영어|MLPve8nho:말레이어,3
ENPihy8fc,SWALLOW BAKERY &amp; CAFE,음식,Cuisine,10,KOPihy8fc:한국어|ENPihy8fc:영어|MLPihy8fc:말레이어,3
ENP0x9x1n,SEOUL-IYA,음식,Cuisine,10,KOP0x9x1n:한국어|ENP0x9x1n:영어|MLP0x9x1n:말레이어,3
ENPlvokp2,Myeongdong Chaeum Hanjongshik,음식,Cuisine,11,KOPlvokp2:한국어|ENPlvokp2:영어|MLPlvokp2:말레이어,3
ENPzodmu8,KAMPUNGKU,음식,Cuisine,11,KOPzodmu8:한국어|ENPzodmu8:영어|MLPzodmu8:말레이어,3
ENP658741,Gosame Sinchon,음식,Cuisine,11,KOP658741:한국어|ENP658741:영어|MLP658741:말레이어,3
ENPhebzt0,Gosame Hapjeong,음식,Cuisine,11,KOPhebzt0:한국어|ENPhebzt0:영어|MLPhebzt0:말레이어,3
ENPwiwz0p,Myeongdongjeong,음식,Cuisine,11,KOPwiwz0p:한국어|ENPwiwz0p:영어|MLPwiwz0p:말레이어,3
ENP1u4de7,Curry in,음식,Cuisine,11,KOP1u4de7:한국어|ENP1u4de7:영어|MLP1u4de7:말레이어,3
ENPuhxkca,Sanchon,음식,Cuisine,11,KOPuhxkca:한국어|ENPuhxkca:영어|MLPuhxkca:말레이어,3
ENPu59yj5,Hamcho Ganjang gejang,음식,Cuisine,11,KOPu59yj5:한국어|ENPu59yj5:영어|MLPu59yj5:말레이어,3
ENP1kjvs6,Soba Lab Sinchon,음식,Cuisine,11,KOP1kjvs6:한국어|ENP1kjvs6:영어|MLP1kjvs6:말레이어,3
ENPduew8t,CAMEL’S KITCHEN,음식,Cuisine,11,KOPduew8t:한국어|ENPduew8t:영어|MLPduew8t:말레이어,3
ENPa1y51w,L&#039;OIGNON,음식,Cuisine,11,KOPa1y51w:한국어|ENPa1y51w:영어|MLPa1y51w:말레이어,3
ENPjp7b57,iftar,음식,Cuisine,11,KOPjp7b57:한국어|ENPjp7b57:영어|MLPjp7b57:말레이어,3
ENPbtqjse,Nokum Space,음식,Cuisine,11,KOPbtqjse:한국어|ENPbtqjse:영어|MLPbtqjse:말레이어,3
ENPj2iohq,Vegan Insa,음식,Cuisine,11,KOPj2iohq:한국어|ENPj2iohq:영어|MLPj2iohq:말레이어,3
ENPjrjyag,Lepak Laa,음식,Cuisine,11,KOPjrjyag:한국어|ENPjrjyag:영어|MLPjrjyag:말레이어,3
ENP7a5mqg,Everest Restaurant Yeongdeungpo,음식,Cuisine,11,KOP7a5mqg:한국어|ENP7a5mqg:영어|MLP7a5mqg:말레이어,3
ENPb30c47,jumjumjumjumjumjum,음식,Cuisine,11,KOPb30c47:한국어|ENPb30c47:영어|MLPb30c47:말레이어,3
ENP4tx96n,SLUNCH FACTORY,음식,Cuisine,11,KOP4tx96n:한국어|ENP4tx96n:영어|MLP4tx96n:말레이어,3
ENP17t00b,SUNNY BOWL,음식,Cuisine,11,KOP17t00b:한국어|ENP17t00b:영어|MLP17t00b:말레이어,3
ENPxp2u2j,Nusantaraku,음식,Cuisine,11,KOPxp2u2j:한국어|ENPxp2u2j:영어|MLPxp2u2j:말레이어,3
ENPocs07r,Cherry Garden,음식,Cuisine,12,KOPocs07r:한국어|ENPocs07r:영어|MLPocs07r:말레이어,3
ENPq5ghp4,Bali Holiday,음식,Cuisine,12,KOPq5ghp4:한국어|ENPq5ghp4:영어|MLPq5ghp4:말레이어,3
ENP7m82bh,Myeongdong Chungmu Gimbap,음식,Cuisine,12,KOP7m82bh:한국어|ENP7m82bh:영어|MLP7m82bh:말레이어,3
ENPf6pbif,Myeongdong Busanjib,음식,Cuisine,12,KOPf6pbif:한국어|ENPf6pbif:영어|MLPf6pbif:말레이어,3
ENPk2t5h2,Busanjib Fried Chicken,음식,Cuisine,12,KOPk2t5h2:한국어|ENPk2t5h2:영어|MLPk2t5h2:말레이어,3
ENPmphdts,Busanjib KBBQ,음식,Cuisine,12,KOPmphdts:한국어|ENPmphdts:영어|MLPmphdts:말레이어,3
ENPy6hb65,Wonhalmae Wonjo Dakhanmari,음식,Cuisine,12,KOPy6hb65:한국어|ENPy6hb65:영어|MLPy6hb65:말레이어,3
ENP8n09cj,Sunmine Haengbok Gejang Dongdaemun,음식,Cuisine,12,KOP8n09cj:한국어|ENP8n09cj:영어|MLP8n09cj:말레이어,3
ENP279de6,Rust Bakery,음식,Cuisine > Cafes > & > Tea > Shops,12,KOP279de6:한국어|ENP279de6:영어|JPP279de6:일본어|CNP279de6:중국어 간체|TCP279de6:중국어 번체,5
ENPqgrc2c,Marinier,음식,Cuisine > Cafes > & > Tea > Shops,12,KOPqgrc2c:한국어|ENPqgrc2c:영어|JPPqgrc2c:일본어|CNPqgrc2c:중국어 간체|TCPqgrc2c:중국어 번체,5
ENPjnrt3e,Yankees Grill,음식,Cuisine > Foreign > Restaurant > Western,12,KOPjnrt3e:한국어|ENPjnrt3e:영어|JPPjnrt3e:일본어|CNPjnrt3e:중국어 간체|TCPjnrt3e:중국어 번체,5
ENPsemkjc,La Croute Seoul Main Branch,음식,Cuisine > Cafes > & > Tea > Shops,12,KOPsemkjc:한국어|ENPsemkjc:영어|JPPsemkjc:일본어|CNPsemkjc:중국어 간체|TCPsemkjc:중국어 번체,5
ENPyvg45v,Ginkgo Seoul,음식,Cuisine > Cafes > & > Tea > Shops,12,KOPyvg45v:한국어|ENPyvg45v:영어|JPPyvg45v:일본어|CNPyvg45v:중국어 간체|TCPyvg45v:중국어 번체,5
ENPe0zi3b,Byeoryangjip,음식,Cuisine,12,KOPe0zi3b:한국어|ENPe0zi3b:영어|MLPe0zi3b:말레이어,3
ENP139gfg,Chamasineun Teul Chatteul,음식,Cuisine > Cafes > & > Tea > Shops,12,KOP139gfg:한국어|ENP139gfg:영어|JPP139gfg:일본어|CNP139gfg:중국어 간체|TCP139gfg:중국어 번체,5
ENPkfb1he,Heukwoojeong Gangnam,음식,Cuisine,12,KOPkfb1he:한국어|ENPkfb1he:영어|MLPkfb1he:말레이어,3
ENPwpiwpw,Busanjib Hongdae,음식,Cuisine,12,KOPwpiwpw:한국어|ENPwpiwpw:영어|MLPwpiwpw:말레이어,3
ENP8ukunx,Bakery Agung,음식,Cuisine > Cafes > & > Tea > Shops,12,KOP8ukunx:한국어|ENP8ukunx:영어|JPP8ukunx:일본어|CNP8ukunx:중국어 간체|TCP8ukunx:중국어 번체,5
ENP2flbke,Hongdae Dakgalbi,음식,Cuisine > Korean > Restaurants,12,KOP2flbke:한국어|ENP2flbke:영어|JPP2flbke:일본어|CNP2flbke:중국어 간체|TCP2flbke:중국어 번체,5
ENP6j3tuj,Another Side,음식,Cuisine > Cafes > & > Tea > Shops,12,KOP6j3tuj:한국어|ENP6j3tuj:영어|JPP6j3tuj:일본어|CNP6j3tuj:중국어 간체|TCP6j3tuj:중국어 번체,5
ENP9ctu0m,Manhole Coffee Western Bookstore,음식,Cuisine > Cafes > & > Tea > Shops,13,KOP9ctu0m:한국어|ENP9ctu0m:영어|JPP9ctu0m:일본어|CNP9ctu0m:중국어 간체|TCP9ctu0m:중국어 번체,5
ENPwcrlov,PLANT,음식,Cuisine,13,KOPwcrlov:한국어|ENPwcrlov:영어|MLPwcrlov:말레이어,3
ENPhmduvs,Geumsu Bokguk Jamsil Sofitel,음식,Cuisine,13,KOPhmduvs:한국어|ENPhmduvs:영어|MLPhmduvs:말레이어,3
ENPh6a7ig,Manis Kitchen,음식,Cuisine,13,KOPh6a7ig:한국어|ENPh6a7ig:영어|MLPh6a7ig:말레이어,3
ENPcpoeuv,Daddy&#039;s Lamb Steakhouse,음식,Cuisine,13,KOPcpoeuv:한국어|ENPcpoeuv:영어|MLPcpoeuv:말레이어,3
ENPtif74h,CARAVEL East Asia Hannam,음식,Cuisine > Foreign > Restaurant,13,KOPtif74h:한국어|ENPtif74h:영어|JPPtif74h:일본어|CNPtif74h:중국어 간체|TCPtif74h:중국어 번체,5
ENPqf93rc,Yeonhui dong Gukhwabbang,음식,Cuisine > Cafes > & > Tea > Shops,13,KOPqf93rc:한국어|ENPqf93rc:영어,2
ENPfqfgtk,sobb,음식,Cuisine > Cafes > & > Tea > Shops,13,KOPfqfgtk:한국어|ENPfqfgtk:영어|JPPfqfgtk:일본어|CNPfqfgtk:중국어 간체|TCPfqfgtk:중국어 번체,5
ENP7lw301,HIT COFFEE ROASTERS Itaewon Branch,음식,Cuisine > Cafes > & > Tea > Shops,13,KOP7lw301:한국어|ENP7lw301:영어|JPP7lw301:일본어|CNP7lw301:중국어 간체|TCP7lw301:중국어 번체,5
ENP2aitm6,Dwaeji Gomtang HAU Seongsu Main Branch,음식,Cuisine > Korean > Restaurants,13,KOP2aitm6:한국어|ENP2aitm6:영어|JPP2aitm6:일본어|CNP2aitm6:중국어 간체|TCP2aitm6:중국어 번체,5
ENPae0c1o,Hearts House,음식,Cuisine > Cafes > & > Tea > Shops,13,KOPae0c1o:한국어|ENPae0c1o:영어|JPPae0c1o:일본어|CNPae0c1o:중국어 간체|TCPae0c1o:중국어 번체,5
ENPqgrzkx,Esperanza Roasters Hong Eun Main Branch,음식,Cuisine > Cafes > & > Tea > Shops,13,KOPqgrzkx:한국어|ENPqgrzkx:영어|JPPqgrzkx:일본어|CNPqgrzkx:중국어 간체|TCPqgrzkx:중국어 번체,5
ENPag9r0c,Coccinelle,음식,Cuisine > Foreign > Restaurant > Western,13,KOPag9r0c:한국어|ENPag9r0c:영어|JPPag9r0c:일본어|CNPag9r0c:중국어 간체|TCPag9r0c:중국어 번체,5
ENP0p4bkd,Parole &amp; Langue,음식,Cuisine > Cafes > & > Tea > Shops,13,KOP0p4bkd:한국어|ENP0p4bkd:영어|JPP0p4bkd:일본어|CNP0p4bkd:중국어 간체|TCP0p4bkd:중국어 번체|RUP0p4bkd:러시아어|MLP0p4bkd:말레이어,7
ENPz7bpwy,Café Kiiro,음식,Cuisine > Cafes > & > Tea > Shops,13,KOPz7bpwy:한국어|ENPz7bpwy:영어|JPPz7bpwy:일본어|CNPz7bpwy:중국어 간체|TCPz7bpwy:중국어 번체|RUPz7bpwy:러시아어|MLPz7bpwy:말레이어,7
ENPcq5rwf,House of Vinyl Mangwon Branch,음식,Cuisine > Cafes > & > Tea > Shops,13,KOPcq5rwf:한국어|ENPcq5rwf:영어|JPPcq5rwf:일본어|CNPcq5rwf:중국어 간체|TCPcq5rwf:중국어 번체|RUPcq5rwf:러시아어|MLPcq5rwf:말레이어,7
ENPbsho47,LOW ROOF,음식,Cuisine > Cafes > & > Tea > Shops,13,KOPbsho47:한국어|ENPbsho47:영어|JPPbsho47:일본어|CNPbsho47:중국어 간체|TCPbsho47:중국어 번체|RUPbsho47:러시아어|MLPbsho47:말레이어,7
ENPcsfluy,CaféCité,음식,Cuisine > Cafes > & > Tea > Shops,13,KOPcsfluy:한국어|ENPcsfluy:영어|JPPcsfluy:일본어|CNPcsfluy:중국어 간체|TCPcsfluy:중국어 번체|RUPcsfluy:러시아어|MLPcsfluy:말레이어,7
ENPl9hphg,Cinora Yeonhui Branch,음식,Cuisine > Cafes > & > Tea > Shops,13,KOPl9hphg:한국어|ENPl9hphg:영어|CNPl9hphg:중국어 간체|TCPl9hphg:중국어 번체,4
ENPcys3h9,Protocol Yeonhui Branch,음식,Cuisine > Cafes > & > Tea > Shops,13,KOPcys3h9:한국어|ENPcys3h9:영어|JPPcys3h9:일본어|CNPcys3h9:중국어 간체|TCPcys3h9:중국어 번체,5
ENPqtr755,Pan Honesta Itaewon Branch,음식,Cuisine,14,ENPqtr755:영어|JPPqtr755:일본어|CNPqtr755:중국어 간체|TCPqtr755:중국어 번체,4
ENPjdqssm,Camouflage,음식,Cuisine,14,KOPjdqssm:한국어|ENPjdqssm:영어|JPPjdqssm:일본어|CNPjdqssm:중국어 간체|TCPjdqssm:중국어 번체|MLPjdqssm:말레이어,6
ENPycjizf,Café Turtle,음식,Cuisine,14,KOPycjizf:한국어|ENPycjizf:영어|JPPycjizf:일본어|CNPycjizf:중국어 간체|TCPycjizf:중국어 번체|MLPycjizf:말레이어,6
ENPe28p67,ROOTED,음식,Cuisine,14,KOPe28p67:한국어|ENPe28p67:영어|JPPe28p67:일본어|CNPe28p67:중국어 간체|TCPe28p67:중국어 번체|MLPe28p67:말레이어,6
ENP4vi2nr,Veganature,음식,Cuisine,14,KOP4vi2nr:한국어|ENP4vi2nr:영어|JPP4vi2nr:일본어|CNP4vi2nr:중국어 간체|TCP4vi2nr:중국어 번체|MLP4vi2nr:말레이어,6
ENPjju3ll,Maji,음식,Cuisine,14,KOPjju3ll:한국어|ENPjju3ll:영어|JPPjju3ll:일본어|CNPjju3ll:중국어 간체|TCPjju3ll:중국어 번체|MLPjju3ll:말레이어,6
ENPwmy08p,Mahina Vegan Table,음식,Cuisine,14,ENPwmy08p:영어|JPPwmy08p:일본어|CNPwmy08p:중국어 간체|TCPwmy08p:중국어 번체,4
ENP4uv0kz,Vegan Kitchen,음식,Cuisine,14,KOP4uv0kz:한국어|ENP4uv0kz:영어|JPP4uv0kz:일본어|CNP4uv0kz:중국어 간체|TCP4uv0kz:중국어 번체|MLP4uv0kz:말레이어,6
ENPstf3z3,Cosmos Grocery Seongsu,음식,Cuisine,14,KOPstf3z3:한국어|ENPstf3z3:영어|JPPstf3z3:일본어|CNPstf3z3:중국어 간체|TCPstf3z3:중국어 번체|MLPstf3z3:말레이어,6
ENPc7wrpw,Café SIVA,음식,Cuisine,14,ENPc7wrpw:영어|JPPc7wrpw:일본어|CNPc7wrpw:중국어 간체|TCPc7wrpw:중국어 번체,4
ENPm10x7q,Room Temperature,음식,Cuisine,14,KOPm10x7q:한국어|ENPm10x7q:영어|JPPm10x7q:일본어|CNPm10x7q:중국어 간체|TCPm10x7q:중국어 번체,5
ENPg70qkk,BBQ YUL Gangnam Branch,음식,Cuisine > Korean > Restaurants,14,KOPg70qkk:한국어|ENPg70qkk:영어|JPPg70qkk:일본어|CNPg70qkk:중국어 간체|TCPg70qkk:중국어 번체,5
ENPl2poyj,HANI KALGUKSU,음식,Cuisine > Korean > Restaurants,14,KOPl2poyj:한국어|ENPl2poyj:영어|JPPl2poyj:일본어|CNPl2poyj:중국어 간체|TCPl2poyj:중국어 번체,5
ENPon4w77,Original Jobak House,음식,Cuisine > Korean > Restaurants,14,KOPon4w77:한국어|ENPon4w77:영어|JPPon4w77:일본어|CNPon4w77:중국어 간체|TCPon4w77:중국어 번체,5
ENPooociy,Il Deung Restaurant,음식,Cuisine > Korean > Restaurants,14,KOPooociy:한국어|ENPooociy:영어|JPPooociy:일본어|CNPooociy:중국어 간체|TCPooociy:중국어 번체,5
ENPsknabd,Janggagu,음식,Cuisine > Foreign > Restaurant > Chinese,14,KOPsknabd:한국어|ENPsknabd:영어|JPPsknabd:일본어|CNPsknabd:중국어 간체|TCPsknabd:중국어 번체,5
ENPw216z4,Cheongsong Headquarters Hamheung Naengmyeon,음식,Cuisine > Korean > Restaurants,14,KOPw216z4:한국어|ENPw216z4:영어|JPPw216z4:일본어|CNPw216z4:중국어 간체|TCPw216z4:중국어 번체,5
ENP1k0rxn,Cosmos Snack Bar,음식,Cuisine > Korean > Restaurants,14,KOP1k0rxn:한국어|ENP1k0rxn:영어|JPP1k0rxn:일본어|CNP1k0rxn:중국어 간체|TCP1k0rxn:중국어 번체,5
ENPlh5poa,Taejo Daerim Gamjaguk,음식,Cuisine > Korean > Restaurants,14,KOPlh5poa:한국어|ENPlh5poa:영어|JPPlh5poa:일본어|CNPlh5poa:중국어 간체|TCPlh5poa:중국어 번체,5
ENPs9xa69,Pyeongtaek Go Yeosa House Cold Noodles,음식,Cuisine > Korean > Restaurants,14,KOPs9xa69:한국어|ENPs9xa69:영어|JPPs9xa69:일본어|CNPs9xa69:중국어 간체|TCPs9xa69:중국어 번체,5
ENP9a9oj8,Seobu Gamjaguk,음식,Cuisine > Korean > Restaurants,15,KOP9a9oj8:한국어|ENP9a9oj8:영어|JPP9a9oj8:일본어|CNP9a9oj8:중국어 간체|TCP9a9oj8:중국어 번체,5
ENPv5rscz,Seokgyo Restaurant,음식,Cuisine > Korean > Restaurants,15,KOPv5rscz:한국어|ENPv5rscz:영어|JPPv5rscz:일본어|CNPv5rscz:중국어 간체|TCPv5rscz:중국어 번체,5
ENPz0vpvy,Yeokjeon Hoegwan,음식,Cuisine > Korean > Restaurants,15,KOPz0vpvy:한국어|ENPz0vpvy:영어|JPPz0vpvy:일본어|CNPz0vpvy:중국어 간체|TCPz0vpvy:중국어 번체,5
ENP04yoa2,Café SangGuk,음식,Cuisine > Cafes > & > Tea > Shops,15,KOP04yoa2:한국어|ENP04yoa2:영어|JPP04yoa2:일본어|CNP04yoa2:중국어 간체|TCP04yoa2:중국어 번체,5
ENP0fbnhd,Yonggi Susan,음식,Cuisine > Korean > Restaurants,15,KOP0fbnhd:한국어|ENP0fbnhd:영어|JPP0fbnhd:일본어|CNP0fbnhd:중국어 간체|TCP0fbnhd:중국어 번체,5
ENPadtomq,Romantic LP Bar Jamsil Bangi Branch,음식,Cuisine > Bars > & > Clubs,15,KOPadtomq:한국어|ENPadtomq:영어|JPPadtomq:일본어|CNPadtomq:중국어 간체|TCPadtomq:중국어 번체,5
ENPe16xkx,Moknojip,음식,Cuisine > Korean > Restaurants,15,KOPe16xkx:한국어|ENPe16xkx:영어|JPPe16xkx:일본어|CNPe16xkx:중국어 간체|TCPe16xkx:중국어 번체,5
ENPvr2axw,Manpo Myeonok,음식,Cuisine > Korean > Restaurants,15,KOPvr2axw:한국어|ENPvr2axw:영어|JPPvr2axw:일본어|CNPvr2axw:중국어 간체|TCPvr2axw:중국어 번체,5
ENPl6vvmp,MAPO-OK,음식,Cuisine > Korean > Restaurants,15,KOPl6vvmp:한국어|ENPl6vvmp:영어|JPPl6vvmp:일본어|CNPl6vvmp:중국어 간체|TCPl6vvmp:중국어 번체,5
ENPmqyvu5,Korean Beef Omakase - WUMOK,음식,Cuisine > Korean > Restaurants,15,KOPmqyvu5:한국어|ENPmqyvu5:영어|JPPmqyvu5:일본어|CNPmqyvu5:중국어 간체|TCPmqyvu5:중국어 번체,5
ENPjjemmk,Dojeongyukgwan,음식,Cuisine > Korean > Restaurants,15,KOPjjemmk:한국어|ENPjjemmk:영어|JPPjjemmk:일본어|CNPjjemmk:중국어 간체|TCPjjemmk:중국어 번체,5
ENPgm0zwf,Dongdaemun Grilled Fish Alley,음식,Cuisine > Korean > Restaurants,15,KOPgm0zwf:한국어|ENPgm0zwf:영어|JPPgm0zwf:일본어|CNPgm0zwf:중국어 간체|TCPgm0zwf:중국어 번체,5
ENPnqfslm,Mokseokjeong,음식,Cuisine > Korean > Restaurants,15,KOPnqfslm:한국어|ENPnqfslm:영어|JPPnqfslm:일본어|CNPnqfslm:중국어 간체|TCPnqfslm:중국어 번체,5
ENP933ykf,Rain Report Rainbow,음식,Cuisine > Cafes > & > Tea > Shops,15,KOP933ykf:한국어|ENP933ykf:영어|JPP933ykf:일본어|CNP933ykf:중국어 간체|TCP933ykf:중국어 번체,5
ENPpb1ta0,Kensington Hotel The View Lounge,음식,Cuisine > Korean > Restaurants,15,KOPpb1ta0:한국어|ENPpb1ta0:영어|JPPpb1ta0:일본어|CNPpb1ta0:중국어 간체|TCPpb1ta0:중국어 번체,5
ENP6rymuy,Kensington Hotel Broadway,음식,Cuisine > Foreign > Restaurant > Western,15,KOP6rymuy:한국어|ENP6rymuy:영어|JPP6rymuy:일본어|CNP6rymuy:중국어 간체|TCP6rymuy:중국어 번체,5
ENPq0llgd,Gobong Samgyetang,음식,Cuisine > Korean > Restaurants,15,KOPq0llgd:한국어|ENPq0llgd:영어|JPPq0llgd:일본어|CNPq0llgd:중국어 간체|TCPq0llgd:중국어 번체,5
ENPawofnj,Riverside Library,음식,Cuisine > Cafes > & > Tea > Shops,15,KOPawofnj:한국어|ENPawofnj:영어|JPPawofnj:일본어|CNPawofnj:중국어 간체|TCPawofnj:중국어 번체,5
ENP6ljai9,House of Shinsegae Dessert Salon,음식,Cuisine > Cafes > & > Tea > Shops,15,KOP6ljai9:한국어|ENP6ljai9:영어|JPP6ljai9:일본어|CNP6ljai9:중국어 간체|TCP6ljai9:중국어 번체,5
ENPb49ucp,Oddhaus Osteria,음식,Cuisine > Foreign > Restaurant > Western,15,KOPb49ucp:한국어|ENPb49ucp:영어|JPPb49ucp:일본어|CNPb49ucp:중국어 간체|TCPb49ucp:중국어 번체,5
ENP22oa3h,Avelop Hongdae Flagship,음식,Cuisine > Cafes > & > Tea > Shops,16,KOP22oa3h:한국어|ENP22oa3h:영어|JPP22oa3h:일본어|CNP22oa3h:중국어 간체|TCP22oa3h:중국어 번체,5
ENPyiaqhs,Coffee Hanyakbang,음식,Cuisine > Cafes > & > Tea > Shops,16,KOPyiaqhs:한국어|ENPyiaqhs:영어|JPPyiaqhs:일본어|CNPyiaqhs:중국어 간체|TCPyiaqhs:중국어 번체,5
ENPhsowxr,Oldy’s Taco Euljiro Main Branch,음식,Cuisine > Foreign > Restaurant > Others,16,KOPhsowxr:한국어|ENPhsowxr:영어|JPPhsowxr:일본어|CNPhsowxr:중국어 간체|TCPhsowxr:중국어 번체,5
ENPlijnj3,Rhubarb,음식,Cuisine > Cafes > & > Tea > Shops,16,KOPlijnj3:한국어|ENPlijnj3:영어|JPPlijnj3:일본어|CNPlijnj3:중국어 간체|TCPlijnj3:중국어 번체|RUPlijnj3:러시아어|MLPlijnj3:말레이어,7
ENP8f9it6,Four Seasons Hotel Seoul Charles H.,음식,Cuisine > Bars > & > Clubs,16,KOP8f9it6:한국어|ENP8f9it6:영어|JPP8f9it6:일본어|CNP8f9it6:중국어 간체|TCP8f9it6:중국어 번체|RUP8f9it6:러시아어|MLP8f9it6:말레이어,7
ENPccztn7,Onmigwan Anguk,음식,Cuisine > Korean > Restaurants,16,KOPccztn7:한국어|ENPccztn7:영어|JPPccztn7:일본어|CNPccztn7:중국어 간체|TCPccztn7:중국어 번체|RUPccztn7:러시아어|MLPccztn7:말레이어,7
ENParm2do,Bangul &amp; Kkomak,음식,Cuisine > Bars > & > Clubs,16,KOParm2do:한국어|ENParm2do:영어|JPParm2do:일본어|CNParm2do:중국어 간체|TCParm2do:중국어 번체|RUParm2do:러시아어|MLParm2do:말레이어,7
ENP16sl14,Parc Hannam Main Branch,음식,Cuisine > Korean > Restaurants,16,KOP16sl14:한국어|ENP16sl14:영어|JPP16sl14:일본어|CNP16sl14:중국어 간체|TCP16sl14:중국어 번체|RUP16sl14:러시아어|MLP16sl14:말레이어,7
ENP2h7itr,Namsan Sul Club,음식,Cuisine > Bars > & > Clubs,16,KOP2h7itr:한국어|ENP2h7itr:영어|JPP2h7itr:일본어|CNP2h7itr:중국어 간체|TCP2h7itr:중국어 번체|RUP2h7itr:러시아어|MLP2h7itr:말레이어,7
ENPua3t10,Yukjeupdang Gwanghwamun Branch,음식,Cuisine > Korean > Restaurants,16,KOPua3t10:한국어|ENPua3t10:영어|JPPua3t10:일본어|CNPua3t10:중국어 간체|TCPua3t10:중국어 번체|RUPua3t10:러시아어|MLPua3t10:말레이어,7
ENPtxc8oj,Arigyegok Jonggak Branch,음식,Cuisine > Korean > Restaurants,16,KOPtxc8oj:한국어|ENPtxc8oj:영어|JPPtxc8oj:일본어|CNPtxc8oj:중국어 간체|TCPtxc8oj:중국어 번체|RUPtxc8oj:러시아어|MLPtxc8oj:말레이어,7
ENPlqylq6,Sun Tomato Ramen,음식,Cuisine > Foreign > Restaurant > Japanese,16,KOPlqylq6:한국어|ENPlqylq6:영어|JPPlqylq6:일본어|CNPlqylq6:중국어 간체|TCPlqylq6:중국어 번체,5
ENPqetlda,Suraksan Pungcheon Eel,음식,Cuisine > Korean > Restaurants,16,KOPqetlda:한국어|ENPqetlda:영어|JPPqetlda:일본어|CNPqetlda:중국어 간체|TCPqetlda:중국어 번체,5
ENPlpuqtx,Dongyang Tea House Suraksan Branch,음식,Cuisine > Cafes > & > Tea > Shops,16,KOPlpuqtx:한국어|ENPlpuqtx:영어|JPPlpuqtx:일본어|CNPlpuqtx:중국어 간체|TCPlpuqtx:중국어 번체,5
ENPk3ob8d,Summer Lane,음식,Cuisine > Cafes > & > Tea > Shops,16,KOPk3ob8d:한국어|ENPk3ob8d:영어|JPPk3ob8d:일본어|CNPk3ob8d:중국어 간체|TCPk3ob8d:중국어 번체,5
ENP9vr5hz,EPI,음식,Cuisine > Cafes > & > Tea > Shops,16,KOP9vr5hz:한국어|ENP9vr5hz:영어|JPP9vr5hz:일본어|CNP9vr5hz:중국어 간체|TCP9vr5hz:중국어 번체,5
ENPaahwxc,CAFE POKPO,음식,Cuisine > Cafes > & > Tea > Shops,16,KOPaahwxc:한국어|ENPaahwxc:영어|JPPaahwxc:일본어|CNPaahwxc:중국어 간체|TCPaahwxc:중국어 번체,5
ENPb00dc8,BAN COFFEE SHOP,음식,Cuisine > Cafes > & > Tea > Shops,16,KOPb00dc8:한국어|ENPb00dc8:영어|JPPb00dc8:일본어|CNPb00dc8:중국어 간체|TCPb00dc8:중국어 번체,5
ENPivo4mg,BOOK AND REST,음식,Cuisine > Cafes > & > Tea > Shops,16,KOPivo4mg:한국어|ENPivo4mg:영어|JPPivo4mg:일본어|CNPivo4mg:중국어 간체|TCPivo4mg:중국어 번체,5
ENP8jtxt1,Overdeep Yeonnam,음식,Cuisine > Cafes > & > Tea > Shops,16,KOP8jtxt1:한국어|ENP8jtxt1:영어|JPP8jtxt1:일본어|CNP8jtxt1:중국어 간체|TCP8jtxt1:중국어 번체|RUP8jtxt1:러시아어|MLP8jtxt1:말레이어,7
ENPw87uva,Jusindang Yongsan Branch,음식,Cuisine > Korean > Restaurants,17,KOPw87uva:한국어|ENPw87uva:영어|JPPw87uva:일본어|CNPw87uva:중국어 간체|TCPw87uva:중국어 번체,5
ENP4pzc2k,DAWNING,음식,Cuisine > Cafes > & > Tea > Shops,17,KOP4pzc2k:한국어|ENP4pzc2k:영어|JPP4pzc2k:일본어|CNP4pzc2k:중국어 간체|TCP4pzc2k:중국어 번체,5
ENPlsskfb,Italy Two-Story House,음식,Cuisine > Foreign > Restaurant > Fusion,17,KOPlsskfb:한국어|ENPlsskfb:영어|JPPlsskfb:일본어|CNPlsskfb:중국어 간체|TCPlsskfb:중국어 번체,5
ENPb3iegs,Mexitiger,음식,Cuisine > Bars > & > Clubs,17,KOPb3iegs:한국어|ENPb3iegs:영어|JPPb3iegs:일본어|CNPb3iegs:중국어 간체|TCPb3iegs:중국어 번체,5
ENP9xvv34,Yongyong Teacher Maradowon,음식,Cuisine > Foreign > Restaurant > Chinese,17,KOP9xvv34:한국어|ENP9xvv34:영어|JPP9xvv34:일본어|CNP9xvv34:중국어 간체|TCP9xvv34:중국어 번체,5
ENP70l60p,Chang-dong Pocha Street,음식,Cuisine,17,KOP70l60p:한국어|ENP70l60p:영어|JPP70l60p:일본어|CNP70l60p:중국어 간체|TCP70l60p:중국어 번체,5
ENPimihui,Dotori Yongsan Branch,음식,Cuisine > Cafes > & > Tea > Shops,17,KOPimihui:한국어|ENPimihui:영어|JPPimihui:일본어|CNPimihui:중국어 간체|TCPimihui:중국어 번체,5
ENP9fsdzk,Bermuda Samgakji,음식,Cuisine > Foreign > Restaurant > Fusion,17,KOP9fsdzk:한국어|ENP9fsdzk:영어|JPP9fsdzk:일본어|CNP9fsdzk:중국어 간체|TCP9fsdzk:중국어 번체,5
ENP2lpdrw,Doyajip,음식,Cuisine > Korean > Restaurants,17,KOP2lpdrw:한국어|ENP2lpdrw:영어|JPP2lpdrw:일본어|CNP2lpdrw:중국어 간체|TCP2lpdrw:중국어 번체,5
ENP1gyxbd,Bongijeon,음식,Cuisine > Korean > Restaurants,17,KOP1gyxbd:한국어|ENP1gyxbd:영어|JPP1gyxbd:일본어|CNP1gyxbd:중국어 간체|TCP1gyxbd:중국어 번체,5
ENP5e5tfq,Picniq Seonyudo Hanok Branch,음식,Cuisine > Cafes > & > Tea > Shops,17,KOP5e5tfq:한국어|ENP5e5tfq:영어|JPP5e5tfq:일본어|CNP5e5tfq:중국어 간체|TCP5e5tfq:중국어 번체,5
ENP7byvis,Cafe Jinjeongseong Hangang Coffee House,음식,Cuisine > Cafes > & > Tea > Shops,17,KOP7byvis:한국어|ENP7byvis:영어|JPP7byvis:일본어|CNP7byvis:중국어 간체|TCP7byvis:중국어 번체,5
ENPawn5vl,SZIMPATIKUS Yongsan Branch,음식,Cuisine > Foreign > Restaurant > Western,17,KOPawn5vl:한국어|ENPawn5vl:영어|JPPawn5vl:일본어|CNPawn5vl:중국어 간체|TCPawn5vl:중국어 번체,5
ENP8d04ly,Hyunseonine Yongsan Main Store,음식,Cuisine > Korean > Restaurants,17,KOP8d04ly:한국어|ENP8d04ly:영어|JPP8d04ly:일본어|CNP8d04ly:중국어 간체|TCP8d04ly:중국어 번체,5
ENPb7hk2z,Marly,음식,Cuisine > Cafes > & > Tea > Shops,17,KOPb7hk2z:한국어|ENPb7hk2z:영어|JPPb7hk2z:일본어|CNPb7hk2z:중국어 간체|TCPb7hk2z:중국어 번체,5
ENPp1q4s4,Hanjungsun,음식,Cuisine > Cafes > & > Tea > Shops,17,KOPp1q4s4:한국어|ENPp1q4s4:영어|JPPp1q4s4:일본어|CNPp1q4s4:중국어 간체|TCPp1q4s4:중국어 번체,5
ENPs6kjzd,etba seoul,음식,Cuisine > Cafes > & > Tea > Shops,17,KOPs6kjzd:한국어|ENPs6kjzd:영어|JPPs6kjzd:일본어|CNPs6kjzd:중국어 간체|TCPs6kjzd:중국어 번체,5
ENPu0txa8,CHILGAPSAN,음식,Cuisine > Korean > Restaurants,17,KOPu0txa8:한국어|ENPu0txa8:영어|JPPu0txa8:일본어|CNPu0txa8:중국어 간체|TCPu0txa8:중국어 번체,5
ENPmmx0cv,Seongsudarak,음식,Cuisine > Foreign > Restaurant > Western,17,KOPmmx0cv:한국어|ENPmmx0cv:영어|JPPmmx0cv:일본어|CNPmmx0cv:중국어 간체|TCPmmx0cv:중국어 번체,5
ENPi3j31g,Thweet,음식,Cuisine > Cafes > & > Tea > Shops,17,KOPi3j31g:한국어|ENPi3j31g:영어|JPPi3j31g:일본어|CNPi3j31g:중국어 간체|TCPi3j31g:중국어 번체,5
ENPlj977b,lick sip,음식,Cuisine,18,KOPlj977b:한국어|ENPlj977b:영어|JPPlj977b:일본어|CNPlj977b:중국어 간체|TCPlj977b:중국어 번체,5
ENPhzb6qe,Sammijung,음식,Cuisine > Korean > Restaurants,18,KOPhzb6qe:한국어|ENPhzb6qe:영어|JPPhzb6qe:일본어|CNPhzb6qe:중국어 간체|TCPhzb6qe:중국어 번체,5
ENPcfl4le,Chowol,음식,Cuisine > Korean > Restaurants,18,KOPcfl4le:한국어|ENPcfl4le:영어|JPPcfl4le:일본어|CNPcfl4le:중국어 간체|TCPcfl4le:중국어 번체,5
ENPlceoxk,Somunnan Seongsu Gamjatang,음식,Cuisine > Korean > Restaurants,18,KOPlceoxk:한국어|ENPlceoxk:영어|JPPlceoxk:일본어|CNPlceoxk:중국어 간체|TCPlceoxk:중국어 번체,5
ENPut7t7t,Scene,음식,Cuisine > Cafes > & > Tea > Shops,18,KOPut7t7t:한국어|ENPut7t7t:영어|JPPut7t7t:일본어|CNPut7t7t:중국어 간체|TCPut7t7t:중국어 번체,5
ENPhigqcy,Root,음식,Cuisine > Korean > Restaurants,18,KOPhigqcy:한국어|ENPhigqcy:영어|JPPhigqcy:일본어|CNPhigqcy:중국어 간체|TCPhigqcy:중국어 번체,5
ENPa5dv4z,Kihoo,음식,Cuisine > Foreign > Restaurant > Japanese,18,KOPa5dv4z:한국어|ENPa5dv4z:영어|JPPa5dv4z:일본어|CNPa5dv4z:중국어 간체|TCPa5dv4z:중국어 번체,5
ENPvzz06x,Osullok Tea House Bukchon Branch,음식,Cuisine > Cafes > & > Tea > Shops,18,KOPvzz06x:한국어|ENPvzz06x:영어|JPPvzz06x:일본어|CNPvzz06x:중국어 간체|TCPvzz06x:중국어 번체,5
ENP0jre6f,Yena Tteokbang,음식,Cuisine > Korean > Restaurants,18,KOP0jre6f:한국어|ENP0jre6f:영어|JPP0jre6f:일본어|CNP0jre6f:중국어 간체|TCP0jre6f:중국어 번체,5
ENPn3hblb,Starbucks Gyeongdong 1960 Branch,음식,Cuisine > Cafes > & > Tea > Shops,18,KOPn3hblb:한국어|ENPn3hblb:영어|JPPn3hblb:일본어|CNPn3hblb:중국어 간체|TCPn3hblb:중국어 번체,5
ENPxj8t3x,Palpan-dong Little Gimbap &amp; Toast,음식,Cuisine > Korean > Restaurants,18,KOPxj8t3x:한국어|ENPxj8t3x:영어|JPPxj8t3x:일본어|CNPxj8t3x:중국어 간체|TCPxj8t3x:중국어 번체,5
ENPcmzo8u,Sadelleʼs at Kith Seoul,음식,Cuisine > Foreign > Restaurant > Western,18,KOPcmzo8u:한국어|ENPcmzo8u:영어|JPPcmzo8u:일본어|CNPcmzo8u:중국어 간체|TCPcmzo8u:중국어 번체,5
ENPr0prjx,Anderson C,음식,Cuisine > Cafes > & > Tea > Shops,18,KOPr0prjx:한국어|ENPr0prjx:영어|JPPr0prjx:일본어|CNPr0prjx:중국어 간체|TCPr0prjx:중국어 번체,5
ENP6wc63b,Café Tajagi,음식,Cuisine > Cafes > & > Tea > Shops,18,KOP6wc63b:한국어|ENP6wc63b:영어|JPP6wc63b:일본어|CNP6wc63b:중국어 간체|TCP6wc63b:중국어 번체,5
ENPgiicr7,Hoonyook,음식,Cuisine > Korean > Restaurants,18,KOPgiicr7:한국어|ENPgiicr7:영어|JPPgiicr7:일본어|CNPgiicr7:중국어 간체|TCPgiicr7:중국어 번체,5
ENP1udv9d,Jeju Mihyang Haejang,음식,Cuisine > Korean > Restaurants,18,KOP1udv9d:한국어|ENP1udv9d:영어|JPP1udv9d:일본어|CNP1udv9d:중국어 간체|TCP1udv9d:중국어 번체,5
ENPyooq8u,Jeonjuzip,음식,Cuisine > Korean > Restaurants,18,KOPyooq8u:한국어|ENPyooq8u:영어|JPPyooq8u:일본어|CNPyooq8u:중국어 간체|TCPyooq8u:중국어 번체,5
ENPhnvr4s,Mullae Pocha 1422,음식,Cuisine > Bars > & > Clubs,18,KOPhnvr4s:한국어|ENPhnvr4s:영어|JPPhnvr4s:일본어|CNPhnvr4s:중국어 간체|TCPhnvr4s:중국어 번체,5
ENP6e6431,Roi garden,음식,Cuisine > Bars > & > Clubs,18,KOP6e6431:한국어|ENP6e6431:영어|JPP6e6431:일본어|CNP6e6431:중국어 간체|TCP6e6431:중국어 번체,5
ENPqlv92h,Inhyeon Golbang,음식,Cuisine > Bars > & > Clubs,18,KOPqlv92h:한국어|ENPqlv92h:영어|JPPqlv92h:일본어|CNPqlv92h:중국어 간체|TCPqlv92h:중국어 번체,5
ENPfru4mc,Antique Coffee Yeonnam Branch,음식,Cuisine > Cafes > & > Tea > Shops,19,KOPfru4mc:한국어|ENPfru4mc:영어|JPPfru4mc:일본어|CNPfru4mc:중국어 간체|TCPfru4mc:중국어 번체,5
ENPedg3r4,Hippo Brunch House,음식,Cuisine > Cafes > & > Tea > Shops,19,KOPedg3r4:한국어|ENPedg3r4:영어|JPPedg3r4:일본어|CNPedg3r4:중국어 간체|TCPedg3r4:중국어 번체,5
ENP74gju2,Café Layered Yeonnam,음식,Cuisine > Cafes > & > Tea > Shops,19,KOP74gju2:한국어|ENP74gju2:영어|JPP74gju2:일본어|CNP74gju2:중국어 간체|TCP74gju2:중국어 번체,5
ENPuv9y9f,Jamdubong The Nine,음식,Cuisine,19,KOPuv9y9f:한국어|ENPuv9y9f:영어|JPPuv9y9f:일본어|CNPuv9y9f:중국어 간체|TCPuv9y9f:중국어 번체|RUPuv9y9f:러시아어|MLPuv9y9f:말레이어,7
ENP5lzzfv,Apgujeong Door to Door,음식,Cuisine > Foreign > Restaurant > Western,19,KOP5lzzfv:한국어|ENP5lzzfv:영어|JPP5lzzfv:일본어|CNP5lzzfv:중국어 간체|TCP5lzzfv:중국어 번체|RUP5lzzfv:러시아어|MLP5lzzfv:말레이어,7
ENP5pwtvb,Bittle’s Pizza Yeonnam,음식,Cuisine > Foreign > Restaurant > Western,19,KOP5pwtvb:한국어|ENP5pwtvb:영어|JPP5pwtvb:일본어|CNP5pwtvb:중국어 간체|TCP5pwtvb:중국어 번체|RUP5pwtvb:러시아어|MLP5pwtvb:말레이어,7
ENPxtexu0,Jayondo Salt Bread in Seongsu,음식,Cuisine > Cafes > & > Tea > Shops,19,KOPxtexu0:한국어|ENPxtexu0:영어|JPPxtexu0:일본어|CNPxtexu0:중국어 간체|TCPxtexu0:중국어 번체,5
ENPf8jiyc,Daelim Warehouse Gallery in Seongsu-dong,음식,Cuisine > Cafes > & > Tea > Shops,19,KOPf8jiyc:한국어|ENPf8jiyc:영어|JPPf8jiyc:일본어|CNPf8jiyc:중국어 간체|TCPf8jiyc:중국어 번체,5
ENPepypjf,Pub Whitney,음식,Cuisine > Bars > & > Clubs,19,KOPepypjf:한국어|ENPepypjf:영어|JPPepypjf:일본어|CNPepypjf:중국어 간체|TCPepypjf:중국어 번체,5
ENPqfkln5,Saowol Surasang,음식,Cuisine > Korean > Restaurants,19,KOPqfkln5:한국어|ENPqfkln5:영어|JPPqfkln5:일본어|CNPqfkln5:중국어 간체|TCPqfkln5:중국어 번체,5
ENPanhrla,OMOT,음식,Cuisine > Cafes > & > Tea > Shops,19,KOPanhrla:한국어|ENPanhrla:영어|JPPanhrla:일본어|CNPanhrla:중국어 간체|TCPanhrla:중국어 번체,5
ENPyce6us,Dosuhyang,음식,Cuisine > Cafes > & > Tea > Shops,19,KOPyce6us:한국어|ENPyce6us:영어|JPPyce6us:일본어|CNPyce6us:중국어 간체|TCPyce6us:중국어 번체,5
ENP55fc5k,chachaithe,음식,Cuisine > Cafes > & > Tea > Shops,19,KOP55fc5k:한국어|ENP55fc5k:영어|JPP55fc5k:일본어|CNP55fc5k:중국어 간체|TCP55fc5k:중국어 번체,5
ENPcmmsdo,VIEW376,음식,Cuisine > Cafes > & > Tea > Shops,19,KOPcmmsdo:한국어|ENPcmmsdo:영어|JPPcmmsdo:일본어|CNPcmmsdo:중국어 간체|TCPcmmsdo:중국어 번체,5
ENP4loe2g,Sindang-dong Tteokbokki Town,음식,Cuisine,19,KOP4loe2g:한국어|ENP4loe2g:영어|JPP4loe2g:일본어|CNP4loe2g:중국어 간체|TCP4loe2g:중국어 번체,5
ENP13t8a8,Café Grey Lab,음식,Cuisine > Cafes > & > Tea > Shops,19,KOP13t8a8:한국어|ENP13t8a8:영어|JPP13t8a8:일본어|CNP13t8a8:중국어 간체|TCP13t8a8:중국어 번체,5
ENPv0yifm,Shinleedoga,음식,Cuisine > Cafes > & > Tea > Shops,19,KOPv0yifm:한국어|ENPv0yifm:영어,2
ENPqpz1gt,Cafe Relax,음식,Cuisine > Cafes > & > Tea > Shops,19,KOPqpz1gt:한국어|ENPqpz1gt:영어,2
ENP32dncy,Andongjip Sonkalguksu,음식,Cuisine > Korean > Restaurants,19,KOP32dncy:한국어|ENP32dncy:영어,2
ENPo7mke2,Ama Hongdae,음식,Cuisine,19,ENPo7mke2:영어|MLPo7mke2:말레이어,2
ENPg0bo29,Lumbini Restaurant,음식,Cuisine,20,ENPg0bo29:영어|MLPg0bo29:말레이어,2
ENPyxm2nm,Home-Cooked Meal Gim Seonsaeng,음식,Cuisine,20,ENPyxm2nm:영어,1
ENPdg38kw,Woosalon,음식,Cuisine,20,ENPdg38kw:영어,1
ENP6in9cu,Jeong-dong Chueotang,음식,Cuisine,20,KOP6in9cu:한국어|ENP6in9cu:영어|JPP6in9cu:일본어|CNP6in9cu:중국어 간체|TCP6in9cu:중국어 번체,5
ENP322q02,Proper Coffee Bar 2nd Branch,음식,Cuisine > Cafes > & > Tea > Shops,20,KOP322q02:한국어|ENP322q02:영어|JPP322q02:일본어|CNP322q02:중국어 간체|TCP322q02:중국어 번체,5
ENP7mfot9,Bbobbai Bunsik,음식,Cuisine > Korean > Restaurants,20,KOP7mfot9:한국어|ENP7mfot9:영어|JPP7mfot9:일본어|CNP7mfot9:중국어 간체|TCP7mfot9:중국어 번체,5
ENPizyw07,SAMSAMSAM Lotteworld mall Branch,음식,Cuisine > Foreign > Restaurant > Western,20,KOPizyw07:한국어|ENPizyw07:영어|JPPizyw07:일본어|CNPizyw07:중국어 간체|TCPizyw07:중국어 번체,5
ENPs2gmcf,Soba Mae,음식,Cuisine,20,ENPs2gmcf:영어,1
ENP5ymjcb,Palgakdo Seongsu Station Branch,음식,Cuisine,20,ENP5ymjcb:영어|MLP5ymjcb:말레이어,2
ENP31mtxz,Sobamae Nigo,음식,Cuisine,20,ENP31mtxz:영어|MLP31mtxz:말레이어,2
ENPd6ipv9,Rooted,음식,Cuisine,20,ENPd6ipv9:영어|MLPd6ipv9:말레이어,2
ENPf4gs10,Veganature,음식,Cuisine,20,ENPf4gs10:영어|MLPf4gs10:말레이어,2
ENPh4jn5c,MANOKAMANA (Indian Restaurant) Daehak-ro,음식,Cuisine,20,ENPh4jn5c:영어|MLPh4jn5c:말레이어,2
ENPva0ebi,Chani Fish Cake,음식,Cuisine,20,ENPva0ebi:영어|MLPva0ebi:말레이어,2
ENPvb3nzn,Hanguk Jip (Lotte World Mall),음식,Cuisine,20,ENPvb3nzn:영어|MLPvb3nzn:말레이어,2
ENPwqw3to,The Kitchen Asia Daehakro Branch,음식,Cuisine,20,ENPwqw3to:영어|MLPwqw3to:말레이어,2
ENP5ubt8m,Mohssens Sweet Daehak-ro,음식,Cuisine,20,ENP5ubt8m:영어|MLP5ubt8m:말레이어,2
ENPmhc6fj,Yukjeon Rice Soup Daehak-ro,음식,Cuisine,20,ENPmhc6fj:영어|MLPmhc6fj:말레이어,2
ENPx2ef1l,Camouflage,음식,Cuisine,20,ENPx2ef1l:영어|MLPx2ef1l:말레이어,2
ENP0pxpi3,BREAGHETTI Itaewon,음식,Cuisine,20,ENP0pxpi3:영어|MLP0pxpi3:말레이어,2
ENPhzv6di,Palgakdo Main Branch,음식,Cuisine > Korean > Restaurants,21,KOPhzv6di:한국어|ENPhzv6di:영어|JPPhzv6di:일본어|CNPhzv6di:중국어 간체|TCPhzv6di:중국어 번체,5
ENPp2t0rl,The Rabbit,음식,Cuisine,21,ENPp2t0rl:영어|MLPp2t0rl:말레이어,2
ENPtsyhlf,Seoul Rabbit,음식,Cuisine,21,KOPtsyhlf:한국어|ENPtsyhlf:영어|JPPtsyhlf:일본어|CNPtsyhlf:중국어 간체|TCPtsyhlf:중국어 번체,5
ENPscbjew,Coffee Hanyakbang Hyehwa Branch,음식,Cuisine > Cafes > & > Tea > Shops,21,KOPscbjew:한국어|ENPscbjew:영어|JPPscbjew:일본어|CNPscbjew:중국어 간체|TCPscbjew:중국어 번체,5
ENPq08eh1,Soodowon,음식,Cuisine > Bars > & > Clubs,21,KOPq08eh1:한국어|ENPq08eh1:영어|JPPq08eh1:일본어|CNPq08eh1:중국어 간체|TCPq08eh1:중국어 번체,5
ENP8g4m6k,LaiLai Yeonhuidong Main Branch,음식,Cuisine > Foreign > Restaurant > Chinese,21,KOP8g4m6k:한국어|ENP8g4m6k:영어|JPP8g4m6k:일본어|CNP8g4m6k:중국어 간체|TCP8g4m6k:중국어 번체,5
ENP1jl6le,Anthracite Yeonhui Branch,음식,Cuisine > Cafes > & > Tea > Shops,21,KOP1jl6le:한국어|ENP1jl6le:영어|JPP1jl6le:일본어|CNP1jl6le:중국어 간체|TCP1jl6le:중국어 번체,5
ENPx6dde3,House of Vinyl Yeonhui Branch,음식,Cuisine > Cafes > & > Tea > Shops,21,KOPx6dde3:한국어|ENPx6dde3:영어|JPPx6dde3:일본어|CNPx6dde3:중국어 간체|TCPx6dde3:중국어 번체,5
ENPhyfzx3,Cobbler Yeonhui,음식,Cuisine > Bars > & > Clubs,21,KOPhyfzx3:한국어|ENPhyfzx3:영어|JPPhyfzx3:일본어|CNPhyfzx3:중국어 간체|TCPhyfzx3:중국어 번체,5
ENP73ihpx,Room of Requirement,음식,Cuisine > Cafes > & > Tea > Shops,21,KOP73ihpx:한국어|ENP73ihpx:영어|JPP73ihpx:일본어|CNP73ihpx:중국어 간체|TCP73ihpx:중국어 번체,5
ENP49ib1g,Public Garden,음식,Cuisine > Cafes > & > Tea > Shops,21,KOP49ib1g:한국어|ENP49ib1g:영어|JPP49ib1g:일본어|CNP49ib1g:중국어 간체|TCP49ib1g:중국어 번체,5
ENPoeqke0,Fizz Social Club,음식,Cuisine > Cafes > & > Tea > Shops,21,KOPoeqke0:한국어|ENPoeqke0:영어|JPPoeqke0:일본어|CNPoeqke0:중국어 간체|TCPoeqke0:중국어 번체,5
ENPyk1w4h,Cafe Sasa,음식,Cuisine > Cafes > & > Tea > Shops,21,KOPyk1w4h:한국어|ENPyk1w4h:영어|JPPyk1w4h:일본어|CNPyk1w4h:중국어 간체|TCPyk1w4h:중국어 번체|RUPyk1w4h:러시아어|MLPyk1w4h:말레이어,7
ENP1gia34,Teumari Cafe,음식,Cuisine > Cafes > & > Tea > Shops,21,KOP1gia34:한국어|ENP1gia34:영어|JPP1gia34:일본어|CNP1gia34:중국어 간체|TCP1gia34:중국어 번체|RUP1gia34:러시아어|MLP1gia34:말레이어,7
ENPtuyu0p,Kwanho Gwanghwamun,음식,Cuisine,21,KOPtuyu0p:한국어|ENPtuyu0p:영어|JPPtuyu0p:일본어|CNPtuyu0p:중국어 간체|TCPtuyu0p:중국어 번체,5
ENP242k4k,Byeolmi Gopchang,음식,Cuisine,21,KOP242k4k:한국어|ENP242k4k:영어|JPP242k4k:일본어|CNP242k4k:중국어 간체|TCP242k4k:중국어 번체,5
ENP26a8h5,Lowkey,음식,Cuisine > Cafes > & > Tea > Shops,21,KOP26a8h5:한국어|ENP26a8h5:영어|JPP26a8h5:일본어|CNP26a8h5:중국어 간체|TCP26a8h5:중국어 번체,5
ENPl7o63f,Dekad,음식,Cuisine > Cafes > & > Tea > Shops,21,KOPl7o63f:한국어|ENPl7o63f:영어|JPPl7o63f:일본어|CNPl7o63f:중국어 간체|TCPl7o63f:중국어 번체,5
ENP680zw5,Cafe Sinola,음식,Cuisine > Cafes > & > Tea > Shops,21,KOP680zw5:한국어|ENP680zw5:영어|JPP680zw5:일본어|CNP680zw5:중국어 간체|TCP680zw5:중국어 번체,5
ENPwdb2fm,Ongoing,음식,Cuisine > Cafes > & > Tea > Shops,21,KOPwdb2fm:한국어|ENPwdb2fm:영어|JPPwdb2fm:일본어|CNPwdb2fm:중국어 간체|TCPwdb2fm:중국어 번체,5
ENPtoxl1r,Leedorim Blot Coffee X Bake,음식,Cuisine > Cafes > & > Tea > Shops,22,KOPtoxl1r:한국어|ENPtoxl1r:영어|JPPtoxl1r:일본어|CNPtoxl1r:중국어 간체|TCPtoxl1r:중국어 번체,5
ENPtelk0a,Whitturu,음식,Cuisine > Foreign > Restaurant > Japanese,22,KOPtelk0a:한국어|ENPtelk0a:영어|JPPtelk0a:일본어|CNPtelk0a:중국어 간체|TCPtelk0a:중국어 번체,5
ENPk4p7p5,Ferments,음식,Cuisine > Foreign > Restaurant > Western,22,KOPk4p7p5:한국어|ENPk4p7p5:영어|JPPk4p7p5:일본어|CNPk4p7p5:중국어 간체|TCPk4p7p5:중국어 번체,5
ENPon9z8u,Travertine,음식,Cuisine > Cafes > & > Tea > Shops,22,KOPon9z8u:한국어|ENPon9z8u:영어|JPPon9z8u:일본어|CNPon9z8u:중국어 간체|TCPon9z8u:중국어 번체,5
ENPzrztmb,MOWa,음식,Cuisine,22,KOPzrztmb:한국어|ENPzrztmb:영어|JPPzrztmb:일본어|CNPzrztmb:중국어 간체|TCPzrztmb:중국어 번체,5
ENP60618n,Lounge Heeum,음식,Cuisine > Cafes > & > Tea > Shops,22,KOP60618n:한국어|ENP60618n:영어|JPP60618n:일본어|CNP60618n:중국어 간체|TCP60618n:중국어 번체,5
ENP90lngm,Lounge Continuum,음식,Cuisine > Cafes > & > Tea > Shops,22,KOP90lngm:한국어|ENP90lngm:영어|JPP90lngm:일본어|CNP90lngm:중국어 간체|TCP90lngm:중국어 번체,5
ENPgqhcyc,HHSS House,음식,Cuisine > Cafes > & > Tea > Shops,22,KOPgqhcyc:한국어|ENPgqhcyc:영어|JPPgqhcyc:일본어|CNPgqhcyc:중국어 간체|TCPgqhcyc:중국어 번체,5
ENP43p481,Staff Picks,음식,Cuisine > Cafes > & > Tea > Shops,22,KOP43p481:한국어|ENP43p481:영어|JPP43p481:일본어|CNP43p481:중국어 간체|TCP43p481:중국어 번체,5
ENPog3m2l,Tongyeong Gulbap,음식,Cuisine > Korean > Restaurants,22,KOPog3m2l:한국어|ENPog3m2l:영어|JPPog3m2l:일본어|CNPog3m2l:중국어 간체|TCPog3m2l:중국어 번체,5
ENPsv8mse,mueh,음식,Cuisine > Cafes > & > Tea > Shops,22,KOPsv8mse:한국어|ENPsv8mse:영어|JPPsv8mse:일본어|CNPsv8mse:중국어 간체|TCPsv8mse:중국어 번체,5
ENP8uf172,Bourbon,음식,Cuisine > Bars > & > Clubs,22,KOP8uf172:한국어|ENP8uf172:영어|JPP8uf172:일본어|CNP8uf172:중국어 간체|TCP8uf172:중국어 번체,5
ENPu891p5,Neungdong Minari,음식,Cuisine > Korean > Restaurants,22,KOPu891p5:한국어|ENPu891p5:영어|JPPu891p5:일본어|CNPu891p5:중국어 간체|TCPu891p5:중국어 번체|RUPu891p5:러시아어|MLPu891p5:말레이어,7
ENP9uq5ep,Jinmi Sikdang,음식,Cuisine > Korean > Restaurants,22,KOP9uq5ep:한국어|ENP9uq5ep:영어|JPP9uq5ep:일본어|CNP9uq5ep:중국어 간체|TCP9uq5ep:중국어 번체|RUP9uq5ep:러시아어|MLP9uq5ep:말레이어,7
ENPn3d13h,Namdo Hansik Jeongdeunnim_Gounnim,음식,Cuisine > Korean > Restaurants,22,KOPn3d13h:한국어|ENPn3d13h:영어|JPPn3d13h:일본어|CNPn3d13h:중국어 간체|TCPn3d13h:중국어 번체,5
ENPmpzvsl,Songane Dakhanmari,음식,Cuisine > Korean > Restaurants,22,KOPmpzvsl:한국어|ENPmpzvsl:영어|JPPmpzvsl:일본어|CNPmpzvsl:중국어 간체|TCPmpzvsl:중국어 번체,5
ENPwmqzyh,Seongwon Jeonju Kongnamul Gukbap,음식,Cuisine > Korean > Restaurants,22,KOPwmqzyh:한국어|ENPwmqzyh:영어|JPPwmqzyh:일본어|CNPwmqzyh:중국어 간체|TCPwmqzyh:중국어 번체,5
ENPqgbap0,Samcheong-dong Sujebi,음식,Cuisine > Korean > Restaurants,22,KOPqgbap0:한국어|ENPqgbap0:영어|JPPqgbap0:일본어|CNPqgbap0:중국어 간체|TCPqgbap0:중국어 번체,5
ENP8wjib6,Mabongnim Halmeonijip,음식,Cuisine > Korean > Restaurants,22,KOP8wjib6:한국어|ENP8wjib6:영어|JPP8wjib6:일본어|CNP8wjib6:중국어 간체|TCP8wjib6:중국어 번체,5
ENP1y7wri,Gabongnu,음식,Cuisine > Foreign > Restaurant > Chinese,22,KOP1y7wri:한국어|ENP1y7wri:영어|JPP1y7wri:일본어|CNP1y7wri:중국어 간체|TCP1y7wri:중국어 번체,5
ENPtlgzyi,Jongno Eunhaengnamujip,음식,Cuisine > Korean > Restaurants,23,KOPtlgzyi:한국어|ENPtlgzyi:영어|JPPtlgzyi:일본어|CNPtlgzyi:중국어 간체|TCPtlgzyi:중국어 번체,5
ENPfbg5iy,Jingogae Dongdaemun,음식,Cuisine > Korean > Restaurants,23,KOPfbg5iy:한국어|ENPfbg5iy:영어|JPPfbg5iy:일본어|CNPfbg5iy:중국어 간체,4
ENPqjk39w,Coffee Fiel,음식,Cuisine > Cafes > & > Tea > Shops,23,KOPqjk39w:한국어|ENPqjk39w:영어|JPPqjk39w:일본어|CNPqjk39w:중국어 간체|TCPqjk39w:중국어 번체,5
ENP4dqy74,"Mirrorroom, a Mirror Hanok",음식,Cuisine > Cafes > & > Tea > Shops,23,KOP4dqy74:한국어|ENP4dqy74:영어|JPP4dqy74:일본어|CNP4dqy74:중국어 간체|TCP4dqy74:중국어 번체,5
ENP32nfdl,Zoosindang,음식,Cuisine > Bars > & > Clubs,23,KOP32nfdl:한국어|ENP32nfdl:영어|JPP32nfdl:일본어|CNP32nfdl:중국어 간체|TCP32nfdl:중국어 번체|RUP32nfdl:러시아어|MLP32nfdl:말레이어,7
ENPzplv5k,Bookhaebingsu,음식,Cuisine > Cafes > & > Tea > Shops,23,KOPzplv5k:한국어|ENPzplv5k:영어|JPPzplv5k:일본어|CNPzplv5k:중국어 간체|TCPzplv5k:중국어 번체|RUPzplv5k:러시아어|MLPzplv5k:말레이어,7
ENPhweo21,Mailroom,음식,Cuisine > Cafes > & > Tea > Shops,23,KOPhweo21:한국어|ENPhweo21:영어|JPPhweo21:일본어|CNPhweo21:중국어 간체|TCPhweo21:중국어 번체|RUPhweo21:러시아어|MLPhweo21:말레이어,7
ENPcjntf2,Sindangdong Cheon Patjuk,음식,Cuisine,23,KOPcjntf2:한국어|ENPcjntf2:영어|JPPcjntf2:일본어|CNPcjntf2:중국어 간체|TCPcjntf2:중국어 번체|RUPcjntf2:러시아어|MLPcjntf2:말레이어,7
ENP0n3w28,ium 1966,음식,Cuisine > Cafes > & > Tea > Shops,23,KOP0n3w28:한국어|ENP0n3w28:영어|JPP0n3w28:일본어|CNP0n3w28:중국어 간체|TCP0n3w28:중국어 번체,5
ENPcb6tez,Bean Brother Coffee House,음식,Cuisine > Cafes > & > Tea > Shops,23,KOPcb6tez:한국어|ENPcb6tez:영어|JPPcb6tez:일본어|CNPcb6tez:중국어 간체|TCPcb6tez:중국어 번체,5
ENPha9u5l,Hongs Jjukkumi Hongdae Branch,음식,Cuisine > Korean > Restaurants,23,KOPha9u5l:한국어|ENPha9u5l:영어|JPPha9u5l:일본어|CNPha9u5l:중국어 간체|TCPha9u5l:중국어 번체,5
ENP2iibio,Imi Coffee,음식,Cuisine > Cafes > & > Tea > Shops,23,KOP2iibio:한국어|ENP2iibio:영어|JPP2iibio:일본어|CNP2iibio:중국어 간체|TCP2iibio:중국어 번체,5
ENPp8qkvk,Miro Restaurant,음식,Cuisine > Bars > & > Clubs,23,KOPp8qkvk:한국어|ENPp8qkvk:영어|JPPp8qkvk:일본어|CNPp8qkvk:중국어 간체|TCPp8qkvk:중국어 번체,5
ENPtojamy,MGM Hongdae Branch,음식,Cuisine > Korean > Restaurants,23,KOPtojamy:한국어|ENPtojamy:영어|JPPtojamy:일본어|CNPtojamy:중국어 간체|TCPtojamy:중국어 번체,5
ENPpteyc2,Homilbat,음식,Cuisine > Cafes > & > Tea > Shops,23,KOPpteyc2:한국어|ENPpteyc2:영어|JPPpteyc2:일본어|CNPpteyc2:중국어 간체|TCPpteyc2:중국어 번체,5
ENP2l8ccm,Sulbing,음식,Cuisine > Cafes > & > Tea > Shops,23,KOP2l8ccm:한국어|ENP2l8ccm:영어|JPP2l8ccm:일본어|CNP2l8ccm:중국어 간체|TCP2l8ccm:중국어 번체,5
ENPy7d39v,Gonggangab,음식,Cuisine > Cafes > & > Tea > Shops,23,KOPy7d39v:한국어|ENPy7d39v:영어|JPPy7d39v:일본어|CNPy7d39v:중국어 간체|TCPy7d39v:중국어 번체,5
ENP469951,Aqua Garden Cafe,음식,Cuisine > Cafes > & > Tea > Shops,23,KOP469951:한국어|ENP469951:영어|JPP469951:일본어|CNP469951:중국어 간체|TCP469951:중국어 번체,5
ENP5hm4mg,Taetea Flagship Store,음식,Cuisine > Cafes > & > Tea > Shops,23,KOP5hm4mg:한국어|ENP5hm4mg:영어|JPP5hm4mg:일본어|CNP5hm4mg:중국어 간체|TCP5hm4mg:중국어 번체,5
ENPmysjfo,Cheiljemyeonso Mugyo Branch,음식,Cuisine > Korean > Restaurants,23,KOPmysjfo:한국어|ENPmysjfo:영어|JPPmysjfo:일본어|CNPmysjfo:중국어 간체|TCPmysjfo:중국어 번체,5
ENP2zpkee,Eoe Seoul,음식,Cuisine > Cafes > & > Tea > Shops,24,KOP2zpkee:한국어|ENP2zpkee:영어|JPP2zpkee:일본어|CNP2zpkee:중국어 간체|TCP2zpkee:중국어 번체,5
ENPn2yrca,aff seoul,음식,Cuisine > Bars > & > Clubs,24,KOPn2yrca:한국어|ENPn2yrca:영어|JPPn2yrca:일본어|CNPn2yrca:중국어 간체|TCPn2yrca:중국어 번체,5
ENP8zkyoj,Gong Gan,음식,Cuisine > Bars > & > Clubs,24,KOP8zkyoj:한국어|ENP8zkyoj:영어|JPP8zkyoj:일본어|CNP8zkyoj:중국어 간체|TCP8zkyoj:중국어 번체,5
ENPrj7cgo,gaga,음식,Cuisine > Korean > Restaurants,24,KOPrj7cgo:한국어|ENPrj7cgo:영어|JPPrj7cgo:일본어|CNPrj7cgo:중국어 간체|TCPrj7cgo:중국어 번체,5
ENPp5wevo,Moowee Nakwon,음식,Cuisine > Foreign > Restaurant > Western,24,KOPp5wevo:한국어|ENPp5wevo:영어|JPPp5wevo:일본어|CNPp5wevo:중국어 간체|TCPp5wevo:중국어 번체,5
ENP4fqre4,Jongno Seonbiok,음식,Cuisine > Korean > Restaurants,24,KOP4fqre4:한국어|ENP4fqre4:영어|JPP4fqre4:일본어|CNP4fqre4:중국어 간체|TCP4fqre4:중국어 번체,5
ENP3lqu3a,HANCOOK,음식,Cuisine > Korean > Restaurants,24,KOP3lqu3a:한국어|ENP3lqu3a:영어|JPP3lqu3a:일본어|CNP3lqu3a:중국어 간체|TCP3lqu3a:중국어 번체|RUP3lqu3a:러시아어|MLP3lqu3a:말레이어,7
ENP65v3ex,Ddoddo,음식,Cuisine > Bars > & > Clubs,24,KOP65v3ex:한국어|ENP65v3ex:영어|JPP65v3ex:일본어|CNP65v3ex:중국어 간체|TCP65v3ex:중국어 번체,5
ENP1m8l43,Titch,음식,Cuisine > Cafes > & > Tea > Shops,24,KOP1m8l43:한국어|ENP1m8l43:영어|JPP1m8l43:일본어|CNP1m8l43:중국어 간체|TCP1m8l43:중국어 번체,5
ENPa6pul7,First by Three,음식,Cuisine > Cafes > & > Tea > Shops,24,KOPa6pul7:한국어|ENPa6pul7:영어|JPPa6pul7:일본어|CNPa6pul7:중국어 간체|TCPa6pul7:중국어 번체,5
ENP001j3z,Bong Ee Bab Insadong Branch,음식,Cuisine > Korean > Restaurants,24,KOP001j3z:한국어|ENP001j3z:영어|JPP001j3z:일본어|CNP001j3z:중국어 간체|TCP001j3z:중국어 번체,5
ENPsh833n,noop cafe,음식,Cuisine > Bars > & > Clubs,24,KOPsh833n:한국어|ENPsh833n:영어|JPPsh833n:일본어|CNPsh833n:중국어 간체|TCPsh833n:중국어 번체|RUPsh833n:러시아어|MLPsh833n:말레이어,7
ENPs0xzfi,O&#039;pato,음식,Cuisine > Cafes > & > Tea > Shops,24,KOPs0xzfi:한국어|ENPs0xzfi:영어|JPPs0xzfi:일본어|CNPs0xzfi:중국어 간체|TCPs0xzfi:중국어 번체,5
ENPkjr01v,Cotati,음식,Cuisine > Cafes > & > Tea > Shops,24,KOPkjr01v:한국어|ENPkjr01v:영어|JPPkjr01v:일본어|CNPkjr01v:중국어 간체|TCPkjr01v:중국어 번체,5
ENPxdu122,Upstanding Coffee,음식,Cuisine > Cafes > & > Tea > Shops,24,KOPxdu122:한국어|ENPxdu122:영어|JPPxdu122:일본어|CNPxdu122:중국어 간체|TCPxdu122:중국어 번체,5
ENPqy4k6o,Haebangchondak,음식,Cuisine > Korean > Restaurants,24,KOPqy4k6o:한국어|ENPqy4k6o:영어|JPPqy4k6o:일본어|CNPqy4k6o:중국어 간체|TCPqy4k6o:중국어 번체,5
ENPymfreb,Lazy Burger Club Buam Branch,음식,Cuisine > Foreign > Restaurant > Western,24,KOPymfreb:한국어|ENPymfreb:영어|JPPymfreb:일본어|CNPymfreb:중국어 간체|TCPymfreb:중국어 번체,5
ENPne0oy5,Club Espresso,음식,Cuisine > Cafes > & > Tea > Shops,24,KOPne0oy5:한국어|ENPne0oy5:영어|JPPne0oy5:일본어|CNPne0oy5:중국어 간체|TCPne0oy5:중국어 번체,5
ENPmn3qp0,Daramgee Bar,음식,Cuisine > Bars > & > Clubs,24,KOPmn3qp0:한국어|ENPmn3qp0:영어|JPPmn3qp0:일본어|CNPmn3qp0:중국어 간체|TCPmn3qp0:중국어 번체,5
ENPnco4fg,IDA,음식,Cuisine > Korean > Restaurants,24,KOPnco4fg:한국어|ENPnco4fg:영어|JPPnco4fg:일본어|CNPnco4fg:중국어 간체|TCPnco4fg:중국어 번체|RUPnco4fg:러시아어|MLPnco4fg:말레이어,7
ENPgpaxfy,The Queen’s Guard,음식,Cuisine > Bars > & > Clubs,25,KOPgpaxfy:한국어|ENPgpaxfy:영어|JPPgpaxfy:일본어|CNPgpaxfy:중국어 간체|TCPgpaxfy:중국어 번체,5
ENP17930t,FIKEE,음식,Cuisine > Cafes > & > Tea > Shops,25,KOP17930t:한국어|ENP17930t:영어|JPP17930t:일본어|CNP17930t:중국어 간체|TCP17930t:중국어 번체|RUP17930t:러시아어,6
ENP1v5xop,GMH Dabang,음식,Cuisine > Foreign > Restaurant > Western,25,KOP1v5xop:한국어|ENP1v5xop:영어|JPP1v5xop:일본어|CNP1v5xop:중국어 간체|TCP1v5xop:중국어 번체|RUP1v5xop:러시아어,6
ENP0rrpis,Pastel Coffee Works,음식,Cuisine > Cafes > & > Tea > Shops,25,KOP0rrpis:한국어|ENP0rrpis:영어|JPP0rrpis:일본어|CNP0rrpis:중국어 간체|TCP0rrpis:중국어 번체|RUP0rrpis:러시아어,6
ENPtbzrcy,Woomoolzip,음식,Cuisine > Korean > Restaurants,25,KOPtbzrcy:한국어|ENPtbzrcy:영어|JPPtbzrcy:일본어|CNPtbzrcy:중국어 간체|TCPtbzrcy:중국어 번체|RUPtbzrcy:러시아어|MLPtbzrcy:말레이어,7
ENPvpkrum,Donut Jungsu,음식,Cuisine > Cafes > & > Tea > Shops,25,KOPvpkrum:한국어|ENPvpkrum:영어|JPPvpkrum:일본어|CNPvpkrum:중국어 간체|TCPvpkrum:중국어 번체|RUPvpkrum:러시아어|MLPvpkrum:말레이어,7
ENPto4v7t,Bukchonmakguksu,음식,Cuisine > Korean > Restaurants,25,KOPto4v7t:한국어|ENPto4v7t:영어|TCPto4v7t:중국어 번체,3
ENPfvxooa,Yangsemble,음식,Cuisine > Korean > Restaurants,25,ENPfvxooa:영어|CNPfvxooa:중국어 간체,2
ENPpah30q,Bicena,음식,Cuisine > Korean > Restaurants,25,KOPpah30q:한국어|ENPpah30q:영어|JPPpah30q:일본어|CNPpah30q:중국어 간체|TCPpah30q:중국어 번체,5
ENP9ub5vi,La Yeon,음식,Cuisine > Korean > Restaurants,25,KOP9ub5vi:한국어|ENP9ub5vi:영어|JPP9ub5vi:일본어|CNP9ub5vi:중국어 간체|TCP9ub5vi:중국어 번체,5
ENP2osya6,NOR,음식,Cuisine > Foreign > Restaurant > Fusion,25,KOP2osya6:한국어|ENP2osya6:영어|JPP2osya6:일본어|CNP2osya6:중국어 간체,4
ENPli6c1s,Happy Brick Sand,음식,Cuisine > Cafes > & > Tea > Shops,25,KOPli6c1s:한국어|ENPli6c1s:영어|JPPli6c1s:일본어|CNPli6c1s:중국어 간체|TCPli6c1s:중국어 번체,5
ENPwwadg1,Youthmungan,음식,Cuisine > Korean > Restaurants,25,KOPwwadg1:한국어|ENPwwadg1:영어|JPPwwadg1:일본어|CNPwwadg1:중국어 간체|TCPwwadg1:중국어 번체,5
ENPf7618z,Cochon Tonkatsu,음식,Cuisine > Foreign > Restaurant > Japanese,25,KOPf7618z:한국어|ENPf7618z:영어|JPPf7618z:일본어|CNPf7618z:중국어 간체|TCPf7618z:중국어 번체,5
ENPek4566,Lee Seok-deok Raw Noodle Pasta,음식,Cuisine > Foreign > Restaurant > Western,25,KOPek4566:한국어|ENPek4566:영어|JPPek4566:일본어|CNPek4566:중국어 간체|TCPek4566:중국어 번체,5
ENPc8sicj,Yeonbaek Naengmyeon,음식,Cuisine > Korean > Restaurants,25,KOPc8sicj:한국어|ENPc8sicj:영어|JPPc8sicj:일본어|CNPc8sicj:중국어 간체|TCPc8sicj:중국어 번체,5
ENPkwz70p,Makinochaya Mapo Branch,음식,Cuisine,25,KOPkwz70p:한국어|ENPkwz70p:영어|JPPkwz70p:일본어|CNPkwz70p:중국어 간체|TCPkwz70p:중국어 번체,5
ENPfe2cgj,Makinochaya Black 31 Lotte World Tower Branch,음식,Cuisine,25,KOPfe2cgj:한국어|ENPfe2cgj:영어|JPPfe2cgj:일본어|CNPfe2cgj:중국어 간체|TCPfe2cgj:중국어 번체,5
ENPqjj3mi,Prost Pub &amp; Grill,음식,Cuisine > Bars > & > Clubs,25,KOPqjj3mi:한국어|ENPqjj3mi:영어|JPPqjj3mi:일본어|CNPqjj3mi:중국어 간체|TCPqjj3mi:중국어 번체,5
ENPa93gba,Glam Lounge,음식,Cuisine > Foreign > Restaurant,25,KOPa93gba:한국어|ENPa93gba:영어|JPPa93gba:일본어|CNPa93gba:중국어 간체|TCPa93gba:중국어 번체,5
ENP50ac4o,Chick By Chick Seolleung Station Branch,음식,Cuisine > Foreign > Restaurant > Western,26,KOP50ac4o:한국어|ENP50ac4o:영어|JPP50ac4o:일본어|CNP50ac4o:중국어 간체|TCP50ac4o:중국어 번체,5
ENPaxd90i,KOREA HOUSE Kohojae,음식,Cuisine > Cafes > & > Tea > Shops,26,KOPaxd90i:한국어|ENPaxd90i:영어|JPPaxd90i:일본어|CNPaxd90i:중국어 간체|TCPaxd90i:중국어 번체|RUPaxd90i:러시아어|MLPaxd90i:말레이어,7
ENPu7tg5s,Korea House,음식,Cuisine > Korean > Restaurants,26,KOPu7tg5s:한국어|ENPu7tg5s:영어|JPPu7tg5s:일본어|CNPu7tg5s:중국어 간체|TCPu7tg5s:중국어 번체,5
ENPusfd76,Dongbu Goryeo Bakery,음식,Cuisine > Cafes > & > Tea > Shops,26,KOPusfd76:한국어|ENPusfd76:영어|JPPusfd76:일본어|CNPusfd76:중국어 간체|TCPusfd76:중국어 번체,5
ENPnownn2,Ingkko Tteokbokki,음식,Cuisine > Korean > Restaurants,26,KOPnownn2:한국어|ENPnownn2:영어|JPPnownn2:일본어|CNPnownn2:중국어 간체|TCPnownn2:중국어 번체,5
ENPlzuy5x,La Pluma &amp; Bohemian,음식,Cuisine > Cafes > & > Tea > Shops,26,KOPlzuy5x:한국어|ENPlzuy5x:영어|JPPlzuy5x:일본어|CNPlzuy5x:중국어 간체|TCPlzuy5x:중국어 번체,5
ENPc5kegp,Bonghwa Mukjip,음식,Cuisine > Korean > Restaurants,26,KOPc5kegp:한국어|ENPc5kegp:영어|JPPc5kegp:일본어|CNPc5kegp:중국어 간체|TCPc5kegp:중국어 번체,5
ENPw01l8t,Seowoo Bakery,음식,Cuisine > Korean > Restaurants,26,KOPw01l8t:한국어|ENPw01l8t:영어|JPPw01l8t:일본어|CNPw01l8t:중국어 간체|TCPw01l8t:중국어 번체,5
ENPq9l4ap,Sahara,음식,Cuisine > Bars > & > Clubs,26,KOPq9l4ap:한국어|ENPq9l4ap:영어|JPPq9l4ap:일본어|CNPq9l4ap:중국어 간체|TCPq9l4ap:중국어 번체,5
ENPyubahz,Darak,음식,Cuisine,26,KOPyubahz:한국어|ENPyubahz:영어|JPPyubahz:일본어|CNPyubahz:중국어 간체|TCPyubahz:중국어 번체,5
ENPxyqzye,London Bagel Museum Dosan,음식,Cuisine,26,KOPxyqzye:한국어|ENPxyqzye:영어|JPPxyqzye:일본어|CNPxyqzye:중국어 간체|TCPxyqzye:중국어 번체,5
ENPc29hhb,Apple House,음식,Cuisine > Korean > Restaurants,26,KOPc29hhb:한국어|ENPc29hhb:영어|JPPc29hhb:일본어|CNPc29hhb:중국어 간체|TCPc29hhb:중국어 번체,5
ENP1rnlut,Sinrakwon,음식,Cuisine > Foreign > Restaurant > Chinese,26,KOP1rnlut:한국어|ENP1rnlut:영어|JPP1rnlut:일본어|CNP1rnlut:중국어 간체|TCP1rnlut:중국어 번체,5
ENPd11wkn,Samu Chicken Center,음식,Cuisine > Korean > Restaurants,26,KOPd11wkn:한국어|ENPd11wkn:영어|JPPd11wkn:일본어|CNPd11wkn:중국어 간체|TCPd11wkn:중국어 번체,5
ENPmuqfz0,Suyu Fish Cake Factory,음식,Cuisine > Korean > Restaurants,26,KOPmuqfz0:한국어|ENPmuqfz0:영어|JPPmuqfz0:일본어|CNPmuqfz0:중국어 간체|TCPmuqfz0:중국어 번체,5
ENPi5js4s,Myungga Tteokjip,음식,Cuisine > Korean > Restaurants,26,KOPi5js4s:한국어|ENPi5js4s:영어|JPPi5js4s:일본어|CNPi5js4s:중국어 간체|TCPi5js4s:중국어 번체,5
ENPv423hd,Mannadang,음식,Cuisine > Korean > Restaurants,26,KOPv423hd:한국어|ENPv423hd:영어|JPPv423hd:일본어|CNPv423hd:중국어 간체|TCPv423hd:중국어 번체,5
ENPnrdr6z,Zesty Saloon Seongsu,음식,Cuisine > Foreign > Restaurant > Western,26,KOPnrdr6z:한국어|ENPnrdr6z:영어|JPPnrdr6z:일본어|CNPnrdr6z:중국어 간체|TCPnrdr6z:중국어 번체,5
ENP2h15qg,Dosan Butchery Cheongdam Main Branch,음식,Cuisine > Korean > Restaurants,26,KOP2h15qg:한국어|ENP2h15qg:영어|JPP2h15qg:일본어|CNP2h15qg:중국어 간체|TCP2h15qg:중국어 번체,5
ENPw1qcyf,Blgre,음식,Cuisine > Korean > Restaurants,26,KOPw1qcyf:한국어|ENPw1qcyf:영어|JPPw1qcyf:일본어|CNPw1qcyf:중국어 간체|TCPw1qcyf:중국어 번체,5
ENP8fihkt,Sinheung,음식,Cuisine > Bars > & > Clubs,27,KOP8fihkt:한국어|ENP8fihkt:영어|JPP8fihkt:일본어|CNP8fihkt:중국어 간체|TCP8fihkt:중국어 번체,5
ENP5gojtd,Teobangnae,음식,Cuisine > Cafes > & > Tea > Shops,27,KOP5gojtd:한국어|ENP5gojtd:영어|JPP5gojtd:일본어|CNP5gojtd:중국어 간체|TCP5gojtd:중국어 번체,5
ENPou99aq,Motungi Jip,음식,Cuisine > Korean > Restaurants,27,KOPou99aq:한국어|ENPou99aq:영어|JPPou99aq:일본어|CNPou99aq:중국어 간체|TCPou99aq:중국어 번체,5
ENPcqfhjg,Pyeongtaek Rice Store,음식,Cuisine > Korean > Restaurants,27,KOPcqfhjg:한국어|ENPcqfhjg:영어|JPPcqfhjg:일본어|CNPcqfhjg:중국어 간체|TCPcqfhjg:중국어 번체,5
ENPof5zcz,Deungchon Choewolseon Kalguksu,음식,Cuisine > Korean > Restaurants,27,KOPof5zcz:한국어|ENPof5zcz:영어|JPPof5zcz:일본어|CNPof5zcz:중국어 간체|TCPof5zcz:중국어 번체,5
ENPtdvr6c,Mirim Bunsik,음식,Cuisine > Korean > Restaurants,27,KOPtdvr6c:한국어|ENPtdvr6c:영어|JPPtdvr6c:일본어|CNPtdvr6c:중국어 간체|TCPtdvr6c:중국어 번체,5
ENPn88gm7,Blue Roof Town Hongdae Branch,음식,Cuisine > Korean > Restaurants,27,KOPn88gm7:한국어|ENPn88gm7:영어|JPPn88gm7:일본어|CNPn88gm7:중국어 간체|TCPn88gm7:중국어 번체,5
ENPnm4z3s,Project Haru,음식,Cuisine > Cafes > & > Tea > Shops,27,KOPnm4z3s:한국어|ENPnm4z3s:영어|JPPnm4z3s:일본어|CNPnm4z3s:중국어 간체|TCPnm4z3s:중국어 번체,5
ENPuel8q4,Figaro,음식,Cuisine > Bars > & > Clubs,27,KOPuel8q4:한국어|ENPuel8q4:영어|JPPuel8q4:일본어|CNPuel8q4:중국어 간체|TCPuel8q4:중국어 번체,5
ENPtcqlcp,Gonghang Kalguksu,음식,Cuisine > Korean > Restaurants,27,KOPtcqlcp:한국어|ENPtcqlcp:영어|JPPtcqlcp:일본어|CNPtcqlcp:중국어 간체|TCPtcqlcp:중국어 번체,5
ENP042704,Bistro MEXI,음식,Cuisine > Foreign > Restaurant > Western,27,KOP042704:한국어|ENP042704:영어|JPP042704:일본어|CNP042704:중국어 간체|TCP042704:중국어 번체,5
ENP042703,Sool Market Gunja Main Branch,음식,Cuisine > Bars > & > Clubs,27,KOP042703:한국어|ENP042703:영어|JPP042703:일본어|CNP042703:중국어 간체|TCP042703:중국어 번체,5
ENP042258,[Baeknyeon-gage] Hyangho Myeonok,음식,Cuisine > Korean > Restaurants,27,KOP042258:한국어|ENP042258:영어|JPP042258:일본어|CNP042258:중국어 간체|TCP042258:중국어 번체|RUP042258:러시아어,6
ENP042251,[Baeknyeon-gage] Cho Rong&#039;s Aunt Budaejjigae,음식,Cuisine > Korean > Restaurants,27,KOP042251:한국어|ENP042251:영어|JPP042251:일본어|CNP042251:중국어 간체|TCP042251:중국어 번체|RUP042251:러시아어,6
ENP042250,[Baeknyeon-gage] Gunsan Squid,음식,Cuisine > Korean > Restaurants,27,KOP042250:한국어|ENP042250:영어|JPP042250:일본어|CNP042250:중국어 간체|TCP042250:중국어 번체|RUP042250:러시아어,6
ENP042257,[Baeknyeon-gage] Minjeong Siktang,음식,Cuisine > Korean > Restaurants,27,KOP042257:한국어|ENP042257:영어|JPP042257:일본어|CNP042257:중국어 간체|TCP042257:중국어 번체|RUP042257:러시아어,6
ENP042254,[Baeknyeon-gage] Janggun Galbi,음식,Cuisine > Korean > Restaurants,27,KOP042254:한국어|ENP042254:영어|JPP042254:일본어|CNP042254:중국어 간체|TCP042254:중국어 번체|RUP042254:러시아어,6
ENP042261,[Baeknyeon-gage] Naju Beef Bone Soup Friendship House,음식,Cuisine > Korean > Restaurants,27,KOP042261:한국어|ENP042261:영어|JPP042261:일본어|CNP042261:중국어 간체|TCP042261:중국어 번체|RUP042261:러시아어,6
ENP042262,[Baeknyeon-gage] Jinseong Siktang,음식,Cuisine > Korean > Restaurants,27,KOP042262:한국어|ENP042262:영어|JPP042262:일본어|CNP042262:중국어 간체|TCP042262:중국어 번체|RUP042262:러시아어,6
ENP042263,[Baeknyeon-gage] Boulangerie (Le Pain),음식,Cuisine > Cafes > & > Tea > Shops,27,KOP042263:한국어|ENP042263:영어|JPP042263:일본어|CNP042263:중국어 간체|TCP042263:중국어 번체|RUP042263:러시아어,6
ENP042377,[Baeknyeon-gage] Chungsoojang,음식,Cuisine > Korean > Restaurants,28,KOP042377:한국어|ENP042377:영어|JPP042377:일본어|CNP042377:중국어 간체|TCP042377:중국어 번체|RUP042377:러시아어,6
ENP042376,[Baeknyeon-gage] Seomjingang Minmul Jangeo,음식,Cuisine > Korean > Restaurants,28,KOP042376:한국어|ENP042376:영어|JPP042376:일본어|CNP042376:중국어 간체|TCP042376:중국어 번체|RUP042376:러시아어,6
ENP042375,Ham’s brot,음식,Cuisine > Cafes > & > Tea > Shops,28,KOP042375:한국어|ENP042375:영어|JPP042375:일본어|CNP042375:중국어 간체|TCP042375:중국어 번체|RUP042375:러시아어,6
ENP042374,[Baeknyeon-gage] Samcheonpo Restaurant,음식,Cuisine > Korean > Restaurants,28,KOP042374:한국어|ENP042374:영어|JPP042374:일본어|CNP042374:중국어 간체|TCP042374:중국어 번체|RUP042374:러시아어,6
ENP042373,[Baeknyeon-gage] Elysee Bakery,음식,Cuisine > Foreign > Restaurant > Western,28,KOP042373:한국어|ENP042373:영어|JPP042373:일본어|CNP042373:중국어 간체|TCP042373:중국어 번체|RUP042373:러시아어,6
ENP042264,[Baeknyeon-gage] Gguigguijjuggumi,음식,Cuisine > Korean > Restaurants,28,KOP042264:한국어|ENP042264:영어|JPP042264:일본어|CNP042264:중국어 간체|TCP042264:중국어 번체|RUP042264:러시아어,6
ENP042372,[Baeknyeon-gage] Pyeongyangok,음식,Cuisine > Korean > Restaurants,28,KOP042372:한국어|ENP042372:영어|JPP042372:일본어|CNP042372:중국어 간체|TCP042372:중국어 번체|RUP042372:러시아어,6
ENP042371,[Baeknyeon-gage] Podonamu,음식,Cuisine > Korean > Restaurants,28,KOP042371:한국어|ENP042371:영어|JPP042371:일본어|CNP042371:중국어 간체|TCP042371:중국어 번체|RUP042371:러시아어,6
ENP042370,[Baeknyeon-gage] Big Grandma&#039;s House,음식,Cuisine > Korean > Restaurants,28,KOP042370:한국어|ENP042370:영어|JPP042370:일본어|CNP042370:중국어 간체|TCP042370:중국어 번체|RUP042370:러시아어,6
ENP042369,[Baeknyeon-gage] Renaissance Bakery,음식,Cuisine > Korean > Restaurants,28,KOP042369:한국어|ENP042369:영어|JPP042369:일본어|CNP042369:중국어 간체|TCP042369:중국어 번체|RUP042369:러시아어,6
ENP042367,[Baeknyeon-gage] Ssaligol,음식,Cuisine > Korean > Restaurants,28,KOP042367:한국어|ENP042367:영어|JPP042367:일본어|CNP042367:중국어 간체|TCP042367:중국어 번체|RUP042367:러시아어,6
ENP042265,[Baeknyeon-gage] Donghunkwan,음식,Cuisine > Foreign > Restaurant > Chinese,28,KOP042265:한국어|ENP042265:영어|JPP042265:일본어|CNP042265:중국어 간체|TCP042265:중국어 번체|RUP042265:러시아어,6
ENP042266,[Baeknyeon-gage] La Francaise Bakery,음식,Cuisine > Cafes > & > Tea > Shops,28,KOP042266:한국어|ENP042266:영어|JPP042266:일본어|CNP042266:중국어 간체|TCP042266:중국어 번체|RUP042266:러시아어,6
ENP042267,[Baeknyeon-gage] Goryeojeong,음식,Cuisine > Korean > Restaurants,28,KOP042267:한국어|ENP042267:영어|JPP042267:일본어|CNP042267:중국어 간체|TCP042267:중국어 번체|RUP042267:러시아어,6
ENP042268,[Baeknyeon-gage] Songjugjang,음식,Cuisine > Foreign > Restaurant > Chinese,28,KOP042268:한국어|ENP042268:영어|JPP042268:일본어|CNP042268:중국어 간체|TCP042268:중국어 번체|RUP042268:러시아어,6
ENP042317,[Baeknyeon-gage] Jinmi Siktang,음식,Cuisine > Korean > Restaurants,28,KOP042317:한국어|ENP042317:영어|JPP042317:일본어|CNP042317:중국어 간체|TCP042317:중국어 번체|RUP042317:러시아어,6
ENP042321,[Baeknyeon-gage] Sigol Gamjatang,음식,Cuisine > Korean > Restaurants,28,KOP042321:한국어|ENP042321:영어|JPP042321:일본어|CNP042321:중국어 간체|TCP042321:중국어 번체|RUP042321:러시아어,6
ENP042312,Yennaljip Nakwon Agwijjim,음식,Cuisine > Korean > Restaurants,28,KOP042312:한국어|ENP042312:영어|JPP042312:일본어|CNP042312:중국어 간체|TCP042312:중국어 번체|RUP042312:러시아어,6
ENP042309,[Baeknyeon-gage] Jonggajib,음식,Cuisine > Korean > Restaurants,28,KOP042309:한국어|ENP042309:영어|JPP042309:일본어|CNP042309:중국어 간체|TCP042309:중국어 번체|RUP042309:러시아어,6
ENP042306,[Baeknyeon-gage] Pungnam Golbaengi,음식,Cuisine > Korean > Restaurants,28,KOP042306:한국어|ENP042306:영어|JPP042306:일본어|CNP042306:중국어 간체|TCP042306:중국어 번체|RUP042306:러시아어,6
ENP042260,[Baeknyeon-gage] 3Daesamgyejangin,음식,Cuisine > Korean > Restaurants,29,KOP042260:한국어|ENP042260:영어|JPP042260:일본어|CNP042260:중국어 간체|TCP042260:중국어 번체|RUP042260:러시아어,6
ENP042103,1in1jan,음식,Cuisine > Cafes > & > Tea > Shops,29,KOP042103:한국어|ENP042103:영어|JPP042103:일본어|CNP042103:중국어 간체|TCP042103:중국어 번체,5
ENP042098,Champ Coffee 3rd Workroom,음식,Cuisine > Cafes > & > Tea > Shops,29,KOP042098:한국어|ENP042098:영어|JPP042098:일본어|CNP042098:중국어 간체|TCP042098:중국어 번체,5
ENP041790,Pets Sounds Music Pub,음식,Cuisine > Bars > & > Clubs,29,KOP041790:한국어|ENP041790:영어|JPP041790:일본어|CNP041790:중국어 간체|TCP041790:중국어 번체,5
ENP041789,Boogie Woogie,음식,Cuisine > Bars > & > Clubs,29,KOP041789:한국어|ENP041789:영어|JPP041789:일본어|CNP041789:중국어 간체|TCP041789:중국어 번체,5
ENP041766,Uphill Namsan,음식,Cuisine > Foreign > Restaurant > Western,29,KOP041766:한국어|ENP041766:영어|JPP041766:일본어|CNP041766:중국어 간체|TCP041766:중국어 번체|RUP041766:러시아어|MLP041766:말레이어,7
ENP041756,Ssangmun-dong Coffee,음식,Cuisine > Cafes > & > Tea > Shops,29,KOP041756:한국어|ENP041756:영어|JPP041756:일본어|CNP041756:중국어 간체|TCP041756:중국어 번체|RUP041756:러시아어|MLP041756:말레이어,7
ENP041661,Rafre Fruit,음식,Cuisine > Cafes > & > Tea > Shops,29,KOP041661:한국어|ENP041661:영어|JPP041661:일본어|CNP041661:중국어 간체|TCP041661:중국어 번체,5
ENP041656,3Daesamgyejangin,음식,Cuisine > Korean > Restaurants,29,KOP041656:한국어|ENP041656:영어|JPP041656:일본어|CNP041656:중국어 간체|TCP041656:중국어 번체,5
ENP040937,Yeonnam 5701,음식,Cuisine > Bars > & > Clubs,29,KOP040937:한국어|ENP040937:영어|JPP040937:일본어|CNP040937:중국어 간체|TCP040937:중국어 번체|RUP040937:러시아어|MLP040937:말레이어,7
ENP040936,Live Jazz Cafe Chunnyun,음식,Cuisine > Bars > & > Clubs,29,KOP040936:한국어|ENP040936:영어|JPP040936:일본어|CNP040936:중국어 간체|TCP040936:중국어 번체|RUP040936:러시아어|MLP040936:말레이어,7
ENP040935,Dido Jazz Lounge,음식,Cuisine,29,KOP040935:한국어|ENP040935:영어|JPP040935:일본어|CNP040935:중국어 간체|TCP040935:중국어 번체|RUP040935:러시아어|MLP040935:말레이어,7
ENP040796,ALPEDO,음식,Cuisine > Cafes > & > Tea > Shops,29,KOP040796:한국어|ENP040796:영어|JPP040796:일본어|CNP040796:중국어 간체|TCP040796:중국어 번체|RUP040796:러시아어|MLP040796:말레이어,7
ENP040794,The Baker&#039;s Table,음식,Cuisine > Cafes > & > Tea > Shops,29,KOP040794:한국어|ENP040794:영어|JPP040794:일본어|CNP040794:중국어 간체|TCP040794:중국어 번체|RUP040794:러시아어|MLP040794:말레이어,7
ENP040675,Colline,음식,Cuisine > Cafes > & > Tea > Shops,29,KOP040675:한국어|ENP040675:영어|JPP040675:일본어|CNP040675:중국어 간체|TCP040675:중국어 번체|RUP040675:러시아어|MLP040675:말레이어,7
ENP039734,Index Shop (Gwangjin-gu),음식,Cuisine > Cafes > & > Tea > Shops,29,KOP039734:한국어|ENP039734:영어|JPP039734:일본어|CNP039734:중국어 간체|TCP039734:중국어 번체|RUP039734:러시아어|MLP039734:말레이어,7
ENP039727,The Spot Fabulous,음식,Cuisine > Cafes > & > Tea > Shops,29,KOP039727:한국어|ENP039727:영어|JPP039727:일본어|CNP039727:중국어 간체|TCP039727:중국어 번체|RUP039727:러시아어|MLP039727:말레이어,7
ENP039732,MUNEI Cafe,음식,Cuisine > Cafes > & > Tea > Shops,29,KOP039732:한국어|ENP039732:영어|JPP039732:일본어|CNP039732:중국어 간체|TCP039732:중국어 번체|RUP039732:러시아어|MLP039732:말레이어,7
ENP039840,Cafe Comma Hapjeong Branch,음식,Cuisine > Cafes > & > Tea > Shops,29,KOP039840:한국어|ENP039840:영어|JPP039840:일본어|CNP039840:중국어 간체|TCP039840:중국어 번체|RUP039840:러시아어|MLP039840:말레이어,7
ENP039729,The Forest Chosochaekbang,음식,Cuisine > Cafes > & > Tea > Shops,29,KOP039729:한국어|ENP039729:영어|JPP039729:일본어|CNP039729:중국어 간체|TCP039729:중국어 번체|RUP039729:러시아어|MLP039729:말레이어,7
ENP039310,Seoul Coffee Ikseon Branch,음식,Cuisine > Cafes > & > Tea > Shops,30,KOP039310:한국어|ENP039310:영어|JPP039310:일본어|CNP039310:중국어 간체|TCP039310:중국어 번체|RUP039310:러시아어|MLP039310:말레이어,7
ENP039309,Gallery SOWYEN Cafe,음식,Cuisine > Cafes > & > Tea > Shops,30,KOP039309:한국어|ENP039309:영어|JPP039309:일본어|CNP039309:중국어 간체|TCP039309:중국어 번체|RUP039309:러시아어|MLP039309:말레이어,7
ENP038870,Charmandre Seoul Forest,음식,Cuisine > Foreign > Restaurant > Western,30,KOP038870:한국어|ENP038870:영어|JPP038870:일본어|CNP038870:중국어 간체|TCP038870:중국어 번체|RUP038870:러시아어|MLP038870:말레이어,7
ENP038860,Dewey Coffee,음식,Cuisine > Cafes > & > Tea > Shops,30,KOP038860:한국어|ENP038860:영어|JPP038860:일본어|CNP038860:중국어 간체|TCP038860:중국어 번체|RUP038860:러시아어|MLP038860:말레이어,7
ENP038783,Cafe Highwaist Ikseon Branch,음식,Cuisine > Cafes > & > Tea > Shops,30,KOP038783:한국어|ENP038783:영어|JPP038783:일본어|CNP038783:중국어 간체|TCP038783:중국어 번체|RUP038783:러시아어|MLP038783:말레이어,7
ENP038570,Seochon Daeha Restaurant,음식,Cuisine > Korean > Restaurants,30,KOP038570:한국어|ENP038570:영어|JPP038570:일본어|CNP038570:중국어 간체|TCP038570:중국어 번체|RUP038570:러시아어|MLP038570:말레이어,7
ENP038484,Base is Nice,음식,Cuisine > Korean > Restaurants,30,KOP038484:한국어|ENP038484:영어|JPP038484:일본어|CNP038484:중국어 간체|TCP038484:중국어 번체|RUP038484:러시아어|MLP038484:말레이어,7
ENP038328,Si Gan Eul Deul I Da (Take Time),음식,Cuisine > Cafes > & > Tea > Shops,30,KOP038328:한국어|ENP038328:영어|JPP038328:일본어|CNP038328:중국어 간체|TCP038328:중국어 번체|RUP038328:러시아어|MLP038328:말레이어,7
ENP038319,Richemont Bakery Seongsan Branch,음식,Cuisine > Cafes > & > Tea > Shops,30,KOP038319:한국어|ENP038319:영어|CNP038319:중국어 간체|TCP038319:중국어 번체|RUP038319:러시아어|MLP038319:말레이어,6
ENP038318,Cafe Layered Anguk Branch,음식,Cuisine > Cafes > & > Tea > Shops,30,KOP038318:한국어|ENP038318:영어|JPP038318:일본어|CNP038318:중국어 간체|TCP038318:중국어 번체|RUP038318:러시아어|MLP038318:말레이어,7
ENP038027,Cafe Layered The Hyundai Seoul,음식,Cuisine > Cafes > & > Tea > Shops,30,KOP038027:한국어|ENP038027:영어|JPP038027:일본어|CNP038027:중국어 간체|TCP038027:중국어 번체|RUP038027:러시아어|MLP038027:말레이어,7
ENP038024,Richemont Bakery The Hyundai Seoul Branch,음식,Cuisine > Cafes > & > Tea > Shops,30,KOP038024:한국어|ENP038024:영어|JPP038024:일본어|CNP038024:중국어 간체|TCP038024:중국어 번체|RUP038024:러시아어|MLP038024:말레이어,7
ENP037154,TABLE-A,음식,Cuisine > Cafes > & > Tea > Shops,30,KOP037154:한국어|ENP037154:영어|JPP037154:일본어|CNP037154:중국어 간체|TCP037154:중국어 번체|RUP037154:러시아어|MLP037154:말레이어,7
ENP037009,With Dalgyalbbang (With Egg Bread),음식,Cuisine > Korean > Restaurants,30,KOP037009:한국어|ENP037009:영어|JPP037009:일본어|CNP037009:중국어 간체|TCP037009:중국어 번체|RUP037009:러시아어|MLP037009:말레이어,7
ENP036985,Hangang Brewery,음식,Cuisine > Bars > & > Clubs,30,KOP036985:한국어|ENP036985:영어|JPP036985:일본어|CNP036985:중국어 간체|TCP036985:중국어 번체|RUP036985:러시아어,6
ENP036858,Slow Brew Pub (Gangnam Branch),음식,Cuisine > Bars > & > Clubs,30,KOP036858:한국어|ENP036858:영어|JPP036858:일본어|CNP036858:중국어 간체|TCP036858:중국어 번체|RUP036858:러시아어,6
ENP034997,Motongi Waffle &amp; Motongi Picnic,음식,Cuisine > Cafes > & > Tea > Shops,30,ENP034997:영어|JPP034997:일본어|CNP034997:중국어 간체|TCP034997:중국어 번체|RUP034997:러시아어|MLP034997:말레이어,6
ENP034998,Git-teol (Feather),음식,Cuisine > Bars > & > Clubs,30,KOP034998:한국어|ENP034998:영어|JPP034998:일본어|CNP034998:중국어 간체|TCP034998:중국어 번체|RUP034998:러시아어|MLP034998:말레이어,7
ENP034432,Viking&#039;s Wharf (Coex Mall),음식,Cuisine > Foreign > Restaurant > Fusion,30,KOP034432:한국어|ENP034432:영어|JPP034432:일본어|CNP034432:중국어 간체|TCP034432:중국어 번체|RUP034432:러시아어|MLP034432:말레이어,7
ENP010312,Yonggeumok,음식,Cuisine > Korean > Restaurants,30,KOP010312:한국어|ENP010312:영어|JPP010312:일본어|CNP010312:중국어 간체|TCP010312:중국어 번체,5
ENP010294,Jeonggam Eorin,음식,Cuisine > Korean > Restaurants,31,KOP010294:한국어|ENP010294:영어|JPP010294:일본어|CNP010294:중국어 간체|TCP010294:중국어 번체|RUP010294:러시아어,6
ENP031015,Himalaya Jonggak Branch,음식,Cuisine > Foreign > Restaurant > Others,31,KOP031015:한국어|ENP031015:영어|JPP031015:일본어|CNP031015:중국어 간체|TCP031015:중국어 번체|RUP031015:러시아어|MLP031015:말레이어,7
ENP031013,Durga Main Branch,음식,Cuisine > Foreign > Restaurant > Others,31,KOP031013:한국어|ENP031013:영어|JPP031013:일본어|CNP031013:중국어 간체|TCP031013:중국어 번체|RUP031013:러시아어|MLP031013:말레이어,7
ENP031005,Delhi India,음식,Cuisine > Foreign > Restaurant,31,KOP031005:한국어|ENP031005:영어|JPP031005:일본어|CNP031005:중국어 간체|TCP031005:중국어 번체|RUP031005:러시아어|MLP031005:말레이어,7
ENP030985,Nammi Plant Lab,음식,Cuisine > Foreign > Restaurant > Fusion,31,KOP030985:한국어|ENP030985:영어|JPP030985:일본어|CNP030985:중국어 간체|TCP030985:중국어 번체|RUP030985:러시아어|MLP030985:말레이어,7
ENP030983,Kali Sadang Branch,음식,Cuisine > Foreign > Restaurant > Others,31,KOP030983:한국어|ENP030983:영어|JPP030983:일본어|CNP030983:중국어 간체|TCP030983:중국어 번체|RUP030983:러시아어|MLP030983:말레이어,7
ENP030957,Ganga Mugyo Branch,음식,Cuisine > Foreign > Restaurant > Others,31,KOP030957:한국어|ENP030957:영어|JPP030957:일본어|CNP030957:중국어 간체|TCP030957:중국어 번체|RUP030957:러시아어|MLP030957:말레이어,7
ENP030913,Sushi Hiroba (Samsung-dong Branch),음식,Cuisine > Foreign > Restaurant > Japanese,31,KOP030913:한국어|ENP030913:영어|JPP030913:일본어|CNP030913:중국어 간체|TCP030913:중국어 번체|RUP030913:러시아어,6
ENP030911,Ildossi Dakgalbi Gwanghwamun Branch,음식,Cuisine > Korean > Restaurants,31,KOP030911:한국어|ENP030911:영어|JPP030911:일본어|CNP030911:중국어 간체|TCP030911:중국어 번체|RUP030911:러시아어|MLP030911:말레이어,7
ENP030904,Luna Asia,음식,Cuisine > Foreign > Restaurant,31,KOP030904:한국어|ENP030904:영어|JPP030904:일본어|CNP030904:중국어 간체|TCP030904:중국어 번체|RUP030904:러시아어|MLP030904:말레이어,7
ENP030894,Couscous,음식,Cuisine,31,KOP030894:한국어|ENP030894:영어|JPP030894:일본어|CNP030894:중국어 간체|TCP030894:중국어 번체|RUP030894:러시아어|MLP030894:말레이어,7
ENP030887,Kali,음식,Cuisine > Foreign > Restaurant > Others,31,KOP030887:한국어|ENP030887:영어|JPP030887:일본어|CNP030887:중국어 간체|TCP030887:중국어 번체|RUP030887:러시아어|MLP030887:말레이어,7
ENP030871,Balwoo Gongyang,음식,Cuisine > Korean > Restaurants,31,KOP030871:한국어|ENP030871:영어|JPP030871:일본어|CNP030871:중국어 간체|TCP030871:중국어 번체|RUP030871:러시아어|MLP030871:말레이어,7
ENP030870,Byeolnan Ori (Duck Cuisine),음식,Cuisine > Korean > Restaurants,31,KOP030870:한국어|ENP030870:영어|JPP030870:일본어|CNP030870:중국어 간체|TCP030870:중국어 번체|RUP030870:러시아어|MLP030870:말레이어,7
ENP030866,Gurkha Restaurant,음식,Cuisine > Foreign > Restaurant > Others,31,KOP030866:한국어|ENP030866:영어|JPP030866:일본어|CNP030866:중국어 간체|TCP030866:중국어 번체|RUP030866:러시아어|MLP030866:말레이어,7
ENP030811,Ooh Breado,음식,Cuisine > Cafes > & > Tea > Shops,31,KOP030811:한국어|ENP030811:영어|JPP030811:일본어|CNP030811:중국어 간체|TCP030811:중국어 번체|RUP030811:러시아어|MLP030811:말레이어,7
ENP030808,Hamcho Ganjang Gejang,음식,Cuisine > Korean > Restaurants,31,KOP030808:한국어|ENP030808:영어|JPP030808:일본어|CNP030808:중국어 간체|TCP030808:중국어 번체|RUP030808:러시아어|MLP030808:말레이어,7
ENP030242,Seolnun,음식,Cuisine > Korean > Restaurants,31,KOP030242:한국어|ENP030242:영어|JPP030242:일본어|CNP030242:중국어 간체|TCP030242:중국어 번체|RUP030242:러시아어,6
ENP030237,Namhangang Maeuntang,음식,Cuisine > Korean > Restaurants,31,KOP030237:한국어|ENP030237:영어|JPP030237:일본어|CNP030237:중국어 간체|TCP030237:중국어 번체|RUP030237:러시아어,6
ENP030003,Kervan Bakery,음식,Cuisine > Foreign > Restaurant > Others,31,KOP030003:한국어|ENP030003:영어|JPP030003:일본어|CNP030003:중국어 간체|TCP030003:중국어 번체|RUP030003:러시아어|MLP030003:말레이어,7
ENP030002,Kervan Banpo Branch,음식,Cuisine > Korean > Restaurants,32,KOP030002:한국어|ENP030002:영어|JPP030002:일본어|CNP030002:중국어 간체|TCP030002:중국어 번체|RUP030002:러시아어|MLP030002:말레이어,7
ENP029995,Kervan Famille Station Branch,음식,Cuisine > Foreign > Restaurant > Others,32,KOP029995:한국어|ENP029995:영어|JPP029995:일본어|CNP029995:중국어 간체|TCP029995:중국어 번체|RUP029995:러시아어,6
ENP029989,The Halal Guys Itaewon Branch,음식,Cuisine > Foreign > Restaurant > Others,32,KOP029989:한국어|ENP029989:영어|JPP029989:일본어|CNP029989:중국어 간체|TCP029989:중국어 번체|RUP029989:러시아어|MLP029989:말레이어,7
ENP029979,Mr. Kebab,음식,Cuisine > Foreign > Restaurant > Others,32,ENP029979:영어|JPP029979:일본어|CNP029979:중국어 간체|TCP029979:중국어 번체|RUP029979:러시아어|MLP029979:말레이어,6
ENP029977,Kervan COEX Branch,음식,Cuisine > Foreign > Restaurant > Others,32,KOP029977:한국어|ENP029977:영어|JPP029977:일본어|CNP029977:중국어 간체|TCP029977:중국어 번체|RUP029977:러시아어|MLP029977:말레이어,7
ENP029956,PB Plus,음식,Cuisine > Foreign > Restaurant > Western,32,KOP029956:한국어|ENP029956:영어|JPP029956:일본어|CNP029956:중국어 간체|TCP029956:중국어 번체|RUP029956:러시아어,6
ENP029949,Kervan Itaewon Branch,음식,Cuisine > Foreign > Restaurant > Others,32,KOP029949:한국어|ENP029949:영어|JPP029949:일본어|CNP029949:중국어 간체|TCP029949:중국어 번체|RUP029949:러시아어|MLP029949:말레이어,7
ENP029721,Kim Yong-an Patisserie,음식,Cuisine > Cafes > & > Tea > Shops,32,KOP029721:한국어|ENP029721:영어|JPP029721:일본어|CNP029721:중국어 간체|TCP029721:중국어 번체|RUP029721:러시아어,6
ENP029552,Seongsu-dong Galbi Alley,음식,Cuisine > Korean > Restaurants,32,KOP029552:한국어|ENP029552:영어|JPP029552:일본어|CNP029552:중국어 간체|TCP029552:중국어 번체|RUP029552:러시아어,6
ENP029545,Famille Station,음식,Cuisine > Foreign > Restaurant > Fusion,32,KOP029545:한국어|ENP029545:영어|JPP029545:일본어|CNP029545:중국어 간체|TCP029545:중국어 번체|RUP029545:러시아어,6
ENP029047,Jangchung-dong Jokbal Alley,음식,Cuisine > Korean > Restaurants,32,KOP029047:한국어|ENP029047:영어|JPP029047:일본어|CNP029047:중국어 간체|TCP029047:중국어 번체|RUP029047:러시아어,6
ENP029046,Sillim-dong Sundae Town,음식,Cuisine > Korean > Restaurants,32,KOP029046:한국어|ENP029046:영어|JPP029046:일본어|CNP029046:중국어 간체|TCP029046:중국어 번체|RUP029046:러시아어,6
ENP028687,Sam Ryan&#039;s Sports Bar &amp; Grill (Itaewon),음식,Cuisine > Foreign > Restaurant > Western,32,KOP028687:한국어|ENP028687:영어|JPP028687:일본어|CNP028687:중국어 간체|TCP028687:중국어 번체|RUP028687:러시아어,6
ENP028351,PeterPan 1978,음식,Cuisine > Cafes > & > Tea > Shops,32,KOP028351:한국어|ENP028351:영어|JPP028351:일본어|CNP028351:중국어 간체|TCP028351:중국어 번체|RUP028351:러시아어,6
ENP028350,Starbucks Coffee (Ewha Store),음식,Cuisine > Cafes > & > Tea > Shops,32,KOP028350:한국어|ENP028350:영어|JPP028350:일본어|CNP028350:중국어 간체|TCP028350:중국어 번체|RUP028350:러시아어,6
ENP028337,Jeon Alley,음식,Cuisine > Korean > Restaurants,32,KOP028337:한국어|ENP028337:영어|JPP028337:일본어|CNP028337:중국어 간체|TCP028337:중국어 번체|RUP028337:러시아어,6
ENP028336,Jokbal Alley,음식,Cuisine > Korean > Restaurants,32,KOP028336:한국어|ENP028336:영어|JPP028336:일본어|CNP028336:중국어 간체|TCP028336:중국어 번체|RUP028336:러시아어,6
ENP028329,Dok-Dabang,음식,Cuisine > Cafes > & > Tea > Shops,32,KOP028329:한국어|ENP028329:영어|JPP028329:일본어|CNP028329:중국어 간체|TCP028329:중국어 번체|RUP028329:러시아어,6
ENP028277,Pimatgol,음식,Cuisine > Korean > Restaurants,32,KOP028277:한국어|ENP028277:영어|JPP028277:일본어|CNP028277:중국어 간체|TCP028277:중국어 번체|RUP028277:러시아어,6
ENP028053,Koggiri,음식,Cuisine > Korean > Restaurants,32,KOP028053:한국어|ENP028053:영어|JPP028053:일본어|CNP028053:중국어 간체|TCP028053:중국어 번체|RUP028053:러시아어,6
ENP028050,Gyeonggi Tteokjip,음식,Cuisine > Cafes > & > Tea > Shops,33,KOP028050:한국어|ENP028050:영어|JPP028050:일본어|CNP028050:중국어 간체|TCP028050:중국어 번체|RUP028050:러시아어,6
ENP027461,Siroo Cake,음식,Cuisine > Cafes > & > Tea > Shops,33,KOP027461:한국어|ENP027461:영어|JPP027461:일본어|CNP027461:중국어 간체|TCP027461:중국어 번체|RUP027461:러시아어,6
ENP027466,Yebindang,음식,Cuisine > Korean > Restaurants,33,KOP027466:한국어|ENP027466:영어|JPP027466:일본어|CNP027466:중국어 간체|TCP027466:중국어 번체|RUP027466:러시아어,6
ENP027458,Jeongaematdam,음식,Cuisine > Korean > Restaurants,33,KOP027458:한국어|ENP027458:영어|JPP027458:일본어|CNP027458:중국어 간체|TCP027458:중국어 번체|RUP027458:러시아어,6
ENP027453,RoyaD,음식,Cuisine > Korean > Restaurants,33,KOP027453:한국어|ENP027453:영어|JPP027453:일본어|CNP027453:중국어 간체|TCP027453:중국어 번체|RUP027453:러시아어,6
ENP027234,Cafe Mujabee,음식,Cuisine > Cafes > & > Tea > Shops,33,KOP027234:한국어|ENP027234:영어|JPP027234:일본어|CNP027234:중국어 간체|TCP027234:중국어 번체|RUP027234:러시아어,6
ENP027217,Cafe Armoire,음식,Cuisine > Cafes > & > Tea > Shops,33,KOP027217:한국어|ENP027217:영어|JPP027217:일본어|CNP027217:중국어 간체|TCP027217:중국어 번체|RUP027217:러시아어,6
ENP027206,Neungra Bapsang,음식,Cuisine > Korean > Restaurants,33,KOP027206:한국어|ENP027206:영어|JPP027206:일본어|CNP027206:중국어 간체|TCP027206:중국어 번체|RUP027206:러시아어,6
ENP026319,Haha &amp; Kim Jong-guk’s 401 Restaurant,음식,Cuisine > Korean > Restaurants,33,KOP026319:한국어|ENP026319:영어|JPP026319:일본어|CNP026319:중국어 간체|TCP026319:중국어 번체|RUP026319:러시아어,6
ENP026194,Taegeukdang,음식,Cuisine > Cafes > & > Tea > Shops,33,KOP026194:한국어|ENP026194:영어|JPP026194:일본어|CNP026194:중국어 간체|TCP026194:중국어 번체|RUP026194:러시아어,6
ENP026193,Soonhee Food,음식,Cuisine > Korean > Restaurants,33,KOP026193:한국어|ENP026193:영어|JPP026193:일본어|CNP026193:중국어 간체|TCP026193:중국어 번체|RUP026193:러시아어,6
ENP026192,Biwon Tteokjip,음식,Cuisine > Cafes > & > Tea > Shops,33,KOP026192:한국어|ENP026192:영어|JPP026192:일본어|CNP026192:중국어 간체|TCP026192:중국어 번체|RUP026192:러시아어,6
ENP026190,Nagwon Rice Cake,음식,Cuisine > Cafes > & > Tea > Shops,33,KOP026190:한국어|ENP026190:영어|JPP026190:일본어|CNP026190:중국어 간체|TCP026190:중국어 번체|RUP026190:러시아어,6
ENP026072,Duru,음식,Cuisine > Korean > Restaurants,33,KOP026072:한국어|ENP026072:영어|JPP026072:일본어|CNP026072:중국어 간체|TCP026072:중국어 번체|RUP026072:러시아어,6
ENP025748,CJ the Market (Cheiljedang Center Branch),음식,Cuisine > Korean > Restaurants,33,KOP025748:한국어|ENP025748:영어|JPP025748:일본어|CNP025748:중국어 간체|TCP025748:중국어 번체|RUP025748:러시아어,6
ENP025621,Sushi Kaisin,음식,Cuisine > Foreign > Restaurant > Japanese,33,KOP025621:한국어|ENP025621:영어|JPP025621:일본어|CNP025621:중국어 간체|TCP025621:중국어 번체|RUP025621:러시아어,6
ENP025377,Hakrim Dabang,음식,Cuisine > Cafes > & > Tea > Shops,33,KOP025377:한국어|ENP025377:영어|JPP025377:일본어|CNP025377:중국어 간체|TCP025377:중국어 번체|RUP025377:러시아어,6
ENP025376,Eulji Dabang,음식,Cuisine > Cafes > & > Tea > Shops,33,KOP025376:한국어|ENP025376:영어|JPP025376:일본어|CNP025376:중국어 간체|TCP025376:중국어 번체|RUP025376:러시아어,6
ENP024905,Sonmat Gimbap,음식,Cuisine > Korean > Restaurants,33,KOP024905:한국어|ENP024905:영어|JPP024905:일본어|CNP024905:중국어 간체|TCP024905:중국어 번체|RUP024905:러시아어,6
ENP024904,Naeja Peanuts,음식,Cuisine > Cafes > & > Tea > Shops,33,KOP024904:한국어|ENP024904:영어|JPP024904:일본어|CNP024904:중국어 간체|TCP024904:중국어 번체|RUP024904:러시아어,6
ENP024316,Harmonium,음식,Cuisine > Foreign > Restaurant > Western,34,KOP024316:한국어|ENP024316:영어|JPP024316:일본어|CNP024316:중국어 간체|TCP024316:중국어 번체|RUP024316:러시아어,6
ENP024624,ON River Station,음식,Cuisine > Foreign > Restaurant > Western,34,KOP024624:한국어|ENP024624:영어|JPP024624:일본어|CNP024624:중국어 간체|TCP024624:중국어 번체|RUP024624:러시아어,6
ENP024586,[Baeknyeon-gage] Samwon Garden,음식,Cuisine > Korean > Restaurants,34,KOP024586:한국어|ENP024586:영어|JPP024586:일본어|CNP024586:중국어 간체|TCP024586:중국어 번체|RUP024586:러시아어,6
ENP024556,Ibis Styles Ambassador Seoul Myeongdong (Le Style Restaurant &amp; Bar),음식,Cuisine > Foreign > Restaurant > Western,34,KOP024556:한국어|ENP024556:영어|JPP024556:일본어|CNP024556:중국어 간체|TCP024556:중국어 번체|RUP024556:러시아어,6
ENP023674,Gino&#039;s NY Pizza,음식,Cuisine > Foreign > Restaurant > Western,34,KOP023674:한국어|ENP023674:영어|JPP023674:일본어|CNP023674:중국어 간체|TCP023674:중국어 번체|RUP023674:러시아어,6
ENP023339,Lamese Cadeau,음식,Cuisine > Korean > Restaurants,34,KOP023339:한국어|ENP023339:영어|JPP023339:일본어|CNP023339:중국어 간체|TCP023339:중국어 번체|RUP023339:러시아어,6
ENP023442,Dep Trai,음식,Cuisine > Foreign > Restaurant > Others,34,KOP023442:한국어|ENP023442:영어|JPP023442:일본어|CNP023442:중국어 간체|TCP023442:중국어 번체,5
ENP022996,Oriental Roast Chicken,음식,Cuisine > Korean > Restaurants,34,KOP022996:한국어|ENP022996:영어|JPP022996:일본어|CNP022996:중국어 간체|TCP022996:중국어 번체|RUP022996:러시아어,6
ENP022831,Solbin Superdog,음식,Cuisine > Foreign > Restaurant,34,KOP022831:한국어|ENP022831:영어|JPP022831:일본어|CNP022831:중국어 간체|TCP022831:중국어 번체,5
ENP021838,Pro Soy Crab (Main Branch),음식,Cuisine > Korean > Restaurants,34,KOP021838:한국어|ENP021838:영어|JPP021838:일본어|CNP021838:중국어 간체|TCP021838:중국어 번체,5
ENP021084,Photo Gallery,음식,Cuisine > Cafes > & > Tea > Shops,34,KOP021084:한국어|ENP021084:영어|JPP021084:일본어|CNP021084:중국어 간체|TCP021084:중국어 번체,5
ENP020587,Onion,음식,Cuisine > Cafes > & > Tea > Shops,34,KOP020587:한국어|ENP020587:영어|JPP020587:일본어|CNP020587:중국어 간체|TCP020587:중국어 번체,5
ENP020585,Anthracite Coffee Roasters (Hapjeong Branch),음식,Cuisine > Cafes > & > Tea > Shops,34,KOP020585:한국어|ENP020585:영어|JPP020585:일본어|CNP020585:중국어 간체|TCP020585:중국어 번체|RUP020585:러시아어|MLP020585:말레이어,7
ENP020076,Samhae Brewery,음식,Cuisine > Bars > & > Clubs,34,KOP020076:한국어|ENP020076:영어|JPP020076:일본어|CNP020076:중국어 간체|TCP020076:중국어 번체,5
ENP020036,BHC Sadang Branch,음식,Cuisine > Korean > Restaurants,34,KOP020036:한국어|ENP020036:영어|JPP020036:일본어|CNP020036:중국어 간체|TCP020036:중국어 번체|RUP020036:러시아어,6
ENP020257,Kamong,음식,Cuisine > Cafes > & > Tea > Shops,34,KOP020257:한국어|ENP020257:영어|JPP020257:일본어|CNP020257:중국어 간체|TCP020257:중국어 번체|RUP020257:러시아어|MLP020257:말레이어,7
ENP020006,Seochon Traditional Sundae Soup House,음식,Cuisine > Korean > Restaurants,34,KOP020006:한국어|ENP020006:영어|JPP020006:일본어|CNP020006:중국어 간체|TCP020006:중국어 번체|RUP020006:러시아어,6
ENP019657,Hyoja Bakery,음식,Cuisine > Cafes > & > Tea > Shops,34,KOP019657:한국어|ENP019657:영어|JPP019657:일본어|CNP019657:중국어 간체|TCP019657:중국어 번체|RUP019657:러시아어,6
ENP019415,Gireum Tteokbokki at Tongin Market,음식,Cuisine > Korean > Restaurants,34,KOP019415:한국어|ENP019415:영어|JPP019415:일본어|CNP019415:중국어 간체|TCP019415:중국어 번체,5
ENP019365,God Eat,음식,Cuisine > Foreign > Restaurant > Western,34,KOP019365:한국어|ENP019365:영어|JPP019365:일본어|CNP019365:중국어 간체|TCP019365:중국어 번체,5
ENP019331,Texas de Brazil,음식,Cuisine > Foreign > Restaurant > Western,35,KOP019331:한국어|ENP019331:영어|JPP019331:일본어|CNP019331:중국어 간체|TCP019331:중국어 번체|RUP019331:러시아어,6
ENP018285,Sudam,음식,Cuisine > Korean > Restaurants,35,KOP018285:한국어|ENP018285:영어|JPP018285:일본어|CNP018285:중국어 간체|TCP018285:중국어 번체|RUP018285:러시아어,6
ENP018263,Eid,음식,Cuisine > Korean > Restaurants,35,KOP018263:한국어|ENP018263:영어|JPP018263:일본어|CNP018263:중국어 간체|TCP018263:중국어 번체|RUP018263:러시아어|MLP018263:말레이어,7
ENP017695,Modern Nülang,음식,Cuisine > Foreign > Restaurant > Chinese,35,KOP017695:한국어|ENP017695:영어|JPP017695:일본어|CNP017695:중국어 간체|TCP017695:중국어 번체|RUP017695:러시아어|MLP017695:말레이어,7
ENP015860,Making a Better Place,음식,Cuisine > Cafes > & > Tea > Shops,35,KOP015860:한국어|ENP015860:영어|JPP015860:일본어|CNP015860:중국어 간체|TCP015860:중국어 번체|RUP015860:러시아어,6
ENP015409,Mouse Rabbit,음식,Cuisine > Korean > Restaurants,35,KOP015409:한국어|ENP015409:영어|JPP015409:일본어|CNP015409:중국어 간체|TCP015409:중국어 번체|RUP015409:러시아어|MLP015409:말레이어,7
ENP014445,Yangcholli,음식,Cuisine > Korean > Restaurants,35,KOP014445:한국어|ENP014445:영어|JPP014445:일본어|CNP014445:중국어 간체|TCP014445:중국어 번체,5
ENP013228,Sinyetchatjip,음식,Cuisine > Cafes > & > Tea > Shops,35,KOP013228:한국어|ENP013228:영어|JPP013228:일본어|CNP013228:중국어 간체|TCP013228:중국어 번체|RUP013228:러시아어,6
ENP013108,Seocho Namsunnam Sundaeguk,음식,Cuisine > Korean > Restaurants,35,KOP013108:한국어|ENP013108:영어|JPP013108:일본어|CNP013108:중국어 간체|TCP013108:중국어 번체,5
ENP012851,Yeouido Ttaro Gukbap,음식,Cuisine > Korean > Restaurants,35,KOP012851:한국어|ENP012851:영어|JPP012851:일본어|CNP012851:중국어 간체|TCP012851:중국어 번체,5
ENP012772,Ceci Cela (Seorae Village branch),음식,Cuisine > Cafes > & > Tea > Shops,35,KOP012772:한국어|ENP012772:영어|JPP012772:일본어|CNP012772:중국어 간체|TCP012772:중국어 번체|RUP012772:러시아어,6
ENP012539,Yeoksamdong Bugeojip,음식,Cuisine > Korean > Restaurants,35,KOP012539:한국어|ENP012539:영어|JPP012539:일본어|CNP012539:중국어 간체|TCP012539:중국어 번체,5
ENP012494,Pulhyanggi Sonkalguksu,음식,Cuisine > Korean > Restaurants,35,KOP012494:한국어|ENP012494:영어|JPP012494:일본어|CNP012494:중국어 간체|TCP012494:중국어 번체,5
ENP012341,Ranju Ramien,음식,Cuisine > Foreign > Restaurant > Chinese,35,KOP012341:한국어|ENP012341:영어|JPP012341:일본어|CNP012341:중국어 간체|TCP012341:중국어 번체,5
ENP012402,Mugunghwa,음식,Cuisine > Korean > Restaurants,35,KOP012402:한국어|ENP012402:영어|JPP012402:일본어|CNP012402:중국어 간체|TCP012402:중국어 번체,5
ENP012340,Songpa Naru,음식,Cuisine > Korean > Restaurants,35,KOP012340:한국어|ENP012340:영어|JPP012340:일본어|CNP012340:중국어 간체|TCP012340:중국어 번체,5
ENP012137,Dohyangchon,음식,Cuisine > Foreign > Restaurant > Chinese,35,KOP012137:한국어|ENP012137:영어|JPP012137:일본어|CNP012137:중국어 간체|TCP012137:중국어 번체,5
ENP012136,Tao Yuen,음식,Cuisine > Foreign > Restaurant > Chinese,35,KOP012136:한국어|ENP012136:영어|JPP012136:일본어|CNP012136:중국어 간체|TCP012136:중국어 번체,5
ENP012120,Yeolchajip,음식,Cuisine > Korean > Restaurants,35,KOP012120:한국어|ENP012120:영어|JPP012120:일본어|CNP012120:중국어 간체|TCP012120:중국어 번체,5
ENP012115,Yangmani (Cheongdam branch),음식,Cuisine > Korean > Restaurants,35,KOP012115:한국어|ENP012115:영어|JPP012115:일본어|CNP012115:중국어 간체|TCP012115:중국어 번체,5
ENP012099,Daeryeodo,음식,Cuisine > Foreign > Restaurant > Chinese,36,KOP012099:한국어|ENP012099:영어|JPP012099:일본어|CNP012099:중국어 간체|TCP012099:중국어 번체,5
ENP012013,Malta Chamchi,음식,Cuisine > Foreign > Restaurant > Japanese,36,KOP012013:한국어|ENP012013:영어|JPP012013:일본어|CNP012013:중국어 간체|TCP012013:중국어 번체,5
ENP011966,Yangmani,음식,Cuisine > Korean > Restaurants,36,KOP011966:한국어|ENP011966:영어|JPP011966:일본어|CNP011966:중국어 간체|TCP011966:중국어 번체,5
ENP011934,Daedongmun,음식,Cuisine > Foreign > Restaurant > Others,36,KOP011934:한국어|ENP011934:영어|JPP011934:일본어|CNP011934:중국어 간체|TCP011934:중국어 번체,5
ENP011791,Waraku,음식,Cuisine > Bars > & > Clubs,36,KOP011791:한국어|ENP011791:영어|JPP011791:일본어|CNP011791:중국어 간체|TCP011791:중국어 번체,5
ENP011756,Yeongcheon Yeonghwa Sigyuk Sikdang,음식,Cuisine > Korean > Restaurants,36,KOP011756:한국어|ENP011756:영어|JPP011756:일본어|CNP011756:중국어 간체|TCP011756:중국어 번체,5
ENP011744,Madam Ming,음식,Cuisine > Foreign > Restaurant > Chinese,36,KOP011744:한국어|ENP011744:영어|JPP011744:일본어|CNP011744:중국어 간체|TCP011744:중국어 번체,5
ENP011736,Lagrillia,음식,Cuisine > Foreign > Restaurant > Western,36,KOP011736:한국어|ENP011736:영어|JPP011736:일본어|CNP011736:중국어 간체|TCP011736:중국어 번체,5
ENP011734,Tteurak,음식,Cuisine > Korean > Restaurants,36,KOP011734:한국어|ENP011734:영어|JPP011734:일본어|CNP011734:중국어 간체|TCP011734:중국어 번체,5
ENP011727,Umigak,음식,Cuisine > Korean > Restaurants,36,KOP011727:한국어|ENP011727:영어|JPP011727:일본어|CNP011727:중국어 간체|TCP011727:중국어 번체|RUP011727:러시아어,6
ENP011717,10 Corso Como Café,음식,Cuisine > Foreign > Restaurant > Western,36,KOP011717:한국어|ENP011717:영어|JPP011717:일본어|CNP011717:중국어 간체|TCP011717:중국어 번체|RUP011717:러시아어,6
ENP011706,Yujin Sikdang,음식,Cuisine > Korean > Restaurants,36,KOP011706:한국어|ENP011706:영어|JPP011706:일본어|CNP011706:중국어 간체|TCP011706:중국어 번체,5
ENP011702,La Cantina,음식,Cuisine > Foreign > Restaurant > Western,36,KOP011702:한국어|ENP011702:영어|JPP011702:일본어|CNP011702:중국어 간체|TCP011702:중국어 번체|RUP011702:러시아어,6
ENP011691,Anjip,음식,Cuisine > Korean > Restaurants,36,KOP011691:한국어|ENP011691:영어|JPP011691:일본어|CNP011691:중국어 간체|TCP011691:중국어 번체,5
ENP011689,Seongcheon Makguksu,음식,Cuisine > Korean > Restaurants,36,KOP011689:한국어|ENP011689:영어|JPP011689:일본어|CNP011689:중국어 간체|TCP011689:중국어 번체,5
ENP011680,Busanjip,음식,Cuisine > Korean > Restaurants,36,KOP011680:한국어|ENP011680:영어|JPP011680:일본어|CNP011680:중국어 간체|TCP011680:중국어 번체,5
ENP011670,Oebaek,음식,Cuisine > Foreign > Restaurant > Chinese,36,KOP011670:한국어|ENP011670:영어|JPP011670:일본어|CNP011670:중국어 간체|TCP011670:중국어 번체,5
ENP011668,Mongnyeon Sikdang,음식,Cuisine > Korean > Restaurants,36,KOP011668:한국어|ENP011668:영어|JPP011668:일본어|CNP011668:중국어 간체|TCP011668:중국어 번체,5
ENP011643,Hyeongje Galbi,음식,Cuisine > Korean > Restaurants,36,KOP011643:한국어|ENP011643:영어|JPP011643:일본어|CNP011643:중국어 간체|TCP011643:중국어 번체,5
ENP011615,Dubai,음식,Cuisine > Foreign > Restaurant > Western,36,KOP011615:한국어|ENP011615:영어|JPP011615:일본어|CNP011615:중국어 간체|TCP011615:중국어 번체|RUP011615:러시아어|MLP011615:말레이어,7
ENP011594,Ogu Banjeom,음식,Cuisine > Foreign > Restaurant > Chinese,37,KOP011594:한국어|ENP011594:영어|JPP011594:일본어|CNP011594:중국어 간체|TCP011594:중국어 번체,5
ENP011593,Izumi,음식,Cuisine > Foreign > Restaurant > Japanese,37,KOP011593:한국어|ENP011593:영어|JPP011593:일본어|CNP011593:중국어 간체|TCP011593:중국어 번체,5
ENP011556,The Lounge,음식,Cuisine > Bars > & > Clubs,37,KOP011556:한국어|ENP011556:영어|JPP011556:일본어|CNP011556:중국어 간체|TCP011556:중국어 번체|RUP011556:러시아어|MLP011556:말레이어,7
ENP011555,Liberte,음식,Cuisine > Foreign > Restaurant > Western,37,KOP011555:한국어|ENP011555:영어|JPP011555:일본어|CNP011555:중국어 간체|TCP011555:중국어 번체,5
ENP011529,Sanmotungi,음식,Cuisine > Cafes > & > Tea > Shops,37,KOP011529:한국어|ENP011529:영어|JPP011529:일본어|CNP011529:중국어 간체|TCP011529:중국어 번체|RUP011529:러시아어,6
ENP011498,Haedong Bokguk,음식,Cuisine > Korean > Restaurants,37,KOP011498:한국어|ENP011498:영어|JPP011498:일본어|CNP011498:중국어 간체|TCP011498:중국어 번체,5
ENP011450,Namdo Sikdang,음식,Cuisine > Korean > Restaurants,37,KOP011450:한국어|ENP011450:영어|JPP011450:일본어|CNP011450:중국어 간체|TCP011450:중국어 번체,5
ENP011416,Seocho Jangeo Town,음식,Cuisine > Korean > Restaurants,37,KOP011416:한국어|ENP011416:영어|JPP011416:일본어|CNP011416:중국어 간체|TCP011416:중국어 번체,5
ENP011313,Bongsanok,음식,Cuisine > Korean > Restaurants,37,KOP011313:한국어|ENP011313:영어|JPP011313:일본어|CNP011313:중국어 간체|TCP011313:중국어 번체,5
ENP011215,Yetgol,음식,Cuisine > Korean > Restaurants,37,KOP011215:한국어|ENP011215:영어|JPP011215:일본어|CNP011215:중국어 간체|TCP011215:중국어 번체,5
ENP011141,Ilmi,음식,Cuisine > Korean > Restaurants,37,KOP011141:한국어|ENP011141:영어|JPP011141:일본어|CNP011141:중국어 간체|TCP011141:중국어 번체,5
ENP011133,Majeonteo,음식,Cuisine > Korean > Restaurants,37,KOP011133:한국어|ENP011133:영어|JPP011133:일본어|CNP011133:중국어 간체|TCP011133:중국어 번체,5
ENP011091,Menya Sandaime,음식,Cuisine > Foreign > Restaurant > Japanese,37,KOP011091:한국어|ENP011091:영어|JPP011091:일본어|CNP011091:중국어 간체|TCP011091:중국어 번체,5
ENP010709,Yeosu Odongdo,음식,Cuisine > Korean > Restaurants,37,KOP010709:한국어|ENP010709:영어|JPP010709:일본어|CNP010709:중국어 간체|TCP010709:중국어 번체,5
ENP010623,BONO BONO,음식,Cuisine > Foreign > Restaurant > Japanese,37,KOP010623:한국어|ENP010623:영어|JPP010623:일본어|CNP010623:중국어 간체|TCP010623:중국어 번체,5
ENP010447,Gangnam Ttaro Gukbap,음식,Cuisine > Korean > Restaurants,37,KOP010447:한국어|ENP010447:영어|JPP010447:일본어|CNP010447:중국어 간체|TCP010447:중국어 번체,5
ENP010259,Onmaeul,음식,Cuisine > Korean > Restaurants,37,KOP010259:한국어|ENP010259:영어|JPP010259:일본어|CNP010259:중국어 간체|TCP010259:중국어 번체,5
ENP010200,Maple Tree House,음식,Cuisine > Korean > Restaurants,37,KOP010200:한국어|ENP010200:영어|JPP010200:일본어|CNP010200:중국어 간체|TCP010200:중국어 번체,5
ENP008782,Wonhalmeoni Bonga,음식,Cuisine > Korean > Restaurants,37,KOP008782:한국어|ENP008782:영어|JPP008782:일본어|CNP008782:중국어 간체|TCP008782:중국어 번체,5
ENP008682,Heohyeongman Apgujeong Cafe,음식,Cuisine > Cafes > & > Tea > Shops,37,KOP008682:한국어|ENP008682:영어|JPP008682:일본어|CNP008682:중국어 간체|TCP008682:중국어 번체|RUP008682:러시아어,6
ENP008613,Tsuruhashi Fugetsu,음식,Cuisine > Foreign > Restaurant > Japanese,38,KOP008613:한국어|ENP008613:영어|JPP008613:일본어|CNP008613:중국어 간체|TCP008613:중국어 번체,5
ENP008646,Goryeo Samgyetang,음식,Cuisine > Korean > Restaurants,38,KOP008646:한국어|ENP008646:영어|JPP008646:일본어|CNP008646:중국어 간체|TCP008646:중국어 번체,5
ENP008647,Halmeoni Hyeondae Nakjijip,음식,Cuisine > Korean > Restaurants,38,KOP008647:한국어|ENP008647:영어|JPP008647:일본어|CNP008647:중국어 간체|TCP008647:중국어 번체,5
ENP008570,Myeongdong Kyoja,음식,Cuisine > Korean > Restaurants,38,KOP008570:한국어|ENP008570:영어|JPP008570:일본어|CNP008570:중국어 간체|TCP008570:중국어 번체,5
ENP008564,Sarangbang Kalguksu,음식,Cuisine > Korean > Restaurants,38,KOP008564:한국어|ENP008564:영어|JPP008564:일본어|CNP008564:중국어 간체|TCP008564:중국어 번체,5
ENP008486,Red Marble House,음식,Cuisine > Korean > Restaurants,38,KOP008486:한국어|ENP008486:영어|JPP008486:일본어|CNP008486:중국어 간체|TCP008486:중국어 번체,5
ENP008389,Hanuso,음식,Cuisine > Korean > Restaurants,38,KOP008389:한국어|ENP008389:영어|JPP008389:일본어|CNP008389:중국어 간체|TCP008389:중국어 번체,5
ENP008280,Chai797,음식,Cuisine > Foreign > Restaurant > Chinese,38,KOP008280:한국어|ENP008280:영어|JPP008280:일본어|CNP008280:중국어 간체|TCP008280:중국어 번체,5
ENP008147,Wonju Chueotang,음식,Cuisine > Korean > Restaurants,38,KOP008147:한국어|ENP008147:영어|JPP008147:일본어|CNP008147:중국어 간체|TCP008147:중국어 번체,5
ENP008058,Ilpumhyang,음식,Cuisine > Foreign > Restaurant > Chinese,38,KOP008058:한국어|ENP008058:영어|JPP008058:일본어|CNP008058:중국어 간체|TCP008058:중국어 번체,5
ENP008008,Ilpumdang,음식,Cuisine > Korean > Restaurants,38,KOP008008:한국어|ENP008008:영어|JPP008008:일본어|CNP008008:중국어 간체|TCP008008:중국어 번체,5
ENP007965,Songuksi,음식,Cuisine > Korean > Restaurants,38,KOP007965:한국어|ENP007965:영어|JPP007965:일본어|CNP007965:중국어 간체|TCP007965:중국어 번체,5
ENP007925,Camapkahd (Samarkand),음식,Cuisine > Foreign > Restaurant > Others,38,KOP007925:한국어|ENP007925:영어|JPP007925:일본어|CNP007925:중국어 간체|TCP007925:중국어 번체|MLP007925:말레이어,6
ENP005598,Hongneung Galbijip,음식,Cuisine > Korean > Restaurants,38,KOP005598:한국어|ENP005598:영어|JPP005598:일본어|CNP005598:중국어 간체|TCP005598:중국어 번체,5
ENP007906,Seolmaene,음식,Cuisine > Korean > Restaurants,38,KOP007906:한국어|ENP007906:영어|JPP007906:일본어|CNP007906:중국어 간체|TCP007906:중국어 번체,5
ENP007890,Pooja,음식,Cuisine > Foreign > Restaurant > Others,38,KOP007890:한국어|ENP007890:영어|JPP007890:일본어|CNP007890:중국어 간체|TCP007890:중국어 번체,5
ENP007874,L&#039;Amitie,음식,Cuisine > Foreign > Restaurant > Western,38,KOP007874:한국어|ENP007874:영어|JPP007874:일본어|CNP007874:중국어 간체|TCP007874:중국어 번체,5
ENP007870,Suldamje Seolleongtang,음식,Cuisine > Korean > Restaurants,38,KOP007870:한국어|ENP007870:영어|JPP007870:일본어|CNP007870:중국어 간체|TCP007870:중국어 번체,5
ENP007278,Wooldolmok,음식,Cuisine > Korean > Restaurants,38,KOP007278:한국어|ENP007278:영어|JPP007278:일본어|CNP007278:중국어 간체|TCP007278:중국어 번체,5
ENP006970,Joseonok,음식,Cuisine > Korean > Restaurants,38,KOP006970:한국어|ENP006970:영어|JPP006970:일본어|CNP006970:중국어 간체|TCP006970:중국어 번체,5
ENP006962,Gangseomyeonok,음식,Cuisine > Korean > Restaurants,39,KOP006962:한국어|ENP006962:영어|JPP006962:일본어|CNP006962:중국어 간체|TCP006962:중국어 번체,5
ENP006882,Daemun,음식,Cuisine > Korean > Restaurants,39,KOP006882:한국어|ENP006882:영어|JPP006882:일본어|CNP006882:중국어 간체|TCP006882:중국어 번체,5
ENP006830,Son Kalguksu,음식,Cuisine > Korean > Restaurants,39,KOP006830:한국어|ENP006830:영어|JPP006830:일본어|CNP006830:중국어 간체|TCP006830:중국어 번체,5
ENP006805,Jaha Sonmandu,음식,Cuisine > Korean > Restaurants,39,KOP006805:한국어|ENP006805:영어|JPP006805:일본어|CNP006805:중국어 간체|TCP006805:중국어 번체,5
ENP006631,Songlimga,음식,Cuisine > Korean > Restaurants,39,KOP006631:한국어|ENP006631:영어|JPP006631:일본어|CNP006631:중국어 간체|TCP006631:중국어 번체,5
ENP006638,Seocho Galbi,음식,Cuisine > Korean > Restaurants,39,KOP006638:한국어|ENP006638:영어|JPP006638:일본어|CNP006638:중국어 간체|TCP006638:중국어 번체,5
ENP006555,Baegam Wang Sundae,음식,Cuisine > Korean > Restaurants,39,KOP006555:한국어|ENP006555:영어|JPP006555:일본어|CNP006555:중국어 간체|TCP006555:중국어 번체,5
ENP006514,Baengnyeonok,음식,Cuisine > Korean > Restaurants,39,KOP006514:한국어|ENP006514:영어|JPP006514:일본어|CNP006514:중국어 간체|TCP006514:중국어 번체,5
ENP006462,Banpo Chicken,음식,Cuisine > Korean > Restaurants,39,KOP006462:한국어|ENP006462:영어|JPP006462:일본어|CNP006462:중국어 간체|TCP006462:중국어 번체,5
ENP006363,Samjungbokjip,음식,Cuisine > Korean > Restaurants,39,KOP006363:한국어|ENP006363:영어|JPP006363:일본어|CNP006363:중국어 간체|TCP006363:중국어 번체,5
ENP006156,Nwijo,음식,Cuisine > Korean > Restaurants,39,KOP006156:한국어|ENP006156:영어|JPP006156:일본어|CNP006156:중국어 간체|TCP006156:중국어 번체,5
ENP005832,Ganggangsullae (Yeoksam),음식,Cuisine > Korean > Restaurants,39,KOP005832:한국어|ENP005832:영어|JPP005832:일본어|CNP005832:중국어 간체|TCP005832:중국어 번체,5
ENP005659,Jony Dumpling,음식,Cuisine > Foreign > Restaurant > Chinese,39,KOP005659:한국어|ENP005659:영어|JPP005659:일본어|CNP005659:중국어 간체|TCP005659:중국어 번체,5
ENP005661,Sushi Cho,음식,Cuisine > Foreign > Restaurant > Chinese,39,KOP005661:한국어|ENP005661:영어|JPP005661:일본어|CNP005661:중국어 간체|TCP005661:중국어 번체,5
ENP005652,Hanuso (Insadong Branch),음식,Cuisine > Korean > Restaurants,39,KOP005652:한국어|ENP005652:영어|JPP005652:일본어|CNP005652:중국어 간체|TCP005652:중국어 번체,5
ENP005640,Shanti,음식,Cuisine > Foreign > Restaurant > Others,39,KOP005640:한국어|ENP005640:영어|JPP005640:일본어|CNP005640:중국어 간체|TCP005640:중국어 번체,5
ENP005627,Galbi Myeongga Yisang,음식,Cuisine > Korean > Restaurants,39,KOP005627:한국어|ENP005627:영어|JPP005627:일본어|CNP005627:중국어 간체|TCP005627:중국어 번체,5
ENP005614,Hadonggwan,음식,Cuisine > Korean > Restaurants,39,KOP005614:한국어|ENP005614:영어|JPP005614:일본어|CNP005614:중국어 간체|TCP005614:중국어 번체,5
ENP005524,Byeokje Galbi Tower Palace,음식,Cuisine > Korean > Restaurants,39,KOP005524:한국어|ENP005524:영어|JPP005524:일본어|CNP005524:중국어 간체|TCP005524:중국어 번체|RUP005524:러시아어,6
ENP005504,Keungiwajip,음식,Cuisine > Korean > Restaurants,39,KOP005504:한국어|ENP005504:영어|JPP005504:일본어|CNP005504:중국어 간체|TCP005504:중국어 번체,5
ENP005433,Saebyeokjip,음식,Cuisine > Korean > Restaurants,40,KOP005433:한국어|ENP005433:영어|JPP005433:일본어|CNP005433:중국어 간체|TCP005433:중국어 번체,5
ENP005413,Jinjujip,음식,Cuisine > Korean > Restaurants,40,KOP005413:한국어|ENP005413:영어|JPP005413:일본어|CNP005413:중국어 간체|TCP005413:중국어 번체,5
ENP005228,Myeongdong Hamheung Myeonok,음식,Cuisine > Korean > Restaurants,40,KOP005228:한국어|ENP005228:영어|JPP005228:일본어|CNP005228:중국어 간체|TCP005228:중국어 번체,5
ENP005201,Hanseong Kalguksu,음식,Cuisine > Korean > Restaurants,40,KOP005201:한국어|ENP005201:영어|JPP005201:일본어|CNP005201:중국어 간체|TCP005201:중국어 번체,5
ENP005079,Bongpiyang (Bangi Branch),음식,Cuisine > Korean > Restaurants,40,KOP005079:한국어|ENP005079:영어|JPP005079:일본어|CNP005079:중국어 간체|TCP005079:중국어 번체,5
ENP005067,Just Steak,음식,Cuisine > Foreign > Restaurant > Western,40,KOP005067:한국어|ENP005067:영어|JPP005067:일본어|CNP005067:중국어 간체|TCP005067:중국어 번체,5
ENP005049,Inamjang (Samseong-dong Branch),음식,Cuisine > Korean > Restaurants,40,KOP005049:한국어|ENP005049:영어|JPP005049:일본어|CNP005049:중국어 간체|TCP005049:중국어 번체,5
ENP005001,Chez Flo,음식,Cuisine > Foreign > Restaurant > Western,40,KOP005001:한국어|ENP005001:영어|JPP005001:일본어|CNP005001:중국어 간체|TCP005001:중국어 번체|RUP005001:러시아어,6
ENP004951,Rossini,음식,Cuisine > Foreign > Restaurant > Western,40,KOP004951:한국어|ENP004951:영어|JPP004951:일본어|CNP004951:중국어 간체|TCP004951:중국어 번체,5
ENP004826,Itaewon Sutbulgui,음식,Cuisine > Korean > Restaurants,40,KOP004826:한국어|ENP004826:영어|JPP004826:일본어|CNP004826:중국어 간체|TCP004826:중국어 번체,5
ENP004771,Myeongpum Janchiguksu,음식,Cuisine > Korean > Restaurants,40,KOP004771:한국어|ENP004771:영어|JPP004771:일본어|CNP004771:중국어 간체|TCP004771:중국어 번체,5
ENP004698,Ouga,음식,Cuisine > Korean > Restaurants,40,KOP004698:한국어|ENP004698:영어|JPP004698:일본어|CNP004698:중국어 간체|TCP004698:중국어 번체,5
ENP004671,Sinseonggak,음식,Cuisine > Foreign > Restaurant > Chinese,40,KOP004671:한국어|ENP004671:영어|JPP004671:일본어|CNP004671:중국어 간체|TCP004671:중국어 번체,5
ENP004668,Urang,음식,Cuisine > Foreign > Restaurant > Japanese,40,KOP004668:한국어|ENP004668:영어|JPP004668:일본어|CNP004668:중국어 간체|TCP004668:중국어 번체,5
ENP004661,Busan Yanggopchang,음식,Cuisine > Korean > Restaurants,40,KOP004661:한국어|ENP004661:영어|JPP004661:일본어|CNP004661:중국어 간체|TCP004661:중국어 번체|RUP004661:러시아어,6
ENP004651,Songane Noodles,음식,Cuisine > Korean > Restaurants,40,KOP004651:한국어|ENP004651:영어|JPP004651:일본어|CNP004651:중국어 간체|TCP004651:중국어 번체,5
ENP004641,Sinmi Sikdang,음식,Cuisine > Korean > Restaurants,40,KOP004641:한국어|ENP004641:영어|JPP004641:일본어|CNP004641:중국어 간체|TCP004641:중국어 번체|RUP004641:러시아어,6
ENP004626,Sinheung Jeongyuk Sikdang,음식,Cuisine > Korean > Restaurants,40,KOP004626:한국어|ENP004626:영어|JPP004626:일본어|CNP004626:중국어 간체|TCP004626:중국어 번체,5
ENP004608,Geumhong,음식,Cuisine > Foreign > Restaurant > Chinese,40,KOP004608:한국어|ENP004608:영어|JPP004608:일본어|CNP004608:중국어 간체|TCP004608:중국어 번체,5
ENP004596,Haenghwachon,음식,Cuisine > Foreign > Restaurant > Chinese,40,KOP004596:한국어|ENP004596:영어|JPP004596:일본어|CNP004596:중국어 간체|TCP004596:중국어 번체,5
ENP004591,Piyang Kong Halmoni,음식,Cuisine > Korean > Restaurants,41,KOP004591:한국어|ENP004591:영어|JPP004591:일본어|CNP004591:중국어 간체|TCP004591:중국어 번체,5
ENP004537,Cheongjinok,음식,Cuisine > Korean > Restaurants,41,KOP004537:한국어|ENP004537:영어|JPP004537:일본어|CNP004537:중국어 간체|TCP004537:중국어 번체,5
ENP004536,Hwangtogil,음식,Cuisine > Korean > Restaurants,41,KOP004536:한국어|ENP004536:영어|JPP004536:일본어|CNP004536:중국어 간체|TCP004536:중국어 번체,5
ENP004475,Baengnihyang,음식,Cuisine > Foreign > Restaurant > Chinese,41,KOP004475:한국어|ENP004475:영어|JPP004475:일본어|CNP004475:중국어 간체|TCP004475:중국어 번체,5
ENP004428,The Green Table,음식,Cuisine > Foreign > Restaurant > Western,41,KOP004428:한국어|ENP004428:영어|JPP004428:일본어|CNP004428:중국어 간체|TCP004428:중국어 번체|RUP004428:러시아어,6
ENP004406,Philkyungjae,음식,Cuisine > Korean > Restaurants,41,KOP004406:한국어|ENP004406:영어|JPP004406:일본어|CNP004406:중국어 간체|TCP004406:중국어 번체|RUP004406:러시아어,6
ENP004355,Ja-in Mungtigi,음식,Cuisine > Korean > Restaurants,41,KOP004355:한국어|ENP004355:영어|JPP004355:일본어|CNP004355:중국어 간체|TCP004355:중국어 번체,5
ENP004324,Hyundae Kalguksu,음식,Cuisine > Korean > Restaurants,41,KOP004324:한국어|ENP004324:영어|JPP004324:일본어|CNP004324:중국어 간체|TCP004324:중국어 번체,5
ENP004320,Won Daegutang,음식,Cuisine > Korean > Restaurants,41,KOP004320:한국어|ENP004320:영어|JPP004320:일본어|CNP004320:중국어 간체|TCP004320:중국어 번체,5
ENP004273,Ojangdong Heungnamjip,음식,Cuisine > Korean > Restaurants,41,KOP004273:한국어|ENP004273:영어|JPP004273:일본어|CNP004273:중국어 간체|TCP004273:중국어 번체,5
ENP004240,Eulmildae,음식,Cuisine > Korean > Restaurants,41,KOP004240:한국어|ENP004240:영어|JPP004240:일본어|CNP004240:중국어 간체|TCP004240:중국어 번체,5
ENP004227,Yeonhuidong Kalguksu,음식,Cuisine > Korean > Restaurants,41,KOP004227:한국어|ENP004227:영어|JPP004227:일본어|CNP004227:중국어 간체|TCP004227:중국어 번체,5
ENP004225,Darakjeong,음식,Cuisine > Korean > Restaurants,41,KOP004225:한국어|ENP004225:영어|JPP004225:일본어|CNP004225:중국어 간체|TCP004225:중국어 번체,5
ENP004175,Songnimwon,음식,Cuisine > Foreign > Restaurant > Chinese,41,KOP004175:한국어|ENP004175:영어|JPP004175:일본어|CNP004175:중국어 간체|TCP004175:중국어 번체,5
ENP004143,Sohojeong,음식,Cuisine > Korean > Restaurants,41,KOP004143:한국어|ENP004143:영어|JPP004143:일본어|CNP004143:중국어 간체|TCP004143:중국어 번체,5
ENP003729,Builgalbi,음식,Cuisine > Korean > Restaurants,41,KOP003729:한국어|ENP003729:영어|JPP003729:일본어|CNP003729:중국어 간체|TCP003729:중국어 번체,5
ENP003630,Biwon Son Kalguksu,음식,Cuisine > Korean > Restaurants,41,KOP003630:한국어|ENP003630:영어|JPP003630:일본어|CNP003630:중국어 간체|TCP003630:중국어 번체,5
ENP003603,Retrooven,음식,Cuisine > Cafes > & > Tea > Shops,41,KOP003603:한국어|ENP003603:영어|JPP003603:일본어|CNP003603:중국어 간체|TCP003603:중국어 번체|RUP003603:러시아어,6
ENP003496,Hwangsaengga Kalguksu,음식,Cuisine > Korean > Restaurants,41,KOP003496:한국어|ENP003496:영어|JPP003496:일본어|CNP003496:중국어 간체|TCP003496:중국어 번체,5
ENP003188,A Table,음식,Cuisine > Foreign > Restaurant > Western,41,KOP003188:한국어|ENP003188:영어|JPP003188:일본어|CNP003188:중국어 간체|TCP003188:중국어 번체,5
ENP003084,Kwak Kyung Chan&#039;s Sigol Bapsang,음식,Cuisine > Korean > Restaurants,42,KOP003084:한국어|ENP003084:영어|JPP003084:일본어|CNP003084:중국어 간체|TCP003084:중국어 번체,5
ENP002876,Miseongok,음식,Cuisine > Korean > Restaurants,42,KOP002876:한국어|ENP002876:영어|JPP002876:일본어|CNP002876:중국어 간체|TCP002876:중국어 번체|RUP002876:러시아어,6
ENP002714,Chaesundang (Sinnae),음식,Cuisine > Korean > Restaurants,42,KOP002714:한국어|ENP002714:영어|JPP002714:일본어|CNP002714:중국어 간체|TCP002714:중국어 번체|RUP002714:러시아어,6
ENP002713,Lamb Land,음식,Cuisine > Korean > Restaurants,42,KOP002713:한국어|ENP002713:영어|JPP002713:일본어|CNP002713:중국어 간체|TCP002713:중국어 번체,5
ENP002629,Busanbokjip,음식,Cuisine > Korean > Restaurants,42,KOP002629:한국어|ENP002629:영어|JPP002629:일본어|CNP002629:중국어 간체|TCP002629:중국어 번체,5
ENP002619,Dobongsan Galbi,음식,Cuisine > Korean > Restaurants,42,KOP002619:한국어|ENP002619:영어|JPP002619:일본어|CNP002619:중국어 간체|TCP002619:중국어 번체,5
ENP002597,[Baeknyeon-gage] Chamnureongso,음식,Cuisine > Korean > Restaurants,42,KOP002597:한국어|ENP002597:영어|JPP002597:일본어|CNP002597:중국어 간체|TCP002597:중국어 번체|RUP002597:러시아어,6
ENP002528,Samil Jeongyuk Sikdang,음식,Cuisine > Korean > Restaurants,42,KOP002528:한국어|ENP002528:영어|JPP002528:일본어|CNP002528:중국어 간체|TCP002528:중국어 번체,5
ENP002505,Nolboo Sulfur Duck Restaurant,음식,Cuisine > Korean > Restaurants,42,KOP002505:한국어|ENP002505:영어|JPP002505:일본어|CNP002505:중국어 간체|TCP002505:중국어 번체,5
ENP002514,Mokpo Jamaejip,음식,Cuisine > Korean > Restaurants,42,KOP002514:한국어|ENP002514:영어|JPP002514:일본어|CNP002514:중국어 간체|TCP002514:중국어 번체,5
ENP002495,Daejangjangi Hwadeok Pizza Jip,음식,Cuisine > Foreign > Restaurant > Western,42,KOP002495:한국어|ENP002495:영어|JPP002495:일본어|CNP002495:중국어 간체|TCP002495:중국어 번체,5
ENP002486,Palsun,음식,Cuisine > Foreign > Restaurant > Chinese,42,KOP002486:한국어|ENP002486:영어|JPP002486:일본어|CNP002486:중국어 간체|TCP002486:중국어 번체,5
ENP002463,Ssangdari Doaeji Bulbaek,음식,Cuisine > Korean > Restaurants,42,KOP002463:한국어|ENP002463:영어|JPP002463:일본어|CNP002463:중국어 간체|TCP002463:중국어 번체,5
ENP002436,Buminok,음식,Cuisine > Korean > Restaurants,42,KOP002436:한국어|ENP002436:영어|JPP002436:일본어|CNP002436:중국어 간체|TCP002436:중국어 번체,5
ENP002396,Byeokje Galbi,음식,Cuisine > Korean > Restaurants,42,KOP002396:한국어|ENP002396:영어|JPP002396:일본어|CNP002396:중국어 간체|TCP002396:중국어 번체,5
ENP002375,LUNA VINE,음식,Cuisine > Korean > Restaurants,42,KOP002375:한국어|ENP002375:영어|JPP002375:일본어|CNP002375:중국어 간체|TCP002375:중국어 번체|RUP002375:러시아어,6
ENP001739,Slunch Factory,음식,Cuisine > Foreign > Restaurant > Western,42,KOP001739:한국어|ENP001739:영어|JPP001739:일본어|CNP001739:중국어 간체|TCP001739:중국어 번체|RUP001739:러시아어,6
ENP001714,Choedaegamne,음식,Cuisine > Korean > Restaurants,42,KOP001714:한국어|ENP001714:영어|JPP001714:일본어|CNP001714:중국어 간체|TCP001714:중국어 번체,5
ENP001670,Ohsaegyehyang,음식,Cuisine > Korean > Restaurants,42,KOP001670:한국어|ENP001670:영어|JPP001670:일본어|CNP001670:중국어 간체|TCP001670:중국어 번체|RUP001670:러시아어,6
ENP001668,Haeju Naengmyeon,음식,Cuisine > Korean > Restaurants,42,KOP001668:한국어|ENP001668:영어|JPP001668:일본어|CNP001668:중국어 간체|TCP001668:중국어 번체,5
ENP001657,Yi Ning,음식,Cuisine > Foreign > Restaurant > Chinese,43,KOP001657:한국어|ENP001657:영어|JPP001657:일본어|CNP001657:중국어 간체|TCP001657:중국어 번체,5
ENP001641,Omiga (Sinsa Branch),음식,Cuisine > Korean > Restaurants,43,KOP001641:한국어|ENP001641:영어|JPP001641:일본어|CNP001641:중국어 간체|TCP001641:중국어 번체,5
ENP001629,Songjukheon,음식,Cuisine > Korean > Restaurants,43,KOP001629:한국어|ENP001629:영어|JPP001629:일본어|CNP001629:중국어 간체|TCP001629:중국어 번체,5
ENP001611,Danme Green Bee,음식,Cuisine > Korean > Restaurants,43,KOP001611:한국어|ENP001611:영어|JPP001611:일본어|CNP001611:중국어 간체|TCP001611:중국어 번체,5
ENP001598,Daebanggol,음식,Cuisine > Korean > Restaurants,43,KOP001598:한국어|ENP001598:영어|JPP001598:일본어|CNP001598:중국어 간체|TCP001598:중국어 번체,5
ENP001543,Pyeongyang Myeonok (Nonhyeon Branch),음식,Cuisine > Korean > Restaurants,43,KOP001543:한국어|ENP001543:영어|JPP001543:일본어|CNP001543:중국어 간체|TCP001543:중국어 번체,5
ENP001505,Budnamujip,음식,Cuisine > Korean > Restaurants,43,KOP001505:한국어|ENP001505:영어|JPP001505:일본어|CNP001505:중국어 간체|TCP001505:중국어 번체,5
ENP001509,Taco Amigo,음식,Cuisine > Foreign > Restaurant > Western,43,KOP001509:한국어|ENP001509:영어|JPP001509:일본어|CNP001509:중국어 간체|TCP001509:중국어 번체,5
ENP001465,Jangchu,음식,Cuisine > Korean > Restaurants,43,KOP001465:한국어|ENP001465:영어|JPP001465:일본어|CNP001465:중국어 간체|TCP001465:중국어 번체,5
ENP001457,Grill Ajisai,음식,Cuisine > Foreign > Restaurant > Japanese,43,KOP001457:한국어|ENP001457:영어|JPP001457:일본어|CNP001457:중국어 간체|TCP001457:중국어 번체,5
ENP001252,Fresca 29,음식,Cuisine > Cafes > & > Tea > Shops,43,KOP001252:한국어|ENP001252:영어|JPP001252:일본어|CNP001252:중국어 간체|TCP001252:중국어 번체|RUP001252:러시아어,6
ENP001211,Romanee Conti,음식,Cuisine > Foreign > Restaurant > Western,43,KOP001211:한국어|ENP001211:영어|JPP001211:일본어|CNP001211:중국어 간체|TCP001211:중국어 번체|RUP001211:러시아어,6
ENP001183,Rakkojae,음식,Cuisine > Korean > Restaurants,43,KOP001183:한국어|ENP001183:영어|JPP001183:일본어|CNP001183:중국어 간체|TCP001183:중국어 번체|MLP001183:말레이어,6
ENP001154,All That Jazz,음식,Cuisine > Bars > & > Clubs,43,KOP001154:한국어|ENP001154:영어|JPP001154:일본어|CNP001154:중국어 간체|TCP001154:중국어 번체|RUP001154:러시아어,6
ENP001142,Evans,음식,Cuisine > Bars > & > Clubs,43,KOP001142:한국어|ENP001142:영어|JPP001142:일본어|CNP001142:중국어 간체|TCP001142:중국어 번체|RUP001142:러시아어,6
ENP001077,Guillaume,음식,Cuisine > Cafes > & > Tea > Shops,43,KOP001077:한국어|ENP001077:영어|JPP001077:일본어|CNP001077:중국어 간체|TCP001077:중국어 번체,5
ENP001064,Dublin Terrace,음식,Cuisine > Bars > & > Clubs,43,KOP001064:한국어|ENP001064:영어|JPP001064:일본어|CNP001064:중국어 간체|TCP001064:중국어 번체|RUP001064:러시아어,6
ENP001056,Goshen,음식,Cuisine > Cafes > & > Tea > Shops,43,KOP001056:한국어|ENP001056:영어|JPP001056:일본어|CNP001056:중국어 간체|TCP001056:중국어 번체|RUP001056:러시아어,6
ENP000979,Suyeon Sanbang,음식,Cuisine > Korean > Restaurants,43,KOP000979:한국어|ENP000979:영어|JPP000979:일본어|CNP000979:중국어 간체|TCP000979:중국어 번체,5
ENP000542,Cuisson82,음식,Cuisine > Foreign > Restaurant > Western,43,KOP000542:한국어|ENP000542:영어|JPP000542:일본어|CNP000542:중국어 간체|TCP000542:중국어 번체,5
ENP000512,Sanho,음식,Cuisine > Korean > Restaurants,44,KOP000512:한국어|ENP000512:영어|JPP000512:일본어|CNP000512:중국어 간체|TCP000512:중국어 번체,5
ENP000446,Nanhyang,음식,Cuisine > Foreign > Restaurant > Chinese,44,KOP000446:한국어|ENP000446:영어|JPP000446:일본어|CNP000446:중국어 간체|TCP000446:중국어 번체,5
ENP000441,Wolfgang&#039;s Steakhouse,음식,Cuisine > Foreign > Restaurant > Western,44,KOP000441:한국어|ENP000441:영어|JPP000441:일본어|CNP000441:중국어 간체|TCP000441:중국어 번체,5
ENP000383,Haerang,음식,Cuisine > Korean > Restaurants,44,KOP000383:한국어|ENP000383:영어|JPP000383:일본어|CNP000383:중국어 간체|TCP000383:중국어 번체,5
ENP012801,Yurimmyeon,음식,Cuisine > Korean > Restaurants,44,KOP012801:한국어|ENP012801:영어|JPP012801:일본어|CNP012801:중국어 간체|TCP012801:중국어 번체,5
ENP011944,Odarizip,음식,Cuisine > Korean > Restaurants,44,KOP011944:한국어|ENP011944:영어|JPP011944:일본어|CNP011944:중국어 간체|TCP011944:중국어 번체,5
ENP012065,The Class Cheongdam,음식,Cuisine > Foreign > Restaurant > Western,44,KOP012065:한국어|ENP012065:영어|JPP012065:일본어|CNP012065:중국어 간체|TCP012065:중국어 번체|MLP012065:말레이어,6
ENP012076,Forest of Music,음식,Cuisine > Cafes > & > Tea > Shops,44,KOP012076:한국어|ENP012076:영어|JPP012076:일본어|CNP012076:중국어 간체|TCP012076:중국어 번체,5
ENP012148,Seogang 8-gyeong,음식,Cuisine > Foreign > Restaurant > Western,44,KOP012148:한국어|ENP012148:영어|JPP012148:일본어|CNP012148:중국어 간체|TCP012148:중국어 번체|RUP012148:러시아어,6
ENP012278,Cafe Noshi,음식,Cuisine > Korean > Restaurants,44,KOP012278:한국어|ENP012278:영어|JPP012278:일본어|CNP012278:중국어 간체|TCP012278:중국어 번체|RUP012278:러시아어,6
ENP012289,Seogang Kkeopdegi,음식,Cuisine > Korean > Restaurants,44,KOP012289:한국어|ENP012289:영어|JPP012289:일본어|CNP012289:중국어 간체|TCP012289:중국어 번체,5
ENP012557,Café Rosso,음식,Cuisine > Korean > Restaurants,44,KOP012557:한국어|ENP012557:영어|JPP012557:일본어|CNP012557:중국어 간체|TCP012557:중국어 번체,5
ENP012568,Omokjib,음식,Cuisine > Korean > Restaurants,44,KOP012568:한국어|ENP012568:영어|JPP012568:일본어|CNP012568:중국어 간체|TCP012568:중국어 번체,5
ENP011268,New York New York Restaurant (Kensington Hotel),음식,Cuisine > Foreign > Restaurant > Western,44,KOP011268:한국어|ENP011268:영어|JPP011268:일본어|CNP011268:중국어 간체|TCP011268:중국어 번체,5
ENP011191,Club NB2,음식,Cuisine > Bars > & > Clubs,44,KOP011191:한국어|ENP011191:영어|JPP011191:일본어|CNP011191:중국어 간체|TCP011191:중국어 번체,5
ENP011051,Samgeori Pocha,음식,Cuisine > Bars > & > Clubs,44,KOP011051:한국어|ENP011051:영어|JPP011051:일본어|CNP011051:중국어 간체|TCP011051:중국어 번체|RUP011051:러시아어,6
ENP011005,Mabongnim&#039;s Son&#039;s Tteok-bokki,음식,Cuisine > Korean > Restaurants,44,KOP011005:한국어|ENP011005:영어|JPP011005:일본어|CNP011005:중국어 간체|TCP011005:중국어 번체,5
ENP014605,Insadong Sujebi,음식,Cuisine > Korean > Restaurants,44,KOP014605:한국어|ENP014605:영어|JPP014605:일본어|CNP014605:중국어 간체|TCP014605:중국어 번체,5
ENP014610,Soonhee&#039;s Bindaetteok,음식,Cuisine > Korean > Restaurants,44,KOP014610:한국어|ENP014610:영어|JPP014610:일본어|CNP014610:중국어 간체|TCP014610:중국어 번체|RUP014610:러시아어,6
ENP014630,Wonjo Halmeoni Tteokbokki,음식,Cuisine > Korean > Restaurants,44,KOP014630:한국어|ENP014630:영어|JPP014630:일본어|CNP014630:중국어 간체|TCP014630:중국어 번체,5
ENP014615,Mother and Daughter&#039;s Gimbap,음식,Cuisine > Korean > Restaurants,45,KOP014615:한국어|ENP014615:영어|JPP014615:일본어|CNP014615:중국어 간체|TCP014615:중국어 번체,5
ENP014620,La Lune Violette,음식,Cuisine > Foreign > Restaurant > Western,45,KOP014620:한국어|ENP014620:영어|JPP014620:일본어|CNP014620:중국어 간체|TCP014620:중국어 번체|RUP014620:러시아어,6
ENP014555,Patisserie Kim Youngmo,음식,Cuisine > Cafes > & > Tea > Shops,45,KOP014555:한국어|ENP014555:영어|JPP014555:일본어|CNP014555:중국어 간체|TCP014555:중국어 번체,5
ENP014585,Trattoria Moro,음식,Cuisine > Foreign > Restaurant > Western,45,KOP014585:한국어|ENP014585:영어|JPP014585:일본어|CNP014585:중국어 간체|TCP014585:중국어 번체|RUP014585:러시아어,6
ENP014498,Daedong,음식,Cuisine > Foreign > Restaurant > Chinese,45,KOP014498:한국어|ENP014498:영어|JPP014498:일본어|CNP014498:중국어 간체|TCP014498:중국어 번체,5
ENP014508,Jungguk,음식,Cuisine > Foreign > Restaurant > Chinese,45,KOP014508:한국어|ENP014508:영어|JPP014508:일본어|CNP014508:중국어 간체|TCP014508:중국어 번체|RUP014508:러시아어,6
ENP014695,Mansuui Jeongwon,음식,Cuisine > Korean > Restaurants,45,KOP014695:한국어|ENP014695:영어|JPP014695:일본어|CNP014695:중국어 간체|TCP014695:중국어 번체|RUP014695:러시아어,6
ENP014831,Kongji POTji,음식,Cuisine > Foreign > Restaurant > Western,45,KOP014831:한국어|ENP014831:영어|JPP014831:일본어|CNP014831:중국어 간체|TCP014831:중국어 번체,5
ENP014736,Eonnyang Bulgogi,음식,Cuisine > Korean > Restaurants,45,KOP014736:한국어|ENP014736:영어|JPP014736:일본어|CNP014736:중국어 간체|TCP014736:중국어 번체|RUP014736:러시아어,6
ENP014741,Unknown Diner,음식,Cuisine > Foreign > Restaurant > Western,45,KOP014741:한국어|ENP014741:영어|JPP014741:일본어|CNP014741:중국어 간체|TCP014741:중국어 번체|RUP014741:러시아어,6
ENP014746,Gold Fish,음식,Cuisine > Foreign > Restaurant > Chinese,45,KOP014746:한국어|ENP014746:영어|JPP014746:일본어|CNP014746:중국어 간체|TCP014746:중국어 번체|RUP014746:러시아어,6
ENP014518,Sanchon,음식,Cuisine > Korean > Restaurants,45,KOP014518:한국어|ENP014518:영어|JPP014518:일본어|CNP014518:중국어 간체|TCP014518:중국어 번체|RUP014518:러시아어|MLP014518:말레이어,7
ENP014523,Buheung Dongtae,음식,Cuisine > Korean > Restaurants,45,KOP014523:한국어|ENP014523:영어|JPP014523:일본어|CNP014523:중국어 간체|TCP014523:중국어 번체|RUP014523:러시아어,6
ENP014926,Hannam Bugeotguk,음식,Cuisine > Korean > Restaurants,45,KOP014926:한국어|ENP014926:영어|JPP014926:일본어|CNP014926:중국어 간체|TCP014926:중국어 번체|RUP014926:러시아어,6
ENP014936,Saffron,음식,Cuisine > Foreign > Restaurant > Others,45,KOP014936:한국어|ENP014936:영어|JPP014936:일본어|CNP014936:중국어 간체|TCP014936:중국어 번체,5
ENP014763,Mongmyeok Sanbang,음식,Cuisine > Korean > Restaurants,45,KOP014763:한국어|ENP014763:영어|JPP014763:일본어|CNP014763:중국어 간체|TCP014763:중국어 번체,5
ENP014790,Gusto Taco,음식,Cuisine > Foreign > Restaurant > Others,45,KOP014790:한국어|ENP014790:영어|JPP014790:일본어|CNP014790:중국어 간체|TCP014790:중국어 번체,5
ENP014877,July,음식,Cuisine > Foreign > Restaurant > Western,45,KOP014877:한국어|ENP014877:영어|JPP014877:일본어|CNP014877:중국어 간체|TCP014877:중국어 번체,5
ENP014893,Seongsan Wanggalbi,음식,Cuisine > Korean > Restaurants,45,KOP014893:한국어|ENP014893:영어|JPP014893:일본어|CNP014893:중국어 간체|TCP014893:중국어 번체|RUP014893:러시아어,6
ENP014430,Dakgomtang,음식,Cuisine > Korean > Restaurants,45,KOP014430:한국어|ENP014430:영어|JPP014430:일본어|CNP014430:중국어 간체|TCP014430:중국어 번체,5
ENP014436,Buwonmyeonok,음식,Cuisine > Korean > Restaurants,46,KOP014436:한국어|ENP014436:영어|JPP014436:일본어|CNP014436:중국어 간체|TCP014436:중국어 번체,5
ENP014488,Coffee Tour,음식,Cuisine > Korean > Restaurants,46,KOP014488:한국어|ENP014488:영어|JPP014488:일본어|CNP014488:중국어 간체|TCP014488:중국어 번체,5
ENP014705,Chai Lyn,음식,Cuisine > Foreign > Restaurant > Chinese,46,KOP014705:한국어|ENP014705:영어|JPP014705:일본어|CNP014705:중국어 간체|TCP014705:중국어 번체|RUP014705:러시아어,6
ENP014731,Durga,음식,Cuisine > Foreign > Restaurant > Others,46,ENP014731:영어|JPP014731:일본어|CNP014731:중국어 간체|TCP014731:중국어 번체,4
ENP014359,Donggyeong Sikdang,음식,Cuisine > Foreign > Restaurant > Japanese,46,KOP014359:한국어|ENP014359:영어|JPP014359:일본어|CNP014359:중국어 간체|TCP014359:중국어 번체|RUP014359:러시아어,6
ENP014354,The NiNth Gate Grille,음식,Cuisine > Foreign > Restaurant > Western,46,KOP014354:한국어|ENP014354:영어|JPP014354:일본어|CNP014354:중국어 간체|TCP014354:중국어 번체|RUP014354:러시아어,6
ENP014376,Andong Mungtigwa,음식,Cuisine > Korean > Restaurants,46,KOP014376:한국어|ENP014376:영어|JPP014376:일본어|CNP014376:중국어 간체|TCP014376:중국어 번체|RUP014376:러시아어,6
ENP014415,Oworui Jong,음식,Cuisine > Cafes > & > Tea > Shops,46,KOP014415:한국어|ENP014415:영어|JPP014415:일본어|CNP014415:중국어 간체|TCP014415:중국어 번체,5
ENP014288,Suchiku,음식,Cuisine > Foreign > Restaurant > Japanese,46,KOP014288:한국어|ENP014288:영어|JPP014288:일본어|CNP014288:중국어 간체|TCP014288:중국어 번체,5
ENP014323,Donggyeong Jeontong Yukgaejang,음식,Cuisine > Korean > Restaurants,46,KOP014323:한국어|ENP014323:영어|JPP014323:일본어|CNP014323:중국어 간체|TCP014323:중국어 번체,5
ENP014333,Pohang Sikdang,음식,Cuisine > Korean > Restaurants,46,KOP014333:한국어|ENP014333:영어|JPP014333:일본어|CNP014333:중국어 간체|TCP014333:중국어 번체,5
ENP014210,Ayajin Saengtae Jjigae,음식,Cuisine > Korean > Restaurants,46,KOP014210:한국어|ENP014210:영어|JPP014210:일본어|CNP014210:중국어 간체|TCP014210:중국어 번체,5
ENP014230,Ogawa,음식,Cuisine > Foreign > Restaurant > Chinese,46,KOP014230:한국어|ENP014230:영어|JPP014230:일본어|CNP014230:중국어 간체|TCP014230:중국어 번체|RUP014230:러시아어,6
ENP014261,Beberu,음식,Cuisine > Korean > Restaurants,46,ENP014261:영어|JPP014261:일본어|CNP014261:중국어 간체|TCP014261:중국어 번체,4
ENP014165,Om,음식,Cuisine > Foreign > Restaurant > Others,46,KOP014165:한국어|ENP014165:영어|JPP014165:일본어|CNP014165:중국어 간체|TCP014165:중국어 번체,5
ENP014205,The Kings,음식,Cuisine > Foreign > Restaurant > Chinese,46,KOP014205:한국어|ENP014205:영어|JPP014205:일본어|CNP014205:중국어 간체|TCP014205:중국어 번체,5
ENP013974,Samgakjeong,음식,Cuisine > Korean > Restaurants,46,KOP013974:한국어|ENP013974:영어|JPP013974:일본어|CNP013974:중국어 간체|TCP013974:중국어 번체,5
ENP013899,Bruce Lee,음식,Cuisine > Foreign > Restaurant > Chinese,46,KOP013899:한국어|ENP013899:영어|JPP013899:일본어|CNP013899:중국어 간체|TCP013899:중국어 번체,5
ENP013944,Pancake Original Story,음식,Cuisine > Cafes > & > Tea > Shops,46,KOP013944:한국어|ENP013944:영어|JPP013944:일본어|CNP013944:중국어 간체|TCP013944:중국어 번체|RUP013944:러시아어,6
ENP013832,Square Garden,음식,Cuisine > Cafes > & > Tea > Shops,46,KOP013832:한국어|ENP013832:영어|JPP013832:일본어|CNP013832:중국어 간체|TCP013832:중국어 번체,5
ENP013859,Paolo de Maria,음식,Cuisine > Foreign > Restaurant > Western,47,KOP013859:한국어|ENP013859:영어|JPP013859:일본어|CNP013859:중국어 간체|TCP013859:중국어 번체,5
ENP013711,Inosisi,음식,Cuisine > Foreign > Restaurant > Japanese,47,KOP013711:한국어|ENP013711:영어|JPP013711:일본어|CNP013711:중국어 간체|TCP013711:중국어 번체|RUP013711:러시아어,6
ENP013716,Dongbinggo,음식,Cuisine > Cafes > & > Tea > Shops,47,KOP013716:한국어|ENP013716:영어|JPP013716:일본어|CNP013716:중국어 간체|TCP013716:중국어 번체|RUP013716:러시아어,6
ENP014236,Heungjinok,음식,Cuisine > Korean > Restaurants,47,KOP014236:한국어|ENP014236:영어|JPP014236:일본어|CNP014236:중국어 간체|TCP014236:중국어 번체,5
ENP013929,Busan Galbi,음식,Cuisine > Korean > Restaurants,47,KOP013929:한국어|ENP013929:영어|JPP013929:일본어|CNP013929:중국어 간체|TCP013929:중국어 번체,5
ENP014034,Sogong Jukjip,음식,Cuisine > Korean > Restaurants,47,KOP014034:한국어|ENP014034:영어|JPP014034:일본어|CNP014034:중국어 간체|TCP014034:중국어 번체|RUP014034:러시아어,6
ENP014100,Jeongdong Guksi,음식,Cuisine > Korean > Restaurants,47,KOP014100:한국어|ENP014100:영어|JPP014100:일본어|CNP014100:중국어 간체|TCP014100:중국어 번체,5
ENP013746,Sultan Kebab,음식,Cuisine > Foreign > Restaurant > Others,47,KOP013746:한국어|ENP013746:영어|JPP013746:일본어|CNP013746:중국어 간체|TCP013746:중국어 번체|RUP013746:러시아어|MLP013746:말레이어,7
ENP013786,Hattori Kitchen,음식,Cuisine > Foreign > Restaurant > Japanese,47,ENP013786:영어,1
ENP014185,Yeongdong Jokbal,음식,Cuisine > Korean > Restaurants,47,KOP014185:한국어|ENP014185:영어|JPP014185:일본어|CNP014185:중국어 간체|TCP014185:중국어 번체,5
ENP014039,Mongjungheon,음식,Cuisine > Foreign > Restaurant > Chinese,47,KOP014039:한국어|ENP014039:영어|JPP014039:일본어|CNP014039:중국어 간체|TCP014039:중국어 번체,5
ENP013964,Manjok Ohyang Jokbal,음식,Cuisine > Korean > Restaurants,47,KOP013964:한국어|ENP013964:영어|JPP013964:일본어|CNP013964:중국어 간체|TCP013964:중국어 번체,5
ENP013934,MK2,음식,Cuisine > Cafes > & > Tea > Shops,47,KOP013934:한국어|ENP013934:영어|JPP013934:일본어|CNP013934:중국어 간체|TCP013934:중국어 번체,5
ENP013843,Bella Praha,음식,Cuisine > Cafes > & > Tea > Shops,47,KOP013843:한국어|ENP013843:영어|JPP013843:일본어|CNP013843:중국어 간체|TCP013843:중국어 번체,5
ENP013671,Danggojip,음식,Cuisine > Korean > Restaurants,47,KOP013671:한국어|ENP013671:영어|JPP013671:일본어|CNP013671:중국어 간체|TCP013671:중국어 번체,5
ENP013751,Jidaebang,음식,Cuisine,47,KOP013751:한국어|ENP013751:영어|JPP013751:일본어|CNP013751:중국어 간체|TCP013751:중국어 번체,5
ENP014283,SamhakdoA,음식,Cuisine > Korean > Restaurants,47,KOP014283:한국어|ENP014283:영어|JPP014283:일본어|CNP014283:중국어 간체|TCP014283:중국어 번체,5
ENP013994,Leonidas,음식,Cuisine > Cafes > & > Tea > Shops,47,KOP013994:한국어|ENP013994:영어|JPP013994:일본어|CNP013994:중국어 간체|TCP013994:중국어 번체,5
ENP014115,Namu Sairo,음식,Cuisine > Cafes > & > Tea > Shops,47,KOP014115:한국어|ENP014115:영어|JPP014115:일본어|CNP014115:중국어 간체|TCP014115:중국어 번체|RUP014115:러시아어,6
ENP013756,Poom Seoul,음식,Cuisine > Korean > Restaurants,47,KOP013756:한국어|ENP013756:영어|JPP013756:일본어|CNP013756:중국어 간체|TCP013756:중국어 번체,5
ENP013661,Myeongdong Gomdori,음식,Cuisine > Korean > Restaurants,48,KOP013661:한국어|ENP013661:영어|JPP013661:일본어|CNP013661:중국어 간체|TCP013661:중국어 번체,5
ENP013696,Ju,음식,Cuisine > Foreign > Restaurant > Chinese,48,KOP013696:한국어|ENP013696:영어|JPP013696:일본어|CNP013696:중국어 간체|TCP013696:중국어 번체|RUP013696:러시아어,6
ENP013807,Deogwon Kkorigomtang Bangchitang,음식,Cuisine > Korean > Restaurants,48,KOP013807:한국어|ENP013807:영어|JPP013807:일본어|CNP013807:중국어 간체|TCP013807:중국어 번체,5
ENP013854,Jangsu Sikdang,음식,Cuisine > Korean > Restaurants,48,KOP013854:한국어|ENP013854:영어|JPP013854:일본어|CNP013854:중국어 간체|TCP013854:중국어 번체,5
ENP013894,Yeojaman,음식,Cuisine > Korean > Restaurants,48,KOP013894:한국어|ENP013894:영어|JPP013894:일본어|CNP013894:중국어 간체|TCP013894:중국어 번체,5
ENP013706,Kkachine,음식,Cuisine > Korean > Restaurants,48,KOP013706:한국어|ENP013706:영어|JPP013706:일본어|CNP013706:중국어 간체|TCP013706:중국어 번체,5
ENP013741,Eunjujeong,음식,Cuisine > Korean > Restaurants,48,KOP013741:한국어|ENP013741:영어|JPP013741:일본어|CNP013741:중국어 간체|TCP013741:중국어 번체,5
ENP013626,Ilsang,음식,Cuisine > Cafes > & > Tea > Shops,48,KOP013626:한국어|ENP013626:영어|JPP013626:일본어|CNP013626:중국어 간체|TCP013626:중국어 번체,5
ENP014145,Banjjakbanjjak Binnaneun,음식,Cuisine > Cafes > & > Tea > Shops,48,KOP014145:한국어|ENP014145:영어|JPP014145:일본어|CNP014145:중국어 간체|TCP014145:중국어 번체,5
ENP013989,Jaembaeok,음식,Cuisine > Korean > Restaurants,48,KOP013989:한국어|ENP013989:영어|JPP013989:일본어|CNP013989:중국어 간체|TCP013989:중국어 번체,5
ENP013827,Singyechi,음식,Cuisine > Korean > Restaurants,48,KOP013827:한국어|ENP013827:영어|JPP013827:일본어|CNP013827:중국어 간체|TCP013827:중국어 번체,5
ENP013761,Hangang Chicken,음식,Cuisine > Korean > Restaurants,48,KOP013761:한국어|ENP013761:영어|JPP013761:일본어|CNP013761:중국어 간체|TCP013761:중국어 번체,5
ENP013656,Urban Garden,음식,Cuisine > Foreign > Restaurant > Western,48,KOP013656:한국어|ENP013656:영어|JPP013656:일본어|CNP013656:중국어 간체|TCP013656:중국어 번체,5
ENP013636,Hong Yuan,음식,Cuisine > Foreign > Restaurant > Chinese,48,KOP013636:한국어|ENP013636:영어|JPP013636:일본어|CNP013636:중국어 간체|TCP013636:중국어 번체,5
ENP013646,Halmeoni Kalguksu,음식,Cuisine > Korean > Restaurants,48,KOP013646:한국어|ENP013646:영어|JPP013646:일본어|CNP013646:중국어 간체|TCP013646:중국어 번체,5
ENP013619,Anseong Ttosuni,음식,Cuisine > Korean > Restaurants,48,KOP013619:한국어|ENP013619:영어|JPP013619:일본어|CNP013619:중국어 간체|TCP013619:중국어 번체,5
ENP013614,Jangsuwon,음식,Cuisine > Korean > Restaurants,48,KOP013614:한국어|ENP013614:영어|JPP013614:일본어|CNP013614:중국어 간체|TCP013614:중국어 번체,5
ENP013599,Teumsae Ramyeon,음식,Cuisine > Korean > Restaurants,48,KOP013599:한국어|ENP013599:영어|JPP013599:일본어|CNP013599:중국어 간체|TCP013599:중국어 번체,5
ENP013554,Oegojip Seolleongtang,음식,Cuisine > Korean > Restaurants,48,KOP013554:한국어|ENP013554:영어|JPP013554:일본어|CNP013554:중국어 간체|TCP013554:중국어 번체,5
ENP013534,Passion 5,음식,Cuisine > Cafes > & > Tea > Shops,48,KOP013534:한국어|ENP013534:영어|JPP013534:일본어|CNP013534:중국어 간체|TCP013534:중국어 번체,5
ENP013504,Taj Palace,음식,Cuisine > Foreign > Restaurant > Others,49,KOP013504:한국어|ENP013504:영어|JPP013504:일본어|CNP013504:중국어 간체|TCP013504:중국어 번체|RUP013504:러시아어|MLP013504:말레이어,7
ENP013494,Seopji Koji,음식,Cuisine > Korean > Restaurants,49,KOP013494:한국어|ENP013494:영어|JPP013494:일본어|CNP013494:중국어 간체|TCP013494:중국어 번체,5
ENP013766,Primo Bacio Baci,음식,Cuisine > Foreign > Restaurant > Western,49,KOP013766:한국어|ENP013766:영어|JPP013766:일본어|CNP013766:중국어 간체|TCP013766:중국어 번체,5
ENP013319,Cheongsongok,음식,Cuisine > Korean > Restaurants,49,KOP013319:한국어|ENP013319:영어|JPP013319:일본어|CNP013319:중국어 간체|TCP013319:중국어 번체,5
ENP013218,Ca&#039;del Lupo,음식,Cuisine > Foreign > Restaurant > Western,49,KOP013218:한국어|ENP013218:영어|JPP013218:일본어|CNP013218:중국어 간체|TCP013218:중국어 번체,5
ENP013139,Seodaemun Gopchang,음식,Cuisine > Korean > Restaurants,49,KOP013139:한국어|ENP013139:영어|JPP013139:일본어|CNP013139:중국어 간체|TCP013139:중국어 번체,5
ENP013244,Hosu Samgyetang,음식,Cuisine > Korean > Restaurants,49,KOP013244:한국어|ENP013244:영어|JPP013244:일본어|CNP013244:중국어 간체|TCP013244:중국어 번체,5
ENP013223,N Grill,음식,Cuisine > Foreign > Restaurant > Western,49,KOP013223:한국어|ENP013223:영어|JPP013223:일본어|CNP013223:중국어 간체|TCP013223:중국어 번체,5
ENP013234,Nunnamujip,음식,Cuisine > Korean > Restaurants,49,KOP013234:한국어|ENP013234:영어|JPP013234:일본어|CNP013234:중국어 간체|TCP013234:중국어 번체,5
ENP013239,La Stella,음식,Cuisine > Foreign > Restaurant > Western,49,KOP013239:한국어|ENP013239:영어|JPP013239:일본어|CNP013239:중국어 간체|TCP013239:중국어 번체,5
ENP013208,Mokpojip,음식,Cuisine > Korean > Restaurants,49,KOP013208:한국어|ENP013208:영어|JPP013208:일본어|CNP013208:중국어 간체|TCP013208:중국어 번체,5
ENP013078,Myeongnyun Sonkalguksu,음식,Cuisine > Korean > Restaurants,49,KOP013078:한국어|ENP013078:영어|JPP013078:일본어|CNP013078:중국어 간체|TCP013078:중국어 번체,5
ENP013083,Pyeongando Mandujip,음식,Cuisine > Korean > Restaurants,49,KOP013083:한국어|ENP013083:영어|JPP013083:일본어|CNP013083:중국어 간체|TCP013083:중국어 번체,5
ENP013183,Beijingkoya,음식,Cuisine > Foreign > Restaurant > Chinese,49,KOP013183:한국어|ENP013183:영어|JPP013183:일본어|CNP013183:중국어 간체|TCP013183:중국어 번체,5
ENP013003,Hwangu Yanggopchang,음식,Cuisine > Korean > Restaurants,49,KOP013003:한국어|ENP013003:영어|JPP013003:일본어|CNP013003:중국어 간체|TCP013003:중국어 번체,5
ENP013055,Huirak,음식,Cuisine > Korean > Restaurants,49,KOP013055:한국어|ENP013055:영어|JPP013055:일본어|CNP013055:중국어 간체|TCP013055:중국어 번체,5
ENP013324,Taschen,음식,Cuisine > Cafes > & > Tea > Shops,49,KOP013324:한국어|ENP013324:영어|JPP013324:일본어|CNP013324:중국어 간체|TCP013324:중국어 번체,5
ENP013354,Tower Chai,음식,Cuisine > Foreign > Restaurant > Chinese,49,KOP013354:한국어|ENP013354:영어|JPP013354:일본어|CNP013354:중국어 간체|TCP013354:중국어 번체,5
ENP013364,Persian Palace,음식,Cuisine > Foreign > Restaurant > Others,49,KOP013364:한국어|ENP013364:영어|JPP013364:일본어|CNP013364:중국어 간체|TCP013364:중국어 번체|RUP013364:러시아어|MLP013364:말레이어,7
ENP013454,Pyeongandojip,음식,Cuisine > Korean > Restaurants,49,KOP013454:한국어|ENP013454:영어|JPP013454:일본어|CNP013454:중국어 간체|TCP013454:중국어 번체,5
ENP013119,Chungmuro Jjukkumi Bulgogi,음식,Cuisine > Korean > Restaurants,50,KOP013119:한국어|ENP013119:영어|JPP013119:일본어|CNP013119:중국어 간체|TCP013119:중국어 번체,5
ENP013250,Chamasineun Tteul,음식,Cuisine > Cafes > & > Tea > Shops,50,KOP013250:한국어|ENP013250:영어|JPP013250:일본어|CNP013250:중국어 간체|TCP013250:중국어 번체,5
ENP013260,Chamnamu Sutbure Dalgi Mannaneun Sungan,음식,Cuisine > Korean > Restaurants,50,KOP013260:한국어|ENP013260:영어|JPP013260:일본어|CNP013260:중국어 간체|TCP013260:중국어 번체,5
ENP013044,Eunseongjip,음식,Cuisine > Foreign > Restaurant > Western,50,KOP013044:한국어|ENP013044:영어|JPP013044:일본어|CNP013044:중국어 간체|TCP013044:중국어 번체,5
ENP013061,Eunho Sikdang,음식,Cuisine > Korean > Restaurants,50,KOP013061:한국어|ENP013061:영어|JPP013061:일본어|CNP013061:중국어 간체|TCP013061:중국어 번체|RUP013061:러시아어,6
ENP012986,Wasedaya,음식,Cuisine > Foreign > Restaurant > Japanese,50,KOP012986:한국어|ENP012986:영어|JPP012986:일본어|CNP012986:중국어 간체|TCP012986:중국어 번체|RUP012986:러시아어,6
ENP012838,Andongjang,음식,Cuisine > Foreign > Restaurant > Chinese,50,KOP012838:한국어|ENP012838:영어|JPP012838:일본어|CNP012838:중국어 간체|TCP012838:중국어 번체,5
ENP013339,Samho Bokjip,음식,Cuisine > Korean > Restaurants,50,KOP013339:한국어|ENP013339:영어|JPP013339:일본어|CNP013339:중국어 간체|TCP013339:중국어 번체|RUP013339:러시아어,6
ENP013459,Seoncheon,음식,Cuisine > Korean > Restaurants,50,KOP013459:한국어|ENP013459:영어|JPP013459:일본어|CNP013459:중국어 간체|TCP013459:중국어 번체|RUP013459:러시아어,6
ENP013134,Park Ruan,음식,Cuisine > Foreign > Restaurant > Chinese,50,KOP013134:한국어|ENP013134:영어|JPP013134:일본어|CNP013134:중국어 간체|TCP013134:중국어 번체|RUP013134:러시아어,6
ENP013275,Mapo Naru,음식,Cuisine > Korean > Restaurants,50,KOP013275:한국어|ENP013275:영어|JPP013275:일본어|CNP013275:중국어 간체|TCP013275:중국어 번체|RUP013275:러시아어,6
ENP013280,Mangnae Hoe Center,음식,Cuisine > Korean > Restaurants,50,KOP013280:한국어|ENP013280:영어|JPP013280:일본어|CNP013280:중국어 간체|TCP013280:중국어 번체|RUP013280:러시아어,6
ENP013124,Muntaro,음식,Cuisine > Foreign > Restaurant > Japanese,50,KOP013124:한국어|ENP013124:영어|JPP013124:일본어|CNP013124:중국어 간체|TCP013124:중국어 번체|RUP013124:러시아어,6
ENP013129,Gitdaebong Naengmyeon,음식,Cuisine > Korean > Restaurants,50,KOP013129:한국어|ENP013129:영어|JPP013129:일본어|CNP013129:중국어 간체|TCP013129:중국어 번체|RUP013129:러시아어,6
ENP013036,Kkongsi Myeongwan,음식,Cuisine > Foreign > Restaurant > Chinese,50,KOP013036:한국어|ENP013036:영어|JPP013036:일본어|CNP013036:중국어 간체|TCP013036:중국어 번체|RUP013036:러시아어,6
ENP012739,Hyehwa Kalguksu,음식,Cuisine > Korean > Restaurants,50,KOP012739:한국어|ENP012739:영어|JPP012739:일본어|CNP012739:중국어 간체|TCP012739:중국어 번체|RUP012739:러시아어,6
ENP012734,Hangangjip,음식,Cuisine > Korean > Restaurants,50,KOP012734:한국어|ENP012734:영어|JPP012734:일본어|CNP012734:중국어 간체|TCP012734:중국어 번체|RUP012734:러시아어,6
ENP013176,Pyeongnaeok,음식,Cuisine > Korean > Restaurants,50,KOP013176:한국어|ENP013176:영어|JPP013176:일본어|CNP013176:중국어 간체|TCP013176:중국어 번체,5
ENP013389,Pyeongyang Myeonok,음식,Cuisine > Korean > Restaurants,50,KOP013389:한국어|ENP013389:영어|JPP013389:일본어|CNP013389:중국어 간체|TCP013389:중국어 번체,5
ENP013394,Pyeongyangjip,음식,Cuisine > Korean > Restaurants,50,KOP013394:한국어|ENP013394:영어|JPP013394:일본어|CNP013394:중국어 간체|TCP013394:중국어 번체,5
ENP013409,Pildong Myeonok,음식,Cuisine > Korean > Restaurants,51,KOP013409:한국어|ENP013409:영어|JPP013409:일본어|CNP013409:중국어 간체|TCP013409:중국어 번체,5
ENP013161,Afternoon Tea,음식,Cuisine > Cafes > & > Tea > Shops,51,KOP013161:한국어|ENP013161:영어|JPP013161:일본어|CNP013161:중국어 간체|TCP013161:중국어 번체|RUP013161:러시아어,6
ENP013171,Pajuok,음식,Cuisine > Korean > Restaurants,51,KOP013171:한국어|ENP013171:영어|JPP013171:일본어|CNP013171:중국어 간체|TCP013171:중국어 번체,5
ENP013151,Taj,음식,Cuisine > Foreign > Restaurant > Others,51,KOP013151:한국어|ENP013151:영어|JPP013151:일본어|CNP013151:중국어 간체|TCP013151:중국어 번체,5
ENP012909,Canadian Lobster,음식,Cuisine > Foreign > Restaurant > Western,51,KOP012909:한국어|ENP012909:영어|JPP012909:일본어|CNP012909:중국어 간체|TCP012909:중국어 번체|RUP012909:러시아어,6
ENP012884,Cheong,음식,Cuisine > Foreign > Restaurant > Chinese,51,KOP012884:한국어|ENP012884:영어|JPP012884:일본어|CNP012884:중국어 간체|TCP012884:중국어 번체,5
ENP012894,Cheongsujeong,음식,Cuisine > Korean > Restaurants,51,KOP012894:한국어|ENP012894:영어|JPP012894:일본어|CNP012894:중국어 간체|TCP012894:중국어 번체,5
ENP012701,Chakraa,음식,Cuisine > Foreign > Restaurant > Others,51,KOP012701:한국어|ENP012701:영어|JPP012701:일본어|CNP012701:중국어 간체|TCP012701:중국어 번체|RUP012701:러시아어,6
ENP012627,Jineo,음식,Cuisine > Foreign > Restaurant > Japanese,51,KOP012627:한국어|ENP012627:영어|JPP012627:일본어|CNP012627:중국어 간체|TCP012627:중국어 번체,5
ENP012654,Jinju Hoegwan,음식,Cuisine > Korean > Restaurants,51,KOP012654:한국어|ENP012654:영어|JPP012654:일본어|CNP012654:중국어 간체|TCP012654:중국어 번체,5
ENP012460,Soseonjae,음식,Cuisine > Korean > Restaurants,51,KOP012460:한국어|ENP012460:영어|JPP012460:일본어|CNP012460:중국어 간체|TCP012460:중국어 번체,5
ENP012478,Jogeum,음식,Cuisine > Korean > Restaurants,51,KOP012478:한국어|ENP012478:영어|JPP012478:일본어|CNP012478:중국어 간체|TCP012478:중국어 번체,5
ENP012846,[Baeknyeon-gage] Imun Seollongtang,음식,Cuisine > Korean > Restaurants,51,KOP012846:한국어|ENP012846:영어|JPP012846:일본어|CNP012846:중국어 간체|TCP012846:중국어 번체|RUP012846:러시아어,6
ENP012633,Wangseong Sikdang,음식,Cuisine > Korean > Restaurants,51,KOP012633:한국어|ENP012633:영어|JPP012633:일본어|CNP012633:중국어 간체|TCP012633:중국어 번체|RUP012633:러시아어,6
ENP012680,Urimil Guksi,음식,Cuisine > Korean > Restaurants,51,KOP012680:한국어|ENP012680:영어|JPP012680:일본어|CNP012680:중국어 간체|TCP012680:중국어 번체,5
ENP012727,Ujeong Nakji,음식,Cuisine > Korean > Restaurants,51,KOP012727:한국어|ENP012727:영어|JPP012727:일본어|CNP012727:중국어 간체|TCP012727:중국어 번체,5
ENP012488,Ojangdong Hamheung Naengmyeon,음식,Cuisine > Korean > Restaurants,51,KOP012488:한국어|ENP012488:영어|JPP012488:일본어|CNP012488:중국어 간체|TCP012488:중국어 번체,5
ENP012577,Wan Chai,음식,Cuisine > Foreign > Restaurant > Chinese,51,KOP012577:한국어|ENP012577:영어|JPP012577:일본어|CNP012577:중국어 간체|TCP012577:중국어 번체,5
ENP012430,Myeongdong Budae Jjigae,음식,Cuisine > Korean > Restaurants,51,KOP012430:한국어|ENP012430:영어|JPP012430:일본어|CNP012430:중국어 간체|TCP012430:중국어 번체,5
ENP012454,Osuheugdubu,음식,Cuisine > Korean > Restaurants,51,KOP012454:한국어|ENP012454:영어|JPP012454:일본어|CNP012454:중국어 간체|TCP012454:중국어 번체,5
ENP012294,Yeongdeokhoe Sikdang,음식,Cuisine > Korean > Restaurants,52,KOP012294:한국어|ENP012294:영어|JPP012294:일본어|CNP012294:중국어 간체|TCP012294:중국어 번체,5
ENP012335,Yeongnak Golbaengi,음식,Cuisine > Korean > Restaurants,52,KOP012335:한국어|ENP012335:영어|JPP012335:일본어|CNP012335:중국어 간체|TCP012335:중국어 번체,5
ENP012371,Yeongyang Center,음식,Cuisine,52,KOP012371:한국어|ENP012371:영어|JPP012371:일본어|CNP012371:중국어 간체|TCP012371:중국어 번체,5
ENP012404,Yeongchunok,음식,Cuisine > Korean > Restaurants,52,KOP012404:한국어|ENP012404:영어|JPP012404:일본어|CNP012404:중국어 간체|TCP012404:중국어 번체,5
ENP012163,Encore Kalguksu,음식,Cuisine > Korean > Restaurants,52,KOP012163:한국어|ENP012163:영어|JPP012163:일본어|CNP012163:중국어 간체|TCP012163:중국어 번체,5
ENP012030,Songok,음식,Cuisine > Korean > Restaurants,52,KOP012030:한국어|ENP012030:영어|JPP012030:일본어|CNP012030:중국어 간체|TCP012030:중국어 번체,5
ENP012059,Songjuk,음식,Cuisine > Korean > Restaurants,52,KOP012059:한국어|ENP012059:영어|JPP012059:일본어|CNP012059:중국어 간체|TCP012059:중국어 번체,5
ENP012316,Somunnanjip Chueotang,음식,Cuisine > Korean > Restaurants,52,KOP012316:한국어|ENP012316:영어|JPP012316:일본어|CNP012316:중국어 간체|TCP012316:중국어 번체,5
ENP012350,Sokcho Saengtaejip,음식,Cuisine > Korean > Restaurants,52,KOP012350:한국어|ENP012350:영어|JPP012350:일본어|CNP012350:중국어 간체|TCP012350:중국어 번체|RUP012350:러시아어,6
ENP012396,Songbaek Sikdang,음식,Cuisine > Korean > Restaurants,52,KOP012396:한국어|ENP012396:영어|JPP012396:일본어|CNP012396:중국어 간체|TCP012396:중국어 번체,5
ENP012203,Saemban Makguksu,음식,Cuisine > Korean > Restaurants,52,KOP012203:한국어|ENP012203:영어|JPP012203:일본어|CNP012203:중국어 간체|TCP012203:중국어 번체|RUP012203:러시아어,6
ENP012268,Pungyoram,음식,Cuisine > Korean > Restaurants,52,KOP012268:한국어|ENP012268:영어|JPP012268:일본어|CNP012268:중국어 간체|TCP012268:중국어 번체|RUP012268:러시아어,6
ENP012284,Seorin Nakji,음식,Cuisine > Korean > Restaurants,52,KOP012284:한국어|ENP012284:영어|JPP012284:일본어|CNP012284:중국어 간체|TCP012284:중국어 번체,5
ENP012103,Samo Jjukkumi,음식,Cuisine > Korean > Restaurants,52,KOP012103:한국어|ENP012103:영어|JPP012103:일본어|CNP012103:중국어 간체|TCP012103:중국어 번체,5
ENP011936,B-hind,음식,Cuisine > Cafes > & > Tea > Shops,52,KOP011936:한국어|ENP011936:영어|JPP011936:일본어|CNP011936:중국어 간체|TCP011936:중국어 번체,5
ENP011956,Pomodoro,음식,Cuisine > Foreign > Restaurant > Western,52,KOP011956:한국어|ENP011956:영어|JPP011956:일본어|CNP011956:중국어 간체|TCP011956:중국어 번체,5
ENP011974,Sadong Myeonok,음식,Cuisine > Korean > Restaurants,52,KOP011974:한국어|ENP011974:영어|JPP011974:일본어|CNP011974:중국어 간체|TCP011974:중국어 번체,5
ENP012041,Sandong Gyoja,음식,Cuisine > Foreign > Restaurant > Chinese,52,KOP012041:한국어|ENP012041:영어|JPP012041:일본어|CNP012041:중국어 간체|TCP012041:중국어 번체|RUP012041:러시아어,6
ENP011877,Busan Sikdang,음식,Cuisine > Korean > Restaurants,52,KOP011877:한국어|ENP011877:영어|JPP011877:일본어|CNP011877:중국어 간체|TCP011877:중국어 번체,5
ENP011912,Bulia,음식,Cuisine > Foreign > Restaurant > Chinese,52,KOP011912:한국어|ENP011912:영어|JPP011912:일본어|CNP011912:중국어 간체|TCP011912:중국어 번체,5
ENP011853,Busan Galmaegi,음식,Cuisine > Korean > Restaurants,53,KOP011853:한국어|ENP011853:영어|JPP011853:일본어|CNP011853:중국어 간체|TCP011853:중국어 번체,5
ENP011802,Bogeonok,음식,Cuisine > Korean > Restaurants,53,KOP011802:한국어|ENP011802:영어|JPP011802:일본어|CNP011802:중국어 간체|TCP011802:중국어 번체,5
ENP010868,Mijin,음식,Cuisine > Korean > Restaurants,53,KOP010868:한국어|ENP010868:영어|JPP010868:일본어|CNP010868:중국어 간체|TCP010868:중국어 번체,5
ENP010848,Mugyo-dong Bugeo-guk,음식,Cuisine > Korean > Restaurants,53,KOP010848:한국어|ENP010848:영어|JPP010848:일본어|CNP010848:중국어 간체|TCP010848:중국어 번체,5
ENP010828,Mangnae Hoetjip,음식,Cuisine > Korean > Restaurants,53,KOP010828:한국어|ENP010828:영어|JPP010828:일본어|CNP010828:중국어 간체|TCP010828:중국어 번체,5
ENP010843,Myeongdong Tonkatsu,음식,Cuisine > Korean > Restaurants,53,KOP010843:한국어|ENP010843:영어|JPP010843:일본어|CNP010843:중국어 간체|TCP010843:중국어 번체,5
ENP010813,Little Saigon,음식,Cuisine > Foreign > Restaurant > Others,53,KOP010813:한국어|ENP010813:영어|JPP010813:일본어|CNP010813:중국어 간체|TCP010813:중국어 번체,5
ENP010803,Lamb House,음식,Cuisine > Foreign > Restaurant > Others,53,KOP010803:한국어|ENP010803:영어|JPP010803:일본어|CNP010803:중국어 간체|TCP010803:중국어 번체,5
ENP010793,La Callas,음식,Cuisine > Foreign > Restaurant > Western,53,KOP010793:한국어|ENP010793:영어|JPP010793:일본어|CNP010793:중국어 간체|TCP010793:중국어 번체,5
ENP010798,La Cucina,음식,Cuisine > Foreign > Restaurant > Western,53,KOP010798:한국어|ENP010798:영어|JPP010798:일본어|CNP010798:중국어 간체|TCP010798:중국어 번체,5
ENP010778,Doenjang Yesul Toenmaru,음식,Cuisine > Korean > Restaurants,53,KOP010778:한국어|ENP010778:영어|JPP010778:일본어|CNP010778:중국어 간체|TCP010778:중국어 번체,5
ENP010754,The Restaurant,음식,Cuisine > Foreign > Restaurant > Western,53,KOP010754:한국어|ENP010754:영어|JPP010754:일본어|CNP010754:중국어 간체|TCP010754:중국어 번체,5
ENP010764,Ton Kiang,음식,Cuisine > Foreign > Restaurant > Chinese,53,KOP010764:한국어|ENP010764:영어|JPP010764:일본어|CNP010764:중국어 간체|TCP010764:중국어 번체,5
ENP010728,Namaste,음식,Cuisine > Foreign > Restaurant > Others,53,KOP010728:한국어|ENP010728:영어|JPP010728:일본어|CNP010728:중국어 간체|TCP010728:중국어 번체,5
ENP010733,Nammaejip,음식,Cuisine > Korean > Restaurants,53,KOP010733:한국어|ENP010733:영어|JPP010733:일본어|CNP010733:중국어 간체|TCP010733:중국어 번체,5
ENP011538,Coffee Chingu,음식,Cuisine > Cafes > & > Tea > Shops,53,KOP011538:한국어|ENP011538:영어|JPP011538:일본어|CNP011538:중국어 간체|TCP011538:중국어 번체,5
ENP011062,Guksijip,음식,Cuisine > Korean > Restaurants,53,KOP011062:한국어|ENP011062:영어|JPP011062:일본어|CNP011062:중국어 간체|TCP011062:중국어 번체,5
ENP011093,Gukhwa Jeongwon,음식,Cuisine > Korean > Restaurants,53,KOP011093:한국어|ENP011093:영어|JPP011093:일본어|CNP011093:중국어 간체|TCP011093:중국어 번체,5
ENP011155,Gung,음식,Cuisine > Korean > Restaurants,53,KOP011155:한국어|ENP011155:영어|JPP011155:일본어|CNP011155:중국어 간체|TCP011155:중국어 번체,5
ENP010933,Gwanghwamun Jip,음식,Cuisine,53,KOP010933:한국어|ENP010933:영어|JPP010933:일본어|CNP010933:중국어 간체|TCP010933:중국어 번체,5
ENP010893,Gobau,음식,Cuisine > Korean > Restaurants,54,KOP010893:한국어|ENP010893:영어|JPP010893:일본어|CNP010893:중국어 간체|TCP010893:중국어 번체,5
ENP010694,Gaenmaeul,음식,Cuisine > Korean > Restaurants,54,KOP010694:한국어|ENP010694:영어|JPP010694:일본어|CNP010694:중국어 간체|TCP010694:중국어 번체,5
ENP010878,Gyeongin Misulgwan Jeontong Dawon,음식,Cuisine > Cafes > & > Tea > Shops,54,KOP010878:한국어|ENP010878:영어|JPP010878:일본어|CNP010878:중국어 간체|TCP010878:중국어 번체,5
ENP010577,Buddha&#039;s Belly,음식,Cuisine > Foreign > Restaurant > Others,54,KOP010577:한국어|ENP010577:영어|JPP010577:일본어|CNP010577:중국어 간체|TCP010577:중국어 번체,5
ENP010608,Gami Bunsik,음식,Cuisine > Korean > Restaurants,54,KOP010608:한국어|ENP010608:영어|JPP010608:일본어|CNP010608:중국어 간체|TCP010608:중국어 번체,5
ENP007850,Jinsadaek,음식,Cuisine > Korean > Restaurants,54,KOP007850:한국어|ENP007850:영어|JPP007850:일본어|CNP007850:중국어 간체|TCP007850:중국어 번체,5
ENP009490,Arirang,음식,Cuisine > Korean > Restaurants,54,KOP009490:한국어|ENP009490:영어|JPP009490:일본어|CNP009490:중국어 간체|TCP009490:중국어 번체,5
ENP007430,Hanaro Hwaegwan,음식,Cuisine > Korean > Restaurants,54,KOP007430:한국어|ENP007430:영어|JPP007430:일본어|CNP007430:중국어 간체|TCP007430:중국어 번체,5
ENP007290,Samcheonggak,음식,Cuisine > Korean > Restaurants,54,KOP007290:한국어|ENP007290:영어|JPP007290:일본어|CNP007290:중국어 간체|TCP007290:중국어 번체|RUP007290:러시아어,6
ENP007221,Galbi Myeongga Yisang (Gireum Branch),음식,Cuisine > Korean > Restaurants,54,KOP007221:한국어|ENP007221:영어|JPP007221:일본어|CNP007221:중국어 간체|TCP007221:중국어 번체,5
ENP007190,Cham Seolnongtang,음식,Cuisine > Korean > Restaurants,54,KOP007190:한국어|ENP007190:영어|JPP007190:일본어|CNP007190:중국어 간체|TCP007190:중국어 번체,5
ENP007196,Bonga Pyongyang Myeonok,음식,Cuisine > Korean > Restaurants,54,KOP007196:한국어|ENP007196:영어|JPP007196:일본어|CNP007196:중국어 간체|TCP007196:중국어 번체|RUP007196:러시아어,6
ENP007211,Wangga,음식,Cuisine > Korean > Restaurants,54,KOP007211:한국어|ENP007211:영어|JPP007211:일본어|CNP007211:중국어 간체|TCP007211:중국어 번체,5
ENP007145,Duremidam (Seoul National University Branch),음식,Cuisine > Korean > Restaurants,54,KOP007145:한국어|ENP007145:영어|JPP007145:일본어|CNP007145:중국어 간체|TCP007145:중국어 번체,5
ENP007165,Seoseokdae,음식,Cuisine > Korean > Restaurants,54,KOP007165:한국어|ENP007165:영어|JPP007165:일본어|CNP007165:중국어 간체|TCP007165:중국어 번체,5
ENP007175,Omiga (Yangjae Branch),음식,Cuisine > Korean > Restaurants,54,KOP007175:한국어|ENP007175:영어|JPP007175:일본어|CNP007175:중국어 간체|TCP007175:중국어 번체,5
ENP007180,Subin Tteokgalbi,음식,Cuisine > Korean > Restaurants,54,KOP007180:한국어|ENP007180:영어|JPP007180:일본어|CNP007180:중국어 간체|TCP007180:중국어 번체,5
ENP007130,geukrakdon,음식,Cuisine > Korean > Restaurants,54,KOP007130:한국어|ENP007130:영어|JPP007130:일본어|CNP007130:중국어 간체|TCP007130:중국어 번체,5
ENP007461,Donsoobaek,음식,Cuisine > Korean > Restaurants,54,KOP007461:한국어|ENP007461:영어|JPP007461:일본어|CNP007461:중국어 간체|TCP007461:중국어 번체,5
ENP007160,Mapo-ok,음식,Cuisine > Korean > Restaurants,54,KOP007160:한국어|ENP007160:영어|JPP007160:일본어|CNP007160:중국어 간체|TCP007160:중국어 번체,5
ENP007170,[Baeknyeon-gage] Yukjeon Hoegwan,음식,Cuisine > Korean > Restaurants,55,KOP007170:한국어|ENP007170:영어|JPP007170:일본어|CNP007170:중국어 간체|TCP007170:중국어 번체|RUP007170:러시아어,6
ENP007059,Gomone Restaurant,음식,Cuisine > Korean > Restaurants,55,KOP007059:한국어|ENP007059:영어|JPP007059:일본어|CNP007059:중국어 간체|TCP007059:중국어 번체,5
ENP007069,Gwangjang-dongGaon,음식,Cuisine > Korean > Restaurants,55,KOP007069:한국어|ENP007069:영어|JPP007069:일본어|CNP007069:중국어 간체|TCP007069:중국어 번체,5
ENP007088,Burimjeong Sutbulgalbi,음식,Cuisine > Korean > Restaurants,55,KOP007088:한국어|ENP007088:영어|JPP007088:일본어|CNP007088:중국어 간체|TCP007088:중국어 번체,5
ENP006113,Lanna Thai,음식,Cuisine > Foreign > Restaurant > Others,55,KOP006113:한국어|ENP006113:영어|JPP006113:일본어|CNP006113:중국어 간체|TCP006113:중국어 번체,5
ENP006277,HANS,음식,Cuisine > Cafes > & > Tea > Shops,55,KOP006277:한국어|ENP006277:영어|JPP006277:일본어|CNP006277:중국어 간체|TCP006277:중국어 번체|RUP006277:러시아어,6
ENP006917,Pyeonggaok(Yangjae Branch),음식,Cuisine > Korean > Restaurants,55,KOP006917:한국어|ENP006917:영어|JPP006917:일본어|CNP006917:중국어 간체|TCP006917:중국어 번체,5
ENP006072,Munhwaok,음식,Cuisine > Korean > Restaurants,55,KOP006072:한국어|ENP006072:영어|JPP006072:일본어|CNP006072:중국어 간체|TCP006072:중국어 번체,5
ENP006151,Baekje Samgyetang,음식,Cuisine > Korean > Restaurants,55,KOP006151:한국어|ENP006151:영어|JPP006151:일본어|CNP006151:중국어 간체|TCP006151:중국어 번체,5
ENP007306,Geumgang Barbecue Chicken,음식,Cuisine > Korean > Restaurants,55,KOP007306:한국어|ENP007306:영어|JPP007306:일본어|CNP007306:중국어 간체|TCP007306:중국어 번체,5
ENP006785,Gilson,음식,Cuisine > Bars > & > Clubs,55,KOP006785:한국어|ENP006785:영어|JPP006785:일본어|CNP006785:중국어 간체|TCP006785:중국어 번체,5
ENP007029,Florian,음식,Cuisine > Cafes > & > Tea > Shops,55,KOP007029:한국어|ENP007029:영어|JPP007029:일본어|CNP007029:중국어 간체|TCP007029:중국어 번체|RUP007029:러시아어,6
ENP006818,Sabal,음식,Cuisine > Korean > Restaurants,55,KOP006818:한국어|ENP006818:영어|JPP006818:일본어|CNP006818:중국어 간체|TCP006818:중국어 번체|RUP006818:러시아어,6
ENP004309,Dongbuk Hwagwawang,음식,Cuisine > Foreign > Restaurant > Chinese,55,KOP004309:한국어|ENP004309:영어|JPP004309:일본어|CNP004309:중국어 간체|TCP004309:중국어 번체,5
ENP006853,Cheombeong Agujjim,음식,Cuisine > Korean > Restaurants,55,KOP006853:한국어|ENP006853:영어|JPP006853:일본어|CNP006853:중국어 간체|TCP006853:중국어 번체,5
ENP006392,Yeouido Yangjitang,음식,Cuisine > Korean > Restaurants,55,KOP006392:한국어|ENP006392:영어|CNP006392:중국어 간체|TCP006392:중국어 번체,4
ENP006341,Hanujib Wi,음식,Cuisine > Korean > Restaurants,55,KOP006341:한국어|ENP006341:영어|JPP006341:일본어|CNP006341:중국어 간체|TCP006341:중국어 번체,5
ENP007244,Marimo,음식,Cuisine > Foreign > Restaurant > Japanese,55,KOP007244:한국어|ENP007244:영어|JPP007244:일본어|CNP007244:중국어 간체|TCP007244:중국어 번체,5
ENP006678,Artise,음식,Cuisine > Cafes > & > Tea > Shops,55,KOP006678:한국어|ENP006678:영어|JPP006678:일본어|CNP006678:중국어 간체|TCP006678:중국어 번체,5
ENP007436,Bulia (Gangnam branch),음식,Cuisine > Foreign > Restaurant > Chinese,55,KOP007436:한국어|ENP007436:영어|JPP007436:일본어|CNP007436:중국어 간체|TCP007436:중국어 번체,5
ENP004836,Mano di Chef,음식,Cuisine > Foreign > Restaurant > Western,56,KOP004836:한국어|ENP004836:영어|JPP004836:일본어|CNP004836:중국어 간체|TCP004836:중국어 번체,5
ENP005970,Hanchu,음식,Cuisine > Korean > Restaurants,56,KOP005970:한국어|ENP005970:영어|JPP005970:일본어|CNP005970:중국어 간체|TCP005970:중국어 번체,5
ENP006661,Paul &amp; Paulina,음식,Cuisine > Cafes > & > Tea > Shops,56,KOP006661:한국어|ENP006661:영어|JPP006661:일본어|CNP006661:중국어 간체|TCP006661:중국어 번체|RUP006661:러시아어,6
ENP006289,Heukdonga,음식,Cuisine > Korean > Restaurants,56,KOP006289:한국어|ENP006289:영어|JPP006289:일본어|CNP006289:중국어 간체|TCP006289:중국어 번체,5
ENP004966,Vitamin Cafe&amp;Pub,음식,Cuisine > Bars > & > Clubs,56,KOP004966:한국어|ENP004966:영어|JPP004966:일본어|CNP004966:중국어 간체|TCP004966:중국어 번체|RUP004966:러시아어,6
ENP006859,Standing Coffee,음식,Cuisine > Cafes > & > Tea > Shops,56,KOP006859:한국어|ENP006859:영어|JPP006859:일본어|CNP006859:중국어 간체|TCP006859:중국어 번체,5
ENP006520,Jangsarang,음식,Cuisine > Korean > Restaurants,56,KOP006520:한국어|ENP006520:영어|JPP006520:일본어|CNP006520:중국어 간체|TCP006520:중국어 번체,5
ENP006582,Maple Tree House Itaewon Branch,음식,Cuisine > Korean > Restaurants,56,KOP006582:한국어|ENP006582:영어|JPP006582:일본어|CNP006582:중국어 간체|TCP006582:중국어 번체,5
ENP004447,Gangnam Gyoja,음식,Cuisine > Korean > Restaurants,56,KOP004447:한국어|ENP004447:영어|JPP004447:일본어|CNP004447:중국어 간체|TCP004447:중국어 번체,5
ENP006262,Jeonju Seolleongtang,음식,Cuisine > Korean > Restaurants,56,KOP006262:한국어|ENP006262:영어|JPP006262:일본어|CNP006262:중국어 간체|TCP006262:중국어 번체|RUP006262:러시아어,6
ENP006987,Hwangsojip,음식,Cuisine > Korean > Restaurants,56,KOP006987:한국어|ENP006987:영어|JPP006987:일본어|CNP006987:중국어 간체|TCP006987:중국어 번체,5
ENP006746,Tumbler Beer,음식,Cuisine > Bars > & > Clubs,56,KOP006746:한국어|ENP006746:영어|JPP006746:일본어|CNP006746:중국어 간체|TCP006746:중국어 번체|RUP006746:러시아어,6
ENP006205,Mazue Ramen,음식,Cuisine > Foreign > Restaurant > Japanese,56,KOP006205:한국어|ENP006205:영어|JPP006205:일본어|CNP006205:중국어 간체|TCP006205:중국어 번체,5
ENP006334,Home Sukki,음식,Cuisine > Foreign > Restaurant > Others,56,KOP006334:한국어|ENP006334:영어|JPP006334:일본어|CNP006334:중국어 간체|TCP006334:중국어 번체,5
ENP007280,Gami Udon,음식,Cuisine > Foreign > Restaurant > Japanese,56,KOP007280:한국어|ENP007280:영어|JPP007280:일본어|CNP007280:중국어 간체|TCP007280:중국어 번체,5
ENP006806,Gamchon,음식,Cuisine > Korean > Restaurants,56,KOP006806:한국어|ENP006806:영어|JPP006806:일본어|CNP006806:중국어 간체|TCP006806:중국어 번체,5
ENP006843,Daeryeonjip,음식,Cuisine > Korean > Restaurants,56,KOP006843:한국어|ENP006843:영어|JPP006843:일본어|CNP006843:중국어 간체|TCP006843:중국어 번체,5
ENP006848,Myeonghwadang,음식,Cuisine > Korean > Restaurants,56,KOP006848:한국어|ENP006848:영어|JPP006848:일본어|CNP006848:중국어 간체|TCP006848:중국어 번체,5
ENP007019,Neulpureun Mokjang,음식,Cuisine > Korean > Restaurants,56,KOP007019:한국어|ENP007019:영어|JPP007019:일본어|CNP007019:중국어 간체|TCP007019:중국어 번체,5
ENP006294,Nariuijip,음식,Cuisine > Korean > Restaurants,56,KOP006294:한국어|ENP006294:영어|JPP006294:일본어|CNP006294:중국어 간체|TCP006294:중국어 번체,5
ENP006299,Manbal,음식,Cuisine > Korean > Restaurants,57,KOP006299:한국어|ENP006299:영어|JPP006299:일본어|CNP006299:중국어 간체|TCP006299:중국어 번체,5
ENP006304,Sinanchon,음식,Cuisine > Korean > Restaurants,57,KOP006304:한국어|ENP006304:영어|JPP006304:일본어|CNP006304:중국어 간체|TCP006304:중국어 번체,5
ENP006236,Sandeulhae,음식,Cuisine > Korean > Restaurants,57,KOP006236:한국어|ENP006236:영어|JPP006236:일본어|CNP006236:중국어 간체|TCP006236:중국어 번체,5
ENP006381,Mami Cheonggukjang,음식,Cuisine > Korean > Restaurants,57,KOP006381:한국어|ENP006381:영어|JPP006381:일본어|CNP006381:중국어 간체|TCP006381:중국어 번체,5
ENP006134,Garam Guksi,음식,Cuisine > Korean > Restaurants,57,KOP006134:한국어|ENP006134:영어|JPP006134:일본어|CNP006134:중국어 간체|TCP006134:중국어 번체,5
ENP004069,Sicily,음식,Cuisine > Cafes > & > Tea > Shops,57,KOP004069:한국어|ENP004069:영어|JPP004069:일본어|CNP004069:중국어 간체|TCP004069:중국어 번체|RUP004069:러시아어,6
ENP006026,Serim,음식,Cuisine > Korean > Restaurants,57,KOP006026:한국어|ENP006026:영어|JPP006026:일본어|CNP006026:중국어 간체|TCP006026:중국어 번체,5
ENP006613,Napoleon Bakery,음식,Cuisine > Cafes > & > Tea > Shops,57,KOP006613:한국어|ENP006613:영어|JPP006613:일본어|CNP006613:중국어 간체|TCP006613:중국어 번체,5
ENP006775,Jubilee Chocolatier,음식,Cuisine > Cafes > & > Tea > Shops,57,KOP006775:한국어|ENP006775:영어|JPP006775:일본어|CNP006775:중국어 간체|TCP006775:중국어 번체,5
ENP006407,Hampyeong Myeonok,음식,Cuisine > Korean > Restaurants,57,KOP006407:한국어|ENP006407:영어|JPP006407:일본어|CNP006407:중국어 간체|TCP006407:중국어 번체,5
ENP006455,Cheolcheol Bokjip,음식,Cuisine > Korean > Restaurants,57,KOP006455:한국어|ENP006455:영어|JPP006455:일본어|CNP006455:중국어 간체|TCP006455:중국어 번체,5
ENP004978,Mongno,음식,Cuisine > Korean > Restaurants,57,KOP004978:한국어|ENP004978:영어|JPP004978:일본어|CNP004978:중국어 간체|TCP004978:중국어 번체,5
ENP006215,Jinachun,음식,Cuisine > Foreign > Restaurant > Chinese,57,KOP006215:한국어|ENP006215:영어|JPP006215:일본어|CNP006215:중국어 간체|TCP006215:중국어 번체,5
ENP006284,Dongpyo Golbaengi,음식,Cuisine,57,KOP006284:한국어|ENP006284:영어|JPP006284:일본어|CNP006284:중국어 간체|TCP006284:중국어 번체|RUP006284:러시아어,6
ENP006118,Hwangtae Bonga,음식,Cuisine > Korean > Restaurants,57,KOP006118:한국어|ENP006118:영어|JPP006118:일본어|CNP006118:중국어 간체|TCP006118:중국어 번체,5
ENP006157,Changgo 43,음식,Cuisine > Korean > Restaurants,57,KOP006157:한국어|ENP006157:영어|JPP006157:일본어|CNP006157:중국어 간체|TCP006157:중국어 번체,5
ENP006182,Tenkai,음식,Cuisine > Foreign > Restaurant > Japanese,57,KOP006182:한국어|ENP006182:영어|JPP006182:일본어|CNP006182:중국어 간체|TCP006182:중국어 번체,5
ENP005983,Xingkai,음식,Cuisine > Foreign > Restaurant > Chinese,57,KOP005983:한국어|ENP005983:영어|JPP005983:일본어|CNP005983:중국어 간체|TCP005983:중국어 번체,5
ENP006438,Naegohyang Sikdang,음식,Cuisine > Korean > Restaurants,57,KOP006438:한국어|ENP006438:영어|JPP006438:일본어|CNP006438:중국어 간체|TCP006438:중국어 번체,5
ENP006473,Deutsch House,음식,Cuisine > Foreign > Restaurant > Western,57,KOP006473:한국어|ENP006473:영어|JPP006473:일본어|CNP006473:중국어 간체|TCP006473:중국어 번체,5
ENP006509,Donga Naengmyeon,음식,Cuisine > Korean > Restaurants,58,KOP006509:한국어|ENP006509:영어|JPP006509:일본어|CNP006509:중국어 간체|TCP006509:중국어 번체,5
ENP006587,Dugahun,음식,Cuisine > Foreign > Restaurant > Western,58,KOP006587:한국어|ENP006587:영어|JPP006587:일본어|CNP006587:중국어 간체|TCP006587:중국어 번체,5
ENP006397,Gaehwa,음식,Cuisine > Foreign > Restaurant > Chinese,58,KOP006397:한국어|ENP006397:영어|JPP006397:일본어|CNP006397:중국어 간체|TCP006397:중국어 번체,5
ENP006052,Chungmu Gimbap,음식,Cuisine > Korean > Restaurants,58,KOP006052:한국어|ENP006052:영어|JPP006052:일본어|CNP006052:중국어 간체|TCP006052:중국어 번체,5
ENP006102,Chungmu Sanghoe,음식,Cuisine > Korean > Restaurants,58,KOP006102:한국어|ENP006102:영어|JPP006102:일본어|CNP006102:중국어 간체|TCP006102:중국어 번체,5
ENP006891,Walking On The Cloud,음식,Cuisine > Foreign > Restaurant > Western,58,KOP006891:한국어|ENP006891:영어|JPP006891:일본어|CNP006891:중국어 간체|TCP006891:중국어 번체,5
ENP006790,Yeolhae,음식,Cuisine > Foreign > Restaurant > Japanese,58,KOP006790:한국어|ENP006790:영어|JPP006790:일본어|CNP006790:중국어 간체|TCP006790:중국어 번체,5
ENP006357,Seongbukdong Nurungji Baeksuk,음식,Cuisine > Korean > Restaurants,58,KOP006357:한국어|ENP006357:영어|JPP006357:일본어|CNP006357:중국어 간체|TCP006357:중국어 번체,5
ENP006386,Seongbukdong Dwaejigalbijip,음식,Cuisine > Korean > Restaurants,58,KOP006386:한국어|ENP006386:영어|JPP006386:일본어|CNP006386:중국어 간체|TCP006386:중국어 번체,5
ENP006425,Songajeossi Bindaetteok,음식,Cuisine > Korean > Restaurants,58,KOP006425:한국어|ENP006425:영어|JPP006425:일본어|CNP006425:중국어 간체,4
ENP006539,Akasaka,음식,Cuisine > Foreign > Restaurant > Japanese,58,KOP006539:한국어|ENP006539:영어|JPP006539:일본어|CNP006539:중국어 간체|TCP006539:중국어 번체,5
ENP006210,Busan Bokjip,음식,Cuisine > Korean > Restaurants,58,KOP006210:한국어|ENP006210:영어|JPP006210:일본어|CNP006210:중국어 간체|TCP006210:중국어 번체,5
ENP006241,Biyangdo,음식,Cuisine > Foreign > Restaurant > Japanese,58,KOP006241:한국어|ENP006241:영어|JPP006241:일본어|CNP006241:중국어 간체|TCP006241:중국어 번체,5
ENP006324,Seogeulleongtang,음식,Cuisine > Korean > Restaurants,58,KOP006324:한국어|ENP006324:영어|JPP006324:일본어|CNP006324:중국어 간체|TCP006324:중국어 번체,5
ENP006042,Moodeungsan,음식,Cuisine > Korean > Restaurants,58,KOP006042:한국어|ENP006042:영어|JPP006042:일본어|CNP006042:중국어 간체|TCP006042:중국어 번체,5
ENP006096,Bada Sikdang,음식,Cuisine > Korean > Restaurants,58,KOP006096:한국어|ENP006096:영어|JPP006096:일본어|CNP006096:중국어 간체|TCP006096:중국어 번체,5
ENP004169,Tour du Vin,음식,Cuisine > Bars > & > Clubs,58,KOP004169:한국어|ENP004169:영어|JPP004169:일본어|CNP004169:중국어 간체|TCP004169:중국어 번체,5
ENP006014,Ribuk Sonmandu,음식,Cuisine > Korean > Restaurants,58,KOP006014:한국어|ENP006014:영어|JPP006014:일본어|CNP006014:중국어 간체|TCP006014:중국어 번체,5
ENP004934,Geumseong Steak,음식,Cuisine > Korean > Restaurants,58,KOP004934:한국어|ENP004934:영어|JPP004934:일본어|CNP004934:중국어 간체|TCP004934:중국어 번체,5
ENP003416,Jindong Hoetjip,음식,Cuisine > Korean > Restaurants,58,KOP003416:한국어|ENP003416:영어|JPP003416:일본어|CNP003416:중국어 간체|TCP003416:중국어 번체,5
ENP003563,Alladinui Yanggogi,음식,Cuisine > Foreign > Restaurant > Others,59,KOP003563:한국어|ENP003563:영어|JPP003563:일본어|CNP003563:중국어 간체|TCP003563:중국어 번체|RUP003563:러시아어|MLP003563:말레이어,7
ENP003766,Winenara,음식,Cuisine,59,KOP003766:한국어|ENP003766:영어|JPP003766:일본어|CNP003766:중국어 간체|TCP003766:중국어 번체|RUP003766:러시아어,6
ENP003865,Macha Hoejip,음식,Cuisine > Korean > Restaurants,59,KOP003865:한국어|ENP003865:영어|JPP003865:일본어|CNP003865:중국어 간체|TCP003865:중국어 번체,5
ENP004053,Western China,음식,Cuisine > Foreign > Restaurant > Chinese,59,KOP004053:한국어|ENP004053:영어|JPP004053:일본어|CNP004053:중국어 간체|TCP004053:중국어 번체,5
ENP005069,Samseong Wonjo Yanggopchang,음식,Cuisine > Korean > Restaurants,59,KOP005069:한국어|ENP005069:영어|JPP005069:일본어|CNP005069:중국어 간체|TCP005069:중국어 번체|RUP005069:러시아어,6
ENP005115,Gran Gusto,음식,Cuisine > Foreign > Restaurant > Western,59,KOP005115:한국어|ENP005115:영어|JPP005115:일본어|CNP005115:중국어 간체|TCP005115:중국어 번체|RUP005115:러시아어,6
ENP005560,Cake House Wien,음식,Cuisine > Cafes > & > Tea > Shops,59,KOP005560:한국어|ENP005560:영어|JPP005560:일본어|CNP005560:중국어 간체|TCP005560:중국어 번체,5
ENP002686,Miel,음식,Cuisine > Foreign > Restaurant > Western,59,KOP002686:한국어|ENP002686:영어|JPP002686:일본어|CNP002686:중국어 간체|TCP002686:중국어 번체,5
ENP003272,Gayang Kalguksu Beoseonmaeuntang,음식,Cuisine > Korean > Restaurants,59,KOP003272:한국어|ENP003272:영어|JPP003272:일본어|CNP003272:중국어 간체|TCP003272:중국어 번체,5
ENP003537,Mamma KiKi,음식,Cuisine > Bars > & > Clubs,59,KOP003537:한국어|ENP003537:영어|JPP003537:일본어|CNP003537:중국어 간체|TCP003537:중국어 번체,5
ENP003578,Eoyang,음식,Cuisine > Foreign > Restaurant > Chinese,59,KOP003578:한국어|ENP003578:영어|JPP003578:일본어|CNP003578:중국어 간체|TCP003578:중국어 번체,5
ENP004710,Gohyangjip,음식,Cuisine > Korean > Restaurants,59,KOP004710:한국어|ENP004710:영어|JPP004710:일본어|CNP004710:중국어 간체|TCP004710:중국어 번체,5
ENP004858,Gulbi Maeul,음식,Cuisine > Korean > Restaurants,59,KOP004858:한국어|ENP004858:영어|JPP004858:일본어|CNP004858:중국어 간체|TCP004858:중국어 번체,5
ENP005470,Papaho,음식,Cuisine > Foreign > Restaurant > Others,59,KOP005470:한국어|ENP005470:영어|JPP005470:일본어|CNP005470:중국어 간체|TCP005470:중국어 번체|RUP005470:러시아어,6
ENP003367,Sujeong,음식,Cuisine > Korean > Restaurants,59,KOP003367:한국어|ENP003367:영어|JPP003367:일본어|CNP003367:중국어 간체|TCP003367:중국어 번체|RUP003367:러시아어,6
ENP003542,Miumiu,음식,Cuisine > Korean > Restaurants,59,KOP003542:한국어|ENP003542:영어|JPP003542:일본어|CNP003542:중국어 간체|TCP003542:중국어 번체,5
ENP004813,Potala,음식,Cuisine > Foreign > Restaurant > Others,59,KOP004813:한국어|ENP004813:영어|JPP004813:일본어|CNP004813:중국어 간체|TCP004813:중국어 번체|MLP004813:말레이어,6
ENP004897,Grand Ciel,음식,Cuisine > Foreign > Restaurant > Western,59,KOP004897:한국어|ENP004897:영어|JPP004897:일본어|CNP004897:중국어 간체|TCP004897:중국어 번체,5
ENP005292,Kkotji,음식,Cuisine > Korean > Restaurants,59,KOP005292:한국어|ENP005292:영어|JPP005292:일본어|CNP005292:중국어 간체|TCP005292:중국어 번체,5
ENP003003,Gaehwaok,음식,Cuisine > Korean > Restaurants,59,KOP003003:한국어|ENP003003:영어|JPP003003:일본어|CNP003003:중국어 간체|TCP003003:중국어 번체,5
ENP003481,Huijeong Sikdang,음식,Cuisine > Korean > Restaurants,60,KOP003481:한국어|ENP003481:영어|JPP003481:일본어|CNP003481:중국어 간체|TCP003481:중국어 번체|RUP003481:러시아어,6
ENP003803,Obaltan,음식,Cuisine > Korean > Restaurants,60,KOP003803:한국어|ENP003803:영어|JPP003803:일본어|CNP003803:중국어 간체|TCP003803:중국어 번체,5
ENP004018,Hakoya,음식,Cuisine > Foreign > Restaurant > Japanese,60,KOP004018:한국어|ENP004018:영어|JPP004018:일본어|CNP004018:중국어 간체|TCP004018:중국어 번체|RUP004018:러시아어,6
ENP005182,Mi Piace,음식,Cuisine > Foreign > Restaurant > Western,60,KOP005182:한국어|ENP005182:영어|JPP005182:일본어|CNP005182:중국어 간체|TCP005182:중국어 번체|RUP005182:러시아어,6
ENP002592,Hachiho,음식,Cuisine > Foreign > Restaurant > Japanese,60,KOP002592:한국어|ENP002592:영어|JPP002592:일본어|CNP002592:중국어 간체|TCP002592:중국어 번체,5
ENP003072,Spain Club,음식,Cuisine > Foreign > Restaurant > Western,60,KOP003072:한국어|ENP003072:영어|JPP003072:일본어|CNP003072:중국어 간체|TCP003072:중국어 번체|RUP003072:러시아어,6
ENP003422,Neobijip,음식,Cuisine > Korean > Restaurants,60,KOP003422:한국어|ENP003422:영어|JPP003422:일본어|CNP003422:중국어 간체|TCP003422:중국어 번체|RUP003422:러시아어,6
ENP003439,Sodo,음식,Cuisine > Foreign > Restaurant > Japanese,60,KOP003439:한국어|ENP003439:영어|JPP003439:일본어|CNP003439:중국어 간체|TCP003439:중국어 번체|RUP003439:러시아어,6
ENP003748,Bongsanjip,음식,Cuisine > Korean > Restaurants,60,KOP003748:한국어|ENP003748:영어|JPP003748:일본어|CNP003748:중국어 간체|TCP003748:중국어 번체|RUP003748:러시아어,6
ENP003780,Nodeulgang,음식,Cuisine > Korean > Restaurants,60,KOP003780:한국어|ENP003780:영어|JPP003780:일본어|CNP003780:중국어 간체|TCP003780:중국어 번체,5
ENP004486,Michiru Sushi,음식,Cuisine > Foreign > Restaurant > Japanese,60,KOP004486:한국어|ENP004486:영어|JPP004486:일본어|CNP004486:중국어 간체|TCP004486:중국어 번체,5
ENP004547,Cheongiljip,음식,Cuisine > Korean > Restaurants,60,KOP004547:한국어|ENP004547:영어|JPP004547:일본어|CNP004547:중국어 간체|TCP004547:중국어 번체|RUP004547:러시아어,6
ENP004585,Seogung,음식,Cuisine > Foreign > Restaurant > Chinese,60,KOP004585:한국어|ENP004585:영어|JPP004585:일본어|CNP004585:중국어 간체|RUP004585:러시아어,5
ENP004828,Goo STK 528,음식,Cuisine > Foreign > Restaurant > Western,60,KOP004828:한국어|ENP004828:영어|JPP004828:일본어|CNP004828:중국어 간체|TCP004828:중국어 번체|RUP004828:러시아어,6
ENP004984,Yeongdong Seolleongtang,음식,Cuisine > Korean > Restaurants,60,KOP004984:한국어|ENP004984:영어|JPP004984:일본어|CNP004984:중국어 간체|TCP004984:중국어 번체,5
ENP005341,Jeonju Sikdang Cheonggukjangjip,음식,Cuisine > Korean > Restaurants,60,KOP005341:한국어|ENP005341:영어|JPP005341:일본어|CNP005341:중국어 간체|TCP005341:중국어 번체,5
ENP003362,Iseungnamui Kkotgwa Ppang,음식,Cuisine > Cafes > & > Tea > Shops,60,KOP003362:한국어|ENP003362:영어|JPP003362:일본어|CNP003362:중국어 간체|TCP003362:중국어 번체,5
ENP003469,Mado,음식,Cuisine > Foreign > Restaurant > Japanese,60,KOP003469:한국어|ENP003469:영어|JPP003469:일본어|CNP003469:중국어 간체|TCP003469:중국어 번체,5
ENP005391,Cheongdam Bokjip,음식,Cuisine > Korean > Restaurants,60,KOP005391:한국어|ENP005391:영어|JPP005391:일본어|CNP005391:중국어 간체|TCP005391:중국어 번체,5
ENP005408,Daechi Jeongyuk Sikdang,음식,Cuisine > Korean > Restaurants,60,KOP005408:한국어|ENP005408:영어|JPP005408:일본어|CNP005408:중국어 간체|TCP005408:중국어 번체,5
ENP005496,Cheongdamgol,음식,Cuisine > Korean > Restaurants,61,KOP005496:한국어|ENP005496:영어|JPP005496:일본어|CNP005496:중국어 간체|TCP005496:중국어 번체,5
ENP005757,Mapo Sutbulgalbi,음식,Cuisine > Korean > Restaurants,61,KOP005757:한국어|ENP005757:영어|JPP005757:일본어|CNP005757:중국어 간체|TCP005757:중국어 번체,5
ENP003428,Ariake,음식,Cuisine > Foreign > Restaurant > Japanese,61,KOP003428:한국어|ENP003428:영어|JPP003428:일본어|CNP003428:중국어 간체|TCP003428:중국어 번체|RUP003428:러시아어,6
ENP003624,Musha,음식,Cuisine > Bars > & > Clubs,61,KOP003624:한국어|ENP003624:영어|JPP003624:일본어|CNP003624:중국어 간체|TCP003624:중국어 번체,5
ENP004041,Daewoo Budae Jjigae,음식,Cuisine > Korean > Restaurants,61,KOP004041:한국어|ENP004041:영어|JPP004041:일본어|CNP004041:중국어 간체|TCP004041:중국어 번체,5
ENP005679,MAO,음식,Cuisine > Foreign > Restaurant > Chinese,61,KOP005679:한국어|ENP005679:영어|JPP005679:일본어|CNP005679:중국어 간체|TCP005679:중국어 번체,5
ENP002836,Ju Bean,음식,Cuisine > Cafes > & > Tea > Shops,61,KOP002836:한국어|ENP002836:영어|JPP002836:일본어|CNP002836:중국어 간체|TCP002836:중국어 번체|RUP002836:러시아어,6
ENP003475,Seongminchon,음식,Cuisine > Korean > Restaurants,61,KOP003475:한국어|ENP003475:영어|JPP003475:일본어|CNP003475:중국어 간체,4
ENP003645,Aji Gen,음식,Cuisine > Foreign > Restaurant > Japanese,61,KOP003645:한국어|ENP003645:영어|JPP003645:일본어|CNP003645:중국어 간체|TCP003645:중국어 번체,5
ENP003707,Niwa,음식,Cuisine > Foreign > Restaurant > Japanese,61,KOP003707:한국어|ENP003707:영어|JPP003707:일본어|CNP003707:중국어 간체|TCP003707:중국어 번체|RUP003707:러시아어,6
ENP005593,Bistro de Yountville,음식,Cuisine > Foreign > Restaurant > Western,61,KOP005593:한국어|ENP005593:영어|JPP005593:일본어|CNP005593:중국어 간체|TCP005593:중국어 번체,5
ENP002753,Jangwon Bugeoguk,음식,Cuisine > Korean > Restaurants,61,KOP002753:한국어|ENP002753:영어|JPP002753:일본어|CNP002753:중국어 간체|TCP002753:중국어 번체|RUP002753:러시아어,6
ENP003612,La Bonne Tarte,음식,Cuisine > Cafes > & > Tea > Shops,61,KOP003612:한국어|ENP003612:영어|JPP003612:일본어|CNP003612:중국어 간체|TCP003612:중국어 번체,5
ENP004113,DUBLIN,음식,Cuisine > Bars > & > Clubs,61,KOP004113:한국어|ENP004113:영어|JPP004113:일본어|CNP004113:중국어 간체|TCP004113:중국어 번체,5
ENP005571,Lisian,음식,Cuisine > Foreign > Restaurant > Chinese,61,KOP005571:한국어|ENP005571:영어|JPP005571:일본어|CNP005571:중국어 간체|TCP005571:중국어 번체,5
ENP003250,Panax,음식,Cuisine > Korean > Restaurants,61,KOP003250:한국어|ENP003250:영어|JPP003250:일본어|CNP003250:중국어 간체|TCP003250:중국어 번체|RUP003250:러시아어,6
ENP004961,Yeosu Dongchon,음식,Cuisine > Korean > Restaurants,61,KOP004961:한국어|ENP004961:영어|JPP004961:일본어|CNP004961:중국어 간체|TCP004961:중국어 번체,5
ENP005515,Dukkeobi Jeongyukjeom Sikdang,음식,Cuisine > Korean > Restaurants,61,KOP005515:한국어|ENP005515:영어|JPP005515:일본어|CNP005515:중국어 간체|TCP005515:중국어 번체,5
ENP005525,Cafe Monday To Sunday,음식,Cuisine > Foreign > Restaurant > Western,61,KOP005525:한국어|ENP005525:영어|JPP005525:일본어|CNP005525:중국어 간체|TCP005525:중국어 번체,5
ENP005599,Madang,음식,Cuisine > Cafes > & > Tea > Shops,61,KOP005599:한국어|ENP005599:영어|JPP005599:일본어|CNP005599:중국어 간체|TCP005599:중국어 번체,5
ENP005770,L&#039;Espoir du Hibou,음식,Cuisine > Foreign > Restaurant > Western,62,KOP005770:한국어|ENP005770:영어|JPP005770:일본어|CNP005770:중국어 간체|TCP005770:중국어 번체|RUP005770:러시아어,6
ENP003346,Gumasan,음식,Cuisine > Korean > Restaurants,62,KOP003346:한국어|ENP003346:영어|JPP003346:일본어|CNP003346:중국어 간체|TCP003346:중국어 번체,5
ENP004214,Doenjang Yesulgwa Sul,음식,Cuisine > Korean > Restaurants,62,KOP004214:한국어|ENP004214:영어|JPP004214:일본어|CNP004214:중국어 간체|TCP004214:중국어 번체,5
ENP004851,Herzia,음식,Cuisine > Foreign > Restaurant > Western,62,KOP004851:한국어|ENP004851:영어|JPP004851:일본어|CNP004851:중국어 간체|TCP004851:중국어 번체,5
ENP003401,Daeyeo,음식,Cuisine > Korean > Restaurants,62,KOP003401:한국어|ENP003401:영어|JPP003401:일본어|CNP003401:중국어 간체|TCP003401:중국어 번체,5
ENP003657,Chuncheonjip Dakgalbi Makguksu,음식,Cuisine > Korean > Restaurants,62,KOP003657:한국어|ENP003657:영어|JPP003657:일본어|CNP003657:중국어 간체|TCP003657:중국어 번체,5
ENP004122,Sushi Gen,음식,Cuisine > Foreign > Restaurant > Japanese,62,KOP004122:한국어|ENP004122:영어|JPP004122:일본어|CNP004122:중국어 간체|TCP004122:중국어 번체,5
ENP004220,La Saveur,음식,Cuisine > Foreign > Restaurant > Western,62,KOP004220:한국어|ENP004220:영어|JPP004220:일본어|CNP004220:중국어 간체|TCP004220:중국어 번체,5
ENP004372,Mongnan,음식,Cuisine > Foreign > Restaurant > Chinese,62,KOP004372:한국어|ENP004372:영어|JPP004372:일본어|CNP004372:중국어 간체|TCP004372:중국어 번체,5
ENP005217,Cavallo Bianco,음식,Cuisine > Foreign > Restaurant > Western,62,KOP005217:한국어|ENP005217:영어|JPP005217:일본어|CNP005217:중국어 간체|TCP005217:중국어 번체|RUP005217:러시아어,6
ENP005422,Jungsik Seoul,음식,Cuisine > Korean > Restaurants,62,KOP005422:한국어|ENP005422:영어|JPP005422:일본어|CNP005422:중국어 간체|TCP005422:중국어 번체,5
ENP003526,Ttalgigol Bunsik,음식,Cuisine > Korean > Restaurants,62,KOP003526:한국어|ENP003526:영어|JPP003526:일본어|CNP003526:중국어 간체|TCP003526:중국어 번체,5
ENP004148,Manbongnim,음식,Cuisine > Foreign > Restaurant > Chinese,62,KOP004148:한국어|ENP004148:영어|JPP004148:일본어|CNP004148:중국어 간체|TCP004148:중국어 번체,5
ENP004869,Mandujip,음식,Cuisine > Korean > Restaurants,62,KOP004869:한국어|ENP004869:영어|JPP004869:일본어|CNP004869:중국어 간체|TCP004869:중국어 번체,5
ENP005385,Baetgodong,음식,Cuisine > Korean > Restaurants,62,KOP005385:한국어|ENP005385:영어|JPP005385:일본어|CNP005385:중국어 간체|TCP005385:중국어 번체,5
ENP003558,Dorim,음식,Cuisine > Foreign > Restaurant > Chinese,62,KOP003558:한국어|ENP003558:영어|JPP003558:일본어|CNP003558:중국어 간체|TCP003558:중국어 번체,5
ENP004085,Itsumo,음식,Cuisine > Bars > & > Clubs,62,KOP004085:한국어|ENP004085:영어|JPP004085:일본어|CNP004085:중국어 간체|TCP004085:중국어 번체,5
ENP004876,Yamamoto Sushi,음식,Cuisine > Foreign > Restaurant > Japanese,62,KOP004876:한국어|ENP004876:영어|JPP004876:일본어|CNP004876:중국어 간체|TCP004876:중국어 번체,5
ENP005151,Gisoya,음식,Cuisine > Foreign > Restaurant > Japanese,62,KOP005151:한국어|ENP005151:영어|JPP005151:일본어|CNP005151:중국어 간체|TCP005151:중국어 번체,5
ENP002995,Samho Jjangttungi,음식,Cuisine > Korean > Restaurants,62,KOP002995:한국어|ENP002995:영어|JPP002995:일본어|CNP002995:중국어 간체|TCP002995:중국어 번체,5
ENP003016,Jinjin Mandu,음식,Cuisine > Korean > Restaurants,63,KOP003016:한국어|ENP003016:영어|JPP003016:일본어|CNP003016:중국어 간체|TCP003016:중국어 번체,5
ENP004176,Di Matteo,음식,Cuisine > Foreign > Restaurant > Western,63,KOP004176:한국어|ENP004176:영어|JPP004176:일본어|CNP004176:중국어 간체|TCP004176:중국어 번체|RUP004176:러시아어,6
ENP004367,Rosehill,음식,Cuisine > Korean > Restaurants,63,KOP004367:한국어|ENP004367:영어|JPP004367:일본어|CNP004367:중국어 간체|TCP004367:중국어 번체,5
ENP004407,Vicolo,음식,Cuisine > Foreign > Restaurant > Western,63,KOP004407:한국어|ENP004407:영어|JPP004407:일본어|CNP004407:중국어 간체|TCP004407:중국어 번체,5
ENP004518,Baegwon,음식,Cuisine > Foreign > Restaurant > Chinese,63,KOP004518:한국어|ENP004518:영어|JPP004518:일본어|CNP004518:중국어 간체|TCP004518:중국어 번체,5
ENP003130,Hanilgwan,음식,Cuisine > Korean > Restaurants,63,KOP003130:한국어|ENP003130:영어|JPP003130:일본어|CNP003130:중국어 간체|TCP003130:중국어 번체|RUP003130:러시아어,6
ENP003754,Namseoul Minmul Jangeo,음식,Cuisine > Korean > Restaurants,63,KOP003754:한국어|ENP003754:영어|JPP003754:일본어|CNP003754:중국어 간체|TCP003754:중국어 번체,5
ENP005776,Kuai 19,음식,Cuisine > Foreign > Restaurant > Chinese,63,KOP005776:한국어|ENP005776:영어|JPP005776:일본어|CNP005776:중국어 간체|TCP005776:중국어 번체,5
ENP003280,Jihwaja,음식,Cuisine > Korean > Restaurants,63,KOP003280:한국어|ENP003280:영어|JPP003280:일본어|CNP003280:중국어 간체|TCP003280:중국어 번체|RUP003280:러시아어,6
ENP003207,Wooraeok,음식,Cuisine > Korean > Restaurants,63,KOP003207:한국어|ENP003207:영어|JPP003207:일본어|CNP003207:중국어 간체|TCP003207:중국어 번체|RUP003207:러시아어,6
ENP003160,Nampomyeonok,음식,Cuisine > Korean > Restaurants,63,KOP003160:한국어|ENP003160:영어|JPP003160:일본어|CNP003160:중국어 간체|TCP003160:중국어 번체,5
ENP003118,Nammuntobang,음식,Cuisine > Korean > Restaurants,63,KOP003118:한국어|ENP003118:영어|JPP003118:일본어|CNP003118:중국어 간체|TCP003118:중국어 번체|RUP003118:러시아어,6
ENP003048,Gomguksijip,음식,Cuisine > Korean > Restaurants,63,KOP003048:한국어|ENP003048:영어|JPP003048:일본어|CNP003048:중국어 간체|TCP003048:중국어 번체,5
ENP002791,Seokparang,음식,Cuisine > Korean > Restaurants,63,KOP002791:한국어|ENP002791:영어|JPP002791:일본어|CNP002791:중국어 간체|TCP002791:중국어 번체|RUP002791:러시아어,6
ENP002745,Bukakjeong(Isanggalbi),음식,Cuisine > Korean > Restaurants,63,KOP002745:한국어|ENP002745:영어|JPP002745:일본어|CNP002745:중국어 간체|TCP002745:중국어 번체,5
ENP002700,Dalgaebi,음식,Cuisine,63,KOP002700:한국어|ENP002700:영어|JPP002700:일본어|CNP002700:중국어 간체|TCP002700:중국어 번체,5
ENP002659,Gungnara Naengmyeon-Mukbap,음식,Cuisine > Korean > Restaurants,63,KOP002659:한국어|ENP002659:영어|JPP002659:일본어|CNP002659:중국어 간체|TCP002659:중국어 번체,5
ENP002537,Taerim Sanchae Jeongsik,음식,Cuisine > Korean > Restaurants,63,KOP002537:한국어|ENP002537:영어|JPP002537:일본어|CNP002537:중국어 간체|TCP002537:중국어 번체,5
ENP002498,Kangkangsullai (Sanggye),음식,Cuisine > Korean > Restaurants,63,KOP002498:한국어|ENP002498:영어|JPP002498:일본어|CNP002498:중국어 간체|TCP002498:중국어 번체,5
ENP002412,Gwangyangbulgogi,음식,Cuisine > Korean > Restaurants,63,KOP002412:한국어|ENP002412:영어|JPP002412:일본어|CNP002412:중국어 간체|TCP002412:중국어 번체,5
ENP003148,Bongraeheon (Mayfield Hotel),음식,Cuisine > Korean > Restaurants,64,KOP003148:한국어|ENP003148:영어|JPP003148:일본어|CNP003148:중국어 간체|TCP003148:중국어 번체|RUP003148:러시아어,6
ENP003077,Mayfield Hotel,음식,Cuisine > Korean > Restaurants,64,KOP003077:한국어|ENP003077:영어|JPP003077:일본어|CNP003077:중국어 간체,4
ENP002981,Yeachon (Shinga),음식,Cuisine > Korean > Restaurants,64,KOP002981:한국어|ENP002981:영어|JPP002981:일본어|CNP002981:중국어 간체|TCP002981:중국어 번체,5
ENP002861,Norangjugory (Gangnam),음식,Cuisine > Korean > Restaurants,64,KOP002861:한국어|ENP002861:영어|JPP002861:일본어|CNP002861:중국어 간체|TCP002861:중국어 번체,5
ENP002772,Kangkangsullai(Sillimbondong),음식,Cuisine > Korean > Restaurants,64,KOP002772:한국어|ENP002772:영어|JPP002772:일본어|CNP002772:중국어 간체|RUP002772:러시아어,5
ENP002693,Heachorok,음식,Cuisine > Korean > Restaurants,64,KOP002693:한국어|ENP002693:영어|JPP002693:일본어|CNP002693:중국어 간체|TCP002693:중국어 번체,5
ENP002632,Hanwoori,음식,Cuisine > Korean > Restaurants,64,KOP002632:한국어|ENP002632:영어|JPP002632:일본어|CNP002632:중국어 간체|TCP002632:중국어 번체,5
ENP002422,Sariwon,음식,Cuisine > Korean > Restaurants,64,KOP002422:한국어|ENP002422:영어|JPP002422:일본어|CNP002422:중국어 간체|TCP002422:중국어 번체,5
ENP002488,[Baeknyeon-gage] Samwon Garden,음식,Cuisine > Korean > Restaurants,64,KOP002488:한국어|ENP002488:영어|JPP002488:일본어|CNP002488:중국어 간체|TCP002488:중국어 번체|RUP002488:러시아어,6
ENP002521,Sangrakwon,음식,Cuisine > Korean > Restaurants,64,KOP002521:한국어|ENP002521:영어|JPP002521:일본어|CNP002521:중국어 간체|TCP002521:중국어 번체,5
ENPylc4hg,Choansan Hydrangea Hill,자연관광,Nature > Natural > Sites(Parks),1,KOPylc4hg:한국어|ENPylc4hg:영어|JPPylc4hg:일본어|CNPylc4hg:중국어 간체|TCPylc4hg:중국어 번체|RUPylc4hg:러시아어|MLPylc4hg:말레이어,7
ENPtte3ed,Yongwangsan Skywalk,자연관광,Nature > Natural > Sites(Parks),1,KOPtte3ed:한국어|ENPtte3ed:영어|JPPtte3ed:일본어|CNPtte3ed:중국어 간체|TCPtte3ed:중국어 번체|RUPtte3ed:러시아어|MLPtte3ed:말레이어,7
ENP3pm9nc,Bukhansan Experiential Forest Shelter,자연관광,Nature > Natural > Sites(Parks),1,KOP3pm9nc:한국어|ENP3pm9nc:영어|JPP3pm9nc:일본어|CNP3pm9nc:중국어 간체|TCP3pm9nc:중국어 번체|RUP3pm9nc:러시아어|MLP3pm9nc:말레이어,7
ENPtr2tsi,Seodalsan Mountain,자연관광,Nature > Natural > Sites(Mountains),1,KOPtr2tsi:한국어|ENPtr2tsi:영어|JPPtr2tsi:일본어|CNPtr2tsi:중국어 간체|TCPtr2tsi:중국어 번체|RUPtr2tsi:러시아어|MLPtr2tsi:말레이어,7
ENPyia5so,Yeonhui Forest Rest Area,자연관광,Nature > Natural > Sites(Parks),1,KOPyia5so:한국어|ENPyia5so:영어|JPPyia5so:일본어|CNPyia5so:중국어 간체|TCPyia5so:중국어 번체|RUPyia5so:러시아어|MLPyia5so:말레이어,7
ENP0aa7qh,Songjeong Jebang gil,자연관광,Nature > Natural > Sites(Rivers),1,KOP0aa7qh:한국어|ENP0aa7qh:영어|JPP0aa7qh:일본어|CNP0aa7qh:중국어 간체|TCP0aa7qh:중국어 번체,5
ENP5nlj26,Namsan Sky Forest Trail,자연관광,Nature,1,KOP5nlj26:한국어|ENP5nlj26:영어|JPP5nlj26:일본어|CNP5nlj26:중국어 간체|TCP5nlj26:중국어 번체,5
ENPda1e2c,Suraksan Byeokung Valley,자연관광,Nature > Natural > Sites(Rivers),1,KOPda1e2c:한국어|ENPda1e2c:영어|JPPda1e2c:일본어|CNPda1e2c:중국어 간체|TCPda1e2c:중국어 번체,5
ENPctphmy,Yongsan Children&#039;s Garden,자연관광,Nature > Natural > Sites(Parks),1,KOPctphmy:한국어|ENPctphmy:영어|JPPctphmy:일본어|CNPctphmy:중국어 간체|TCPctphmy:중국어 번체,5
ENP9l9dhu,Choansan Neighborhood Park Barefoot Loess Trail,자연관광,Nature > Natural > Sites(Parks),1,KOP9l9dhu:한국어|ENP9l9dhu:영어|JPP9l9dhu:일본어|CNP9l9dhu:중국어 간체|TCP9l9dhu:중국어 번체,5
ENP9jn7zj,Namsan Dulle-gil Trail,자연관광,Nature > Natural > Sites(Mountains),1,KOP9jn7zj:한국어|ENP9jn7zj:영어|JPP9jn7zj:일본어|CNP9jn7zj:중국어 간체|TCP9jn7zj:중국어 번체,5
ENPxjlehm,Anyangcheon Stream,자연관광,Nature > Natural > Sites(Rivers),1,KOPxjlehm:한국어|ENPxjlehm:영어|JPPxjlehm:일본어|CNPxjlehm:중국어 간체|TCPxjlehm:중국어 번체,5
ENPkxys7x,Eungbongsan Mountain,자연관광,Nature > Natural > Sites(Mountains),1,KOPkxys7x:한국어|ENPkxys7x:영어|JPPkxys7x:일본어|CNPkxys7x:중국어 간체|TCPkxys7x:중국어 번체,5
ENP0l726f,Bamseom Island,자연관광,Nature > Natural > Sites(Parks),1,KOP0l726f:한국어|ENP0l726f:영어|JPP0l726f:일본어|CNP0l726f:중국어 간체|TCP0l726f:중국어 번체,5
ENPi8pv19,Gyeongchun Line (Railroad) Forest,자연관광,Nature > Natural > Sites(Parks),1,KOPi8pv19:한국어|ENPi8pv19:영어|JPPi8pv19:일본어|CNPi8pv19:중국어 간체|TCPi8pv19:중국어 번체|RUPi8pv19:러시아어|MLPi8pv19:말레이어,7
ENP2xzi3t,Hongjecheon Artificial Waterfall,자연관광,Nature > Natural > Sites(Rivers),1,KOP2xzi3t:한국어|ENP2xzi3t:영어|JPP2xzi3t:일본어|CNP2xzi3t:중국어 간체|TCP2xzi3t:중국어 번체,5
ENPjxg13l,Mapo Saebit Culture Forest,자연관광,Nature > Natural > Sites(Parks),1,KOPjxg13l:한국어|ENPjxg13l:영어|JPPjxg13l:일본어|CNPjxg13l:중국어 간체|TCPjxg13l:중국어 번체|RUPjxg13l:러시아어,6
ENPhyd9ee,Seochon Hanok Village,자연관광,Nature,1,KOPhyd9ee:한국어|ENPhyd9ee:영어|JPPhyd9ee:일본어|CNPhyd9ee:중국어 간체|TCPhyd9ee:중국어 번체,5
ENPbdyynw,Ttukseom Hangang Park,자연관광,Nature > Natural > Sites(Parks),1,KOPbdyynw:한국어|ENPbdyynw:영어|JPPbdyynw:일본어|CNPbdyynw:중국어 간체|TCPbdyynw:중국어 번체,5
ENPsgywus,Seocho Flower Garden,자연관광,Nature > Natural > Sites(Parks),1,KOPsgywus:한국어|ENPsgywus:영어|JPPsgywus:일본어|TCPsgywus:중국어 번체|RUPsgywus:러시아어|MLPsgywus:말레이어,6
ENPv3l77y,Cheonggyesan Waterside Ecological Park,자연관광,Nature > Natural > Sites(Parks),2,KOPv3l77y:한국어|ENPv3l77y:영어|JPPv3l77y:일본어|CNPv3l77y:중국어 간체|TCPv3l77y:중국어 번체|RUPv3l77y:러시아어|MLPv3l77y:말레이어,7
ENP001981,Jungnangcheon Stream Embankment,자연관광,Nature,2,KOP001981:한국어|ENP001981:영어|JPP001981:일본어|CNP001981:중국어 간체|TCP001981:중국어 번체,5
ENP042170,Kkummaru(Dream Park) in Children&#039;s Grand Park,자연관광,Nature,2,KOP042170:한국어|ENP042170:영어,2
ENP042009,Namsan Yejang Park,자연관광,Nature > Natural > Sites(Parks),2,KOP042009:한국어|ENP042009:영어,2
ENP040795,Yongsan Park Partially Open Site,자연관광,Nature,2,KOP040795:한국어|ENP040795:영어|JPP040795:일본어|CNP040795:중국어 간체|TCP040795:중국어 번체|RUP040795:러시아어|MLP040795:말레이어,7
ENP039306,Inwangsan Night Views,자연관광,Nature > Natural > Sites(Mountains),2,KOP039306:한국어|ENP039306:영어|JPP039306:일본어|CNP039306:중국어 간체|TCP039306:중국어 번체|RUP039306:러시아어|MLP039306:말레이어,7
ENP039305,Yongmasan Mountain,자연관광,Nature > Natural > Sites(Mountains),2,KOP039305:한국어|ENP039305:영어|JPP039305:일본어|CNP039305:중국어 간체|TCP039305:중국어 번체|RUP039305:러시아어|MLP039305:말레이어,7
ENP038858,Fall Foliage Road (World Cup-ro),자연관광,Nature > Natural > Sites(Parks),2,KOP038858:한국어|ENP038858:영어|JPP038858:일본어|CNP038858:중국어 간체|TCP038858:중국어 번체|RUP038858:러시아어|MLP038858:말레이어,7
ENP038786,Eungbongsan Mountain Night View,자연관광,Nature > Natural > Sites(Mountains),2,KOP038786:한국어|ENP038786:영어|JPP038786:일본어|CNP038786:중국어 간체|TCP038786:중국어 번체|RUP038786:러시아어|MLP038786:말레이어,7
ENP038785,Eungbongsan Mountain Palgakjeong Pavilion,자연관광,Nature > Natural > Sites(Mountains),2,KOP038785:한국어|ENP038785:영어|JPP038785:일본어|CNP038785:중국어 간체|TCP038785:중국어 번체|RUP038785:러시아어|MLP038785:말레이어,7
ENP037952,Suseong-dong Valley,자연관광,Nature > Natural > Sites(Rivers),2,KOP037952:한국어|ENP037952:영어|JPP037952:일본어|CNP037952:중국어 간체|TCP037952:중국어 번체,5
ENP037532,Jiyangsan Mountain,자연관광,Nature > Natural > Sites(Mountains),2,KOP037532:한국어|ENP037532:영어|JPP037532:일본어|CNP037532:중국어 간체|TCP037532:중국어 번체|RUP037532:러시아어|MLP037532:말레이어,7
ENP037529,Baengnyeonsan Mountain,자연관광,Nature > Natural > Sites(Mountains),2,KOP037529:한국어|ENP037529:영어|JPP037529:일본어|CNP037529:중국어 간체|TCP037529:중국어 번체|RUP037529:러시아어|MLP037529:말레이어,7
ENP037364,Ansan Mountain,자연관광,Nature > Natural > Sites(Mountains),2,KOP037364:한국어|ENP037364:영어|JPP037364:일본어|CNP037364:중국어 간체|TCP037364:중국어 번체|RUP037364:러시아어|MLP037364:말레이어,7
ENP037130,Herb Astronomy Park,자연관광,Nature > Natural > Sites(Parks),2,KOP037130:한국어|ENP037130:영어|JPP037130:일본어|CNP037130:중국어 간체|TCP037130:중국어 번체|RUP037130:러시아어|MLP037130:말레이어,7
ENP036947,"Autumn Trail, Namsan Southern Walking Path",자연관광,Nature > Natural > Sites(Mountains),2,KOP036947:한국어|ENP036947:영어|JPP036947:일본어|CNP036947:중국어 간체|TCP036947:중국어 번체|RUP036947:러시아어|MLP036947:말레이어,7
ENP032823,Gaehwasan Mountain,자연관광,Nature > Natural > Sites(Mountains),2,KOP032823:한국어|ENP032823:영어|JPP032823:일본어|CNP032823:중국어 간체|TCP032823:중국어 번체|RUP032823:러시아어|MLP032823:말레이어,7
ENP032125,Hangdong Railroad,자연관광,Nature > Natural > Sites(Parks),2,KOP032125:한국어|ENP032125:영어|JPP032125:일본어|CNP032125:중국어 간체|TCP032125:중국어 번체|RUP032125:러시아어|MLP032125:말레이어,7
ENP031922,Nodeul Island,자연관광,Nature,2,KOP031922:한국어|ENP031922:영어|JPP031922:일본어|CNP031922:중국어 간체|TCP031922:중국어 번체|RUP031922:러시아어|MLP031922:말레이어,7
ENP003968,Banpo Hangang Park,자연관광,Nature > Natural > Sites(Rivers),2,KOP003968:한국어|ENP003968:영어|JPP003968:일본어|CNP003968:중국어 간체|TCP003968:중국어 번체|RUP003968:러시아어|MLP003968:말레이어,7
ENP003617,Ichon Hangang Park,자연관광,Nature > Natural > Sites(Rivers),3,KOP003617:한국어|ENP003617:영어|JPP003617:일본어|CNP003617:중국어 간체|TCP003617:중국어 번체|RUP003617:러시아어|MLP003617:말레이어,7
ENP002909,Jamwon Hangang Park,자연관광,Nature > Natural > Sites(Rivers),3,KOP002909:한국어|ENP002909:영어|JPP002909:일본어|CNP002909:중국어 간체|TCP002909:중국어 번체|RUP002909:러시아어|MLP002909:말레이어,7
ENP004023,Jamsil Hangang Park,자연관광,Nature > Natural > Sites(Rivers),3,KOP004023:한국어|ENP004023:영어|JPP004023:일본어|CNP004023:중국어 간체|TCP004023:중국어 번체|RUP004023:러시아어,6
ENP029802,Samcheonsa Valley,자연관광,Nature > Natural > Sites(Mountains),3,KOP029802:한국어|ENP029802:영어|JPP029802:일본어|CNP029802:중국어 간체|TCP029802:중국어 번체|RUP029802:러시아어|MLP029802:말레이어,7
ENP029800,Jingwansa Valley,자연관광,Nature > Natural > Sites(Mountains),3,KOP029800:한국어|ENP029800:영어|JPP029800:일본어|CNP029800:중국어 간체|TCP029800:중국어 번체|RUP029800:러시아어|MLP029800:말레이어,7
ENP029798,Ui-dong Valley,자연관광,Nature > Natural > Sites(Mountains),3,KOP029798:한국어|ENP029798:영어|JPP029798:일본어|CNP029798:중국어 간체|TCP029798:중국어 번체|RUP029798:러시아어|MLP029798:말레이어,7
ENP029797,Baeksasil Valley,자연관광,Nature > Natural > Sites(Mountains),3,KOP029797:한국어|ENP029797:영어|JPP029797:일본어|CNP029797:중국어 간체|TCP029797:중국어 번체|RUP029797:러시아어|MLP029797:말레이어,7
ENP029796,Pureun Arboretum,자연관광,Nature > Natural > Sites(Parks),3,KOP029796:한국어|ENP029796:영어|JPP029796:일본어|CNP029796:중국어 간체|TCP029796:중국어 번체|RUP029796:러시아어|MLP029796:말레이어,7
ENP029459,Baebongsan Neighborhood Park,자연관광,Nature > Natural > Sites(Mountains),3,KOP029459:한국어|ENP029459:영어|JPP029459:일본어|CNP029459:중국어 간체|TCP029459:중국어 번체|RUP029459:러시아어|MLP029459:말레이어,7
ENP002841,Mangwon Hangang Park,자연관광,Nature > Natural > Sites(Rivers),3,KOP002841:한국어|ENP002841:영어|JPP002841:일본어|CNP002841:중국어 간체|TCP002841:중국어 번체|RUP002841:러시아어,6
ENP027690,Bongsan Mountain,자연관광,Nature > Natural > Sites(Mountains),3,KOP027690:한국어|ENP027690:영어|JPP027690:일본어|CNP027690:중국어 간체|TCP027690:중국어 번체|RUP027690:러시아어|MLP027690:말레이어,7
ENP027689,Achasan Mountain,자연관광,Nature > Natural > Sites(Mountains),3,KOP027689:한국어|ENP027689:영어|JPP027689:일본어|CNP027689:중국어 간체|TCP027689:중국어 번체|RUP027689:러시아어|MLP027689:말레이어,7
ENP027688,Seoraeseom Island,자연관광,Nature > Natural > Sites(Rivers),3,KOP027688:한국어|ENP027688:영어|JPP027688:일본어|CNP027688:중국어 간체|TCP027688:중국어 번체|RUP027688:러시아어|MLP027688:말레이어,7
ENP027397,Seoul Botanic Park,자연관광,Nature > Natural > Sites(Parks),3,KOP027397:한국어|ENP027397:영어|JPP027397:일본어|CNP027397:중국어 간체|TCP027397:중국어 번체|RUP027397:러시아어|MLP027397:말레이어,7
ENP027296,Mangusan Philosopher&#039;s Path,자연관광,Nature > Natural > Sites(Mountains),3,KOP027296:한국어|ENP027296:영어|JPP027296:일본어|CNP027296:중국어 간체|TCP027296:중국어 번체|RUP027296:러시아어|MLP027296:말레이어,7
ENP027112,Chodae-gil Trail (Bugaksan Mountain),자연관광,Nature > Natural > Sites(Mountains),3,KOP027112:한국어|ENP027112:영어|JPP027112:일본어|CNP027112:중국어 간체|TCP027112:중국어 번체|RUP027112:러시아어,6
ENP001411,Gangseo Marsh Ecological Park,자연관광,Nature > Natural > Sites(Parks),3,KOP001411:한국어|ENP001411:영어|JPP001411:일본어|CNP001411:중국어 간체|TCP001411:중국어 번체|RUP001411:러시아어|MLP001411:말레이어,7
ENP001799,Maehwa Park,자연관광,Nature > Natural > Sites(Parks),3,KOP001799:한국어|ENP001799:영어|JPP001799:일본어|CNP001799:중국어 간체|TCP001799:중국어 번체|RUP001799:러시아어|MLP001799:말레이어,7
ENP002130,Godeok Riverside Ecological Park,자연관광,Nature > Natural > Sites(Rivers),3,KOP002130:한국어|ENP002130:영어|JPP002130:일본어|CNP002130:중국어 간체|TCP002130:중국어 번체|RUP002130:러시아어|MLP002130:말레이어,7
ENP002257,Bulgwangcheon Stream,자연관광,Nature > Natural > Sites(Rivers),3,KOP002257:한국어|ENP002257:영어|JPP002257:일본어|CNP002257:중국어 간체|TCP002257:중국어 번체|RUP002257:러시아어|MLP002257:말레이어,7
ENP002263,Gamrocheon Ecological Park,자연관광,Nature > Natural > Sites(Rivers),4,KOP002263:한국어|ENP002263:영어|JPP002263:일본어|CNP002263:중국어 간체|TCP002263:중국어 번체|RUP002263:러시아어|MLP002263:말레이어,7
ENP002287,Hongjecheon Stream,자연관광,Nature > Natural > Sites(Rivers),4,KOP002287:한국어|ENP002287:영어|JPP002287:일본어|CNP002287:중국어 간체|TCP002287:중국어 번체|RUP002287:러시아어,6
ENP002429,Yangjaecheon Stream &amp; Tancheon Stream,자연관광,Nature > Natural > Sites(Rivers),4,KOP002429:한국어|ENP002429:영어|JPP002429:일본어|CNP002429:중국어 간체|TCP002429:중국어 번체|RUP002429:러시아어|MLP002429:말레이어,7
ENP003165,Suraksan Mountain,자연관광,Nature > Natural > Sites(Mountains),4,KOP003165:한국어|ENP003165:영어|JPP003165:일본어|CNP003165:중국어 간체|TCP003165:중국어 번체|RUP003165:러시아어|MLP003165:말레이어,7
ENP003828,Buramsan Mountain,자연관광,Nature > Natural > Sites(Mountains),4,KOP003828:한국어|ENP003828:영어|JPP003828:일본어|CNP003828:중국어 간체|TCP003828:중국어 번체|RUP003828:러시아어|MLP003828:말레이어,7
ENP016327,Seonyudo at Night,자연관광,Nature > Natural > Sites(Rivers),4,KOP016327:한국어|ENP016327:영어|JPP016327:일본어|CNP016327:중국어 간체|TCP016327:중국어 번체,5
ENP016326,Night Views at Maebongsan Mountain,자연관광,Nature > Natural > Sites(Mountains),4,KOP016326:한국어|ENP016326:영어|JPP016326:일본어|CNP016326:중국어 간체|TCP016326:중국어 번체|RUP016326:러시아어|MLP016326:말레이어,7
ENP016324,Bugaksan Mountain at Night,자연관광,Nature > Natural > Sites(Mountains),4,KOP016324:한국어|ENP016324:영어|JPP016324:일본어|CNP016324:중국어 간체|TCP016324:중국어 번체|RUP016324:러시아어|MLP016324:말레이어,7
ENP015765,Yongyangbong Reservoir Park,자연관광,Nature > Natural > Sites(Parks),4,KOP015765:한국어|ENP015765:영어|JPP015765:일본어|CNP015765:중국어 간체|TCP015765:중국어 번체,5
ENP015060,Hangang River,자연관광,Nature > Natural > Sites(Rivers),4,KOP015060:한국어|ENP015060:영어|JPP015060:일본어|CNP015060:중국어 간체|TCP015060:중국어 번체|RUP015060:러시아어|MLP015060:말레이어,7
ENP002029,Hongneung Arboretum,자연관광,Nature > Natural > Sites(Parks),4,KOP002029:한국어|ENP002029:영어|JPP002029:일본어|CNP002029:중국어 간체|TCP002029:중국어 번체|RUP002029:러시아어|MLP002029:말레이어,7
ENP001136,Seokchon Lake Park,자연관광,Nature > Natural > Sites(Parks),4,KOP001136:한국어|ENP001136:영어|JPP001136:일본어|CNP001136:중국어 간체|TCP001136:중국어 번체|RUP001136:러시아어|MLP001136:말레이어,7
ENP001306,Yongsan Park,자연관광,Nature > Natural > Sites(Parks),4,KOP001306:한국어|ENP001306:영어|JPP001306:일본어|CNP001306:중국어 간체|TCP001306:중국어 번체|MLP001306:말레이어,6
ENP000378,Seonyudo Park,자연관광,Nature > Natural > Sites(Parks),4,KOP000378:한국어|ENP000378:영어|JPP000378:일본어|CNP000378:중국어 간체|TCP000378:중국어 번체|RUP000378:러시아어|MLP000378:말레이어,7
ENP000369,Bukhansan National Park,자연관광,Nature > Natural > Sites(Mountains),4,KOP000369:한국어|ENP000369:영어|JPP000369:일본어|CNP000369:중국어 간체|TCP000369:중국어 번체|RUP000369:러시아어|MLP000369:말레이어,7
ENP000034,Cheonggyecheon Stream,자연관광,Nature > Natural > Sites(Rivers),4,KOP000034:한국어|ENP000034:영어|JPP000034:일본어|CNP000034:중국어 간체|TCP000034:중국어 번체|RUP000034:러시아어|MLP000034:말레이어,7
ENP011395,Ttukseom Hangang Park,자연관광,Nature > Natural > Sites(Rivers),4,KOP011395:한국어|ENP011395:영어|JPP011395:일본어|CNP011395:중국어 간체|TCP011395:중국어 번체|RUP011395:러시아어|MLP011395:말레이어,7
ENP006603,Toseung Sanseung Eoul-gil,자연관광,Nature > Natural > Sites(Parks),4,KOP006603:한국어|ENP006603:영어|JPP006603:일본어|CNP006603:중국어 간체|TCP006603:중국어 번체|RUP006603:러시아어|MLP006603:말레이어,7
ENP005475,Seoul Grand Park,자연관광,Nature > Natural > Sites(Parks),4,KOP005475:한국어|ENP005475:영어|JPP005475:일본어|CNP005475:중국어 간체|TCP005475:중국어 번체|RUP005475:러시아어|MLP005475:말레이어,7
ENP005032,Yeouido Saetgang Ecological Park,자연관광,Nature > Natural > Sites(Rivers),4,KOP005032:한국어|ENP005032:영어|JPP005032:일본어|CNP005032:중국어 간체|TCP005032:중국어 번체|RUP005032:러시아어|MLP005032:말레이어,7
ENP004820,Dream Forest,자연관광,Nature > Natural > Sites(Parks),5,KOP004820:한국어|ENP004820:영어|JPP004820:일본어|CNP004820:중국어 간체|TCP004820:중국어 번체|RUP004820:러시아어|MLP004820:말레이어,7
ENP004924,West Lake Park (Seoseoul Lake Park),자연관광,Nature > Natural > Sites(Parks),5,KOP004924:한국어|ENP004924:영어|JPP004924:일본어|CNP004924:중국어 간체|TCP004924:중국어 번체|RUP004924:러시아어|MLP004924:말레이어,7
ENP004063,Gildong Ecological Park,자연관광,Nature > Natural > Sites(Parks),5,KOP004063:한국어|ENP004063:영어|JPP004063:일본어|CNP004063:중국어 간체|TCP004063:중국어 번체|RUP004063:러시아어|MLP004063:말레이어,7
ENP003796,Bugaksan Mountain,자연관광,Nature > Natural > Sites(Mountains),5,KOP003796:한국어|ENP003796:영어|JPP003796:일본어|CNP003796:중국어 간체|TCP003796:중국어 번체|RUP003796:러시아어|MLP003796:말레이어,7
ENP001838,Seoul Forest,자연관광,Nature > Natural > Sites(Parks),5,KOP001838:한국어|ENP001838:영어|JPP001838:일본어|CNP001838:중국어 간체|TCP001838:중국어 번체|RUP001838:러시아어|MLP001838:말레이어,7
ENP002871,Hangang River Cycling Trail,자연관광,Nature > Natural > Sites(Rivers),5,KOP002871:한국어|ENP002871:영어|JPP002871:일본어|CNP002871:중국어 간체|TCP002871:중국어 번체|RUP002871:러시아어,6
ENP003840,Inwangsan Mountain,자연관광,Nature > Natural > Sites(Mountains),5,KOP003840:한국어|ENP003840:영어|JPP003840:일본어|CNP003840:중국어 간체|TCP003840:중국어 번체|RUP003840:러시아어|MLP003840:말레이어,7
ENP004398,Gwanaksan Mountain,자연관광,Nature > Natural > Sites(Mountains),5,KOP004398:한국어|ENP004398:영어|JPP004398:일본어|CNP004398:중국어 간체|TCP004398:중국어 번체|RUP004398:러시아어|MLP004398:말레이어,7
ENP002300,Bulgwangcheon Haedamneundari Bridge,자연관광,Nature > Natural > Sites(Parks),5,KOP002300:한국어|ENP002300:영어|JPP002300:일본어|CNP002300:중국어 간체|TCP002300:중국어 번체|RUP002300:러시아어|MLP002300:말레이어,7
ENP003631,Namsan Park,자연관광,Nature > Natural > Sites(Parks),5,KOP003631:한국어|ENP003631:영어|JPP003631:일본어|CNP003631:중국어 간체|TCP003631:중국어 번체|RUP003631:러시아어|MLP003631:말레이어,7
ENP003598,Dobongsan Mountain,자연관광,Nature > Natural > Sites(Mountains),5,KOP003598:한국어|ENP003598:영어|JPP003598:일본어|CNP003598:중국어 간체|TCP003598:중국어 번체|RUP003598:러시아어|MLP003598:말레이어,7
ENP009991,Noeul Campground,자연관광,Nature > Natural > Sites(Parks),5,KOP009991:한국어|ENP009991:영어,2
ENP009998,Nanji Campground,자연관광,Nature > Natural > Sites(Parks),5,KOP009998:한국어|ENP009998:영어|JPP009998:일본어|CNP009998:중국어 간체|TCP009998:중국어 번체,5
ENPw0625e,Potterim,체험관광,Experience > Programs > Craft > Workshops,1,KOPw0625e:한국어|ENPw0625e:영어|JPPw0625e:일본어|CNPw0625e:중국어 간체|TCPw0625e:중국어 번체|RUPw0625e:러시아어|MLPw0625e:말레이어,7
ENPsdmz8m,Hangang Leisure Sports,체험관광,Experience > Programs > Other > Experiences,1,KOPsdmz8m:한국어|ENPsdmz8m:영어|JPPsdmz8m:일본어|CNPsdmz8m:중국어 간체|TCPsdmz8m:중국어 번체|RUPsdmz8m:러시아어|MLPsdmz8m:말레이어,7
ENPuuvdzi,Artefine Yongsan (Motorcycle Rental Shop),체험관광,Experience > Programs > Other > Experiences,1,KOPuuvdzi:한국어|ENPuuvdzi:영어|JPPuuvdzi:일본어|CNPuuvdzi:중국어 간체|TCPuuvdzi:중국어 번체|RUPuuvdzi:러시아어|MLPuuvdzi:말레이어,7
ENPuz5pe1,Han River Cruise E-Land Cruise,체험관광,Experience > Programs > Other > Experiences,1,KOPuz5pe1:한국어|ENPuz5pe1:영어|JPPuz5pe1:일본어|CNPuz5pe1:중국어 간체|TCPuz5pe1:중국어 번체|RUPuz5pe1:러시아어|MLPuz5pe1:말레이어,7
ENP98vqxc,Color Signal,체험관광,Experience > Programs > Other > Experiences,1,KOP98vqxc:한국어|ENP98vqxc:영어|JPP98vqxc:일본어|CNP98vqxc:중국어 간체|TCP98vqxc:중국어 번체|RUP98vqxc:러시아어|MLP98vqxc:말레이어,7
ENP7q4h12,Nowon Train Village,체험관광,Experience > Programs > Other > Experiences,1,KOP7q4h12:한국어|ENP7q4h12:영어|JPP7q4h12:일본어|CNP7q4h12:중국어 간체|TCP7q4h12:중국어 번체|RUP7q4h12:러시아어|MLP7q4h12:말레이어,7
ENPh6ancr,Korea Fashion Psychology Institute,체험관광,Experience > Programs > Other > Experiences,1,KOPh6ancr:한국어|ENPh6ancr:영어|JPPh6ancr:일본어|CNPh6ancr:중국어 간체|TCPh6ancr:중국어 번체|RUPh6ancr:러시아어|MLPh6ancr:말레이어,7
ENPsbsko1,A:muu Hair (Myeongdong A:muu Hair),체험관광,Experience > Programs > Wellness,1,KOPsbsko1:한국어|ENPsbsko1:영어|JPPsbsko1:일본어|CNPsbsko1:중국어 간체|TCPsbsko1:중국어 번체|RUPsbsko1:러시아어|MLPsbsko1:말레이어,7
ENPhd6ywx,Adellain Jewelry Studio,체험관광,Experience > Programs > Wellness,1,KOPhd6ywx:한국어|ENPhd6ywx:영어|JPPhd6ywx:일본어|CNPhd6ywx:중국어 간체|TCPhd6ywx:중국어 번체|RUPhd6ywx:러시아어|MLPhd6ywx:말레이어,7
ENPaijkqu,Myeongdong Personal Color &amp; Makeup Colorholic,체험관광,Experience > Programs > Wellness,1,KOPaijkqu:한국어|ENPaijkqu:영어|JPPaijkqu:일본어|CNPaijkqu:중국어 간체|TCPaijkqu:중국어 번체|RUPaijkqu:러시아어|MLPaijkqu:말레이어,7
ENPf78gji,Running Man Experience Center Insadong Branch,체험관광,Experience > Programs > Other > Experiences,1,KOPf78gji:한국어|ENPf78gji:영어|JPPf78gji:일본어|CNPf78gji:중국어 간체|TCPf78gji:중국어 번체|RUPf78gji:러시아어|MLPf78gji:말레이어,7
ENPkq5ji1,Youngchive Seochon Branch,체험관광,Experience > Programs > Other > Experiences,1,KOPkq5ji1:한국어|ENPkq5ji1:영어|JPPkq5ji1:일본어|CNPkq5ji1:중국어 간체|TCPkq5ji1:중국어 번체|RUPkq5ji1:러시아어|MLPkq5ji1:말레이어,7
ENPg992ys,"My Friend Seoul, Seoul Gallery",체험관광,Experience > Programs > Other > Experiences,1,KOPg992ys:한국어|ENPg992ys:영어|JPPg992ys:일본어|CNPg992ys:중국어 간체|TCPg992ys:중국어 번체,5
ENPcztazx,Louis Vuitton Visionary Journeys Seoul,체험관광,Experience > Programs > Other > Experiences,1,KOPcztazx:한국어|ENPcztazx:영어|JPPcztazx:일본어|CNPcztazx:중국어 간체|TCPcztazx:중국어 번체,5
ENPwygusk,Laurel Studio,체험관광,Experience > Programs > Wellness,1,KOPwygusk:한국어|ENPwygusk:영어|JPPwygusk:일본어|CNPwygusk:중국어 간체|TCPwygusk:중국어 번체,5
ENPi88tyg,Venue G Aqua 24,체험관광,Experience > Programs > Wellness,1,KOPi88tyg:한국어|ENPi88tyg:영어|JPPi88tyg:일본어|CNPi88tyg:중국어 간체|TCPi88tyg:중국어 번체,5
ENPic1sqq,Pyunkang Yul Flagship and Tea House,체험관광,Experience > Programs > Other > Experiences,1,KOPic1sqq:한국어|ENPic1sqq:영어|JPPic1sqq:일본어|CNPic1sqq:중국어 간체|TCPic1sqq:중국어 번체,5
ENPiwuy53,Seolleim Candle,체험관광,Experience > Programs > Craft > Workshops,1,KOPiwuy53:한국어|ENPiwuy53:영어|JPPiwuy53:일본어|CNPiwuy53:중국어 간체|TCPiwuy53:중국어 번체,5
ENP0chi2z,VOCspa,체험관광,Experience > Programs > Wellness,1,KOP0chi2z:한국어|ENP0chi2z:영어|JPP0chi2z:일본어|CNP0chi2z:중국어 간체|TCP0chi2z:중국어 번체,5
ENPfg2lhj,Colorholic Personal Color Image Studio,체험관광,Experience > Programs > Other > Experiences,1,KOPfg2lhj:한국어|ENPfg2lhj:영어|JPPfg2lhj:일본어|CNPfg2lhj:중국어 간체|TCPfg2lhj:중국어 번체,5
ENPnhju8i,Darakbang,체험관광,Experience > Programs > Traditional > Experience,2,KOPnhju8i:한국어|ENPnhju8i:영어|JPPnhju8i:일본어|CNPnhju8i:중국어 간체|TCPnhju8i:중국어 번체,5
ENP0pzgtj,International Seon Center Templestay,체험관광,Experience > Programs > Temple > Stays,2,KOP0pzgtj:한국어|ENP0pzgtj:영어|JPP0pzgtj:일본어|CNP0pzgtj:중국어 간체|TCP0pzgtj:중국어 번체|RUP0pzgtj:러시아어|MLP0pzgtj:말레이어,7
ENPz0djo8,Print Café Anguk Station Branch,체험관광,Experience > Programs > Other > Experiences,2,KOPz0djo8:한국어|ENPz0djo8:영어|JPPz0djo8:일본어|CNPz0djo8:중국어 간체|TCPz0djo8:중국어 번체,5
ENP0cezb3,Seongsu Self Photo Booth,체험관광,Experience > Programs > Other > Experiences,2,KOP0cezb3:한국어|ENP0cezb3:영어|JPP0cezb3:일본어|CNP0cezb3:중국어 간체|TCP0cezb3:중국어 번체,5
ENPerc3q8,Nabijam Massage Chair Gwanghwamun Signature Branch,체험관광,Experience > Programs > Other > Experiences,2,KOPerc3q8:한국어|ENPerc3q8:영어|JPPerc3q8:일본어|CNPerc3q8:중국어 간체|TCPerc3q8:중국어 번체,5
ENP3kiw23,Shall I Try Meditation Too?,체험관광,Experience > Programs > Temple > Stays,2,KOP3kiw23:한국어|ENP3kiw23:영어|JPP3kiw23:일본어|CNP3kiw23:중국어 간체|TCP3kiw23:중국어 번체,5
ENPil6eky,Lettering Jewelry Lab,체험관광,Experience > Programs > Craft > Workshops,2,KOPil6eky:한국어|ENPil6eky:영어|JPPil6eky:일본어|CNPil6eky:중국어 간체|TCPil6eky:중국어 번체,5
ENPe60s5s,Dillyscent Perfume &amp; Candle Studio,체험관광,Experience > Programs > Other > Experiences,2,KOPe60s5s:한국어|ENPe60s5s:영어|JPPe60s5s:일본어|CNPe60s5s:중국어 간체|TCPe60s5s:중국어 번체,5
ENPfj804w,Studio Cosmos,체험관광,Experience > Programs > Other > Experiences,2,KOPfj804w:한국어|ENPfj804w:영어|JPPfj804w:일본어|CNPfj804w:중국어 간체|TCPfj804w:중국어 번체,5
ENPgu3ezw,Kang Full Cartoon Street Tour,체험관광,Experience > Programs > Other > Experiences,2,KOPgu3ezw:한국어|ENPgu3ezw:영어|JPPgu3ezw:일본어|CNPgu3ezw:중국어 간체|TCPgu3ezw:중국어 번체,5
ENP0jakmu,Park Habio Water Kingdom Water Park &amp; Jjimjil Spa,체험관광,Experience > Programs > Wellness,2,KOP0jakmu:한국어|ENP0jakmu:영어|JPP0jakmu:일본어|CNP0jakmu:중국어 간체|TCP0jakmu:중국어 번체|RUP0jakmu:러시아어|MLP0jakmu:말레이어,7
ENPccgonx,SPA GOGYEOL,체험관광,Experience > Programs > Wellness,2,KOPccgonx:한국어|ENPccgonx:영어|JPPccgonx:일본어|CNPccgonx:중국어 간체|TCPccgonx:중국어 번체,5
ENP8qrjci,Heesum,체험관광,Experience > Programs > Traditional > Experience,2,KOP8qrjci:한국어|ENP8qrjci:영어|JPP8qrjci:일본어|CNP8qrjci:중국어 간체|TCP8qrjci:중국어 번체|RUP8qrjci:러시아어|MLP8qrjci:말레이어,7
ENPpz1oh8,The Bom : Personal Color &amp; Makeup Myeongdong Branch,체험관광,Experience > Programs > Other > Experiences,2,KOPpz1oh8:한국어|ENPpz1oh8:영어|JPPpz1oh8:일본어|CNPpz1oh8:중국어 간체|TCPpz1oh8:중국어 번체,5
ENP8j6kof,Beauty Play Hongdae  Branch,체험관광,Experience > Programs > Other > Experiences,2,KOP8j6kof:한국어|ENP8j6kof:영어|JPP8j6kof:일본어|CNP8j6kof:중국어 간체|TCP8j6kof:중국어 번체,5
ENP4b0nj3,Seoul Seocho Glamping Cheonggye Sanjang (Azure Valley),체험관광,Experience > Programs,2,KOP4b0nj3:한국어|ENP4b0nj3:영어,2
ENP512i62,Bukhansan Dulle Camp,체험관광,Experience > Programs,2,KOP512i62:한국어|ENP512i62:영어,2
ENPk1cyet,BOAN 1942,체험관광,Experience > Programs > Other > Experiences,2,KOPk1cyet:한국어|ENPk1cyet:영어|JPPk1cyet:일본어|CNPk1cyet:중국어 간체|TCPk1cyet:중국어 번체|MLPk1cyet:말레이어,6
ENPpr4e29,Check Grow,체험관광,Experience > Programs > Other > Experiences,2,KOPpr4e29:한국어|ENPpr4e29:영어|JPPpr4e29:일본어|CNPpr4e29:중국어 간체|TCPpr4e29:중국어 번체|MLPpr4e29:말레이어,6
ENP9qf7aa,Hongdae Cafe,체험관광,Experience > Programs,2,KOP9qf7aa:한국어|ENP9qf7aa:영어|JPP9qf7aa:일본어|CNP9qf7aa:중국어 간체|TCP9qf7aa:중국어 번체|MLP9qf7aa:말레이어,6
ENP8bplee,Gangnam Real Shooting Range Songpa Habio Hotel,체험관광,Experience > Programs,3,KOP8bplee:한국어|ENP8bplee:영어|JPP8bplee:일본어|CNP8bplee:중국어 간체|TCP8bplee:중국어 번체,5
ENPi8afi4,SEOUL CULTURE LOUNGE,체험관광,Experience > Programs > Traditional > Experience,3,KOPi8afi4:한국어|ENPi8afi4:영어|JPPi8afi4:일본어|CNPi8afi4:중국어 간체|TCPi8afi4:중국어 번체,5
ENPp8olr5,Arirang House,체험관광,Experience > Programs > Other > Experiences,3,KOPp8olr5:한국어|ENPp8olr5:영어|JPPp8olr5:일본어|CNPp8olr5:중국어 간체|TCPp8olr5:중국어 번체|RUPp8olr5:러시아어|MLPp8olr5:말레이어,7
ENP6lxyy0,Hansik Space E:EUM,체험관광,Experience > Programs > Traditional > Experience,3,KOP6lxyy0:한국어|ENP6lxyy0:영어|JPP6lxyy0:일본어|CNP6lxyy0:중국어 간체|TCP6lxyy0:중국어 번체,5
ENP2ikgt3,Cheyul,체험관광,Experience > Programs > Traditional > Experience,3,KOP2ikgt3:한국어|ENP2ikgt3:영어|RUP2ikgt3:러시아어|MLP2ikgt3:말레이어,4
ENP4rwpvy,Sibeom Sauna,체험관광,Experience > Programs,3,KOP4rwpvy:한국어|ENP4rwpvy:영어|JPP4rwpvy:일본어|CNP4rwpvy:중국어 간체|TCP4rwpvy:중국어 번체,5
ENPmil2we,Maeil Hot Spring,체험관광,Experience > Programs,3,KOPmil2we:한국어|ENPmil2we:영어|JPPmil2we:일본어|CNPmil2we:중국어 간체|TCPmil2we:중국어 번체,5
ENPwi2gw4,Dr.FORHAIR Care Lab,체험관광,Experience > Programs > Wellness,3,KOPwi2gw4:한국어|ENPwi2gw4:영어|JPPwi2gw4:일본어|CNPwi2gw4:중국어 간체|TCPwi2gw4:중국어 번체,5
ENPwdn7lf,World K-POP Center,체험관광,Experience > Programs > Other > Experiences,3,KOPwdn7lf:한국어|ENPwdn7lf:영어|JPPwdn7lf:일본어|CNPwdn7lf:중국어 간체|TCPwdn7lf:중국어 번체,5
ENP75ls3r,Seoul Kimchi Academy,체험관광,Experience > Programs > Traditional > Experience,3,KOP75ls3r:한국어|ENP75ls3r:영어|JPP75ls3r:일본어|CNP75ls3r:중국어 간체|TCP75ls3r:중국어 번체,5
ENPou8ab9,Missmacc Seochon Hanok Studio,체험관광,Experience > Programs > Other > Experiences,3,KOPou8ab9:한국어|ENPou8ab9:영어|JPPou8ab9:일본어|CNPou8ab9:중국어 간체|TCPou8ab9:중국어 번체,5
ENP5dtalk,Adamo Studio,체험관광,Experience > Programs > Industrial > Sites,3,KOP5dtalk:한국어|ENP5dtalk:영어|JPP5dtalk:일본어|CNP5dtalk:중국어 간체|TCP5dtalk:중국어 번체,5
ENP56qewe,Seolwha Hardware,체험관광,Experience > Programs > Industrial > Sites,3,KOP56qewe:한국어|ENP56qewe:영어|JPP56qewe:일본어|CNP56qewe:중국어 간체|TCP56qewe:중국어 번체,5
ENPoflaca,Haksa Billiardsl,체험관광,Experience > Programs > Other > Experiences,3,KOPoflaca:한국어|ENPoflaca:영어|JPPoflaca:일본어|CNPoflaca:중국어 간체|TCPoflaca:중국어 번체,5
ENPoqlgy2,Elburim Tailorshop,체험관광,Experience > Programs > Craft > Workshops,3,KOPoqlgy2:한국어|ENPoqlgy2:영어|JPPoqlgy2:일본어|CNPoqlgy2:중국어 간체|TCPoqlgy2:중국어 번체,5
ENP851vd2,Samyangtang,체험관광,Experience > Programs > Traditional > Experience,3,KOP851vd2:한국어|ENP851vd2:영어|JPP851vd2:일본어|CNP851vd2:중국어 간체|TCP851vd2:중국어 번체,5
ENP1vsos3,Seoul Studio,체험관광,Experience > Programs > Craft > Workshops,3,KOP1vsos3:한국어|ENP1vsos3:영어|JPP1vsos3:일본어|CNP1vsos3:중국어 간체|TCP1vsos3:중국어 번체,5
ENPnel0nx,Sangsindang,체험관광,Experience > Programs > Traditional > Experience,3,KOPnel0nx:한국어|ENPnel0nx:영어|JPPnel0nx:일본어|CNPnel0nx:중국어 간체|TCPnel0nx:중국어 번체,5
ENP3wv0j4,K-pop Recording HEMA studio,체험관광,Experience > Programs > Other > Experiences,3,KOP3wv0j4:한국어|ENP3wv0j4:영어|JPP3wv0j4:일본어|CNP3wv0j4:중국어 간체|TCP3wv0j4:중국어 번체,5
ENP037043,ONDO Studio,체험관광,Experience > Programs > Traditional > Experience,3,KOP037043:한국어|ENP037043:영어|JPP037043:일본어|CNP037043:중국어 간체|TCP037043:중국어 번체|RUP037043:러시아어|MLP037043:말레이어,7
ENP034360,1Million Dance Studio,체험관광,Experience > Programs > Industrial > Sites,4,KOP034360:한국어|ENP034360:영어|JPP034360:일본어|CNP034360:중국어 간체|TCP034360:중국어 번체|RUP034360:러시아어|MLP034360:말레이어,7
ENP034361,Ceradu Ceramics Studio,체험관광,Experience > Programs > Craft > Workshops,4,KOP034361:한국어|ENP034361:영어|JPP034361:일본어|CNP034361:중국어 간체|TCP034361:중국어 번체|RUP034361:러시아어|MLP034361:말레이어,7
ENP028457,The River Marina,체험관광,Experience > Programs > Other > Experiences,4,KOP028457:한국어|ENP028457:영어|JPP028457:일본어|CNP028457:중국어 간체|TCP028457:중국어 번체,5
ENP028036,Bongil Spa Land,체험관광,Experience > Programs > Wellness,4,KOP028036:한국어|ENP028036:영어|JPP028036:일본어|CNP028036:중국어 간체|TCP028036:중국어 번체,5
ENP028035,Woori Yuhwang Spa (Prazen Spa),체험관광,Experience > Programs > Wellness,4,KOP028035:한국어|ENP028035:영어|JPP028035:일본어|CNP028035:중국어 간체|TCP028035:중국어 번체,5
ENP027813,Bukchon Woodwork Workshop,체험관광,Experience > Programs > Craft > Workshops,4,KOP027813:한국어|ENP027813:영어|JPP027813:일본어|CNP027813:중국어 간체|TCP027813:중국어 번체,5
ENP025927,Myung Sin Dang Brush Store,체험관광,Experience > Programs > Craft > Workshops,4,KOP025927:한국어|ENP025927:영어|JPP025927:일본어|CNP025927:중국어 간체|TCP025927:중국어 번체,5
ENP025016,Ahwon Workshop,체험관광,Experience > Programs > Craft > Workshops,4,KOP025016:한국어|ENP025016:영어|JPP025016:일본어|CNP025016:중국어 간체|TCP025016:중국어 번체,5
ENP023564,Seoul AI Hub,체험관광,Experience > Programs > Industrial > Sites,4,KOP023564:한국어|ENP023564:영어|JPP023564:일본어|CNP023564:중국어 간체|TCP023564:중국어 번체,5
ENP023538,Seoul Bio Hub,체험관광,Experience > Programs > Industrial > Sites,4,KOP023538:한국어|ENP023538:영어|JPP023538:일본어|CNP023538:중국어 간체|TCP023538:중국어 번체,5
ENP023571,Seoul Startup Hub,체험관광,Experience > Programs > Industrial > Sites,4,KOP023571:한국어|ENP023571:영어|JPP023571:일본어|CNP023571:중국어 간체|TCP023571:중국어 번체|RUP023571:러시아어,6
ENP024498,Yeong Bin Gwan (The Shilla Seoul),체험관광,Experience > Programs > Wellness,4,KOP024498:한국어|ENP024498:영어|JPP024498:일본어|CNP024498:중국어 간체|TCP024498:중국어 번체,5
ENP023602,Seoul 50 Plus Southern Campus,체험관광,Experience > Programs > Industrial > Sites,4,KOP023602:한국어|ENP023602:영어|JPP023602:일본어|CNP023602:중국어 간체|TCP023602:중국어 번체,5
ENP001459,Rhee Kitae Traditional Kite Workshop,체험관광,Experience > Programs > Craft > Workshops,4,KOP001459:한국어|ENP001459:영어|JPP001459:일본어|CNP001459:중국어 간체|TCP001459:중국어 번체,5
ENP005580,Institution of Natural Dyeing,체험관광,Experience > Programs > Craft > Workshops,4,KOP005580:한국어|ENP005580:영어|JPP005580:일본어|CNP005580:중국어 간체|TCP005580:중국어 번체,5
ENP022047,Space 42,체험관광,Experience > Programs > Industrial > Sites,4,KOP022047:한국어|ENP022047:영어|JPP022047:일본어|CNP022047:중국어 간체|TCP022047:중국어 번체,5
ENP021288,Dynamic Maze,체험관광,Experience > Programs > Other > Experiences,4,KOP021288:한국어|ENP021288:영어|JPP021288:일본어|CNP021288:중국어 간체|TCP021288:중국어 번체,5
ENP019558,Templestay Information Center,체험관광,Experience > Programs > Temple > Stays,4,KOP019558:한국어|ENP019558:영어|JPP019558:일본어|CNP019558:중국어 간체|TCP019558:중국어 번체|RUP019558:러시아어,6
ENP018916,Bukchon Traditional Culture Center,체험관광,Experience > Programs > Traditional > Experience,4,KOP018916:한국어|ENP018916:영어|JPP018916:일본어|CNP018916:중국어 간체|TCP018916:중국어 번체,5
ENP018903,Traditional Wrapping Cloth Workshop,체험관광,Experience > Programs > Craft > Workshops,4,KOP018903:한국어|ENP018903:영어|JPP018903:일본어|CNP018903:중국어 간체|TCP018903:중국어 번체,5
ENP018898,Donglim Knot Workshop,체험관광,Experience > Programs > Craft > Workshops,5,KOP018898:한국어|ENP018898:영어|JPP018898:일본어|CNP018898:중국어 간체|TCP018898:중국어 번체,5
ENP018897,Kum Bak Yeon,체험관광,Experience > Programs > Craft > Workshops,5,KOP018897:한국어|ENP018897:영어|JPP018897:일본어|CNP018897:중국어 간체|TCP018897:중국어 번체,5
ENP018892,Bukchon Dancheong Workshop,체험관광,Experience > Programs > Craft > Workshops,5,KOP018892:한국어|ENP018892:영어|JPP018892:일본어|CNP018892:중국어 간체|TCP018892:중국어 번체,5
ENP018891,Hanji Workshop,체험관광,Experience > Programs > Craft > Workshops,5,KOP018891:한국어|ENP018891:영어|JPP018891:일본어|CNP018891:중국어 간체|TCP018891:중국어 번체,5
ENP015408,Real Kpop Dance,체험관광,Experience > Programs > Industrial > Sites,5,KOP015408:한국어|ENP015408:영어|JPP015408:일본어|CNP015408:중국어 간체|TCP015408:중국어 번체,5
ENP002052,Haneul Mulbit (Traditional Natural Dyeing Laboratory),체험관광,Experience > Programs > Craft > Workshops,5,KOP002052:한국어|ENP002052:영어|JPP002052:일본어|CNP002052:중국어 간체|TCP002052:중국어 번체,5
ENP001422,Seoul Intangible Cultural Heritage Center,체험관광,Experience > Programs > Traditional > Experience,5,KOP001422:한국어|ENP001422:영어|JPP001422:일본어|CNP001422:중국어 간체|TCP001422:중국어 번체,5
ENP009576,Riverside Spa Land,체험관광,Experience > Programs > Wellness,5,KOP009576:한국어|ENP009576:영어|JPP009576:일본어|CNP009576:중국어 간체|TCP009576:중국어 번체,5
ENP009746,Spa Lei,체험관광,Experience > Programs > Wellness,5,KOP009746:한국어|ENP009746:영어|JPP009746:일본어|CNP009746:중국어 간체|TCP009746:중국어 번체,5
ENP011840,O&#039;ngo Food Communications,체험관광,Experience > Programs > Other > Experiences,5,KOP011840:한국어|ENP011840:영어|JPP011840:일본어|CNP011840:중국어 간체|TCP011840:중국어 번체|RUP011840:러시아어,6
ENP011869,Boutique Monaco,체험관광,Experience > Programs > Industrial > Sites,5,KOP011869:한국어|ENP011869:영어|JPP011869:일본어|CNP011869:중국어 간체|TCP011869:중국어 번체,5
ENP012323,Rolling Korea,체험관광,Experience > Programs > Industrial > Sites,5,KOP012323:한국어|ENP012323:영어|JPP012323:일본어|CNP012323:중국어 간체|TCP012323:중국어 번체,5
ENP012592,Korea Traditional Culture Center,체험관광,Experience > Programs > Traditional > Experience,5,KOP012592:한국어|ENP012592:영어|JPP012592:일본어|CNP012592:중국어 간체|TCP012592:중국어 번체|RUP012592:러시아어,6
ENP011314,FNC Entertainment Headquarters,체험관광,Experience > Programs > Industrial > Sites,5,KOP011314:한국어|ENP011314:영어|JPP011314:일본어|CNP011314:중국어 간체|TCP011314:중국어 번체,5
ENP011250,JYP Entertainment Headquarters,체험관광,Experience > Programs > Industrial > Sites,5,KOP011250:한국어|ENP011250:영어|JPP011250:일본어|CNP011250:중국어 간체|TCP011250:중국어 번체,5
ENP011359,C-Jes Entertainment Headquarters,체험관광,Experience > Programs > Industrial > Sites,5,KOP011359:한국어|ENP011359:영어|JPP011359:일본어|CNP011359:중국어 간체|TCP011359:중국어 번체,5
ENP010883,Spa the el,체험관광,Experience > Programs > Wellness,5,KOP010883:한국어|ENP010883:영어|JPP010883:일본어|CNP010883:중국어 간체|TCP010883:중국어 번체,5
ENP010289,Namoo Actors,체험관광,Experience > Programs > Industrial > Sites,5,KOP010289:한국어|ENP010289:영어|JPP010289:일본어|CNP010289:중국어 간체|TCP010289:중국어 번체,5
ENP011180,Seoul Marina  Club &amp; Yacht,체험관광,Experience > Programs > Other > Experiences,5,KOP011180:한국어|ENP011180:영어|JPP011180:일본어|CNP011180:중국어 간체|TCP011180:중국어 번체|RUP011180:러시아어,6
ENP011169,YG Entertainment Headquarters,체험관광,Experience > Programs > Industrial > Sites,5,KOP011169:한국어|ENP011169:영어|JPP011169:일본어|CNP011169:중국어 간체|TCP011169:중국어 번체,5
ENP006364,Ssamziegil Experience Workshop,체험관광,Experience > Programs > Craft > Workshops,6,KOP006364:한국어|ENP006364:영어|JPP006364:일본어|CNP006364:중국어 간체|TCP006364:중국어 번체|RUP006364:러시아어,6
ENP001994,Institute of Korean Royal Cuisine,체험관광,Experience > Programs > Traditional > Experience,6,KOP001994:한국어|ENP001994:영어|JPP001994:일본어|CNP001994:중국어 간체|TCP001994:중국어 번체|RUP001994:러시아어|MLP001994:말레이어,7
ENP001544,Yejiwon,체험관광,Experience > Programs > Traditional > Experience,6,KOP001544:한국어|ENP001544:영어|JPP001544:일본어|CNP001544:중국어 간체|TCP001544:중국어 번체,5
ENP001441,Space C,체험관광,Experience > Programs > Industrial > Sites,6,KOP001441:한국어|ENP001441:영어|JPP001441:일본어|CNP001441:중국어 간체|TCP001441:중국어 번체|RUP001441:러시아어,6
ENPhsonp9,2026 제51회 정선아리랑제,축제/공연/행사,Festivals/Events/Performances,1,KOPhsonp9:한국어|ENPhsonp9:영어,2
ENPaecwqv,HELLO SEOUL (The Hyundai Seoul Shopping Festa),축제/공연/행사,Festivals/Events/Performances,1,KOPaecwqv:한국어|ENPaecwqv:영어|JPPaecwqv:일본어|CNPaecwqv:중국어 간체|TCPaecwqv:중국어 번체|RUPaecwqv:러시아어,6
ENPnkdu41,K-LOCAL BREW JOURNEY 2026: Moving Brewery by Tongyeong-ae Onna,축제/공연/행사,Festivals/Events/Performances,1,KOPnkdu41:한국어|ENPnkdu41:영어|JPPnkdu41:일본어|CNPnkdu41:중국어 간체|TCPnkdu41:중국어 번체|RUPnkdu41:러시아어,6
ENP8m1ey6,SEOUL LIGHT DDP 2026 Autumn,축제/공연/행사,Festivals/Events/Performances,1,KOP8m1ey6:한국어|ENP8m1ey6:영어|JPP8m1ey6:일본어|CNP8m1ey6:중국어 간체|TCP8m1ey6:중국어 번체|RUP8m1ey6:러시아어,6
ENPijtjsv,The 18th Gangneung Coffee Festival,축제/공연/행사,Festivals/Events/Performances,1,KOPijtjsv:한국어|ENPijtjsv:영어,2
ENP92ex3j,2026 Andong Maskdance Festival,축제/공연/행사,Festivals/Events/Performances,1,KOP92ex3j:한국어|ENP92ex3j:영어,2
ENP3s3hrx,2026 World Island Exhibition Yeosu Korea,축제/공연/행사,Festivals/Events/Performances,1,KOP3s3hrx:한국어|ENP3s3hrx:영어,2
ENPptkfz1,2027 S/S Seoul Fashion Week,축제/공연/행사,Festivals/Events/Performances,1,KOPptkfz1:한국어|ENPptkfz1:영어|JPPptkfz1:일본어|CNPptkfz1:중국어 간체|TCPptkfz1:중국어 번체|RUPptkfz1:러시아어,6
ENPun82v3,Seoul International Fireworks Festival 2026 with Hanwha,축제/공연/행사,Festivals/Events/Performances,1,KOPun82v3:한국어|ENPun82v3:영어|JPPun82v3:일본어|CNPun82v3:중국어 간체|TCPun82v3:중국어 번체|RUPun82v3:러시아어,6
ENPwqkvqs,2026 Seoul International Writers&#039; Festival,축제/공연/행사,Festivals/Events/Performances,1,KOPwqkvqs:한국어|ENPwqkvqs:영어|JPPwqkvqs:일본어|CNPwqkvqs:중국어 간체|TCPwqkvqs:중국어 번체|RUPwqkvqs:러시아어,6
ENPd2rqmc,2026 DDP Design Book Fair,축제/공연/행사,Festivals/Events/Performances,1,KOPd2rqmc:한국어|ENPd2rqmc:영어|JPPd2rqmc:일본어|CNPd2rqmc:중국어 간체|TCPd2rqmc:중국어 번체|RUPd2rqmc:러시아어,6
ENPbr2z6a,Design Miami Seoul 2026,축제/공연/행사,Festivals/Events/Performances,1,KOPbr2z6a:한국어|ENPbr2z6a:영어|JPPbr2z6a:일본어|CNPbr2z6a:중국어 간체|TCPbr2z6a:중국어 번체|RUPbr2z6a:러시아어,6
ENP6t7xg8,Beautiful Life in Seoul (BLS),축제/공연/행사,Festivals/Events/Performances,1,KOP6t7xg8:한국어|ENP6t7xg8:영어|JPP6t7xg8:일본어|CNP6t7xg8:중국어 간체|TCP6t7xg8:중국어 번체|RUP6t7xg8:러시아어,6
ENPjm3hw1,2026 SEOUL AUTUMN FESTA,축제/공연/행사,Festivals/Events/Performances,1,KOPjm3hw1:한국어|ENPjm3hw1:영어|JPPjm3hw1:일본어|CNPjm3hw1:중국어 간체|TCPjm3hw1:중국어 번체|RUPjm3hw1:러시아어,6
ENPne4zl0,SEOCHO HAN RIVER ART TOUR,축제/공연/행사,Festivals/Events/Performances,1,KOPne4zl0:한국어|ENPne4zl0:영어|JPPne4zl0:일본어|CNPne4zl0:중국어 간체|TCPne4zl0:중국어 번체|RUPne4zl0:러시아어,6
ENPqn2nrl,DDP Vacance : Music Festival,축제/공연/행사,Festivals/Events/Performances,1,KOPqn2nrl:한국어|ENPqn2nrl:영어|JPPqn2nrl:일본어|CNPqn2nrl:중국어 간체|TCPqn2nrl:중국어 번체|RUPqn2nrl:러시아어,6
ENPz4etr5,2026 Seoul Summer Beach,축제/공연/행사,Festivals/Events/Performances,1,KOPz4etr5:한국어|ENPz4etr5:영어|JPPz4etr5:일본어|CNPz4etr5:중국어 간체|TCPz4etr5:중국어 번체|RUPz4etr5:러시아어,6
ENPl5u8ht,The 3rd Uiseong Summer Music Festa,축제/공연/행사,Festivals/Events/Performances,1,KOPl5u8ht:한국어|ENPl5u8ht:영어,2
ENPgnazd1,The 28th Bonghwa Sweetfish Festival,축제/공연/행사,Festivals/Events/Performances,1,KOPgnazd1:한국어|ENPgnazd1:영어,2
ENPu7606j,Yongsan Art Hall,축제/공연/행사,Festivals/Events/Performances > Performances,1,KOPu7606j:한국어|ENPu7606j:영어|JPPu7606j:일본어|CNPu7606j:중국어 간체|TCPu7606j:중국어 번체|RUPu7606j:러시아어|MLPu7606j:말레이어,7
ENPocnv9w,2026 Yeowoorak Festival,축제/공연/행사,Festivals/Events/Performances,2,KOPocnv9w:한국어|ENPocnv9w:영어|JPPocnv9w:일본어|CNPocnv9w:중국어 간체|TCPocnv9w:중국어 번체|RUPocnv9w:러시아어,6
ENP4p11lw,Local Trip Gourmet Pop-UP,축제/공연/행사,Festivals/Events/Performances,2,KOP4p11lw:한국어|ENP4p11lw:영어|JPP4p11lw:일본어|CNP4p11lw:중국어 간체|TCP4p11lw:중국어 번체|RUP4p11lw:러시아어,6
ENPhhpmd3,2026 Namsan Summer Festival,축제/공연/행사,Festivals/Events/Performances,2,KOPhhpmd3:한국어|ENPhhpmd3:영어|JPPhhpmd3:일본어|CNPhhpmd3:중국어 간체|TCPhhpmd3:중국어 번체|RUPhhpmd3:러시아어,6
ENPzqncck,2026 Donhwamun Traditional Culture Festa,축제/공연/행사,Festivals/Events/Performances,2,KOPzqncck:한국어|ENPzqncck:영어|JPPzqncck:일본어|CNPzqncck:중국어 간체|TCPzqncck:중국어 번체|RUPzqncck:러시아어,6
ENP9byb55,GAME AiCON Seoul 2026,축제/공연/행사,Festivals/Events/Performances,2,KOP9byb55:한국어|ENP9byb55:영어,2
ENPif3oia,2026 Seoul Tourism Food Festival (Picnic on the Bridge),축제/공연/행사,Festivals/Events/Performances,2,KOPif3oia:한국어|ENPif3oia:영어|JPPif3oia:일본어|CNPif3oia:중국어 간체|TCPif3oia:중국어 번체|RUPif3oia:러시아어,6
ENP8s9qmk,2026 N Seoul Tower Global Night Walk,축제/공연/행사,Festivals/Events/Performances,2,KOP8s9qmk:한국어|ENP8s9qmk:영어|JPP8s9qmk:일본어|CNP8s9qmk:중국어 간체|TCP8s9qmk:중국어 번체|RUP8s9qmk:러시아어,6
ENPd5mmfg,2026 Seoul Taekwondo Performance,축제/공연/행사,Festivals/Events/Performances,2,KOPd5mmfg:한국어|ENPd5mmfg:영어|JPPd5mmfg:일본어|CNPd5mmfg:중국어 간체|TCPd5mmfg:중국어 번체|RUPd5mmfg:러시아어,6
ENPcrjas7,Pokemon Secret Forest,축제/공연/행사,Festivals/Events/Performances,2,KOPcrjas7:한국어|ENPcrjas7:영어|JPPcrjas7:일본어|CNPcrjas7:중국어 간체|TCPcrjas7:중국어 번체|RUPcrjas7:러시아어,6
ENPgldnt3,2026 The 18th Jungnang Seoul Rose Festival,축제/공연/행사,Festivals/Events/Performances,2,KOPgldnt3:한국어|ENPgldnt3:영어,2
ENPtliyds,2026 Central Asia Spring Festival,축제/공연/행사,Festivals/Events/Performances,2,KOPtliyds:한국어|ENPtliyds:영어|JPPtliyds:일본어|CNPtliyds:중국어 간체|TCPtliyds:중국어 번체|RUPtliyds:러시아어,6
ENPoj0mnj,2026 Changdeokgung Moonlight Tour,축제/공연/행사,Festivals/Events/Performances,2,KOPoj0mnj:한국어|ENPoj0mnj:영어|JPPoj0mnj:일본어|CNPoj0mnj:중국어 간체|TCPoj0mnj:중국어 번체|RUPoj0mnj:러시아어,6
ENP3odb31,2026 The 3rd Garak Mall National Bakery Pride,축제/공연/행사,Festivals/Events/Performances,2,KOP3odb31:한국어|ENP3odb31:영어|JPP3odb31:일본어|CNP3odb31:중국어 간체|TCP3odb31:중국어 번체|RUP3odb31:러시아어,6
ENPljv9ur,Seoul Illustration Fair V.21,축제/공연/행사,Festivals/Events/Performances,2,KOPljv9ur:한국어|ENPljv9ur:영어|JPPljv9ur:일본어|CNPljv9ur:중국어 간체|TCPljv9ur:중국어 번체|RUPljv9ur:러시아어,6
ENP21bumo,Hangang Peulpeul Adventure,축제/공연/행사,Festivals/Events/Performances,2,KOP21bumo:한국어|ENP21bumo:영어|JPP21bumo:일본어|CNP21bumo:중국어 간체|TCP21bumo:중국어 번체|RUP21bumo:러시아어,6
ENP47mbp7,2026 Seoul International Garden Show,축제/공연/행사,Festivals/Events/Performances,2,KOP47mbp7:한국어|ENP47mbp7:영어|JPP47mbp7:일본어|CNP47mbp7:중국어 간체|TCP47mbp7:중국어 번체|RUP47mbp7:러시아어,6
ENPo2z8p6,DDP Children&#039;s Design Festival : DDP Land,축제/공연/행사,Festivals/Events/Performances,2,KOPo2z8p6:한국어|ENPo2z8p6:영어|JPPo2z8p6:일본어|CNPo2z8p6:중국어 간체|TCPo2z8p6:중국어 번체|RUPo2z8p6:러시아어,6
ENPvro3vg,2026 Seoul Outdoor Library,축제/공연/행사,Festivals/Events/Performances,2,KOPvro3vg:한국어|ENPvro3vg:영어|JPPvro3vg:일본어|CNPvro3vg:중국어 간체|TCPvro3vg:중국어 번체|RUPvro3vg:러시아어,6
ENPw5jg9e,2026 Namsangol Traditional Experience : Artist&#039;s Time,축제/공연/행사,Festivals/Events/Performances,2,KOPw5jg9e:한국어|ENPw5jg9e:영어|JPPw5jg9e:일본어|CNPw5jg9e:중국어 간체|TCPw5jg9e:중국어 번체|RUPw5jg9e:러시아어,6
ENPdbivac,The 3rd MY PACE Hangang Triathlon Festival,축제/공연/행사,Festivals/Events/Performances,2,KOPdbivac:한국어|ENPdbivac:영어|JPPdbivac:일본어|CNPdbivac:중국어 간체|TCPdbivac:중국어 번체|RUPdbivac:러시아어,6
ENPziwyow,2026 Seoul World City Culture Festival,축제/공연/행사,Festivals/Events/Performances,3,KOPziwyow:한국어|ENPziwyow:영어|JPPziwyow:일본어|CNPziwyow:중국어 간체|TCPziwyow:중국어 번체|RUPziwyow:러시아어,6
ENP24j3ps,2026 Lotus Lantern Festival (Yeondeunghoe),축제/공연/행사,Festivals/Events/Performances,3,KOP24j3ps:한국어|ENP24j3ps:영어|JPP24j3ps:일본어|CNP24j3ps:중국어 간체|TCP24j3ps:중국어 번체,5
ENPuh1x78,Seoul Spring Festival 2026,축제/공연/행사,Festivals/Events/Performances,3,KOPuh1x78:한국어|ENPuh1x78:영어|JPPuh1x78:일본어|CNPuh1x78:중국어 간체|TCPuh1x78:중국어 번체,5
ENPcfxsrm,2026 MY PACE MORNING,축제/공연/행사,Festivals/Events/Performances,3,KOPcfxsrm:한국어|ENPcfxsrm:영어|JPPcfxsrm:일본어|CNPcfxsrm:중국어 간체|TCPcfxsrm:중국어 번체,5
ENPmrj46s,Seoul Light DDP 2025 Winter,축제/공연/행사,Festivals/Events/Performances,3,KOPmrj46s:한국어|ENPmrj46s:영어|JPPmrj46s:일본어|CNPmrj46s:중국어 간체|TCPmrj46s:중국어 번체,5
ENPuf5jqb,2025-2026 Seoul Plaza Ice Skating Rink,축제/공연/행사,Festivals/Events/Performances,3,KOPuf5jqb:한국어|ENPuf5jqb:영어|JPPuf5jqb:일본어|CNPuf5jqb:중국어 간체|TCPuf5jqb:중국어 번체,5
ENPjiue7j,K-BRAND GLOW FACTORY,축제/공연/행사,Festivals/Events/Performances,3,KOPjiue7j:한국어|ENPjiue7j:영어|JPPjiue7j:일본어|CNPjiue7j:중국어 간체|TCPjiue7j:중국어 번체,5
ENPl2d30r,2025 Gangnam Media Winter Festa,축제/공연/행사,Festivals/Events/Performances,3,KOPl2d30r:한국어|ENPl2d30r:영어|JPPl2d30r:일본어|CNPl2d30r:중국어 간체|TCPl2d30r:중국어 번체|RUPl2d30r:러시아어,6
ENP91xruo,K-Pop Festival Night,축제/공연/행사,Festivals/Events/Performances,3,KOP91xruo:한국어|ENP91xruo:영어|JPP91xruo:일본어|CNP91xruo:중국어 간체|TCP91xruo:중국어 번체,5
ENPublb1r,K-Pop Demon Hunters Seoul Official Pop-up,축제/공연/행사,Festivals/Events/Performances,3,KOPublb1r:한국어|ENPublb1r:영어|JPPublb1r:일본어|CNPublb1r:중국어 간체|TCPublb1r:중국어 번체|RUPublb1r:러시아어,6
ENP5p75y1,2025 BUKCHON HUNTERS TOUR,축제/공연/행사,Festivals/Events/Performances,3,KOP5p75y1:한국어|ENP5p75y1:영어|JPP5p75y1:일본어|CNP5p75y1:중국어 간체|TCP5p75y1:중국어 번체|RUP5p75y1:러시아어,6
ENPel0vjp,Seoul Hiking Week 2025,축제/공연/행사,Festivals/Events/Performances,3,KOPel0vjp:한국어|ENPel0vjp:영어|CNPel0vjp:중국어 간체|TCPel0vjp:중국어 번체,4
ENP90yndo,2025 SEOUL MUSIC FESTIVAL,축제/공연/행사,Festivals/Events/Performances,3,KOP90yndo:한국어|ENP90yndo:영어,2
ENPe517qj,SEOUL TOUR MARBLE,축제/공연/행사,Festivals/Events/Performances,3,KOPe517qj:한국어|ENPe517qj:영어|JPPe517qj:일본어|CNPe517qj:중국어 간체|TCPe517qj:중국어 번체,5
ENPlyiwjs,2025 Gwanghwamun Market,축제/공연/행사,Festivals/Events/Performances,3,KOPlyiwjs:한국어|ENPlyiwjs:영어|JPPlyiwjs:일본어|CNPlyiwjs:중국어 간체|TCPlyiwjs:중국어 번체|RUPlyiwjs:러시아어,6
ENP5bs8hr,2025 Seoul Lantern Festival,축제/공연/행사,Festivals/Events/Performances,3,KOP5bs8hr:한국어|ENP5bs8hr:영어|JPP5bs8hr:일본어|CNP5bs8hr:중국어 간체|TCP5bs8hr:중국어 번체|RUP5bs8hr:러시아어,6
ENPi27lxi,2025 Korean Rhythm Festival &lt;Jangdan Yuhee&gt;,축제/공연/행사,Festivals/Events/Performances,3,KOPi27lxi:한국어|ENPi27lxi:영어|JPPi27lxi:일본어|CNPi27lxi:중국어 간체|TCPi27lxi:중국어 번체,5
ENPju3txc,Ddong-Kkang-Aji Mejoo Pop-up Store &lt;Mejoo’s Front Yard Farm&gt;,축제/공연/행사,Festivals/Events/Performances,3,KOPju3txc:한국어|ENPju3txc:영어|JPPju3txc:일본어|CNPju3txc:중국어 간체|TCPju3txc:중국어 번체,5
ENPxzfzdq,Seoul Design Week x Seoul Design Festival – SEOUL DESIGN SPOT,축제/공연/행사,Festivals/Events/Performances,3,KOPxzfzdq:한국어|ENPxzfzdq:영어|JPPxzfzdq:일본어|CNPxzfzdq:중국어 간체|TCPxzfzdq:중국어 번체,5
ENPabat1g,2025 Seoul Beauty Travel Week,축제/공연/행사,Festivals/Events/Performances,3,KOPabat1g:한국어|ENPabat1g:영어|JPPabat1g:일본어|CNPabat1g:중국어 간체|TCPabat1g:중국어 번체|RUPabat1g:러시아어,6
ENPd4iz7q,Visit Seoul Club,축제/공연/행사,Festivals/Events/Performances,4,KOPd4iz7q:한국어|ENPd4iz7q:영어,2
ENPo8zg3e,2025 Seoul Light: Hangang Bitseom Festival,축제/공연/행사,Festivals/Events/Performances,4,KOPo8zg3e:한국어|ENPo8zg3e:영어,2
ENPowahwd,2025 Seoul Autumn Festa Opening Performance,축제/공연/행사,Festivals/Events/Performances,4,KOPowahwd:한국어|ENPowahwd:영어,2
ENP7oh7m6,Seoul Street Arts Festival 2025,축제/공연/행사,Festivals/Events/Performances,4,KOP7oh7m6:한국어|ENP7oh7m6:영어,2
ENPiypjiu,2025 Seoul International Fireworks Festival,축제/공연/행사,Festivals/Events/Performances,4,KOPiypjiu:한국어|ENPiypjiu:영어,2
ENP7dhgbq,DDP Autumn Festival: Design Lounge,축제/공연/행사,Festivals/Events/Performances,4,KOP7dhgbq:한국어|ENP7dhgbq:영어,2
ENPwouw6k,The 2nd Garak Oktoberfest Gourmet Night,축제/공연/행사,Festivals/Events/Performances,4,KOPwouw6k:한국어|ENPwouw6k:영어|JPPwouw6k:일본어|CNPwouw6k:중국어 간체|TCPwouw6k:중국어 번체|RUPwouw6k:러시아어,6
ENPupk10b,2025 Seoul Fashion Festa,축제/공연/행사,Festivals/Events/Performances,4,KOPupk10b:한국어|ENPupk10b:영어|JPPupk10b:일본어|CNPupk10b:중국어 간체|TCPupk10b:중국어 번체,5
ENPli8otb,Seoul Blossom,축제/공연/행사,Festivals/Events/Performances,4,KOPli8otb:한국어|ENPli8otb:영어|JPPli8otb:일본어|CNPli8otb:중국어 간체|TCPli8otb:중국어 번체,5
ENP5buaxv,2025 Seoul Hunters Festival,축제/공연/행사,Festivals/Events/Performances,4,KOP5buaxv:한국어|ENP5buaxv:영어,2
ENP7o2zqn,Global Art &amp; Tech Festival: FuturaCanvas 2025,축제/공연/행사,Festivals/Events/Performances,4,KOP7o2zqn:한국어|ENP7o2zqn:영어|JPP7o2zqn:일본어|CNP7o2zqn:중국어 간체|TCP7o2zqn:중국어 번체|RUP7o2zqn:러시아어,6
ENPm9xt2z,2025 SEOUL EXTREME SPORTS FESTIVAL,축제/공연/행사,Festivals/Events/Performances,4,KOPm9xt2z:한국어|ENPm9xt2z:영어,2
ENPrgdodv,Local Trip Thu-Fri-Sat,축제/공연/행사,Festivals/Events/Performances,4,KOPrgdodv:한국어|ENPrgdodv:영어|JPPrgdodv:일본어|CNPrgdodv:중국어 간체|TCPrgdodv:중국어 번체|RUPrgdodv:러시아어,6
ENPpw022t,2025 Cheonho Bicycle Street Autumn Breeze Riding Challenge,축제/공연/행사,Festivals/Events/Performances,4,KOPpw022t:한국어|ENPpw022t:영어|JPPpw022t:일본어|CNPpw022t:중국어 간체|TCPpw022t:중국어 번체,5
ENPmq7d4n,Welcome All Itaewon : On-Stage,축제/공연/행사,Festivals/Events/Performances,4,KOPmq7d4n:한국어|ENPmq7d4n:영어|JPPmq7d4n:일본어|CNPmq7d4n:중국어 간체|TCPmq7d4n:중국어 번체,5
ENP9rin2d,2025 Everyone’s Sejong Summer Festival,축제/공연/행사,Festivals/Events/Performances,4,KOP9rin2d:한국어|ENP9rin2d:영어|JPP9rin2d:일본어|CNP9rin2d:중국어 간체|TCP9rin2d:중국어 번체,5
ENPuxr3lm,2025 Chemi Street Pop-up,축제/공연/행사,Festivals/Events/Performances,4,KOPuxr3lm:한국어|ENPuxr3lm:영어|JPPuxr3lm:일본어|CNPuxr3lm:중국어 간체|TCPuxr3lm:중국어 번체,5
ENP5cs9sl,Namsangol Traditional wedding event : Enduring Love &lt;Baeknyeonhaero&gt;,축제/공연/행사,Festivals/Events/Performances,4,KOP5cs9sl:한국어|ENP5cs9sl:영어|JPP5cs9sl:일본어|CNP5cs9sl:중국어 간체|TCP5cs9sl:중국어 번체,5
ENPqugxsa,Literature Week 2025  : Help-Reach Out,축제/공연/행사,Festivals/Events/Performances,4,KOPqugxsa:한국어|ENPqugxsa:영어|JPPqugxsa:일본어|CNPqugxsa:중국어 간체|TCPqugxsa:중국어 번체,5
ENP18eliy,DDP Architecture Tour,축제/공연/행사,Festivals/Events/Performances,4,KOP18eliy:한국어|ENP18eliy:영어|JPP18eliy:일본어|CNP18eliy:중국어 간체|TCP18eliy:중국어 번체,5
ENP8x43k3,Seoul Light DDP 2025 Summer,축제/공연/행사,Festivals/Events/Performances,5,KOP8x43k3:한국어|ENP8x43k3:영어|JPP8x43k3:일본어|CNP8x43k3:중국어 간체|TCP8x43k3:중국어 번체|RUP8x43k3:러시아어,6
ENP6i1745,DDP Summer Festival: Design Holiday,축제/공연/행사,Festivals/Events/Performances,5,KOP6i1745:한국어|ENP6i1745:영어|JPP6i1745:일본어|CNP6i1745:중국어 간체|TCP6i1745:중국어 번체,5
ENPjyzo8y,22nd Experimental Film &amp; Video Festival in Seoul EXIS 2025,축제/공연/행사,Festivals/Events/Performances,5,KOPjyzo8y:한국어|ENPjyzo8y:영어|JPPjyzo8y:일본어|CNPjyzo8y:중국어 간체|TCPjyzo8y:중국어 번체,5
ENPp76rr1,Seoul Outdoor Library: Clear Stream for Reading,축제/공연/행사,Festivals/Events/Performances,5,KOPp76rr1:한국어|ENPp76rr1:영어|JPPp76rr1:일본어|CNPp76rr1:중국어 간체|TCPp76rr1:중국어 번체|RUPp76rr1:러시아어,6
ENPb3jzj8,2025 Seoul Summer Beach,축제/공연/행사,Festivals/Events/Performances,5,KOPb3jzj8:한국어|ENPb3jzj8:영어|JPPb3jzj8:일본어|CNPb3jzj8:중국어 간체|TCPb3jzj8:중국어 번체,5
ENPsi8g44,2025 Seoul International Writers’ Festival &lt;More Than What Meets the Eye (   )&gt;,축제/공연/행사,Festivals/Events/Performances,5,KOPsi8g44:한국어|ENPsi8g44:영어|JPPsi8g44:일본어|CNPsi8g44:중국어 간체|TCPsi8g44:중국어 번체,5
ENP5up1as,2025 K-Content Seoul Travel Week : Find the Soul Spot,축제/공연/행사,Festivals/Events/Performances,5,KOP5up1as:한국어|ENP5up1as:영어|JPP5up1as:일본어|CNP5up1as:중국어 간체|TCP5up1as:중국어 번체,5
ENPwku0fa,2025 Andong Maskdance Festival,축제/공연/행사,Festivals/Events/Performances,5,KOPwku0fa:한국어|ENPwku0fa:영어,2
ENPcxbf7c,28th Boryeong Mud Festival,축제/공연/행사,Festivals/Events/Performances,5,KOPcxbf7c:한국어|ENPcxbf7c:영어,2
ENP1hx4ns,18th World Taekwondo Culture Expo,축제/공연/행사,Festivals/Events/Performances,5,KOP1hx4ns:한국어|ENP1hx4ns:영어,2
ENPwo6zsy,2025 Seoul International Garden Show,축제/공연/행사,Festivals/Events/Performances,5,KOPwo6zsy:한국어|ENPwo6zsy:영어|JPPwo6zsy:일본어|CNPwo6zsy:중국어 간체|TCPwo6zsy:중국어 번체|RUPwo6zsy:러시아어,6
ENPwna114,Garak Mall Outdoor Library Garak Seoga,축제/공연/행사,Festivals/Events/Performances,5,KOPwna114:한국어|ENPwna114:영어|JPPwna114:일본어|CNPwna114:중국어 간체|TCPwna114:중국어 번체,5
ENPs42gr9,Garak Mall Outdoor Concert Garak Table Concert,축제/공연/행사,Festivals/Events/Performances,5,KOPs42gr9:한국어|ENPs42gr9:영어|JPPs42gr9:일본어|CNPs42gr9:중국어 간체|TCPs42gr9:중국어 번체,5
ENPdrtub1,Pungnap Sculpture Festival,축제/공연/행사,Festivals/Events/Performances,5,KOPdrtub1:한국어|ENPdrtub1:영어|JPPdrtub1:일본어|CNPdrtub1:중국어 간체|TCPdrtub1:중국어 번체,5
ENPbmsovc,Seoul Gugak Festival,축제/공연/행사,Festivals/Events/Performances,5,KOPbmsovc:한국어|ENPbmsovc:영어,2
ENPw9m49o,2025  Traditional Wedding Reenactment,축제/공연/행사,Festivals/Events/Performances,5,KOPw9m49o:한국어|ENPw9m49o:영어,2
ENPbnvhzx,Hohojae Seoul,축제/공연/행사,Festivals/Events/Performances > Events > Exhibitions,5,KOPbnvhzx:한국어|ENPbnvhzx:영어|JPPbnvhzx:일본어|CNPbnvhzx:중국어 간체|TCPbnvhzx:중국어 번체,5
ENP7mh35y,2025 Seoul Tourism Food Festival (Picnic on the Bridge),축제/공연/행사,Festivals/Events/Performances,5,KOP7mh35y:한국어|ENP7mh35y:영어,2
ENPt7q4fa,Seoul Summer Vibe,축제/공연/행사,Festivals/Events/Performances,5,KOPt7q4fa:한국어|ENPt7q4fa:영어|JPPt7q4fa:일본어|CNPt7q4fa:중국어 간체|TCPt7q4fa:중국어 번체,5
ENP67bnxw,K-Fashion &amp; Beauty Coaching Station,축제/공연/행사,Festivals/Events/Performances,5,KOP67bnxw:한국어|ENP67bnxw:영어|JPP67bnxw:일본어|CNP67bnxw:중국어 간체|TCP67bnxw:중국어 번체,5
ENPvfdcgs,2025 Seoul Taekwondo Performance,축제/공연/행사,Festivals/Events/Performances,6,KOPvfdcgs:한국어|ENPvfdcgs:영어|JPPvfdcgs:일본어|CNPvfdcgs:중국어 간체|TCPvfdcgs:중국어 번체|RUPvfdcgs:러시아어,6
ENP2l80dq,Seoul Friendship Festival 2025,축제/공연/행사,Festivals/Events/Performances,6,KOP2l80dq:한국어|ENP2l80dq:영어|JPP2l80dq:일본어|CNP2l80dq:중국어 간체|TCP2l80dq:중국어 번체,5
ENPperudz,2025 SEOUL SPRING FESTA,축제/공연/행사,Festivals/Events/Performances,6,KOPperudz:한국어|ENPperudz:영어|JPPperudz:일본어|CNPperudz:중국어 간체|TCPperudz:중국어 번체,5
ENPrjv9l2,17th Jungnang  Seoul Rose Festival,축제/공연/행사,Festivals/Events/Performances > Festivals,6,KOPrjv9l2:한국어|ENPrjv9l2:영어|JPPrjv9l2:일본어|CNPrjv9l2:중국어 간체|TCPrjv9l2:중국어 번체|RUPrjv9l2:러시아어,6
ENPeqs95r,URBAN BREAK 2025,축제/공연/행사,Festivals/Events/Performances,6,KOPeqs95r:한국어|ENPeqs95r:영어|JPPeqs95r:일본어|CNPeqs95r:중국어 간체|TCPeqs95r:중국어 번체,5
ENPvvwvnl,2025 Seoul Botanic Park Heabom Festival,축제/공연/행사,Festivals/Events/Performances,6,KOPvvwvnl:한국어|ENPvvwvnl:영어|JPPvvwvnl:일본어|CNPvvwvnl:중국어 간체|TCPvvwvnl:중국어 번체,5
ENPvks6fk,2nd National Bread Pride Festival,축제/공연/행사,Festivals/Events/Performances,6,KOPvks6fk:한국어|ENPvks6fk:영어|JPPvks6fk:일본어|CNPvks6fk:중국어 간체|TCPvks6fk:중국어 번체,5
ENPosw1ub,Hangang Night View Tour,축제/공연/행사,Festivals/Events/Performances,6,KOPosw1ub:한국어|ENPosw1ub:영어|JPPosw1ub:일본어|CNPosw1ub:중국어 간체|TCPosw1ub:중국어 번체,5
ENPvaxs41,DDP Spring Festival - Design Theme Park,축제/공연/행사,Festivals/Events/Performances,6,KOPvaxs41:한국어|ENPvaxs41:영어|JPPvaxs41:일본어|CNPvaxs41:중국어 간체|TCPvaxs41:중국어 번체,5
ENPh9mvb4,2025 Culture-flowing Nodeul Art Island &lt;Nodeul Sunset Stage: K-Beat on a Spring Day&gt;,축제/공연/행사,Festivals/Events/Performances,6,KOPh9mvb4:한국어|ENPh9mvb4:영어|JPPh9mvb4:일본어|CNPh9mvb4:중국어 간체|TCPh9mvb4:중국어 번체,5
ENPt9arya,2025 Hangang Drone Light Show,축제/공연/행사,Festivals/Events/Performances,6,KOPt9arya:한국어|ENPt9arya:영어|JPPt9arya:일본어|CNPt9arya:중국어 간체|TCPt9arya:중국어 번체,5
ENPi94zwj,2025 Yeongdeungpo Yeouido Spring Flower Festival,축제/공연/행사,Festivals/Events/Performances,6,KOPi94zwj:한국어|ENPi94zwj:영어|JPPi94zwj:일본어|CNPi94zwj:중국어 간체|TCPi94zwj:중국어 번체,5
ENPvw7jhb,2025 Yangjaecheon Cherry Blossom Lantern Festival,축제/공연/행사,Festivals/Events/Performances,6,KOPvw7jhb:한국어|ENPvw7jhb:영어|JPPvw7jhb:일본어|CNPvw7jhb:중국어 간체|TCPvw7jhb:중국어 번체,5
ENPgo8tq8,Seoul Garden Festa,축제/공연/행사,Festivals/Events/Performances,6,KOPgo8tq8:한국어|ENPgo8tq8:영어|JPPgo8tq8:일본어|CNPgo8tq8:중국어 간체|TCPgo8tq8:중국어 번체,5
ENPwray9z,The 7th Korea International Beer Expo (KIBEX 2025),축제/공연/행사,Festivals/Events/Performances,6,KOPwray9z:한국어|ENPwray9z:영어|JPPwray9z:일본어|CNPwray9z:중국어 간체|TCPwray9z:중국어 번체,5
ENPj691jr,2025 Cheonho Bicycle Street Cherry Blossom Riding Challenge,축제/공연/행사,Festivals/Events/Performances,6,KOPj691jr:한국어|ENPj691jr:영어|JPPj691jr:일본어|CNPj691jr:중국어 간체|TCPj691jr:중국어 번체,5
ENPqxfa1a,2025 Seoul AI Festa,축제/공연/행사,Festivals/Events/Performances,6,KOPqxfa1a:한국어|ENPqxfa1a:영어,2
ENP1x90yb,The 2ND MY PACE Hangang Triathlon Festival,축제/공연/행사,Festivals/Events/Performances,6,KOP1x90yb:한국어|ENP1x90yb:영어|JPP1x90yb:일본어,3
ENP0f1okn,2024 Seoul Plaza Ice Skating Rink,축제/공연/행사,Festivals/Events/Performances,6,KOP0f1okn:한국어|ENP0f1okn:영어|JPP0f1okn:일본어|CNP0f1okn:중국어 간체|TCP0f1okn:중국어 번체,5
ENPxn55dm,Gwanak Starlight Walk,축제/공연/행사,Festivals/Events/Performances,6,KOPxn55dm:한국어|ENPxn55dm:영어|JPPxn55dm:일본어|CNPxn55dm:중국어 간체|TCPxn55dm:중국어 번체,5
ENPa6e8w5,2024 Christmas Wonderful Showtime,축제/공연/행사,Festivals/Events/Performances,7,KOPa6e8w5:한국어|ENPa6e8w5:영어|JPPa6e8w5:일본어|CNPa6e8w5:중국어 간체|TCPa6e8w5:중국어 번체,5
ENPo90hvw,2024 DDP Design Market,축제/공연/행사,Festivals/Events/Performances,7,KOPo90hvw:한국어|ENPo90hvw:영어|JPPo90hvw:일본어|CNPo90hvw:중국어 간체|TCPo90hvw:중국어 번체,5
ENPjcupa6,2024 The Winter Solstice Festival &lt;Dongji Seotdal&gt;,축제/공연/행사,Festivals/Events/Performances,7,KOPjcupa6:한국어|ENPjcupa6:영어|JPPjcupa6:일본어|CNPjcupa6:중국어 간체|TCPjcupa6:중국어 번체,5
ENP6mjk9h,K-BEAUTY 100-UP Pop-up store,축제/공연/행사,Festivals/Events/Performances,7,KOP6mjk9h:한국어|ENP6mjk9h:영어|JPP6mjk9h:일본어|CNP6mjk9h:중국어 간체|TCP6mjk9h:중국어 번체,5
ENPxcm3vg,2024 Hangang River Festival WINTER,축제/공연/행사,Festivals/Events/Performances,7,KOPxcm3vg:한국어|ENPxcm3vg:영어|JPPxcm3vg:일본어|CNPxcm3vg:중국어 간체|TCPxcm3vg:중국어 번체,5
ENPza8zf4,Seoul Light Gwanghwamun,축제/공연/행사,Festivals/Events/Performances,7,KOPza8zf4:한국어|ENPza8zf4:영어|JPPza8zf4:일본어|CNPza8zf4:중국어 간체|TCPza8zf4:중국어 번체,5
ENP8hdw8f,Seoul Light DDP 2024 Winter,축제/공연/행사,Festivals/Events/Performances,7,KOP8hdw8f:한국어|ENP8hdw8f:영어|JPP8hdw8f:일본어|CNP8hdw8f:중국어 간체|TCP8hdw8f:중국어 번체,5
ENPhoqolx,&#039;K-POP &amp; FOOD&#039; TOUR in SINCHON,축제/공연/행사,Festivals/Events/Performances,7,KOPhoqolx:한국어|ENPhoqolx:영어|JPPhoqolx:일본어|CNPhoqolx:중국어 간체|TCPhoqolx:중국어 번체,5
ENPbxy1hw,Lotte World Happy Christmas Parade,축제/공연/행사,Festivals/Events/Performances,7,KOPbxy1hw:한국어|ENPbxy1hw:영어|JPPbxy1hw:일본어|CNPbxy1hw:중국어 간체|TCPbxy1hw:중국어 번체|RUPbxy1hw:러시아어,6
ENPuakjav,Burning Beaver 2024,축제/공연/행사,Festivals/Events/Performances,7,KOPuakjav:한국어|ENPuakjav:영어|JPPuakjav:일본어|CNPuakjav:중국어 간체|TCPuakjav:중국어 번체,5
ENPnjhfip,"Yesterday&#039;s Stories, Today&#039;s Sounds, Tomorrow&#039;s Memories",축제/공연/행사,Festivals/Events/Performances,7,KOPnjhfip:한국어|ENPnjhfip:영어|JPPnjhfip:일본어|CNPnjhfip:중국어 간체|TCPnjhfip:중국어 번체,5
ENPurjpne,2024 SEOUL WINTERFESTA,축제/공연/행사,Festivals/Events/Performances,7,KOPurjpne:한국어|ENPurjpne:영어|JPPurjpne:일본어|CNPurjpne:중국어 간체|TCPurjpne:중국어 번체,5
ENPlvxzu1,&#039;K-POP &amp; FOOD&#039; TOUR in SINCHON,축제/공연/행사,Festivals/Events/Performances,7,KOPlvxzu1:한국어|ENPlvxzu1:영어|JPPlvxzu1:일본어|CNPlvxzu1:중국어 간체|TCPlvxzu1:중국어 번체,5
ENP8r2f0m,2024 Seoul Lantern Festival,축제/공연/행사,Festivals/Events/Performances,7,ENP8r2f0m:영어|JPP8r2f0m:일본어|CNP8r2f0m:중국어 간체|TCP8r2f0m:중국어 번체|RUP8r2f0m:러시아어,5
ENPx9le3r,2024 Gwanghwamun Market,축제/공연/행사,Festivals/Events/Performances,7,KOPx9le3r:한국어|ENPx9le3r:영어|JPPx9le3r:일본어|CNPx9le3r:중국어 간체|TCPx9le3r:중국어 번체,5
ENPszqghv,2024 Seoul Gourmet Week,축제/공연/행사,Festivals/Events/Performances,7,KOPszqghv:한국어|ENPszqghv:영어|JPPszqghv:일본어|CNPszqghv:중국어 간체|TCPszqghv:중국어 번체,5
ENPewc7n6,Seoul Lifestyle Tour Entertainer Week,축제/공연/행사,Festivals/Events/Performances,7,KOPewc7n6:한국어|ENPewc7n6:영어|JPPewc7n6:일본어|CNPewc7n6:중국어 간체|TCPewc7n6:중국어 번체,5
ENPxltb2s,Autumn and Winter of the lake and the Luminaries,축제/공연/행사,Festivals/Events/Performances,7,KOPxltb2s:한국어|ENPxltb2s:영어|JPPxltb2s:일본어|CNPxltb2s:중국어 간체|TCPxltb2s:중국어 번체|RUPxltb2s:러시아어,6
ENP8434up,Baek Inje&#039;s House “Bukchon Music Concert – Abstraction”,축제/공연/행사,Festivals/Events/Performances,7,KOP8434up:한국어|ENP8434up:영어|JPP8434up:일본어|CNP8434up:중국어 간체|TCP8434up:중국어 번체,5
ENPp015xr,Shinsegae Department Store 2024 Christmas Lights,축제/공연/행사,Festivals/Events/Performances,7,KOPp015xr:한국어|ENPp015xr:영어|JPPp015xr:일본어|CNPp015xr:중국어 간체|TCPp015xr:중국어 번체|RUPp015xr:러시아어,6
ENP540sb3,Garak Oktoberfest Camping Festival,축제/공연/행사,Festivals/Events/Performances,8,KOP540sb3:한국어|ENP540sb3:영어|JPP540sb3:일본어|CNP540sb3:중국어 간체|TCP540sb3:중국어 번체,5
ENP3ntu1y,SEOUL LIFESTYLE TOUR TREND SETTER WEEK,축제/공연/행사,Festivals/Events/Performances,8,KOP3ntu1y:한국어|ENP3ntu1y:영어|JPP3ntu1y:일본어|CNP3ntu1y:중국어 간체|TCP3ntu1y:중국어 번체,5
ENPj42m2g,2024 Seoul Light Hangang Bitseom Festival,축제/공연/행사,Festivals/Events/Performances,8,KOPj42m2g:한국어|ENPj42m2g:영어|JPPj42m2g:일본어|CNPj42m2g:중국어 간체|TCPj42m2g:중국어 번체,5
ENPd4djgn,2024 Seoul Performing Arts Festival,축제/공연/행사,Festivals/Events/Performances,8,KOPd4djgn:한국어|ENPd4djgn:영어|JPPd4djgn:일본어|CNPd4djgn:중국어 간체|TCPd4djgn:중국어 번체,5
ENP9bayx0,Smart Life Week (SLW),축제/공연/행사,Festivals/Events/Performances,8,ENP9bayx0:영어|JPP9bayx0:일본어|CNP9bayx0:중국어 간체|TCP9bayx0:중국어 번체,4
ENPwkpe4p,2024 Seoul International Fireworks Festival,축제/공연/행사,Festivals/Events/Performances,8,KOPwkpe4p:한국어|ENPwkpe4p:영어|JPPwkpe4p:일본어|CNPwkpe4p:중국어 간체|TCPwkpe4p:중국어 번체,5
ENP7uoiws,2024 Seoul Battleship Festival: Fall Edition,축제/공연/행사,Festivals/Events/Performances,8,KOP7uoiws:한국어|ENP7uoiws:영어|JPP7uoiws:일본어|CNP7uoiws:중국어 간체|TCP7uoiws:중국어 번체,5
ENPzk2gs0,2024 Hangang River Paper Airplane Festival,축제/공연/행사,Festivals/Events/Performances,8,KOPzk2gs0:한국어|ENPzk2gs0:영어|JPPzk2gs0:일본어|CNPzk2gs0:중국어 간체|TCPzk2gs0:중국어 번체,5
ENPyd76o6,Hangawi Festival,축제/공연/행사,Festivals/Events/Performances,8,KOPyd76o6:한국어|ENPyd76o6:영어|JPPyd76o6:일본어|CNPyd76o6:중국어 간체|TCPyd76o6:중국어 번체,5
ENP4w6gle,2024 Unhyeongung Chuseok Folk Festival,축제/공연/행사,Festivals/Events/Performances,8,KOP4w6gle:한국어|ENP4w6gle:영어|JPP4w6gle:일본어|CNP4w6gle:중국어 간체|TCP4w6gle:중국어 번체,5
ENPf4csis,2024 Reading at Hangang Park,축제/공연/행사,Festivals/Events/Performances,8,KOPf4csis:한국어|ENPf4csis:영어|JPPf4csis:일본어|CNPf4csis:중국어 간체|TCPf4csis:중국어 번체,5
ENPouzrxk,2024 Namsangol Wedding Banquet: Autumn Edition,축제/공연/행사,Festivals/Events/Performances,8,KOPouzrxk:한국어|ENPouzrxk:영어|JPPouzrxk:일본어|CNPouzrxk:중국어 간체|TCPouzrxk:중국어 번체,5
ENPi1d597,2024 Namsangol Chuseok Festival: Sam Sam O Rak,축제/공연/행사,Festivals/Events/Performances,8,KOPi1d597:한국어|ENPi1d597:영어|JPPi1d597:일본어|CNPi1d597:중국어 간체|TCPi1d597:중국어 번체,5
ENPughngc,2024 Changdeokgung Palace Moonlight Tour,축제/공연/행사,Festivals/Events/Performances,8,KOPughngc:한국어|ENPughngc:영어|JPPughngc:일본어|CNPughngc:중국어 간체|TCPughngc:중국어 번체,5
ENP0ix3cs,"See the Music, Hear the Science",축제/공연/행사,Festivals/Events/Performances,8,KOP0ix3cs:한국어|ENP0ix3cs:영어|JPP0ix3cs:일본어|CNP0ix3cs:중국어 간체|TCP0ix3cs:중국어 번체,5
ENP34zv8u,SEOUL BEAUTY TRAVEL WEEK 2024,축제/공연/행사,Festivals/Events/Performances,8,KOP34zv8u:한국어|ENP34zv8u:영어|JPP34zv8u:일본어|CNP34zv8u:중국어 간체|TCP34zv8u:중국어 번체,5
ENPug150d,2024 ZERO+ Ttukseom Sharing Market,축제/공연/행사,Festivals/Events/Performances,8,KOPug150d:한국어|ENPug150d:영어|JPPug150d:일본어|CNPug150d:중국어 간체|TCPug150d:중국어 번체,5
ENP668j32,Kiaf SEOUL 2024,축제/공연/행사,Festivals/Events/Performances,8,KOP668j32:한국어|ENP668j32:영어|JPP668j32:일본어|CNP668j32:중국어 간체|TCP668j32:중국어 번체,5
ENP2pvupp,DDP Design &amp; Art,축제/공연/행사,Festivals/Events/Performances,8,KOP2pvupp:한국어|ENP2pvupp:영어|JPP2pvupp:일본어|CNP2pvupp:중국어 간체|TCP2pvupp:중국어 번체,5
ENP9cyuk4,2024 6th Seoul Gugak Festival,축제/공연/행사,Festivals/Events/Performances,8,KOP9cyuk4:한국어|ENP9cyuk4:영어|JPP9cyuk4:일본어|CNP9cyuk4:중국어 간체|TCP9cyuk4:중국어 번체,5
ENP6veyy2,2024 Seoul International Jewelry &amp; Accessory Show,축제/공연/행사,Festivals/Events/Performances,9,KOP6veyy2:한국어|ENP6veyy2:영어|JPP6veyy2:일본어|CNP6veyy2:중국어 간체|TCP6veyy2:중국어 번체,5
ENPqsxdzp,Global Art &amp; Tech Festival FuturaCanvas #0,축제/공연/행사,Festivals/Events/Performances,9,KOPqsxdzp:한국어|ENPqsxdzp:영어|JPPqsxdzp:일본어|CNPqsxdzp:중국어 간체|TCPqsxdzp:중국어 번체|RUPqsxdzp:러시아어,6
ENPq3vy8l,2024 Night of the Royal Guard,축제/공연/행사,Festivals/Events/Performances,9,KOPq3vy8l:한국어|ENPq3vy8l:영어|JPPq3vy8l:일본어|CNPq3vy8l:중국어 간체|TCPq3vy8l:중국어 번체,5
ENP09c5od,Seoul Light DDP 2024 Autumn “Future Log”,축제/공연/행사,Festivals/Events/Performances,9,KOP09c5od:한국어|ENP09c5od:영어|JPP09c5od:일본어|CNP09c5od:중국어 간체|TCP09c5od:중국어 번체,5
ENPlggwoh,Artworks in the Enchanted Garden: A Garden of Art Unfolds with Urban Sketching,축제/공연/행사,Festivals/Events/Performances,9,KOPlggwoh:한국어|ENPlggwoh:영어|JPPlggwoh:일본어|CNPlggwoh:중국어 간체|TCPlggwoh:중국어 번체,5
ENPe11y5c,Culture Flows at Seoul Plaza,축제/공연/행사,Festivals/Events/Performances,9,KOPe11y5c:한국어|ENPe11y5c:영어|JPPe11y5c:일본어|CNPe11y5c:중국어 간체|TCPe11y5c:중국어 번체,5
ENPrz1ia1,2024 Seoul Busker Festival,축제/공연/행사,Festivals/Events/Performances,9,KOPrz1ia1:한국어|ENPrz1ia1:영어|JPPrz1ia1:일본어|CNPrz1ia1:중국어 간체|TCPrz1ia1:중국어 번체,5
ENPr3z23y,Literature Week 2024: Spin-Off,축제/공연/행사,Festivals/Events/Performances,9,KOPr3z23y:한국어|ENPr3z23y:영어|JPPr3z23y:일본어|CNPr3z23y:중국어 간체|TCPr3z23y:중국어 번체,5
ENPm3o5t9,2024 Seodaemun Independence Festival,축제/공연/행사,Festivals/Events/Performances,9,KOPm3o5t9:한국어|ENPm3o5t9:영어|JPPm3o5t9:일본어|CNPm3o5t9:중국어 간체|TCPm3o5t9:중국어 번체,5
ENPokabjm,Busking All Around Seoul,축제/공연/행사,Festivals/Events/Performances,9,KOPokabjm:한국어|ENPokabjm:영어|JPPokabjm:일본어|CNPokabjm:중국어 간체|TCPokabjm:중국어 번체,5
ENPvvk5xk,2024 Sinchon World Youth Festival (SWYFT),축제/공연/행사,Festivals/Events/Performances,9,KOPvvk5xk:한국어|ENPvvk5xk:영어|JPPvvk5xk:일본어|CNPvvk5xk:중국어 간체|TCPvvk5xk:중국어 번체,5
ENP34w5l3,Namsan Beacon Mound Lighting Ceremony and Traditional Cultural Events,축제/공연/행사,Festivals/Events/Performances,9,KOP34w5l3:한국어|ENP34w5l3:영어|JPP34w5l3:일본어|CNP34w5l3:중국어 간체|TCP34w5l3:중국어 번체,5
ENPt9sp7g,2024 Seoul Summer Beach,축제/공연/행사,Festivals/Events/Performances,9,KOPt9sp7g:한국어|ENPt9sp7g:영어|JPPt9sp7g:일본어|CNPt9sp7g:중국어 간체|TCPt9sp7g:중국어 번체,5
ENPy0v1xv,K-Food Festival Knock Knock,축제/공연/행사,Festivals/Events/Performances,9,KOPy0v1xv:한국어|ENPy0v1xv:영어|JPPy0v1xv:일본어|CNPy0v1xv:중국어 간체|TCPy0v1xv:중국어 번체,5
ENPmplk7i,DDP Summer Festival: Design Vibe,축제/공연/행사,Festivals/Events/Performances,9,KOPmplk7i:한국어|ENPmplk7i:영어|JPPmplk7i:일본어|CNPmplk7i:중국어 간체|TCPmplk7i:중국어 번체,5
ENP7t6vhu,Seoul Outdoor Library: Reading by the Clear Stream,축제/공연/행사,Festivals/Events/Performances,9,KOP7t6vhu:한국어|ENP7t6vhu:영어|JPP7t6vhu:일본어|CNP7t6vhu:중국어 간체|TCP7t6vhu:중국어 번체,5
ENP2ibx5g,Seoul Outdoor Library: Gwanghwamun Book Square,축제/공연/행사,Festivals/Events/Performances,9,KOP2ibx5g:한국어|ENP2ibx5g:영어|JPP2ibx5g:일본어|CNP2ibx5g:중국어 간체|TCP2ibx5g:중국어 번체,5
ENPx6r366,Seoul Outdoor Library: Book Reading Seoul Plaza,축제/공연/행사,Festivals/Events/Performances,9,KOPx6r366:한국어|ENPx6r366:영어|JPPx6r366:일본어|CNPx6r366:중국어 간체|TCPx6r366:중국어 번체|RUPx6r366:러시아어,6
ENP55wi0c,ASYAAF,축제/공연/행사,Festivals/Events/Performances,9,KOP55wi0c:한국어|ENP55wi0c:영어|JPP55wi0c:일본어|CNP55wi0c:중국어 간체|TCP55wi0c:중국어 번체,5
ENPl388rc,2024 Hangang Festival,축제/공연/행사,Festivals/Events/Performances,9,KOPl388rc:한국어|ENPl388rc:영어|JPPl388rc:일본어|CNPl388rc:중국어 간체|TCPl388rc:중국어 번체,5
ENP79fs02,The 21st Seoul International Experimental Film Festival EXiS2024,축제/공연/행사,Festivals/Events/Performances,10,KOP79fs02:한국어|ENP79fs02:영어|JPP79fs02:일본어|CNP79fs02:중국어 간체|TCP79fs02:중국어 번체,5
ENPfa8ilz,Opening of the 2024 Hangang Swimming Pools and Water Playgrounds,축제/공연/행사,Festivals/Events/Performances,10,KOPfa8ilz:한국어|ENPfa8ilz:영어|JPPfa8ilz:일본어|CNPfa8ilz:중국어 간체|TCPfa8ilz:중국어 번체|RUPfa8ilz:러시아어,6
ENPh2y3bi,Seoul Fringe Festival 2024,축제/공연/행사,Festivals/Events/Performances,10,KOPh2y3bi:한국어|ENPh2y3bi:영어|JPPh2y3bi:일본어|CNPh2y3bi:중국어 간체|TCPh2y3bi:중국어 번체|RUPh2y3bi:러시아어,6
ENPtl0733,2024 Midsummer Science Museum,축제/공연/행사,Festivals/Events/Performances,10,KOPtl0733:한국어|ENPtl0733:영어|JPPtl0733:일본어|CNPtl0733:중국어 간체|TCPtl0733:중국어 번체,5
ENP2u2r2h,Hangang River Silent Disco DJ Party,축제/공연/행사,Festivals/Events/Performances,10,KOP2u2r2h:한국어|ENP2u2r2h:영어|JPP2u2r2h:일본어|CNP2u2r2h:중국어 간체|TCP2u2r2h:중국어 번체|RUP2u2r2h:러시아어,6
ENP3lfvr5,K-Food Festa in Seoul 2024,축제/공연/행사,Festivals/Events/Performances,10,KOP3lfvr5:한국어|ENP3lfvr5:영어|JPP3lfvr5:일본어|CNP3lfvr5:중국어 간체|TCP3lfvr5:중국어 번체|RUP3lfvr5:러시아어,6
ENPkyfuzd,Namsan Gugak Night,축제/공연/행사,Festivals/Events/Performances,10,KOPkyfuzd:한국어|ENPkyfuzd:영어|JPPkyfuzd:일본어|CNPkyfuzd:중국어 간체|TCPkyfuzd:중국어 번체|RUPkyfuzd:러시아어,6
ENP7gsazt,Hangang River History Tours,축제/공연/행사,Festivals/Events/Performances,10,KOP7gsazt:한국어|ENP7gsazt:영어|JPP7gsazt:일본어|CNP7gsazt:중국어 간체|TCP7gsazt:중국어 번체,5
ENPyanjke,2024 Chamber Music Festival,축제/공연/행사,Festivals/Events/Performances,10,KOPyanjke:한국어|ENPyanjke:영어|JPPyanjke:일본어|CNPyanjke:중국어 간체|TCPyanjke:중국어 번체|RUPyanjke:러시아어,6
ENP2wsdrm,2024 Namsangol Hanok Village Taekwondo Performance,축제/공연/행사,Festivals/Events/Performances,10,KOP2wsdrm:한국어|ENP2wsdrm:영어|JPP2wsdrm:일본어|CNP2wsdrm:중국어 간체|TCP2wsdrm:중국어 번체,5
ENP4i0vkb,2024 Seoul International Book Fair,축제/공연/행사,Festivals/Events/Performances,10,KOP4i0vkb:한국어|ENP4i0vkb:영어|JPP4i0vkb:일본어|CNP4i0vkb:중국어 간체|TCP4i0vkb:중국어 번체,5
ENPir0xf7,2024 Maker Faire Seoul,축제/공연/행사,Festivals/Events/Performances,10,KOPir0xf7:한국어|ENPir0xf7:영어|JPPir0xf7:일본어|CNPir0xf7:중국어 간체|TCPir0xf7:중국어 번체|RUPir0xf7:러시아어,6
ENPcpqr6v,Weekly Classic Festival,축제/공연/행사,Festivals/Events/Performances,10,KOPcpqr6v:한국어|ENPcpqr6v:영어|JPPcpqr6v:일본어|CNPcpqr6v:중국어 간체|TCPcpqr6v:중국어 번체,5
ENPojy0pl,Seoul K-Family Festival,축제/공연/행사,Festivals/Events/Performances,10,KOPojy0pl:한국어|ENPojy0pl:영어|JPPojy0pl:일본어|CNPojy0pl:중국어 간체|TCPojy0pl:중국어 번체,5
ENP5e2vd2,2024 France Street Music Festival,축제/공연/행사,Festivals/Events/Performances,10,KOP5e2vd2:한국어|ENP5e2vd2:영어|JPP5e2vd2:일본어|CNP5e2vd2:중국어 간체|TCP5e2vd2:중국어 번체,5
ENPzmyq0x,ASSITEJ International Summer Festival,축제/공연/행사,Festivals/Events/Performances,10,KOPzmyq0x:한국어|ENPzmyq0x:영어|JPPzmyq0x:일본어|CNPzmyq0x:중국어 간체|TCPzmyq0x:중국어 번체|RUPzmyq0x:러시아어,6
ENPogtmed,2024 Board Game Con,축제/공연/행사,Festivals/Events/Performances,10,KOPogtmed:한국어|ENPogtmed:영어|JPPogtmed:일본어|CNPogtmed:중국어 간체|TCPogtmed:중국어 번체,5
ENP75wu2z,Seoul International Writers&#039; Festival &lt;Particles &amp; Waves&gt;,축제/공연/행사,Festivals/Events/Performances,10,KOP75wu2z:한국어|ENP75wu2z:영어|JPP75wu2z:일본어|CNP75wu2z:중국어 간체|TCP75wu2z:중국어 번체,5
ENPhtd8nm,2024 Seoul Food Distribution Expo,축제/공연/행사,Festivals/Events/Performances,10,ENPhtd8nm:영어|JPPhtd8nm:일본어|CNPhtd8nm:중국어 간체|TCPhtd8nm:중국어 번체,4
ENPfq3jd6,2024 Organic Day,축제/공연/행사,Festivals/Events/Performances,10,KOPfq3jd6:한국어|ENPfq3jd6:영어|JPPfq3jd6:일본어|CNPfq3jd6:중국어 간체|TCPfq3jd6:중국어 번체,5
ENP97iwrz,Seoul International Garden Show 2024,축제/공연/행사,Festivals/Events/Performances,11,KOP97iwrz:한국어|ENP97iwrz:영어|JPP97iwrz:일본어|CNP97iwrz:중국어 간체|TCP97iwrz:중국어 번체|RUP97iwrz:러시아어,6
ENPak7n80,2024 Jeongdong Culture Night,축제/공연/행사,Festivals/Events/Performances,11,KOPak7n80:한국어|ENPak7n80:영어|JPPak7n80:일본어|CNPak7n80:중국어 간체|TCPak7n80:중국어 번체,5
ENPjmzriz,2024 Seoul Drum Festival,축제/공연/행사,Festivals/Events/Performances,11,KOPjmzriz:한국어|ENPjmzriz:영어|JPPjmzriz:일본어|CNPjmzriz:중국어 간체|TCPjmzriz:중국어 번체,5
ENPuaffrd,2024 Picnic with Central Asia,축제/공연/행사,Festivals/Events/Performances,11,KOPuaffrd:한국어|ENPuaffrd:영어|JPPuaffrd:일본어|CNPuaffrd:중국어 간체|TCPuaffrd:중국어 번체,5
ENP2edonl,Jungnang Seoul Rose Festival,축제/공연/행사,Festivals/Events/Performances,11,KOP2edonl:한국어|ENP2edonl:영어|JPP2edonl:일본어|CNP2edonl:중국어 간체|TCP2edonl:중국어 번체,5
ENP41j6yy,B.DANCE SEOUL Festival(Free Entry),축제/공연/행사,Festivals/Events/Performances,11,KOP41j6yy:한국어|ENP41j6yy:영어|JPP41j6yy:일본어|CNP41j6yy:중국어 간체|TCP41j6yy:중국어 번체,5
ENPwkfim8,SEOUL FESTA 2024,축제/공연/행사,Festivals/Events/Performances,11,KOPwkfim8:한국어|ENPwkfim8:영어|JPPwkfim8:일본어|CNPwkfim8:중국어 간체|TCPwkfim8:중국어 번체,5
ENP9rq48q,Seoul Science Center 2024 Science Festival,축제/공연/행사,Festivals/Events/Performances,11,KOP9rq48q:한국어|ENP9rq48q:영어|JPP9rq48q:일본어|CNP9rq48q:중국어 간체|TCP9rq48q:중국어 번체,5
ENPuxl99i,The 10th Korea Festival &amp; Travel Expo (K-Festival 2024),축제/공연/행사,Festivals/Events/Performances,11,KOPuxl99i:한국어|ENPuxl99i:영어|JPPuxl99i:일본어|CNPuxl99i:중국어 간체|TCPuxl99i:중국어 번체,5
ENP6gju6o,DDP Spring Festival: Design Zoo,축제/공연/행사,Festivals/Events/Performances,11,KOP6gju6o:한국어|ENP6gju6o:영어|JPP6gju6o:일본어|CNP6gju6o:중국어 간체|TCP6gju6o:중국어 번체,5
ENP69sepr,Donhwamun Music Theater Festival,축제/공연/행사,Festivals/Events/Performances,11,KOP69sepr:한국어|ENP69sepr:영어|JPP69sepr:일본어|CNP69sepr:중국어 간체|TCP69sepr:중국어 번체,5
ENPzdxr30,BLOSSOM TOWER,축제/공연/행사,Festivals/Events/Performances,11,KOPzdxr30:한국어|ENPzdxr30:영어|JPPzdxr30:일본어|CNPzdxr30:중국어 간체|TCPzdxr30:중국어 번체,5
ENP2k22mv,[Dongdaemun Foundation for Arts and Culture] 2024 45th Seonnongdaeje Festival,축제/공연/행사,Festivals/Events/Performances,11,KOP2k22mv:한국어|ENP2k22mv:영어|JPP2k22mv:일본어|CNP2k22mv:중국어 간체|TCP2k22mv:중국어 번체,5
ENP6bkw6e,2024 Gyeongbokgung Starlight Tour,축제/공연/행사,Festivals/Events/Performances,11,KOP6bkw6e:한국어|ENP6bkw6e:영어|JPP6bkw6e:일본어|CNP6bkw6e:중국어 간체|TCP6bkw6e:중국어 번체,5
ENP20wj5b,Library Day. Library Week.,축제/공연/행사,Festivals/Events/Performances,11,KOP20wj5b:한국어|ENP20wj5b:영어|JPP20wj5b:일본어|CNP20wj5b:중국어 간체|TCP20wj5b:중국어 번체,5
ENPm4anqb,Changdeokgung Palace Moonlight Tour,축제/공연/행사,Festivals/Events/Performances,11,KOPm4anqb:한국어|ENPm4anqb:영어|JPPm4anqb:일본어|CNPm4anqb:중국어 간체|RUPm4anqb:러시아어,5
ENPbilbir,2024 Spring K-Royal Culture Festival,축제/공연/행사,Festivals/Events/Performances,11,KOPbilbir:한국어|ENPbilbir:영어|JPPbilbir:일본어|CNPbilbir:중국어 간체|TCPbilbir:중국어 번체,5
ENPi72wli,2024 Seoul Spring Festival of Chamber Music,축제/공연/행사,Festivals/Events/Performances,11,KOPi72wli:한국어|ENPi72wli:영어|JPPi72wli:일본어|CNPi72wli:중국어 간체|TCPi72wli:중국어 번체,5
ENP9ecocj,2024 Naru Street Dance Festival,축제/공연/행사,Festivals/Events/Performances,11,KOP9ecocj:한국어|ENP9ecocj:영어|JPP9ecocj:일본어|CNP9ecocj:중국어 간체|TCP9ecocj:중국어 번체,5
ENPm679in,Bulgwangcheon Stream Cherry Blossom Festival ‘Spring of Eunpyeong’,축제/공연/행사,Festivals/Events/Performances,11,KOPm679in:한국어|ENPm679in:영어|JPPm679in:일본어|CNPm679in:중국어 간체|TCPm679in:중국어 번체,5
ENPeyonkp,Yangjae Art Salon,축제/공연/행사,Festivals/Events/Performances,12,KOPeyonkp:한국어|ENPeyonkp:영어|JPPeyonkp:일본어|CNPeyonkp:중국어 간체|TCPeyonkp:중국어 번체,5
ENPaqoik3,2024 Seoul Grand Park Cherry Blossom Festival,축제/공연/행사,Festivals/Events/Performances,12,KOPaqoik3:한국어|ENPaqoik3:영어|JPPaqoik3:일본어|CNPaqoik3:중국어 간체|TCPaqoik3:중국어 번체,5
ENPy4azfk,2024 Seodaemun Spring Light Festival: &#034;Encounter Spring in Seodaemun&#034;,축제/공연/행사,Festivals/Events/Performances,12,KOPy4azfk:한국어|ENPy4azfk:영어|JPPy4azfk:일본어|CNPy4azfk:중국어 간체|TCPy4azfk:중국어 번체,5
ENPfm6ot9,Move Salon Season 3 Cherry Blossom Dining,축제/공연/행사,Festivals/Events/Performances,12,KOPfm6ot9:한국어|ENPfm6ot9:영어|CNPfm6ot9:중국어 간체|TCPfm6ot9:중국어 번체,4
ENP6zaf2d,Seoul Winta (Seoul Winter Festa) 2023,축제/공연/행사,Festivals/Events/Performances,12,KOP6zaf2d:한국어|ENP6zaf2d:영어|JPP6zaf2d:일본어|CNP6zaf2d:중국어 간체|TCP6zaf2d:중국어 번체,5
ENP4djkt0,2023 Light Festa in Songhyeon,축제/공연/행사,Festivals/Events/Performances,12,KOP4djkt0:한국어|ENP4djkt0:영어|JPP4djkt0:일본어|CNP4djkt0:중국어 간체|TCP4djkt0:중국어 번체,5
ENPihn82t,DDP Winter Festival,축제/공연/행사,Festivals/Events/Performances,12,KOPihn82t:한국어|ENPihn82t:영어|JPPihn82t:일본어|CNPihn82t:중국어 간체|TCPihn82t:중국어 번체,5
ENP9a13z1,"Softwave 2023, The Republic of Korea Software Exhibition",축제/공연/행사,Festivals/Events/Performances,12,KOP9a13z1:한국어|ENP9a13z1:영어|JPP9a13z1:일본어|CNP9a13z1:중국어 간체|TCP9a13z1:중국어 번체,5
ENPwhbxuu,Seoul LIGHT DDP WINTER 2023,축제/공연/행사,Festivals/Events/Performances,12,KOPwhbxuu:한국어|ENPwhbxuu:영어|JPPwhbxuu:일본어|CNPwhbxuu:중국어 간체|TCPwhbxuu:중국어 번체,5
ENPyengwf,The 22nd Seoul Int’l Cafe Show,축제/공연/행사,Festivals/Events/Performances,12,KOPyengwf:한국어|ENPyengwf:영어|JPPyengwf:일본어|CNPyengwf:중국어 간체|TCPyengwf:중국어 번체,5
ENP4055ea,[Seoul Science Center] 2023 Science and Culture Day: Monthly Nocturnal,축제/공연/행사,Festivals/Events/Performances,12,KOP4055ea:한국어|ENP4055ea:영어|JPP4055ea:일본어|CNP4055ea:중국어 간체|TCP4055ea:중국어 번체,5
ENP0862n6,Korean Traditional Wedding Performance and Events,축제/공연/행사,Festivals/Events/Performances,12,KOP0862n6:한국어|ENP0862n6:영어,2
ENPs5w668,2023 Jeong-dong Culture Night,축제/공연/행사,Festivals/Events/Performances,12,KOPs5w668:한국어|ENPs5w668:영어|JPPs5w668:일본어|CNPs5w668:중국어 간체|TCPs5w668:중국어 번체,5
ENPp6q6zb,Seoul Downtown Hiking Tourism Center&#039;s Traditional Games Event in Celebration of Chuseok,축제/공연/행사,Festivals/Events/Performances,12,KOPp6q6zb:한국어|ENPp6q6zb:영어|JPPp6q6zb:일본어|CNPp6q6zb:중국어 간체|TCPp6q6zb:중국어 번체,5
ENP0zndmn,2023 Seoul Wellness Week-Find your wellness,축제/공연/행사,Festivals/Events/Performances,12,KOP0zndmn:한국어|ENP0zndmn:영어|JPP0zndmn:일본어|CNP0zndmn:중국어 간체|TCP0zndmn:중국어 번체,5
ENPafmxzm,2023 King Jeongjo’s Royal Parade,축제/공연/행사,Festivals/Events/Performances,12,KOPafmxzm:한국어|ENPafmxzm:영어|JPPafmxzm:일본어|CNPafmxzm:중국어 간체|TCPafmxzm:중국어 번체,5
ENPbdorfj,2023 Myeong-dong Beer Festival,축제/공연/행사,Festivals/Events/Performances,12,KOPbdorfj:한국어|ENPbdorfj:영어|JPPbdorfj:일본어|CNPbdorfj:중국어 간체|TCPbdorfj:중국어 번체,5
ENPu6nuxw,SEOUL BEAUTY TRAVEL WEEK 2023,축제/공연/행사,Festivals/Events/Performances,12,KOPu6nuxw:한국어|ENPu6nuxw:영어|JPPu6nuxw:일본어|CNPu6nuxw:중국어 간체|TCPu6nuxw:중국어 번체,5
ENP4ihthd,2023 Welcome Daehakro Festival,축제/공연/행사,Festivals/Events/Performances,12,KOP4ihthd:한국어|ENP4ihthd:영어|JPP4ihthd:일본어|CNP4ihthd:중국어 간체|TCP4ihthd:중국어 번체,5
ENPjgo716,2023 Seoul International Music Festival ‘Romanticism’,축제/공연/행사,Festivals/Events/Performances,12,KOPjgo716:한국어|ENPjgo716:영어|JPPjgo716:일본어|CNPjgo716:중국어 간체|TCPjgo716:중국어 번체,5
ENP0lau68,2023 Hangang River Light Show (Drone Light Show),축제/공연/행사,Festivals/Events/Performances,13,KOP0lau68:한국어|ENP0lau68:영어|JPP0lau68:일본어|CNP0lau68:중국어 간체|TCP0lau68:중국어 번체,5
ENP3r44bo,2023 Maker Fair Seoul,축제/공연/행사,Festivals/Events/Performances,13,KOP3r44bo:한국어|ENP3r44bo:영어|JPP3r44bo:일본어|CNP3r44bo:중국어 간체|TCP3r44bo:중국어 번체,5
ENP999nht,Taste of Seoul 2023,축제/공연/행사,Festivals/Events/Performances,13,KOP999nht:한국어|ENP999nht:영어|JPP999nht:일본어|CNP999nht:중국어 간체|TCP999nht:중국어 번체,5
ENPv2hlgq,2023 Namsan NIGHT WALK,축제/공연/행사,Festivals/Events/Performances,13,KOPv2hlgq:한국어|ENPv2hlgq:영어,2
ENPnm6ln1,Korea-Japan Festival 2023 in Seoul,축제/공연/행사,Festivals/Events/Performances,13,KOPnm6ln1:한국어|ENPnm6ln1:영어|JPPnm6ln1:일본어|CNPnm6ln1:중국어 간체|TCPnm6ln1:중국어 번체,5
ENPhu1p9x,The bell-ringing ceremony in celebration of the 78th Gwangbokjeol,축제/공연/행사,Festivals/Events/Performances,13,ENPhu1p9x:영어,1
ENP6qxf92,InterCHARM Korea 2023,축제/공연/행사,Festivals/Events/Performances,13,KOP6qxf92:한국어|ENP6qxf92:영어|JPP6qxf92:일본어|CNP6qxf92:중국어 간체|TCP6qxf92:중국어 번체,5
ENPbu6jmp,2023 Hangang River Festival _Summer,축제/공연/행사,Festivals/Events/Performances,13,KOPbu6jmp:한국어|ENPbu6jmp:영어,2
ENPuuwd7b,2023 Antiques &amp; Art Fair,축제/공연/행사,Festivals/Events/Performances,13,KOPuuwd7b:한국어|ENPuuwd7b:영어|JPPuuwd7b:일본어|CNPuuwd7b:중국어 간체|TCPuuwd7b:중국어 번체,5
ENPgh3zcm,2023 SEOUL SUMMER BEACH,축제/공연/행사,Festivals/Events/Performances,13,KOPgh3zcm:한국어|ENPgh3zcm:영어|JPPgh3zcm:일본어|CNPgh3zcm:중국어 간체|TCPgh3zcm:중국어 번체,5
ENPscyp2t,Sports IN Art Station - Conquer the Summer with K-pop!,축제/공연/행사,Festivals/Events/Performances,13,KOPscyp2t:한국어|ENPscyp2t:영어|JPPscyp2t:일본어|CNPscyp2t:중국어 간체|TCPscyp2t:중국어 번체,5
ENPg3spq1,Sports IN Art Station - B-Boys Summer BREAKING!,축제/공연/행사,Festivals/Events/Performances,13,KOPg3spq1:한국어|ENPg3spq1:영어|JPPg3spq1:일본어|CNPg3spq1:중국어 간체|TCPg3spq1:중국어 번체,5
ENPfdipes,K-PET FAIR 2023(COEX),축제/공연/행사,Festivals/Events/Performances,13,KOPfdipes:한국어|ENPfdipes:영어|JPPfdipes:일본어|CNPfdipes:중국어 간체|TCPfdipes:중국어 번체,5
ENPd4b9rs,2023 Water Gun Festival,축제/공연/행사,Festivals/Events/Performances,13,KOPd4b9rs:한국어|ENPd4b9rs:영어|JPPd4b9rs:일본어|CNPd4b9rs:중국어 간체|TCPd4b9rs:중국어 번체,5
ENPn1nhc4,"Seoul International Writers&#039; Festival, Crossing the Bridge of Language",축제/공연/행사,Festivals/Events/Performances,13,KOPn1nhc4:한국어|ENPn1nhc4:영어|JPPn1nhc4:일본어|CNPn1nhc4:중국어 간체|TCPn1nhc4:중국어 번체,5
ENPmkswy0,2023 Seoul Philharmonic Orchestra Riverside Concert,축제/공연/행사,Festivals/Events/Performances,13,KOPmkswy0:한국어|ENPmkswy0:영어|JPPmkswy0:일본어|CNPmkswy0:중국어 간체|TCPmkswy0:중국어 번체,5
ENPqu0isp,Seoul in Purple – BTS 10th Anniversary FESTA with Seoul,축제/공연/행사,Festivals/Events/Performances,13,KOPqu0isp:한국어|ENPqu0isp:영어|JPPqu0isp:일본어,3
ENPfsaf5d,2023 Seoul B-Boy Festival,축제/공연/행사,Festivals/Events/Performances,13,KOPfsaf5d:한국어|ENPfsaf5d:영어|JPPfsaf5d:일본어|CNPfsaf5d:중국어 간체,4
ENPpfo1tq,Hangang Moonlight Market,축제/공연/행사,Festivals/Events/Performances,13,KOPpfo1tq:한국어|ENPpfo1tq:영어|JPPpfo1tq:일본어|CNPpfo1tq:중국어 간체|TCPpfo1tq:중국어 번체,5
ENP7lnu4q,2023 Mom and Dad&#039;s Happiness Project Korean Gukak Class: Namsan Yulbang,축제/공연/행사,Festivals/Events/Performances,13,KOP7lnu4q:한국어|ENP7lnu4q:영어|JPP7lnu4q:일본어|CNP7lnu4q:중국어 간체|TCP7lnu4q:중국어 번체,5
ENPvescrj,Seoul Rose Festival,축제/공연/행사,Festivals/Events/Performances,14,KOPvescrj:한국어|ENPvescrj:영어|JPPvescrj:일본어|CNPvescrj:중국어 간체|TCPvescrj:중국어 번체,5
ENPvv2ijx,"Yeon Deung Hoe, The Lotus Lantern Festival",축제/공연/행사,Festivals/Events/Performances,14,KOPvv2ijx:한국어|ENPvv2ijx:영어|JPPvv2ijx:일본어|CNPvv2ijx:중국어 간체|TCPvv2ijx:중국어 번체,5
ENP6d6fpt,2023 Gyeongbokgung Palace Saenggwabang - A special time at Gyeongbokgung Palace,축제/공연/행사,Festivals/Events/Performances,14,KOP6d6fpt:한국어|ENP6d6fpt:영어|JPP6d6fpt:일본어|CNP6d6fpt:중국어 간체|TCP6d6fpt:중국어 번체,5
ENP5gd6qo,The 30th Seoul Dessert Fair [Choco &amp; Banana],축제/공연/행사,Festivals/Events/Performances,14,KOP5gd6qo:한국어|ENP5gd6qo:영어|JPP5gd6qo:일본어|CNP5gd6qo:중국어 간체|TCP5gd6qo:중국어 번체,5
ENPady6nu,Changdeokgung Palace Moonlight Tour,축제/공연/행사,Festivals/Events/Performances,14,KOPady6nu:한국어|ENPady6nu:영어|JPPady6nu:일본어|TCPady6nu:중국어 번체,4
ENPm4wwtb,Gyeongbokgung Palace Night Tour,축제/공연/행사,Festivals/Events/Performances,14,KOPm4wwtb:한국어|ENPm4wwtb:영어|JPPm4wwtb:일본어|TCPm4wwtb:중국어 번체,4
ENP45cpn8,Seokjojeon Hall at Night,축제/공연/행사,Festivals/Events/Performances,14,KOP45cpn8:한국어|ENP45cpn8:영어|JPP45cpn8:일본어|CNP45cpn8:중국어 간체|TCP45cpn8:중국어 번체,5
ENPe44ws3,2023 K-Royal Culture Festival,축제/공연/행사,Festivals/Events/Performances,14,KOPe44ws3:한국어|ENPe44ws3:영어|JPPe44ws3:일본어|CNPe44ws3:중국어 간체|TCPe44ws3:중국어 번체,5
ENPi7ar6v,"Touch Me Tell, A Children&#039;s Exhibition at Seoul Museum of Art by Melanie Bonajo",축제/공연/행사,Festivals/Events/Performances > Events > Exhibitions,14,KOPi7ar6v:한국어|ENPi7ar6v:영어|JPPi7ar6v:일본어|CNPi7ar6v:중국어 간체|TCPi7ar6v:중국어 번체,5
ENP7vjdwh,The 29th Seoul Dessert Fair [Cherry Blossom &amp; Strawberry],축제/공연/행사,Festivals/Events/Performances,14,KOP7vjdwh:한국어|ENP7vjdwh:영어|JPP7vjdwh:일본어|CNP7vjdwh:중국어 간체|TCP7vjdwh:중국어 번체,5
ENPgol6m9,2023 Namsan Sori Festival,축제/공연/행사,Festivals/Events/Performances,14,KOPgol6m9:한국어|ENPgol6m9:영어|JPPgol6m9:일본어|CNPgol6m9:중국어 간체|TCPgol6m9:중국어 번체,5
ENP4i105w,Reflective Space: Void Towards The Realm of The Mind,축제/공연/행사,Festivals/Events/Performances > Events > Exhibitions,14,KOP4i105w:한국어|ENP4i105w:영어|CNP4i105w:중국어 간체|TCP4i105w:중국어 번체,4
ENP7y1k7s,Seoul Drum Festival 2023,축제/공연/행사,Festivals/Events/Performances,14,KOP7y1k7s:한국어|ENP7y1k7s:영어|JPP7y1k7s:일본어|CNP7y1k7s:중국어 간체|TCP7y1k7s:중국어 번체,5
ENPj1x46v,Seoul Drum Festival 2023,축제/공연/행사,Festivals/Events/Performances,14,KOPj1x46v:한국어|ENPj1x46v:영어|JPPj1x46v:일본어|CNPj1x46v:중국어 간체|TCPj1x46v:중국어 번체,5
ENP88upuz,Seoul Festa 2023,축제/공연/행사,Festivals/Events/Performances,14,KOP88upuz:한국어|ENP88upuz:영어|JPP88upuz:일본어|CNP88upuz:중국어 간체|TCP88upuz:중국어 번체|RUP88upuz:러시아어|MLP88upuz:말레이어,7
ENPpclfxn,C.at Work Festa,축제/공연/행사,Festivals/Events/Performances,14,KOPpclfxn:한국어|ENPpclfxn:영어|JPPpclfxn:일본어|CNPpclfxn:중국어 간체,4
ENPyeex1b,2023 SEOUL LANTERN FESTIVAL,축제/공연/행사,Festivals/Events/Performances > Performances,14,KOPyeex1b:한국어|ENPyeex1b:영어|JPPyeex1b:일본어|CNPyeex1b:중국어 간체|TCPyeex1b:중국어 번체,5
ENP6i7br4,[S-TCEP] 2023 Seoul Philharmonic Orchestra: Ligeti Piano Concerto,축제/공연/행사,Festivals/Events/Performances > Performances,14,KOP6i7br4:한국어|ENP6i7br4:영어|JPP6i7br4:일본어|CNP6i7br4:중국어 간체|TCP6i7br4:중국어 번체,5
ENPlim9ah,[S-TCEP] Bag &amp; Shoes Loved by Celebrities,축제/공연/행사,Festivals/Events/Performances > Events > Exhibitions,14,KOPlim9ah:한국어|ENPlim9ah:영어|CNPlim9ah:중국어 간체|TCPlim9ah:중국어 번체,4
ENP12kduj,[S-TCEP] National Geographic Photo Exhibition: Photo Ark,축제/공연/행사,Festivals/Events/Performances > Events > Exhibitions,14,KOP12kduj:한국어|ENP12kduj:영어|JPP12kduj:일본어|CNP12kduj:중국어 간체|TCP12kduj:중국어 번체,5
ENPdlccnj,[S-TCEP] Munich Philharmonic Orchestra in Korea,축제/공연/행사,Festivals/Events/Performances > Performances,15,KOPdlccnj:한국어|ENPdlccnj:영어|JPPdlccnj:일본어|CNPdlccnj:중국어 간체|TCPdlccnj:중국어 번체,5
ENPua5zwq,"[S-TCEP] Cats, the Musical",축제/공연/행사,Festivals/Events/Performances > Performances,15,KOPua5zwq:한국어|ENPua5zwq:영어|JPPua5zwq:일본어|CNPua5zwq:중국어 간체|TCPua5zwq:중국어 번체,5
ENPg50ipl,[S-TCEP] 2023 Seoul Philharmonic Orchestra: Pletnev &amp; Sunwoo,축제/공연/행사,Festivals/Events/Performances > Performances,15,KOPg50ipl:한국어|ENPg50ipl:영어|JPPg50ipl:일본어|CNPg50ipl:중국어 간체|TCPg50ipl:중국어 번체,5
ENPi018lw,[S-TCEP] 2023 Seoul Philharmonic Orchestra: Stenz &amp; Bell,축제/공연/행사,Festivals/Events/Performances > Performances,15,KOPi018lw:한국어|ENPi018lw:영어|JPPi018lw:일본어|CNPi018lw:중국어 간체|TCPi018lw:중국어 번체,5
ENPg5tw1e,[S-TCEP] 2023 Seoul Philharmonic Orchestra: The Ring,축제/공연/행사,Festivals/Events/Performances > Performances,15,KOPg5tw1e:한국어|ENPg5tw1e:영어|JPPg5tw1e:일본어|CNPg5tw1e:중국어 간체|TCPg5tw1e:중국어 번체,5
ENP3e60eb,"[S-TCEP] Hello, Creators! Seoul Design Incubating Center &amp; Exhibition",축제/공연/행사,Festivals/Events/Performances > Events > Exhibitions,15,KOP3e60eb:한국어|ENP3e60eb:영어|JPP3e60eb:일본어|CNP3e60eb:중국어 간체|TCP3e60eb:중국어 번체,5
ENPg939wm,[S-TCEP] Jin Dallae &amp; Park Woohyuk: Cosmos,축제/공연/행사,Festivals/Events/Performances > Events > Exhibitions,15,KOPg939wm:한국어|ENPg939wm:영어|JPPg939wm:일본어|CNPg939wm:중국어 간체|TCPg939wm:중국어 번체,5
ENPuucrur,[S-TCEP] DDP Things Exhibition VOL. 1: TELE+VISION Memories of the Future,축제/공연/행사,Festivals/Events/Performances > Events > Exhibitions,15,KOPuucrur:한국어|ENPuucrur:영어|JPPuucrur:일본어|CNPuucrur:중국어 간체|TCPuucrur:중국어 번체,5
ENPhonaqg,[S-TCEP] Circulation of Placeness: Media Artist Exhibition,축제/공연/행사,Festivals/Events/Performances > Events > Exhibitions,15,KOPhonaqg:한국어|ENPhonaqg:영어|JPPhonaqg:일본어|CNPhonaqg:중국어 간체|TCPhonaqg:중국어 번체,5
ENPqljohs,[S-TCEP] DDP Design Archive KSVD: 1972-1993,축제/공연/행사,Festivals/Events/Performances > Events > Exhibitions,15,KOPqljohs:한국어|ENPqljohs:영어|CNPqljohs:중국어 간체,3
ENPl23uol,[S-TCEP] 2023 Seoul Philharmonic Orchestra: Violin Concerto,축제/공연/행사,Festivals/Events/Performances > Performances,15,KOPl23uol:한국어|ENPl23uol:영어|JPPl23uol:일본어|CNPl23uol:중국어 간체|TCPl23uol:중국어 번체,5
ENPgzt4p3,[S-TCEP] 2023 Seoul Philharmonic Orchestra: Shostakovich Concerto,축제/공연/행사,Festivals/Events/Performances > Performances,15,KOPgzt4p3:한국어|ENPgzt4p3:영어|JPPgzt4p3:일본어|CNPgzt4p3:중국어 간체|TCPgzt4p3:중국어 번체,5
ENPer1hnq,[S-TCEP] 2023 Seoul Philharmonic Orchestra: Sibelius&#039; Second,축제/공연/행사,Festivals/Events/Performances > Performances,15,KOPer1hnq:한국어|ENPer1hnq:영어|JPPer1hnq:일본어|CNPer1hnq:중국어 간체|TCPer1hnq:중국어 번체,5
ENP2zbv4a,[S-TCEP] 2023 Seoul Philharmonic Orchestra: Elgar Cello Concerto,축제/공연/행사,Festivals/Events/Performances > Performances,15,KOP2zbv4a:한국어|ENP2zbv4a:영어|JPP2zbv4a:일본어|CNP2zbv4a:중국어 간체|TCP2zbv4a:중국어 번체,5
ENPk84x00,I Like It,축제/공연/행사,Festivals/Events/Performances > Events > Exhibitions,15,KOPk84x00:한국어|ENPk84x00:영어|JPPk84x00:일본어|CNPk84x00:중국어 간체|TCPk84x00:중국어 번체,5
ENP042906,One and All,축제/공연/행사,Festivals/Events/Performances > Festivals,15,KOP042906:한국어|ENP042906:영어|JPP042906:일본어|CNP042906:중국어 간체|TCP042906:중국어 번체,5
ENP042886,Lee Kyoungmi Solo Exhibition 《The Best is yet to Come》,축제/공연/행사,Festivals/Events/Performances > Festivals,15,KOP042886:한국어|ENP042886:영어|JPP042886:일본어|CNP042886:중국어 간체|TCP042886:중국어 번체,5
ENP042877,Artist Kim Jong-ku Private Exhibition 《Fe-Aerial Landscape》,축제/공연/행사,Festivals/Events/Performances > Festivals,15,KOP042877:한국어|ENP042877:영어|JPP042877:일본어|CNP042877:중국어 간체|TCP042877:중국어 번체,5
ENP042723,Choi Min Collection: Ways of Seeing,축제/공연/행사,Festivals/Events/Performances > Festivals,15,KOP042723:한국어|ENP042723:영어|JPP042723:일본어|CNP042723:중국어 간체|TCP042723:중국어 번체,5
ENP042701,"Breath, Rest: The journey to innocence",축제/공연/행사,Festivals/Events/Performances > Festivals,15,KOP042701:한국어|ENP042701:영어|JPP042701:일본어|CNP042701:중국어 간체|TCP042701:중국어 번체,5
ENP042699,《Kang Seok-ho: Three Minutes Delight》,축제/공연/행사,Festivals/Events/Performances > Festivals,16,KOP042699:한국어|ENP042699:영어|JPP042699:일본어|CNP042699:중국어 간체|TCP042699:중국어 번체,5
ENP042692,My Soul Figure,축제/공연/행사,Festivals/Events/Performances > Festivals,16,KOP042692:한국어|ENP042692:영어|JPP042692:일본어|CNP042692:중국어 간체|TCP042692:중국어 번체,5
ENP042665,The first story of Pierrot and Laurent &lt;MAISON DE LAURENT&gt;,축제/공연/행사,Festivals/Events/Performances > Festivals,16,KOP042665:한국어|ENP042665:영어|JPP042665:일본어|CNP042665:중국어 간체|TCP042665:중국어 번체,5
ENP042540,Seoul Lantern Festival 2022,축제/공연/행사,Festivals/Events/Performances > Festivals,16,KOP042540:한국어|ENP042540:영어|JPP042540:일본어|CNP042540:중국어 간체|TCP042540:중국어 번체|RUP042540:러시아어|MLP042540:말레이어,7
ENP042339,Numéro BARDOT,축제/공연/행사,Festivals/Events/Performances > Festivals,16,KOP042339:한국어|ENP042339:영어|JPP042339:일본어|CNP042339:중국어 간체|TCP042339:중국어 번체,5
ENP042233,The 1st Seoul Arts &amp; Tech Festival (Unfold X) 2022,축제/공연/행사,Festivals/Events/Performances > Festivals,16,KOP042233:한국어|ENP042233:영어|JPP042233:일본어|CNP042233:중국어 간체|TCP042233:중국어 번체,5
ENP042181,2022 Neighbor Love Sharing Concert,축제/공연/행사,Festivals/Events/Performances > Festivals,16,KOP042181:한국어|ENP042181:영어|JPP042181:일본어|CNP042181:중국어 간체|TCP042181:중국어 번체,5
ENP042176,2022 Title Match: Im Heung-soon vs. Omer Fast ≪Cut!≫,축제/공연/행사,Festivals/Events/Performances > Festivals,16,KOP042176:한국어|ENP042176:영어|JPP042176:일본어|CNP042176:중국어 간체|TCP042176:중국어 번체,5
ENP042143,Kev Munday Solo Exhibition &lt;Making a Scene&gt;,축제/공연/행사,Festivals/Events/Performances > Festivals,16,KOP042143:한국어|ENP042143:영어|JPP042143:일본어|CNP042143:중국어 간체|TCP042143:중국어 번체,5
ENP042071,Choi Dong-ha Solo Exhibition &lt;Adult Child 9th Exhibition&gt;,축제/공연/행사,Festivals/Events/Performances > Festivals,16,KOP042071:한국어|ENP042071:영어|JPP042071:일본어|CNP042071:중국어 간체|TCP042071:중국어 번체,5
ENP042004,Hoegi-dong Annyeong Village,축제/공연/행사,Festivals/Events/Performances > Festivals,16,KOP042004:한국어|ENP042004:영어|JPP042004:일본어|CNP042004:중국어 간체|TCP042004:중국어 번체,5
ENP041939,Seoul Beauty Travel Week,축제/공연/행사,Festivals/Events/Performances > Events > Other > Events,16,KOP041939:한국어|ENP041939:영어|JPP041939:일본어|CNP041939:중국어 간체|TCP041939:중국어 번체|RUP041939:러시아어|MLP041939:말레이어,7
ENP041860,The 2022 9th World Street Dance Festival,축제/공연/행사,Festivals/Events/Performances > Festivals,16,KOP041860:한국어|ENP041860:영어|JPP041860:일본어|CNP041860:중국어 간체|TCP041860:중국어 번체|RUP041860:러시아어|MLP041860:말레이어,7
ENP041813,"POPISM, 5 People, 5 Colors",축제/공연/행사,Festivals/Events/Performances > Festivals,16,KOP041813:한국어|ENP041813:영어|JPP041813:일본어|CNP041813:중국어 간체|TCP041813:중국어 번체,5
ENP041779,K-Culture Festival 2022,축제/공연/행사,Festivals/Events/Performances > Festivals,16,KOP041779:한국어|ENP041779:영어|CNP041779:중국어 간체,3
ENP041733,2022 Seoul Beauty Week,축제/공연/행사,Festivals/Events/Performances > Events > Other > Events,16,KOP041733:한국어|ENP041733:영어|JPP041733:일본어|CNP041733:중국어 간체|TCP041733:중국어 번체|RUP041733:러시아어|MLP041733:말레이어,7
ENP041732,Seoul Design 2022,축제/공연/행사,Festivals/Events/Performances > Events > Other > Events,16,KOP041732:한국어|ENP041732:영어|JPP041732:일본어|TCP041732:중국어 번체,4
ENP041711,2022 Gangnam Festival,축제/공연/행사,Festivals/Events/Performances > Festivals,16,KOP041711:한국어|ENP041711:영어|JPP041711:일본어|CNP041711:중국어 간체|TCP041711:중국어 번체,5
ENP041706,The Abstract Field of Color: Color Beyond the Radiance,축제/공연/행사,Festivals/Events/Performances > Festivals,16,KOP041706:한국어|ENP041706:영어|JPP041706:일본어|CNP041706:중국어 간체|TCP041706:중국어 번체,5
ENP041701,Korea-Japan Festival Hanmadang 2022 in Seoul,축제/공연/행사,Festivals/Events/Performances > Festivals,16,KOP041701:한국어|ENP041701:영어|JPP041701:일본어|CNP041701:중국어 간체|TCP041701:중국어 번체,5
ENP041696,2022 Seoul International Music Festival Pray for Us,축제/공연/행사,Festivals/Events/Performances > Festivals,17,KOP041696:한국어|ENP041696:영어|JPP041696:일본어|CNP041696:중국어 간체|TCP041696:중국어 번체,5
ENP041688,Story of My Day - Photos from Hungary,축제/공연/행사,Festivals/Events/Performances > Festivals,17,KOP041688:한국어|ENP041688:영어|JPP041688:일본어|CNP041688:중국어 간체|TCP041688:중국어 번체,5
ENP041676,The Age of Digital Transformation: Meeting Nam June Paik Again,축제/공연/행사,Festivals/Events/Performances > Festivals,17,KOP041676:한국어|ENP041676:영어|JPP041676:일본어|CNP041676:중국어 간체|TCP041676:중국어 번체,5
ENP041671,love is ♡,축제/공연/행사,Festivals/Events/Performances > Festivals,17,KOP041671:한국어|ENP041671:영어|JPP041671:일본어|CNP041671:중국어 간체|TCP041671:중국어 번체,5
ENP041651,"Tapgol Park, The First Urban Park in Seoul",축제/공연/행사,Festivals/Events/Performances > Festivals,17,KOP041651:한국어|ENP041651:영어|JPP041651:일본어|CNP041651:중국어 간체|TCP041651:중국어 번체,5
ENP041625,The 18th Seoul Wow Book Festival &lt;Ask the Way with Kindness&gt;,축제/공연/행사,Festivals/Events/Performances > Festivals,17,KOP041625:한국어|ENP041625:영어|JPP041625:일본어|CNP041625:중국어 간체|TCP041625:중국어 번체,5
ENP041624,The Essence of Writing Exhibition _ Dobong Kim Seon-young Solo Exhibition,축제/공연/행사,Festivals/Events/Performances > Festivals,17,KOP041624:한국어|ENP041624:영어|JPP041624:일본어|CNP041624:중국어 간체|TCP041624:중국어 번체|RUP041624:러시아어|MLP041624:말레이어,7
ENP041623,The 17th Jongno Cheonggye Special Tourist Zone Yukuijeon Festival,축제/공연/행사,Festivals/Events/Performances > Festivals,17,KOP041623:한국어|ENP041623:영어|JPP041623:일본어|CNP041623:중국어 간체|TCP041623:중국어 번체|RUP041623:러시아어,6
ENP041617,Reenactment of King Jeongjo’s Royal Parade,축제/공연/행사,Festivals/Events/Performances > Festivals,17,KOP041617:한국어|ENP041617:영어|JPP041617:일본어|CNP041617:중국어 간체|TCP041617:중국어 번체,5
ENP041612,"The 10th Jamunbak Cultural Festival, Jamunbak·By Art·Login",축제/공연/행사,Festivals/Events/Performances > Festivals,17,KOP041612:한국어|ENP041612:영어|JPP041612:일본어|CNP041612:중국어 간체|TCP041612:중국어 번체,5
ENP041605,2022 Picksgood Gallery Opening Exhibition [The New WAVE],축제/공연/행사,Festivals/Events/Performances > Festivals,17,KOP041605:한국어|ENP041605:영어|JPP041605:일본어|CNP041605:중국어 간체|TCP041605:중국어 번체,5
ENP041600,Seoul 100K,축제/공연/행사,Festivals/Events/Performances > Festivals,17,KOP041600:한국어|ENP041600:영어|JPP041600:일본어|CNP041600:중국어 간체|TCP041600:중국어 번체,5
ENP041585,"2022 Photographic Arts Center, Seoul Museum of Art Pre-opening Program - The Printed World",축제/공연/행사,Festivals/Events/Performances > Festivals,17,KOP041585:한국어|ENP041585:영어|JPP041585:일본어|CNP041585:중국어 간체|TCP041585:중국어 번체,5
ENP041580,Welcome Daehakro Festival 2022,축제/공연/행사,Festivals/Events/Performances > Festivals,17,KOP041580:한국어|ENP041580:영어|JPP041580:일본어|CNP041580:중국어 간체|TCP041580:중국어 번체,5
ENP041198,SEOUL FESTA 2022,축제/공연/행사,Festivals/Events/Performances > Festivals,17,KOP041198:한국어|ENP041198:영어|JPP041198:일본어|CNP041198:중국어 간체|TCP041198:중국어 번체,5
ENP041157,Magic Shot,축제/공연/행사,Festivals/Events/Performances > Festivals,17,KOP041157:한국어|ENP041157:영어|JPP041157:일본어|CNP041157:중국어 간체|TCP041157:중국어 번체,5
ENP041126,Fresh Zone,축제/공연/행사,Festivals/Events/Performances > Festivals,17,KOP041126:한국어|ENP041126:영어|JPP041126:일본어|CNP041126:중국어 간체|TCP041126:중국어 번체|RUP041126:러시아어|MLP041126:말레이어,7
ENP041116,The 12th Seoul Mediacity Pre-Biennale 《Station》,축제/공연/행사,Festivals/Events/Performances > Festivals,17,KOP041116:한국어|ENP041116:영어|JPP041116:일본어|CNP041116:중국어 간체|TCP041116:중국어 번체|RUP041116:러시아어|MLP041116:말레이어,7
ENP041079,Kim Young-Eun 《Frames of Sound》,축제/공연/행사,Festivals/Events/Performances > Festivals,17,KOP041079:한국어|ENP041079:영어|JPP041079:일본어|CNP041079:중국어 간체|TCP041079:중국어 번체|RUP041079:러시아어|MLP041079:말레이어,7
ENP041009,Jean-Michel Othoniel: Treasure Gardens,축제/공연/행사,Festivals/Events/Performances > Festivals,17,KOP041009:한국어|ENP041009:영어|JPP041009:일본어|CNP041009:중국어 간체|TCP041009:중국어 번체|RUP041009:러시아어|MLP041009:말레이어,7
ENP040940,Magic Drawing Family Drama &lt;Doodle Pop&gt;,축제/공연/행사,Festivals/Events/Performances > Festivals,18,KOP040940:한국어|ENP040940:영어|JPP040940:일본어|CNP040940:중국어 간체|TCP040940:중국어 번체,5
ENP040939,2022 Seoul International Buddhism Expo,축제/공연/행사,Festivals/Events/Performances > Festivals,18,KOP040939:한국어|ENP040939:영어|JPP040939:일본어|CNP040939:중국어 간체|TCP040939:중국어 번체|RUP040939:러시아어|MLP040939:말레이어,7
ENP040938,"National Hangeul Museum Permanent Exhibition &lt;Hunminjeongeum, The Design of a Writing System Beyond the Millennia&gt;",축제/공연/행사,Festivals/Events/Performances > Festivals,18,KOP040938:한국어|ENP040938:영어|JPP040938:일본어|CNP040938:중국어 간체|TCP040938:중국어 번체|RUP040938:러시아어|MLP040938:말레이어,7
ENP040891,Korean Traditional Music Association for Gifted Children,축제/공연/행사,Festivals/Events/Performances > Festivals,18,KOP040891:한국어|ENP040891:영어|JPP040891:일본어|CNP040891:중국어 간체|TCP040891:중국어 번체,5
ENP040889,2022 Sinchon Water Gun Festival,축제/공연/행사,Festivals/Events/Performances > Festivals,18,KOP040889:한국어|ENP040889:영어|JPP040889:일본어|CNP040889:중국어 간체|TCP040889:중국어 번체|RUP040889:러시아어|MLP040889:말레이어,7
ENP040860,Art Yard where Culture Flows,축제/공연/행사,Festivals/Events/Performances > Festivals,18,KOP040860:한국어|ENP040860:영어|JPP040860:일본어|CNP040860:중국어 간체|TCP040860:중국어 번체|RUP040860:러시아어|MLP040860:말레이어,7
ENP040815,"100 Treasures of Hanyang, a Luxury City",축제/공연/행사,Festivals/Events/Performances > Festivals,18,KOP040815:한국어|ENP040815:영어|JPP040815:일본어|CNP040815:중국어 간체|TCP040815:중국어 번체,5
ENP040810,Lee Sang-ho Ceramic Exhibition: Decorate Spring,축제/공연/행사,Festivals/Events/Performances > Festivals,18,KOP040810:한국어|ENP040810:영어|JPP040810:일본어|CNP040810:중국어 간체|TCP040810:중국어 번체,5
ENP040700,Gyeongbokgung Palace Nighttime Tour (First half of 2022),축제/공연/행사,Festivals/Events/Performances > Festivals,18,KOP040700:한국어|ENP040700:영어|JPP040700:일본어|CNP040700:중국어 간체|TCP040700:중국어 번체,5
ENP040633,See the Environment through the Eyes of Science,축제/공연/행사,Festivals/Events/Performances > Festivals,18,KOP040633:한국어|ENP040633:영어|JPP040633:일본어|CNP040633:중국어 간체|TCP040633:중국어 번체|RUP040633:러시아어|MLP040633:말레이어,7
ENP040581,POETIC AI,축제/공연/행사,Festivals/Events/Performances > Events > Exhibitions,18,KOP040581:한국어|ENP040581:영어|JPP040581:일본어|CNP040581:중국어 간체|TCP040581:중국어 번체|RUP040581:러시아어|MLP040581:말레이어,7
ENP040579,The Color Spot: Dreams&#039; Nature,축제/공연/행사,Festivals/Events/Performances > Events > Exhibitions,18,KOP040579:한국어|ENP040579:영어|JPP040579:일본어|CNP040579:중국어 간체|TCP040579:중국어 번체|RUP040579:러시아어|MLP040579:말레이어,7
ENP040569,SongEun Art and Cultural Foundation Exhibition Past. Present. Future,축제/공연/행사,Festivals/Events/Performances > Events > Exhibitions,18,KOP040569:한국어|ENP040569:영어|JPP040569:일본어|CNP040569:중국어 간체|TCP040569:중국어 번체|RUP040569:러시아어|MLP040569:말레이어,7
ENP040543,"Yeon Deung Hoe (Lotus lantern festival), Korea’s National Intangible Cultural Heritage and UNESCO Intangible Cultural Heritage of Humanity",축제/공연/행사,Festivals/Events/Performances > Festivals,18,KOP040543:한국어|ENP040543:영어|JPP040543:일본어|CNP040543:중국어 간체|TCP040543:중국어 번체|RUP040543:러시아어|MLP040543:말레이어,7
ENP040564,Seoul Illustration Fair V.13,축제/공연/행사,Festivals/Events/Performances > Festivals,18,KOP040564:한국어|ENP040564:영어|JPP040564:일본어|CNP040564:중국어 간체|TCP040564:중국어 번체|RUP040564:러시아어|MLP040564:말레이어,7
ENP040546,21km Songpa Trail Cherry Blossom Outing,축제/공연/행사,Festivals/Events/Performances > Festivals,18,KOP040546:한국어|ENP040546:영어|JPP040546:일본어|CNP040546:중국어 간체|TCP040546:중국어 번체,5
ENP040457,7th Annual Seoul Coffee Festival,축제/공연/행사,Festivals/Events/Performances > Festivals,18,KOP040457:한국어|ENP040457:영어|JPP040457:일본어,3
ENP040455,11th Annual World Coffee Leaders Forum,축제/공연/행사,Festivals/Events/Performances > Events > Other > Events,18,KOP040455:한국어|ENP040455:영어|JPP040455:일본어,3
ENP040454,21st Annual Seoul Cafe Show,축제/공연/행사,Festivals/Events/Performances > Events > Expos,18,KOP040454:한국어|ENP040454:영어|JPP040454:일본어|CNP040454:중국어 간체|TCP040454:중국어 번체,5
ENP040427,The 21st Songeun Art Award Exhibition,축제/공연/행사,Festivals/Events/Performances > Events > Exhibitions,18,KOP040427:한국어|ENP040427:영어|JPP040427:일본어|CNP040427:중국어 간체|TCP040427:중국어 번체,5
ENP040295,INSTANT DETECTION,축제/공연/행사,Festivals/Events/Performances > Events > Exhibitions,19,KOP040295:한국어|ENP040295:영어|JPP040295:일본어|CNP040295:중국어 간체|TCP040295:중국어 번체|RUP040295:러시아어|MLP040295:말레이어,7
ENP040285,Ai Weiwei : Defend the Future,축제/공연/행사,Festivals/Events/Performances > Events > Exhibitions,19,KOP040285:한국어|ENP040285:영어|JPP040285:일본어|CNP040285:중국어 간체|TCP040285:중국어 번체|RUP040285:러시아어|MLP040285:말레이어,7
ENP040284,"Shark, Bite the New World",축제/공연/행사,Festivals/Events/Performances > Events > Exhibitions,19,KOP040284:한국어|ENP040284:영어|JPP040284:일본어|CNP040284:중국어 간체|TCP040284:중국어 번체|RUP040284:러시아어|MLP040284:말레이어,7
ENP040283,Accidentally Wes Anderson : Discover Adventure Everywhere Around You,축제/공연/행사,Festivals/Events/Performances > Events > Exhibitions,19,KOP040283:한국어|ENP040283:영어|JPP040283:일본어|CNP040283:중국어 간체|TCP040283:중국어 번체|RUP040283:러시아어|MLP040283:말레이어,7
ENP040209,Park Soo Keun : The Naked Tree Awaiting Spring,축제/공연/행사,Festivals/Events/Performances > Festivals,19,KOP040209:한국어|ENP040209:영어|JPP040209:일본어|CNP040209:중국어 간체|TCP040209:중국어 번체|RUP040209:러시아어|MLP040209:말레이어,7
ENP040219,Project Hashtag 2021,축제/공연/행사,Festivals/Events/Performances > Events > Exhibitions,19,KOP040219:한국어|ENP040219:영어|JPP040219:일본어|CNP040219:중국어 간체|TCP040219:중국어 번체|RUP040219:러시아어|MLP040219:말레이어,7
ENP040210,Forest of Falling Poetry,축제/공연/행사,Festivals/Events/Performances > Events > Exhibitions,19,KOP040210:한국어|ENP040210:영어|JPP040210:일본어|CNP040210:중국어 간체|TCP040210:중국어 번체|RUP040210:러시아어|MLP040210:말레이어,7
ENP039899,Yukjo Street: The Symbolic Street of Hanyang,축제/공연/행사,Festivals/Events/Performances > Festivals,19,KOP039899:한국어|ENP039899:영어|JPP039899:일본어|CNP039899:중국어 간체|TCP039899:중국어 번체|RUP039899:러시아어|MLP039899:말레이어,7
ENP039903,"Obsidian, roll over and over",축제/공연/행사,Festivals/Events/Performances > Events > Exhibitions,19,KOP039903:한국어|ENP039903:영어|JPP039903:일본어|CNP039903:중국어 간체|TCP039903:중국어 번체|RUP039903:러시아어|MLP039903:말레이어,7
ENP039898,Seoul as Envisioned by a Scholar of Urban Design,축제/공연/행사,Festivals/Events/Performances > Festivals,19,KOP039898:한국어|ENP039898:영어|JPP039898:일본어|CNP039898:중국어 간체|TCP039898:중국어 번체|RUP039898:러시아어|MLP039898:말레이어,7
ENP039864,Maya: Sacred City – Tak’alik Ab’a,축제/공연/행사,Festivals/Events/Performances > Events > Exhibitions,19,KOP039864:한국어|ENP039864:영어|JPP039864:일본어|CNP039864:중국어 간체|TCP039864:중국어 번체|RUP039864:러시아어|MLP039864:말레이어,7
ENP039901,West Gate of Seoul: Sold for Pennies,축제/공연/행사,Festivals/Events/Performances > Events > Exhibitions,19,KOP039901:한국어|ENP039901:영어|JPP039901:일본어|CNP039901:중국어 간체|TCP039901:중국어 번체|RUP039901:러시아어|MLP039901:말레이어,7
ENP039867,Fashion and Seoul 1945-2020,축제/공연/행사,Festivals/Events/Performances > Events > Exhibitions,19,KOP039867:한국어|ENP039867:영어|JPP039867:일본어|CNP039867:중국어 간체|TCP039867:중국어 번체|RUP039867:러시아어|MLP039867:말레이어,7
ENP039735,Flowers on the Border,축제/공연/행사,Festivals/Events/Performances > Events > Exhibitions,19,KOP039735:한국어|ENP039735:영어|JPP039735:일본어|CNP039735:중국어 간체|TCP039735:중국어 번체|RUP039735:러시아어|MLP039735:말레이어,7
ENP039307,dreamer.3:45am,축제/공연/행사,Festivals/Events/Performances > Events > Exhibitions,19,KOP039307:한국어|ENP039307:영어|JPP039307:일본어|CNP039307:중국어 간체|TCP039307:중국어 번체|RUP039307:러시아어|MLP039307:말레이어,7
ENP039103,The 11th Seoul Media City Biennale: Escape Day After Day,축제/공연/행사,Festivals/Events/Performances > Events > Exhibitions,19,KOP039103:한국어|ENP039103:영어|JPP039103:일본어|CNP039103:중국어 간체|TCP039103:중국어 번체|RUP039103:러시아어,6
ENP039101,2021 Seoullo Media Canvas 3rd Exhibition,축제/공연/행사,Festivals/Events/Performances > Events > Exhibitions,19,KOP039101:한국어|ENP039101:영어|JPP039101:일본어|CNP039101:중국어 간체|TCP039101:중국어 번체|RUP039101:러시아어,6
ENP039064,2021 Seoul International Buddhism Festival,축제/공연/행사,Festivals/Events/Performances > Festivals,19,KOP039064:한국어|ENP039064:영어|JPP039064:일본어|CNP039064:중국어 간체|TCP039064:중국어 번체|RUP039064:러시아어|MLP039064:말레이어,7
ENP039065,2021 Seoul Relax Week,축제/공연/행사,Festivals/Events/Performances > Festivals,19,KOP039065:한국어|ENP039065:영어|JPP039065:일본어|CNP039065:중국어 간체|TCP039065:중국어 번체|RUP039065:러시아어|MLP039065:말레이어,7
ENP038781,Dreaming of Normal Again,축제/공연/행사,Festivals/Events/Performances > Events > Exhibitions,19,KOP038781:한국어|ENP038781:영어|JPP038781:일본어|CNP038781:중국어 간체|TCP038781:중국어 번체|RUP038781:러시아어,6
ENP038489,Embroidery in Bloom,축제/공연/행사,Festivals/Events/Performances > Events > Exhibitions,20,KOP038489:한국어|ENP038489:영어|JPP038489:일본어|CNP038489:중국어 간체|TCP038489:중국어 번체|RUP038489:러시아어,6
ENP038487,Artisans: Making the Better World,축제/공연/행사,Festivals/Events/Performances > Events > Exhibitions,20,KOP038487:한국어|ENP038487:영어|JPP038487:일본어|CNP038487:중국어 간체|TCP038487:중국어 번체|RUP038487:러시아어,6
ENP038467,Piknic Gardening,축제/공연/행사,Festivals/Events/Performances > Events > Exhibitions,20,KOP038467:한국어|ENP038467:영어|JPP038467:일본어|CNP038467:중국어 간체|TCP038467:중국어 번체|RUP038467:러시아어|MLP038467:말레이어,7
ENP038455,Movement Making Movement,축제/공연/행사,Festivals/Events/Performances > Events > Exhibitions,20,KOP038455:한국어|ENP038455:영어|JPP038455:일본어|CNP038455:중국어 간체|TCP038455:중국어 번체|RUP038455:러시아어,6
ENP038454,MMCA Lee Kun-hee Collection: Masterpieces of Korean Art,축제/공연/행사,Festivals/Events/Performances > Events > Exhibitions,20,KOP038454:한국어|ENP038454:영어|JPP038454:일본어|CNP038454:중국어 간체|TCP038454:중국어 번체|RUP038454:러시아어,6
ENP038443,Moomin Original: Moomin 75th Anniversary Special Exhibition,축제/공연/행사,Festivals/Events/Performances > Events > Exhibitions,20,KOP038443:한국어|ENP038443:영어|JPP038443:일본어|CNP038443:중국어 간체|TCP038443:중국어 번체|RUP038443:러시아어,6
ENP038435,BVLGARI Colors Exhibition,축제/공연/행사,Festivals/Events/Performances > Events > Exhibitions,20,KOP038435:한국어|ENP038435:영어|JPP038435:일본어|CNP038435:중국어 간체|TCP038435:중국어 번체|RUP038435:러시아어,6
ENP038441,Jane Jin Kaisen: Community of Parting,축제/공연/행사,Festivals/Events/Performances > Events > Exhibitions,20,KOP038441:한국어|ENP038441:영어|JPP038441:일본어|CNP038441:중국어 간체|TCP038441:중국어 번체|RUP038441:러시아어,6
ENP038202,Whashin Department Store: Jongno&#039;s Old Landmark,축제/공연/행사,Festivals/Events/Performances > Events > Exhibitions,20,KOP038202:한국어|ENP038202:영어|JPP038202:일본어|CNP038202:중국어 간체|TCP038202:중국어 번체|RUP038202:러시아어|MLP038202:말레이어,7
ENP038110,Blue Room,축제/공연/행사,Festivals/Events/Performances > Events > Exhibitions,20,KOP038110:한국어|ENP038110:영어|JPP038110:일본어|CNP038110:중국어 간체|TCP038110:중국어 번체|RUP038110:러시아어,6
ENP038107,Photographs by Yosigo: Holiday Memories,축제/공연/행사,Festivals/Events/Performances > Events > Exhibitions,20,KOP038107:한국어|ENP038107:영어|JPP038107:일본어|CNP038107:중국어 간체|TCP038107:중국어 번체|RUP038107:러시아어,6
ENP038094,Heritage of Seoul&#039;s Traditional Crafts,축제/공연/행사,Festivals/Events/Performances > Events > Exhibitions,20,KOP038094:한국어|ENP038094:영어|JPP038094:일본어|CNP038094:중국어 간체|TCP038094:중국어 번체|RUP038094:러시아어,6
ENP038093,"Craft, Moving Beyond Time and Boundaries",축제/공연/행사,Festivals/Events/Performances > Events > Exhibitions,20,KOP038093:한국어|ENP038093:영어|JPP038093:일본어|CNP038093:중국어 간체|TCP038093:중국어 번체|RUP038093:러시아어,6
ENP038074,Chung Sang Hwa,축제/공연/행사,Festivals/Events/Performances > Events > Exhibitions,20,KOP038074:한국어|ENP038074:영어|JPP038074:일본어|CNP038074:중국어 간체|TCP038074:중국어 번체|RUP038074:러시아어,6
ENP038071,Homin and Jaehwan,축제/공연/행사,Festivals/Events/Performances > Events > Exhibitions,20,KOP038071:한국어|ENP038071:영어|JPP038071:일본어|CNP038071:중국어 간체|TCP038071:중국어 번체|RUP038071:러시아어,6
ENP038069,Seoullo Aquatic Botanical Garden,축제/공연/행사,Festivals/Events/Performances > Events > Exhibitions,20,KOP038069:한국어|ENP038069:영어|JPP038069:일본어|CNP038069:중국어 간체|TCP038069:중국어 번체|RUP038069:러시아어,6
ENP038067,Face to Face,축제/공연/행사,Festivals/Events/Performances > Events > Exhibitions,20,KOP038067:한국어|ENP038067:영어|JPP038067:일본어|CNP038067:중국어 간체|TCP038067:중국어 번체|RUP038067:러시아어,6
ENP038051,Hello Peony,축제/공연/행사,Festivals/Events/Performances > Events > Exhibitions,20,KOP038051:한국어|ENP038051:영어|JPP038051:일본어|CNP038051:중국어 간체|TCP038051:중국어 번체|RUP038051:러시아어,6
ENP038050,Flexible Imagination,축제/공연/행사,Festivals/Events/Performances > Events > Exhibitions,20,KOP038050:한국어|ENP038050:영어|JPP038050:일본어|CNP038050:중국어 간체|TCP038050:중국어 번체|RUP038050:러시아어,6
ENP038047,Solid City,축제/공연/행사,Festivals/Events/Performances > Events > Exhibitions,20,KOP038047:한국어|ENP038047:영어|JPP038047:일본어|CNP038047:중국어 간체|TCP038047:중국어 번체|RUP038047:러시아어,6
ENP037903,Hwan Young Illusion: Between Reality and Fantasy,축제/공연/행사,Festivals/Events/Performances > Events > Exhibitions,21,KOP037903:한국어|ENP037903:영어|JPP037903:일본어|CNP037903:중국어 간체|TCP037903:중국어 번체|RUP037903:러시아어,6
ENP037956,Marcello Barenghi Exhibition,축제/공연/행사,Festivals/Events/Performances > Events > Exhibitions,21,KOP037956:한국어|ENP037956:영어|JPP037956:일본어|CNP037956:중국어 간체|TCP037956:중국어 번체|RUP037956:러시아어,6
ENP037899,The Beatles by Robert Whitaker,축제/공연/행사,Festivals/Events/Performances > Events > Exhibitions,21,KOP037899:한국어|ENP037899:영어|JPP037899:일본어|CNP037899:중국어 간체|TCP037899:중국어 번체|RUP037899:러시아어,6
ENP037902,Picasso&#039;s 140th Birthday Special Exhibition,축제/공연/행사,Festivals/Events/Performances > Events > Exhibitions,21,KOP037902:한국어|ENP037902:영어|JPP037902:일본어|CNP037902:중국어 간체|TCP037902:중국어 번체|RUP037902:러시아어,6
ENP037823,[BTS X JAMES JEAN] SEVEN PHASES,축제/공연/행사,Festivals/Events/Performances > Events > Exhibitions,21,KOP037823:한국어|ENP037823:영어|JPP037823:일본어|CNP037823:중국어 간체|TCP037823:중국어 번체|RUP037823:러시아어,6
ENP037866,Seoul Illustration Fair,축제/공연/행사,Festivals/Events/Performances > Events > Exhibitions,21,KOP037866:한국어|ENP037866:영어|JPP037866:일본어|CNP037866:중국어 간체|TCP037866:중국어 번체|RUP037866:러시아어,6
ENP037865,Gwangtonggyo: The Capital&#039;s Primary Bridge,축제/공연/행사,Festivals/Events/Performances > Events > Exhibitions,21,KOP037865:한국어|ENP037865:영어|JPP037865:일본어|CNP037865:중국어 간체|TCP037865:중국어 번체|RUP037865:러시아어,6
ENP037833,"Gyeongchun Line, Membership Training Memories",축제/공연/행사,Festivals/Events/Performances > Events > Exhibitions,21,KOP037833:한국어|ENP037833:영어|JPP037833:일본어|CNP037833:중국어 간체|TCP037833:중국어 번체|RUP037833:러시아어,6
ENP037824,William Wegman: Being Human,축제/공연/행사,Festivals/Events/Performances > Events > Exhibitions,21,KOP037824:한국어|ENP037824:영어|JPP037824:일본어|CNP037824:중국어 간체|TCP037824:중국어 번체|RUP037824:러시아어,6
ENP037794,Secrets of Wooden Puppets - Czech Marionettes,축제/공연/행사,Festivals/Events/Performances > Events > Exhibitions,21,KOP037794:한국어|ENP037794:영어|JPP037794:일본어|CNP037794:중국어 간체|TCP037794:중국어 번체|RUP037794:러시아어,6
ENP037795,"Sand Island, Airfield, Building Forest in Yeouido",축제/공연/행사,Festivals/Events/Performances > Events > Exhibitions,21,KOP037795:한국어|ENP037795:영어|JPP037795:일본어|CNP037795:중국어 간체|TCP037795:중국어 번체|RUP037795:러시아어,6
ENP037732,2021 Seoul Drum Festival,축제/공연/행사,Festivals/Events/Performances > Festivals,21,KOP037732:한국어|ENP037732:영어|JPP037732:일본어|CNP037732:중국어 간체|TCP037732:중국어 번체|RUP037732:러시아어,6
ENP037695,Homo Sapiens: Evolution ∞ Relationships &amp; Future,축제/공연/행사,Festivals/Events/Performances > Events > Exhibitions,21,KOP037695:한국어|ENP037695:영어|JPP037695:일본어|CNP037695:중국어 간체|TCP037695:중국어 번체|RUP037695:러시아어,6
ENP037686,Icons and Identities [from National Portrait Gallery],축제/공연/행사,Festivals/Events/Performances > Events > Exhibitions,21,KOP037686:한국어|ENP037686:영어|JPP037686:일본어|CNP037686:중국어 간체|TCP037686:중국어 번체|RUP037686:러시아어,6
ENP037540,Records of Hanyangdoseong Engraved on Stone,축제/공연/행사,Festivals/Events/Performances > Events > Exhibitions,21,KOP037540:한국어|ENP037540:영어|JPP037540:일본어|CNP037540:중국어 간체|TCP037540:중국어 번체|RUP037540:러시아어,6
ENP037607,Flowers by Naked,축제/공연/행사,Festivals/Events/Performances > Events > Exhibitions,21,KOP037607:한국어|ENP037607:영어|JPP037607:일본어|CNP037607:중국어 간체|TCP037607:중국어 번체|RUP037607:러시아어,6
ENP037605,Yeon Deung Hoe (Lotus Lantern Festival),축제/공연/행사,Festivals/Events/Performances > Festivals,21,KOP037605:한국어|ENP037605:영어|JPP037605:일본어|CNP037605:중국어 간체|TCP037605:중국어 번체|RUP037605:러시아어,6
ENP037603,"Max Dalton, Moments in Film",축제/공연/행사,Festivals/Events/Performances > Events > Exhibitions,21,KOP037603:한국어|ENP037603:영어|JPP037603:일본어|CNP037603:중국어 간체|TCP037603:중국어 번체|RUP037603:러시아어,6
ENP037595,Life Exhibition: The Last Print,축제/공연/행사,Festivals/Events/Performances > Events > Exhibitions,21,KOP037595:한국어|ENP037595:영어|JPP037595:일본어|CNP037595:중국어 간체|TCP037595:중국어 번체|RUP037595:러시아어,6
ENP037592,Moonlight Walk at Changdeokgung Palace 2021,축제/공연/행사,Festivals/Events/Performances > Events > Other > Events,21,KOP037592:한국어|ENP037592:영어|JPP037592:일본어|CNP037592:중국어 간체|TCP037592:중국어 번체|RUP037592:러시아어,6
ENP037379,The Forties: Alluring Moments,축제/공연/행사,Festivals/Events/Performances > Events > Exhibitions,22,KOP037379:한국어|ENP037379:영어|JPP037379:일본어|CNP037379:중국어 간체|TCP037379:중국어 번체|RUP037379:러시아어,6
ENP037376,Andy Warhol: Beginning Seoul,축제/공연/행사,Festivals/Events/Performances > Events > Exhibitions,22,KOP037376:한국어|ENP037376:영어|JPP037376:일본어|CNP037376:중국어 간체|TCP037376:중국어 번체|RUP037376:러시아어,6
ENP037377,Layered Time Exhibition,축제/공연/행사,Festivals/Events/Performances > Events > Exhibitions,22,KOP037377:한국어|ENP037377:영어|JPP037377:일본어|CNP037377:중국어 간체|TCP037377:중국어 번체|RUP037377:러시아어,6
ENP037375,Day Travel,축제/공연/행사,Festivals/Events/Performances > Events > Exhibitions,22,KOP037375:한국어|ENP037375:영어|JPP037375:일본어|CNP037375:중국어 간체|TCP037375:중국어 번체|RUP037375:러시아어,6
ENP037380,Artist Prologue 2021,축제/공연/행사,Festivals/Events/Performances > Events > Exhibitions,22,KOP037380:한국어|ENP037380:영어|JPP037380:일본어|CNP037380:중국어 간체|TCP037380:중국어 번체|RUP037380:러시아어,6
ENP037199,A Climate Crisis Come,축제/공연/행사,Festivals/Events/Performances > Events > Exhibitions,22,KOP037199:한국어|ENP037199:영어|JPP037199:일본어|CNP037199:중국어 간체|TCP037199:중국어 번체|RUP037199:러시아어|MLP037199:말레이어,7
ENP037041,Street Noise,축제/공연/행사,Festivals/Events/Performances > Events > Exhibitions,22,KOP037041:한국어|ENP037041:영어|JPP037041:일본어|CNP037041:중국어 간체|TCP037041:중국어 번체|RUP037041:러시아어,6
ENP036958,TeamLab: Life,축제/공연/행사,Festivals/Events/Performances > Events > Exhibitions,22,KOP036958:한국어|ENP036958:영어|JPP036958:일본어|CNP036958:중국어 간체|TCP036958:중국어 번체|RUP036958:러시아어,6
ENP036938,"Meak: Soul, Elements &amp; Sound",축제/공연/행사,Festivals/Events/Performances > Events > Exhibitions,22,KOP036938:한국어|ENP036938:영어|JPP036938:일본어|CNP036938:중국어 간체|TCP036938:중국어 번체|RUP036938:러시아어,6
ENP036917,2021 CRE8TIVE REPORT,축제/공연/행사,Festivals/Events/Performances > Events > Exhibitions,22,KOP036917:한국어|ENP036917:영어|JPP036917:일본어|CNP036917:중국어 간체|TCP036917:중국어 번체|RUP036917:러시아어,6
ENP036913,"Hullo Hullo, Following on: Rose Wylie",축제/공연/행사,Festivals/Events/Performances > Events > Exhibitions,22,KOP036913:한국어|ENP036913:영어|JPP036913:일본어|CNP036913:중국어 간체|TCP036913:중국어 번체|RUP036913:러시아어,6
ENP036912,7th Royal Culture Festival,축제/공연/행사,Festivals/Events/Performances > Festivals,22,KOP036912:한국어|ENP036912:영어|JPP036912:일본어|CNP036912:중국어 간체|TCP036912:중국어 번체|RUP036912:러시아어,6
ENP036872,Platform Chang-dong 61,축제/공연/행사,Festivals/Events/Performances > Festivals,22,KOP036872:한국어|ENP036872:영어|JPP036872:일본어|CNP036872:중국어 간체|TCP036872:중국어 번체|MLP036872:말레이어,6
ENP036876,Sea of Light,축제/공연/행사,Festivals/Events/Performances > Festivals,22,KOP036876:한국어|ENP036876:영어|JPP036876:일본어|CNP036876:중국어 간체|TCP036876:중국어 번체,5
ENP036877,Hongneung Forest (Arboretum),축제/공연/행사,Festivals/Events/Performances > Festivals,22,KOP036877:한국어|ENP036877:영어|JPP036877:일본어|CNP036877:중국어 간체|TCP036877:중국어 번체|RUP036877:러시아어|MLP036877:말레이어,7
ENP036878,Dokdo Museum Seoul,축제/공연/행사,Festivals/Events/Performances > Festivals,22,KOP036878:한국어|ENP036878:영어|JPP036878:일본어|CNP036878:중국어 간체|TCP036878:중국어 번체|MLP036878:말레이어,6
ENP036881,2021 Delight Seoul,축제/공연/행사,Festivals/Events/Performances > Events > Exhibitions,22,KOP036881:한국어|ENP036881:영어|JPP036881:일본어|CNP036881:중국어 간체|TCP036881:중국어 번체|RUP036881:러시아어,6
ENP036854,2021 Doosan Art Lab,축제/공연/행사,Festivals/Events/Performances > Events > Exhibitions,22,KOP036854:한국어|ENP036854:영어|JPP036854:일본어|CNP036854:중국어 간체|TCP036854:중국어 번체|RUP036854:러시아어,6
ENP036826,Yudam Solo Exhibition: What I Felt,축제/공연/행사,Festivals/Events/Performances > Events > Exhibitions,22,KOP036826:한국어|ENP036826:영어|JPP036826:일본어|CNP036826:중국어 간체|TCP036826:중국어 번체|RUP036826:러시아어,6
ENP036811,Ocragela: Sustainable Design,축제/공연/행사,Festivals/Events/Performances > Events > Exhibitions,22,KOP036811:한국어|ENP036811:영어|JPP036811:일본어|CNP036811:중국어 간체|TCP036811:중국어 번체|RUP036811:러시아어,6
ENP036784,Shooting the Pulitzer,축제/공연/행사,Festivals/Events/Performances > Events > Exhibitions,23,KOP036784:한국어|ENP036784:영어|JPP036784:일본어|CNP036784:중국어 간체|TCP036784:중국어 번체|RUP036784:러시아어,6
ENP036730,Solo Travel (Solo tour course),축제/공연/행사,Festivals/Events/Performances > Festivals,23,KOP036730:한국어|ENP036730:영어|JPP036730:일본어|CNP036730:중국어 간체|TCP036730:중국어 번체|MLP036730:말레이어,6
ENP036729,Experience &amp; Tour Program,축제/공연/행사,Festivals/Events/Performances > Festivals,23,KOP036729:한국어|ENP036729:영어|JPP036729:일본어|CNP036729:중국어 간체|TCP036729:중국어 번체|MLP036729:말레이어,6
ENP036751,Modern History Memorial Hall,축제/공연/행사,Festivals/Events/Performances > Festivals,23,KOP036751:한국어|ENP036751:영어|JPP036751:일본어|CNP036751:중국어 간체|TCP036751:중국어 번체|MLP036751:말레이어,6
ENP036752,Kang Gam-chan Exhibit Hall,축제/공연/행사,Festivals/Events/Performances > Festivals,23,KOP036752:한국어|ENP036752:영어|JPP036752:일본어|CNP036752:중국어 간체|TCP036752:중국어 번체|MLP036752:말레이어,6
ENP036754,Songpa Trail,축제/공연/행사,Festivals/Events/Performances > Festivals,23,KOP036754:한국어|ENP036754:영어|JPP036754:일본어|CNP036754:중국어 간체|TCP036754:중국어 번체|RUP036754:러시아어|MLP036754:말레이어,7
ENP036694,Nighttime Fancies that Disappear in the Morning,축제/공연/행사,Festivals/Events/Performances > Festivals,23,KOP036694:한국어|ENP036694:영어|JPP036694:일본어|CNP036694:중국어 간체|TCP036694:중국어 번체|RUP036694:러시아어,6
ENP036600,On Guard in Hanyang,축제/공연/행사,Festivals/Events/Performances > Events > Exhibitions,23,KOP036600:한국어|ENP036600:영어|JPP036600:일본어|CNP036600:중국어 간체|TCP036600:중국어 번체|RUP036600:러시아어,6
ENP036287,K-Mas Live Market,축제/공연/행사,Festivals/Events/Performances > Events > Other > Events,23,KOP036287:한국어|ENP036287:영어|JPP036287:일본어|CNP036287:중국어 간체|TCP036287:중국어 번체|RUP036287:러시아어,6
ENP036050,The Moment of Gi-eok,축제/공연/행사,Festivals/Events/Performances > Events > Exhibitions,23,KOP036050:한국어|ENP036050:영어|JPP036050:일본어|CNP036050:중국어 간체|TCP036050:중국어 번체|RUP036050:러시아어,6
ENP036046,The Abstract with Mr. Kandinsky,축제/공연/행사,Festivals/Events/Performances > Events > Exhibitions,23,KOP036046:한국어|ENP036046:영어|JPP036046:일본어|CNP036046:중국어 간체|TCP036046:중국어 번체|RUP036046:러시아어,6
ENP035914,2020 Korea Dance Awards &amp; Dance Night,축제/공연/행사,Festivals/Events/Performances > Events > Other > Events,23,KOP035914:한국어|ENP035914:영어|JPP035914:일본어|CNP035914:중국어 간체|TCP035914:중국어 번체|RUP035914:러시아어,6
ENP035904,2020 Coex Winter Festival,축제/공연/행사,Festivals/Events/Performances > Festivals,23,KOP035904:한국어|ENP035904:영어|JPP035904:일본어|CNP035904:중국어 간체|TCP035904:중국어 번체|RUP035904:러시아어,6
ENP035866,Namsan Park &amp; World Cup Park Archives,축제/공연/행사,Festivals/Events/Performances > Festivals,23,KOP035866:한국어|ENP035866:영어|JPP035866:일본어|CNP035866:중국어 간체|TCP035866:중국어 번체|RUP035866:러시아어,6
ENP035744,OCI Museum of Art 10th Anniversary,축제/공연/행사,Festivals/Events/Performances > Events > Exhibitions,23,KOP035744:한국어|ENP035744:영어|JPP035744:일본어|CNP035744:중국어 간체|TCP035744:중국어 번체|RUP035744:러시아어,6
ENP035577,41st Seoul Dance Festival,축제/공연/행사,Festivals/Events/Performances > Festivals,23,KOP035577:한국어|ENP035577:영어|JPP035577:일본어|CNP035577:중국어 간체|TCP035577:중국어 번체|RUP035577:러시아어,6
ENP035571,2020 Seokchon Lake Foliage Fesitval,축제/공연/행사,Festivals/Events/Performances > Festivals,23,KOP035571:한국어|ENP035571:영어|JPP035571:일본어|CNP035571:중국어 간체|TCP035571:중국어 번체|RUP035571:러시아어,6
ENP035408,"National Museum of Modern and Contemporary Art, Korea",축제/공연/행사,Festivals/Events/Performances > Festivals,23,KOP035408:한국어|ENP035408:영어|JPP035408:일본어|CNP035408:중국어 간체|TCP035408:중국어 번체|MLP035408:말레이어,6
ENP035451,Day Travel,축제/공연/행사,Festivals/Events/Performances > Events > Exhibitions,23,KOP035451:한국어|ENP035451:영어|JPP035451:일본어|CNP035451:중국어 간체|TCP035451:중국어 번체|RUP035451:러시아어,6
ENP035379,2020 Seoul Cafe Show,축제/공연/행사,Festivals/Events/Performances > Events > Expos,23,KOP035379:한국어|ENP035379:영어|JPP035379:일본어|CNP035379:중국어 간체|TCP035379:중국어 번체|RUP035379:러시아어,6
ENP035377,2020 Asia Dance Festival,축제/공연/행사,Festivals/Events/Performances > Festivals,24,KOP035377:한국어|ENP035377:영어|JPP035377:일본어|CNP035377:중국어 간체|TCP035377:중국어 번체|RUP035377:러시아어,6
ENP035370,2020 Insadong Culture Festival,축제/공연/행사,Festivals/Events/Performances > Festivals,24,KOP035370:한국어|ENP035370:영어|JPP035370:일본어|CNP035370:중국어 간체|TCP035370:중국어 번체|RUP035370:러시아어,6
ENP035308,2020 Nowpan Festival,축제/공연/행사,Festivals/Events/Performances > Festivals,24,KOP035308:한국어|ENP035308:영어|JPP035308:일본어|CNP035308:중국어 간체|TCP035308:중국어 번체|RUP035308:러시아어,6
ENP035053,The 8th Hanyangdoseong Culture Festival,축제/공연/행사,Festivals/Events/Performances > Festivals,24,KOP035053:한국어|ENP035053:영어|JPP035053:일본어|CNP035053:중국어 간체|TCP035053:중국어 번체|RUP035053:러시아어,6
ENP035056,Royal Culture Festival 2020,축제/공연/행사,Festivals/Events/Performances > Festivals,24,KOP035056:한국어|ENP035056:영어|JPP035056:일본어|CNP035056:중국어 간체|TCP035056:중국어 번체,5
ENP035057,Korea Traditional Performing Arts Festival 2020,축제/공연/행사,Festivals/Events/Performances > Festivals,24,KOP035057:한국어|ENP035057:영어|JPP035057:일본어|CNP035057:중국어 간체|TCP035057:중국어 번체|RUP035057:러시아어,6
ENP035034,Seoul Youth Theater Festival,축제/공연/행사,Festivals/Events/Performances > Festivals,24,KOP035034:한국어|ENP035034:영어|JPP035034:일본어|CNP035034:중국어 간체|TCP035034:중국어 번체|RUP035034:러시아어,6
ENP034908,Breath of Earth,축제/공연/행사,Festivals/Events/Performances > Events > Exhibitions,24,KOP034908:한국어|ENP034908:영어|JPP034908:일본어|CNP034908:중국어 간체|TCP034908:중국어 번체|RUP034908:러시아어,6
ENP034906,The Other Side of Landscape,축제/공연/행사,Festivals/Events/Performances > Events > Exhibitions,24,KOP034906:한국어|ENP034906:영어|JPP034906:일본어|CNP034906:중국어 간체|TCP034906:중국어 번체|RUP034906:러시아어,6
ENP034905,The Radio Our Family Listened To - 1978,축제/공연/행사,Festivals/Events/Performances > Events > Exhibitions,24,KOP034905:한국어|ENP034905:영어|JPP034905:일본어|CNP034905:중국어 간체|TCP034905:중국어 번체|RUP034905:러시아어,6
ENP034832,Jump Guro &amp; Asia Culture Festival in Guro 2020,축제/공연/행사,Festivals/Events/Performances > Festivals,24,KOP034832:한국어|ENP034832:영어|JPP034832:일본어|CNP034832:중국어 간체|TCP034832:중국어 번체|RUP034832:러시아어,6
ENP034783,Between Dreamy and Dreary,축제/공연/행사,Festivals/Events/Performances > Events > Exhibitions,24,KOP034783:한국어|ENP034783:영어|JPP034783:일본어|CNP034783:중국어 간체|TCP034783:중국어 번체|RUP034783:러시아어,6
ENP034781,Rise Up Rim Dong Sik,축제/공연/행사,Festivals/Events/Performances > Events > Exhibitions,24,KOP034781:한국어|ENP034781:영어|JPP034781:일본어|CNP034781:중국어 간체|TCP034781:중국어 번체|RUP034781:러시아어,6
ENP034780,This Event,축제/공연/행사,Festivals/Events/Performances > Events > Exhibitions,24,KOP034780:한국어|ENP034780:영어|JPP034780:일본어|CNP034780:중국어 간체|TCP034780:중국어 번체|RUP034780:러시아어,6
ENP034769,A Distance from Where I Stand,축제/공연/행사,Festivals/Events/Performances > Events > Exhibitions,24,KOP034769:한국어|ENP034769:영어|JPP034769:일본어|CNP034769:중국어 간체|TCP034769:중국어 번체|RUP034769:러시아어,6
ENP034768,An Exhibition for Everyone: Things that Remain Unchanged,축제/공연/행사,Festivals/Events/Performances > Events > Exhibitions,24,KOP034768:한국어|ENP034768:영어|JPP034768:일본어|CNP034768:중국어 간체|TCP034768:중국어 번체|RUP034768:러시아어,6
ENP034727,2020 Seoul Drum Festival,축제/공연/행사,Festivals/Events/Performances > Festivals,24,KOP034727:한국어|ENP034727:영어|JPP034727:일본어|CNP034727:중국어 간체|TCP034727:중국어 번체|RUP034727:러시아어,6
ENP034593,Seoul Beer Festival,축제/공연/행사,Festivals/Events/Performances > Festivals,24,KOP034593:한국어|ENP034593:영어|JPP034593:일본어|CNP034593:중국어 간체|TCP034593:중국어 번체|RUP034593:러시아어,6
ENP034591,Seodaemun Independence Democracy Festival,축제/공연/행사,Festivals/Events/Performances > Festivals,24,KOP034591:한국어|ENP034591:영어|JPP034591:일본어|CNP034591:중국어 간체|TCP034591:중국어 번체,5
ENP034532,28th Seoul Dessert Fair [Watermelon &amp; Mango] Cancellation,축제/공연/행사,Festivals/Events/Performances > Events > Expos,24,KOP034532:한국어|ENP034532:영어|JPP034532:일본어|CNP034532:중국어 간체|TCP034532:중국어 번체|RUP034532:러시아어,6
ENP034456,Goods For You,축제/공연/행사,Festivals/Events/Performances > Events > Exhibitions,25,KOP034456:한국어|ENP034456:영어|JPP034456:일본어|CNP034456:중국어 간체|TCP034456:중국어 번체|RUP034456:러시아어,6
ENP034313,My Name is Green,축제/공연/행사,Festivals/Events/Performances > Events > Exhibitions,25,KOP034313:한국어|ENP034313:영어|JPP034313:일본어|CNP034313:중국어 간체|TCP034313:중국어 번체,5
ENP034312,The 17th Seoul International Food &amp; Tableware Festival 2020,축제/공연/행사,Festivals/Events/Performances > Festivals,25,KOP034312:한국어|ENP034312:영어|JPP034312:일본어|CNP034312:중국어 간체|TCP034312:중국어 번체,5
ENP034311,Monet to Cezanne,축제/공연/행사,Festivals/Events/Performances > Events > Exhibitions,25,KOP034311:한국어|ENP034311:영어|JPP034311:일본어|CNP034311:중국어 간체|TCP034311:중국어 번체|RUP034311:러시아어,6
ENP034294,2020 Namsangol Hanok Village Taekwondo Performance,축제/공연/행사,Festivals/Events/Performances > Performances,25,KOP034294:한국어|ENP034294:영어|JPP034294:일본어|CNP034294:중국어 간체|TCP034294:중국어 번체|RUP034294:러시아어,6
ENP034259,The 27th Seoul Dessert Fair,축제/공연/행사,Festivals/Events/Performances > Events > Expos,25,KOP034259:한국어|ENP034259:영어|JPP034259:일본어|CNP034259:중국어 간체|TCP034259:중국어 번체|RUP034259:러시아어,6
ENP034176,Gentlemen&#039;s Hat Shop in the Joseon Dynasty,축제/공연/행사,Festivals/Events/Performances > Events > Exhibitions,25,KOP034176:한국어|ENP034176:영어|JPP034176:일본어|CNP034176:중국어 간체|TCP034176:중국어 번체|RUP034176:러시아어,6
ENP034075,Hanyangdoseong in the Past and Present,축제/공연/행사,Festivals/Events/Performances > Events > Exhibitions,25,KOP034075:한국어|ENP034075:영어|JPP034075:일본어|CNP034075:중국어 간체|TCP034075:중국어 번체|RUP034075:러시아어,6
ENP034112,The Modern and Contemporary Korean Writing,축제/공연/행사,Festivals/Events/Performances > Events > Exhibitions,25,KOP034112:한국어|ENP034112:영어|JPP034112:일본어|CNP034112:중국어 간체|TCP034112:중국어 번체|RUP034112:러시아어,6
ENP034113,The Better Man 1948 - 2020: Pick Your Representative for the National Assembly,축제/공연/행사,Festivals/Events/Performances > Events > Exhibitions,25,KOP034113:한국어|ENP034113:영어|JPP034113:일본어|CNP034113:중국어 간체|TCP034113:중국어 번체|RUP034113:러시아어,6
ENP034115,A Space for Ideas: A Sculptor&#039;s Sketchbook,축제/공연/행사,Festivals/Events/Performances > Events > Exhibitions,25,KOP034115:한국어|ENP034115:영어|JPP034115:일본어|CNP034115:중국어 간체|TCP034115:중국어 번체|RUP034115:러시아어,6
ENP034069,"History Has Failed Us, but No Matter",축제/공연/행사,Festivals/Events/Performances > Events > Exhibitions,25,KOP034069:한국어|ENP034069:영어|JPP034069:일본어|CNP034069:중국어 간체|TCP034069:중국어 번체|RUP034069:러시아어,6
ENP034068,Fighting Epidemics in Joseon Dynasty,축제/공연/행사,Festivals/Events/Performances > Events > Exhibitions,25,KOP034068:한국어|ENP034068:영어|JPP034068:일본어|CNP034068:중국어 간체|TCP034068:중국어 번체|RUP034068:러시아어,6
ENP034070,2020 Seoul International Wines &amp; Spirits Expo,축제/공연/행사,Festivals/Events/Performances > Events > Expos,25,KOP034070:한국어|ENP034070:영어|JPP034070:일본어|CNP034070:중국어 간체|TCP034070:중국어 번체|RUP034070:러시아어,6
ENP034116,Pinocchio Art Exhibition,축제/공연/행사,Festivals/Events/Performances > Events > Exhibitions,25,KOP034116:한국어|ENP034116:영어|JPP034116:일본어|CNP034116:중국어 간체|TCP034116:중국어 번체|RUP034116:러시아어,6
ENP034079,2020 Republic of Korea International Culinary Competition,축제/공연/행사,Festivals/Events/Performances > Events > Other > Events,25,KOP034079:한국어|ENP034079:영어|JPP034079:일본어|CNP034079:중국어 간체|TCP034079:중국어 번체|RUP034079:러시아어,6
ENP034018,"Yeonnam, One Fine Day",축제/공연/행사,Festivals/Events/Performances > Events > Other > Events,25,KOP034018:한국어|ENP034018:영어|JPP034018:일본어|CNP034018:중국어 간체|TCP034018:중국어 번체,5
ENP033993,Seoul as the Main Character of Novels,축제/공연/행사,Festivals/Events/Performances > Events > Exhibitions,25,KOP033993:한국어|ENP033993:영어|JPP033993:일본어|CNP033993:중국어 간체|TCP033993:중국어 번체|RUP033993:러시아어,6
ENP033276,Seongsu Newtro Tour,축제/공연/행사,Festivals/Events/Performances > Events > Other > Events,25,KOP033276:한국어|ENP033276:영어|JPP033276:일본어|CNP033276:중국어 간체|TCP033276:중국어 번체,5
ENP032904,Korea Grand Sale 2020,축제/공연/행사,Festivals/Events/Performances > Events > Other > Events,25,KOP032904:한국어|ENP032904:영어|JPP032904:일본어|CNP032904:중국어 간체|TCP032904:중국어 번체,5
ENP033051,2020 Sevit Illumination Light Festival,축제/공연/행사,Festivals/Events/Performances > Festivals,26,KOP033051:한국어|ENP033051:영어|JPP033051:일본어|CNP033051:중국어 간체|TCP033051:중국어 번체,5
ENP033052,2020 Seoul Dessert Fair [Choco &amp; Strawberry Exhibition],축제/공연/행사,Festivals/Events/Performances > Events > Exhibitions,26,KOP033052:한국어|ENP033052:영어|JPP033052:일본어|CNP033052:중국어 간체|TCP033052:중국어 번체,5
ENP033053,2020 Jeongwol Daeboreum with Friends in Namsangol Hanok Village,축제/공연/행사,Festivals/Events/Performances > Events > Other > Events,26,KOP033053:한국어|ENP033053:영어|JPP033053:일본어|CNP033053:중국어 간체|TCP033053:중국어 번체,5
ENP032665,Seoul Plaza Ice Skating Rink 2019,축제/공연/행사,Festivals/Events/Performances > Events > Other > Events,26,KOP032665:한국어|ENP032665:영어|JPP032665:일본어|CNP032665:중국어 간체|TCP032665:중국어 번체|RUP032665:러시아어,6
ENP032764,Opening of Seoul Museum of Korean Folk Music,축제/공연/행사,Festivals/Events/Performances > Festivals,26,KOP032764:한국어|ENP032764:영어|JPP032764:일본어|CNP032764:중국어 간체|TCP032764:중국어 번체,5
ENP032735,ASSITEJ Korea Winter Festival 2020,축제/공연/행사,Festivals/Events/Performances > Festivals,26,KOP032735:한국어|ENP032735:영어|JPP032735:일본어|CNP032735:중국어 간체|TCP032735:중국어 번체|RUP032735:러시아어,6
ENP032846,Haneul Park Sunrise Festival 2020,축제/공연/행사,Festivals/Events/Performances > Festivals,26,KOP032846:한국어|ENP032846:영어|JPP032846:일본어|CNP032846:중국어 간체|TCP032846:중국어 번체|RUP032846:러시아어,6
ENP032840,Achasan Sunrise Festival 2020,축제/공연/행사,Festivals/Events/Performances > Festivals,26,KOP032840:한국어|ENP032840:영어|JPP032840:일본어|CNP032840:중국어 간체|TCP032840:중국어 번체|RUP032840:러시아어,6
ENP032637,"A Cold Era, The Passionate Movement of Youth : Special Exhibition",축제/공연/행사,Festivals/Events/Performances > Events > Exhibitions,26,KOP032637:한국어|ENP032637:영어|CNP032637:중국어 간체|TCP032637:중국어 번체,4
ENP032697,Supyo-gyo Bridge Hanyang in the Rain: Special Exhibition,축제/공연/행사,Festivals/Events/Performances > Events > Exhibitions,26,KOP032697:한국어|ENP032697:영어|JPP032697:일본어|CNP032697:중국어 간체|TCP032697:중국어 번체|RUP032697:러시아어,6
ENP032694,Salon du Chocolat Seoul 2020,축제/공연/행사,Festivals/Events/Performances > Events > Expos,26,KOP032694:한국어|ENP032694:영어|JPP032694:일본어|CNP032694:중국어 간체|TCP032694:중국어 번체|RUP032694:러시아어,6
ENP032659,17th Seoul Creative Festival,축제/공연/행사,Festivals/Events/Performances > Festivals,26,KOP032659:한국어|ENP032659:영어|JPP032659:일본어|CNP032659:중국어 간체|TCP032659:중국어 번체|RUP032659:러시아어,6
ENP032590,Museum of Colors: Special Exhibition,축제/공연/행사,Festivals/Events/Performances > Events > Exhibitions,26,KOP032590:한국어|ENP032590:영어|JPP032590:일본어|CNP032590:중국어 간체|TCP032590:중국어 번체|RUP032590:러시아어,6
ENP032567,The Power of Beginning: Exhibition,축제/공연/행사,Festivals/Events/Performances > Events > Exhibitions,26,KOP032567:한국어|ENP032567:영어|JPP032567:일본어|CNP032567:중국어 간체|TCP032567:중국어 번체|RUP032567:러시아어,6
ENP032423,DDP Light &amp; Winter Festa,축제/공연/행사,Festivals/Events/Performances > Festivals,26,KOP032423:한국어|ENP032423:영어|JPP032423:일본어|CNP032423:중국어 간체|TCP032423:중국어 번체,5
ENP032279,Seoul Light,축제/공연/행사,Festivals/Events/Performances > Festivals,26,KOP032279:한국어|ENP032279:영어|JPP032279:일본어|CNP032279:중국어 간체|TCP032279:중국어 번체|RUP032279:러시아어,6
ENP032273,"Sungkyunkwan Nat’l Academy and Its Surrounding Village, Banchon: Special Exhibition",축제/공연/행사,Festivals/Events/Performances > Events > Exhibitions,26,KOP032273:한국어|ENP032273:영어|JPP032273:일본어|CNP032273:중국어 간체|TCP032273:중국어 번체|RUP032273:러시아어,6
ENP032221,Collector&#039;s Room : Special Exhibition,축제/공연/행사,Festivals/Events/Performances > Festivals,26,KOP032221:한국어|ENP032221:영어|JPP032221:일본어|CNP032221:중국어 간체|TCP032221:중국어 번체|RUP032221:러시아어,6
ENP032219,"Play Design, Play On: Seoul Design Week Theme Exhibition",축제/공연/행사,Festivals/Events/Performances > Events > Exhibitions,26,KOP032219:한국어|ENP032219:영어|JPP032219:일본어|CNP032219:중국어 간체|TCP032219:중국어 번체|RUP032219:러시아어,6
ENP032200,"70mK Image of Korea, Image of Seoul : Exhibition",축제/공연/행사,Festivals/Events/Performances > Events > Exhibitions,26,KOP032200:한국어|ENP032200:영어|JPP032200:일본어|CNP032200:중국어 간체|TCP032200:중국어 번체|RUP032200:러시아어,6
ENP032196,Cheonggye Plogging,축제/공연/행사,Festivals/Events/Performances > Festivals,27,KOP032196:한국어|ENP032196:영어|JPP032196:일본어|CNP032196:중국어 간체|TCP032196:중국어 번체,5
ENP032137,Seoul Illustration Fair vol. 8,축제/공연/행사,Festivals/Events/Performances > Festivals,27,KOP032137:한국어|ENP032137:영어|JPP032137:일본어|CNP032137:중국어 간체|TCP032137:중국어 번체|RUP032137:러시아어,6
ENP032126,Build Your Seoul AR Wish Wall,축제/공연/행사,Festivals/Events/Performances > Festivals,27,KOP032126:한국어|ENP032126:영어|JPP032126:일본어|CNP032126:중국어 간체|TCP032126:중국어 번체,5
ENP032091,Seoul Kimchi Festival 2019,축제/공연/행사,Festivals/Events/Performances > Festivals,27,KOP032091:한국어|ENP032091:영어|JPP032091:일본어|CNP032091:중국어 간체|TCP032091:중국어 번체|RUP032091:러시아어,6
ENP031819,360˚ Real Love Story : Seoullo 7017 Event,축제/공연/행사,Festivals/Events/Performances > Festivals,27,KOP031819:한국어|ENP031819:영어|RUP031819:러시아어,3
ENP031937,"Geumogyecheop, an Album of Calligraphy and Paintings Celebrating a Gathering of the Uigeumbu Inspectors : Special Exhibition",축제/공연/행사,Festivals/Events/Performances > Events > Exhibitions,27,KOP031937:한국어|ENP031937:영어|JPP031937:일본어|CNP031937:중국어 간체|TCP031937:중국어 번체|RUP031937:러시아어,6
ENP031916,Seoul International Buddhism Expo 2019,축제/공연/행사,Festivals/Events/Performances > Festivals,27,KOP031916:한국어|ENP031916:영어|JPP031916:일본어|CNP031916:중국어 간체|TCP031916:중국어 번체|RUP031916:러시아어,6
ENP031895,Seoul Silver Grass Festival 2019,축제/공연/행사,Festivals/Events/Performances > Festivals,27,KOP031895:한국어|ENP031895:영어|JPP031895:일본어|CNP031895:중국어 간체|TCP031895:중국어 번체|RUP031895:러시아어,6
ENP031878,Jeongdong Culture Night 2019,축제/공연/행사,Festivals/Events/Performances > Festivals,27,KOP031878:한국어|ENP031878:영어|JPP031878:일본어|CNP031878:중국어 간체|TCP031878:중국어 번체|RUP031878:러시아어,6
ENP031873,Maker Faire Seoul 2019,축제/공연/행사,Festivals/Events/Performances > Festivals,27,KOP031873:한국어|ENP031873:영어|JPP031873:일본어|CNP031873:중국어 간체|TCP031873:중국어 번체|RUP031873:러시아어,6
ENP031866,The Trend of North Korean Play,축제/공연/행사,Festivals/Events/Performances > Festivals,27,KOP031866:한국어|ENP031866:영어|JPP031866:일본어|CNP031866:중국어 간체|TCP031866:중국어 번체|RUP031866:러시아어,6
ENP031839,Seoul Tourism Awards 2019,축제/공연/행사,Festivals/Events/Performances > Festivals,27,KOP031839:한국어|ENP031839:영어|JPP031839:일본어|CNP031839:중국어 간체|TCP031839:중국어 번체|RUP031839:러시아어,6
ENP031837,Seoul Fashion Week S/S 2020,축제/공연/행사,Festivals/Events/Performances > Festivals,27,KOP031837:한국어|ENP031837:영어|JPP031837:일본어|CNP031837:중국어 간체|TCP031837:중국어 번체|RUP031837:러시아어,6
ENP031818,"My One More Trip, My Experience- Picture Contents Event",축제/공연/행사,Festivals/Events/Performances > Festivals,27,KOP031818:한국어|ENP031818:영어|JPP031818:일본어|CNP031818:중국어 간체|TCP031818:중국어 번체,5
ENP031825,16th Cactus Festival,축제/공연/행사,Festivals/Events/Performances > Festivals,27,KOP031825:한국어|ENP031825:영어|JPP031825:일본어|CNP031825:중국어 간체|TCP031825:중국어 번체|RUP031825:러시아어,6
ENP031753,"Korea in 1908 Through the eyes of a Hungarian Medical Doctor, Dezső Bozóky : Lobby Exhibition",축제/공연/행사,Festivals/Events/Performances > Festivals,27,KOP031753:한국어|ENP031753:영어|JPP031753:일본어|CNP031753:중국어 간체|TCP031753:중국어 번체|RUP031753:러시아어,6
ENP031741,Seoul Guided Walking Tour New Course Open Event,축제/공연/행사,Festivals/Events/Performances > Festivals,27,KOP031741:한국어|ENP031741:영어|JPP031741:일본어|CNP031741:중국어 간체|TCP031741:중국어 번체|RUP031741:러시아어,6
ENP031608,Korean Royal Court and Nobility Cuisine Festival 2019,축제/공연/행사,Festivals/Events/Performances > Festivals,27,KOP031608:한국어|ENP031608:영어|JPP031608:일본어|CNP031608:중국어 간체|TCP031608:중국어 번체|RUP031608:러시아어,6
ENP031560,One More Trip : 2019 Autumn Big Sale,축제/공연/행사,Festivals/Events/Performances > Festivals,27,KOP031560:한국어|ENP031560:영어|JPP031560:일본어|CNP031560:중국어 간체|TCP031560:중국어 번체|RUP031560:러시아어,6
ENP031643,October : Seoul History and Culture Month,축제/공연/행사,Festivals/Events/Performances > Festivals,27,KOP031643:한국어|ENP031643:영어|JPP031643:일본어|CNP031643:중국어 간체|TCP031643:중국어 번체|RUP031643:러시아어,6
ENP031435,3rd Gangbuk-gu Hiking Cultural Festival,축제/공연/행사,Festivals/Events/Performances > Festivals,28,KOP031435:한국어|ENP031435:영어|JPP031435:일본어|TCP031435:중국어 번체,4
ENP031548,Run On Seoul 2019,축제/공연/행사,Festivals/Events/Performances > Festivals,28,KOP031548:한국어|ENP031548:영어|JPP031548:일본어|CNP031548:중국어 간체|TCP031548:중국어 번체,5
ENP031282,September Companion : Seoul Pilgrimage Routes,축제/공연/행사,Festivals/Events/Performances > Festivals,28,KOP031282:한국어|ENP031282:영어|JPP031282:일본어|TCP031282:중국어 번체,4
ENP031543,"Performance, City Tour Bus",축제/공연/행사,Festivals/Events/Performances > Festivals,28,KOP031543:한국어|ENP031543:영어|JPP031543:일본어|TCP031543:중국어 번체,4
ENP031457,Changuimun in Jeong Seon’s Paintings : Special Exhibition,축제/공연/행사,Festivals/Events/Performances > Festivals,28,KOP031457:한국어|ENP031457:영어|JPP031457:일본어|CNP031457:중국어 간체|TCP031457:중국어 번체|RUP031457:러시아어,6
ENP031428,24th Seoul Dessert Fair,축제/공연/행사,Festivals/Events/Performances > Festivals,28,KOP031428:한국어|ENP031428:영어|JPP031428:일본어|TCP031428:중국어 번체,4
ENP031427,Seoripul Festival 2019,축제/공연/행사,Festivals/Events/Performances > Festivals,28,KOP031427:한국어|ENP031427:영어|JPP031427:일본어|CNP031427:중국어 간체|TCP031427:중국어 번체|RUP031427:러시아어,6
ENP031436,Seoul Welcome Week 2019,축제/공연/행사,Festivals/Events/Performances > Festivals,28,KOP031436:한국어|ENP031436:영어|JPP031436:일본어|CNP031436:중국어 간체|TCP031436:중국어 번체|RUP031436:러시아어,6
ENP031472,Seoul Music Festival 2019,축제/공연/행사,Festivals/Events/Performances > Festivals,28,KOP031472:한국어|ENP031472:영어|JPP031472:일본어|CNP031472:중국어 간체|TCP031472:중국어 번체|RUP031472:러시아어,6
ENP031208,"History Fun With You, With Me, With Us 2019",축제/공연/행사,Festivals/Events/Performances > Festivals,28,KOP031208:한국어|ENP031208:영어|CNP031208:중국어 간체|TCP031208:중국어 번체|RUP031208:러시아어,5
ENP031250,King Jeongjo&#039;s Royal Parade 2019,축제/공연/행사,Festivals/Events/Performances > Festivals,28,KOP031250:한국어|ENP031250:영어|JPP031250:일본어|CNP031250:중국어 간체|TCP031250:중국어 번체|RUP031250:러시아어,6
ENP031220,All About Korean Traditional Experience 2019,축제/공연/행사,Festivals/Events/Performances > Festivals,28,KOP031220:한국어|ENP031220:영어|JPP031220:일본어|CNP031220:중국어 간체|TCP031220:중국어 번체|RUP031220:러시아어,6
ENP031187,SEOUL 100K : Seoul International Ultra Trail Running Race,축제/공연/행사,Festivals/Events/Performances > Festivals,28,KOP031187:한국어|ENP031187:영어|JPP031187:일본어|CNP031187:중국어 간체|TCP031187:중국어 번체|RUP031187:러시아어,6
ENP031117,Seoul International Fireworks Festival 2019,축제/공연/행사,Festivals/Events/Performances > Festivals,28,KOP031117:한국어|ENP031117:영어|JPP031117:일본어|CNP031117:중국어 간체|TCP031117:중국어 번체|RUP031117:러시아어,6
ENP031113,ZER01NE DAY 2019,축제/공연/행사,Festivals/Events/Performances > Festivals,28,KOP031113:한국어|ENP031113:영어|JPP031113:일본어|CNP031113:중국어 간체|TCP031113:중국어 번체|RUP031113:러시아어,6
ENP031094,Jungnang Fashion Week 2019,축제/공연/행사,Festivals/Events/Performances > Festivals,28,KOP031094:한국어|ENP031094:영어|TCP031094:중국어 번체,3
ENP030872,Seoul Friendship Festival 2019,축제/공연/행사,Festivals/Events/Performances > Festivals,28,KOP030872:한국어|ENP030872:영어|JPP030872:일본어|CNP030872:중국어 간체|TCP030872:중국어 번체|RUP030872:러시아어,6
ENP030855,Hanseong Baekje Cultural Festival 2019,축제/공연/행사,Festivals/Events/Performances > Festivals,28,KOP030855:한국어|ENP030855:영어|JPP030855:일본어|CNP030855:중국어 간체|TCP030855:중국어 번체|RUP030855:러시아어,6
ENP030824,Sinchon Beer Festival 2019,축제/공연/행사,Festivals/Events/Performances > Festivals,28,KOP030824:한국어|ENP030824:영어|JPP030824:일본어|CNP030824:중국어 간체|TCP030824:중국어 번체|RUP030824:러시아어,6
ENP030240,Seoul Biennale of Architecture and Urbanism 2019,축제/공연/행사,Festivals/Events/Performances > Festivals,28,KOP030240:한국어|ENP030240:영어|JPP030240:일본어|CNP030240:중국어 간체|TCP030240:중국어 번체|RUP030240:러시아어,6
ENP030788,K-pop Music Festival 2019,축제/공연/행사,Festivals/Events/Performances > Festivals,29,KOP030788:한국어|ENP030788:영어|JPP030788:일본어|CNP030788:중국어 간체|TCP030788:중국어 번체|RUP030788:러시아어,6
ENP030627,Seoul International Drama Awards 2019,축제/공연/행사,Festivals/Events/Performances > Festivals,29,KOP030627:한국어|ENP030627:영어|JPP030627:일본어|CNP030627:중국어 간체|TCP030627:중국어 번체|RUP030627:러시아어,6
ENP030596,Cheonggyecheon Traditional Art Performance,축제/공연/행사,Festivals/Events/Performances > Festivals,29,KOP030596:한국어|ENP030596:영어|JPP030596:일본어|CNP030596:중국어 간체|TCP030596:중국어 번체|RUP030596:러시아어,6
ENP030462,Queen World Tour Exhibition : Bohemian Rhapsody,축제/공연/행사,Festivals/Events/Performances > Festivals,29,KOP030462:한국어|ENP030462:영어|JPP030462:일본어|CNP030462:중국어 간체|TCP030462:중국어 번체|RUP030462:러시아어,6
ENP030592,2019 Seoul Arirang Festival,축제/공연/행사,Festivals/Events/Performances > Festivals,29,KOP030592:한국어|ENP030592:영어|JPP030592:일본어|CNP030592:중국어 간체|TCP030592:중국어 번체|RUP030592:러시아어,6
ENP030502,Mini Sports Festival with Haetti and Haeon 2019,축제/공연/행사,Festivals/Events/Performances > Festivals,29,KOP030502:한국어|ENP030502:영어|JPP030502:일본어|CNP030502:중국어 간체|TCP030502:중국어 번체|RUP030502:러시아어,6
ENP030396,Seoul Fringe Festival 2019,축제/공연/행사,Festivals/Events/Performances > Festivals,29,KOP030396:한국어|ENP030396:영어|JPP030396:일본어|CNP030396:중국어 간체|TCP030396:중국어 번체|RUP030396:러시아어,6
ENP030232,7th Seoul International Harmonica Festival,축제/공연/행사,Festivals/Events/Performances > Festivals,29,KOP030232:한국어|ENP030232:영어|JPP030232:일본어|CNP030232:중국어 간체|TCP030232:중국어 번체|RUP030232:러시아어,6
ENP030178,Analog (35mm) Film Festival 2019,축제/공연/행사,Festivals/Events/Performances > Festivals,29,KOP030178:한국어|ENP030178:영어|JPP030178:일본어|CNP030178:중국어 간체|TCP030178:중국어 번체|RUP030178:러시아어,6
ENP030177,23rd Seoul International Cartoon &amp; Animation Festival,축제/공연/행사,Festivals/Events/Performances > Festivals,29,KOP030177:한국어|ENP030177:영어|JPP030177:일본어|CNP030177:중국어 간체|TCP030177:중국어 번체|RUP030177:러시아어,6
ENP030176,Seoul City Tour Bus Summer Event 2019,축제/공연/행사,Festivals/Events/Performances > Festivals,29,KOP030176:한국어|ENP030176:영어|JPP030176:일본어|CNP030176:중국어 간체|TCP030176:중국어 번체|RUP030176:러시아어,6
ENP030107,"Gyeongseong Sightseeing 1929, Seoul seen through Byeolgeongon : Exhibition",축제/공연/행사,Festivals/Events/Performances > Festivals,29,KOP030107:한국어|ENP030107:영어|JPP030107:일본어|CNP030107:중국어 간체|TCP030107:중국어 번체|RUP030107:러시아어,6
ENP030086,Handarty Korea 2019,축제/공연/행사,Festivals/Events/Performances > Festivals,29,KOP030086:한국어|ENP030086:영어|JPP030086:일본어|CNP030086:중국어 간체|TCP030086:중국어 번체|RUP030086:러시아어,6
ENP029929,ASYAAF &amp; Hidden Artists Festival 2019,축제/공연/행사,Festivals/Events/Performances > Festivals,29,KOP029929:한국어|ENP029929:영어|JPP029929:일본어|CNP029929:중국어 간체|TCP029929:중국어 번체|RUP029929:러시아어,6
ENP030061,Hangang Park Outdoor Swimming Pool 2019,축제/공연/행사,Festivals/Events/Performances > Festivals,29,KOP030061:한국어|ENP030061:영어|JPP030061:일본어|CNP030061:중국어 간체|TCP030061:중국어 번체|RUP030061:러시아어,6
ENP030030,Seoul Summer Sale 2019,축제/공연/행사,Festivals/Events/Performances > Festivals,29,KOP030030:한국어|ENP030030:영어|JPP030030:일본어|CNP030030:중국어 간체|TCP030030:중국어 번체|RUP030030:러시아어,6
ENP029944,2019 JTBC Seoul Marathon,축제/공연/행사,Festivals/Events/Performances > Festivals,29,KOP029944:한국어|ENP029944:영어|JPP029944:일본어|CNP029944:중국어 간체|TCP029944:중국어 번체|RUP029944:러시아어,6
ENP029909,Namsangol Vacance 2019,축제/공연/행사,Festivals/Events/Performances > Festivals,29,KOP029909:한국어|ENP029909:영어|JPP029909:일본어|CNP029909:중국어 간체|TCP029909:중국어 번체|RUP029909:러시아어,6
ENP029895,Special Disney Exhibition : The Magic of Animation,축제/공연/행사,Festivals/Events/Performances > Festivals,29,KOP029895:한국어|ENP029895:영어|JPP029895:일본어|CNP029895:중국어 간체|TCP029895:중국어 번체|RUP029895:러시아어,6
ENP029892,"Hello, My Name is Paul Smith : Special Exhibition",축제/공연/행사,Festivals/Events/Performances > Festivals,29,KOP029892:한국어|ENP029892:영어|JPP029892:일본어|CNP029892:중국어 간체|TCP029892:중국어 번체|RUP029892:러시아어,6
ENP029875,27th ASSITEJ Korea International Summer Festival,축제/공연/행사,Festivals/Events/Performances > Festivals,30,KOP029875:한국어|ENP029875:영어|JPP029875:일본어|CNP029875:중국어 간체|TCP029875:중국어 번체,5
ENP029874,H.C. Andersen and Copenhagen : Special Exhibition,축제/공연/행사,Festivals/Events/Performances > Festivals,30,KOP029874:한국어|ENP029874:영어|JPP029874:일본어|CNP029874:중국어 간체|TCP029874:중국어 번체,5
ENP029868,23rd Seoul Dessert Fair,축제/공연/행사,Festivals/Events/Performances > Festivals,30,KOP029868:한국어|ENP029868:영어|JPP029868:일본어|CNP029868:중국어 간체|TCP029868:중국어 번체|RUP029868:러시아어,6
ENP029784,Midday Concert 2019,축제/공연/행사,Festivals/Events/Performances > Festivals,30,KOP029784:한국어|ENP029784:영어|JPP029784:일본어|CNP029784:중국어 간체|TCP029784:중국어 번체,5
ENP029782,The Rediscovery of Modern Artists 1 - When Brushes Are Abandoned : Exhibition,축제/공연/행사,Festivals/Events/Performances > Festivals,30,KOP029782:한국어|ENP029782:영어|JPP029782:일본어|CNP029782:중국어 간체|TCP029782:중국어 번체,5
ENP029781,Immortality for All : Anton Vidokle,축제/공연/행사,Festivals/Events/Performances > Festivals,30,KOP029781:한국어|ENP029781:영어|JPP029781:일본어|CNP029781:중국어 간체|TCP029781:중국어 번체,5
ENP029780,Scent of Ink : National Dance Company of Korea,축제/공연/행사,Festivals/Events/Performances > Festivals,30,KOP029780:한국어|ENP029780:영어|JPP029780:일본어|CNP029780:중국어 간체|TCP029780:중국어 번체,5
ENP029779,20 Years of Achievement and New Opportunities : Photo Exhibition,축제/공연/행사,Festivals/Events/Performances > Festivals,30,KOP029779:한국어|ENP029779:영어|JPP029779:일본어|CNP029779:중국어 간체|TCP029779:중국어 번체,5
ENP029778,"Travel around Seoul, Traditional Music in Bukchon &amp; City 2019",축제/공연/행사,Festivals/Events/Performances > Festivals,30,KOP029778:한국어|ENP029778:영어|JPP029778:일본어|CNP029778:중국어 간체|TCP029778:중국어 번체,5
ENP029768,The Floodgate of the City Wall : Special Exhibition,축제/공연/행사,Festivals/Events/Performances > Festivals,30,KOP029768:한국어|ENP029768:영어|JPP029768:일본어|CNP029768:중국어 간체|TCP029768:중국어 번체,5
ENP029734,5th SEOULive Tour [Seongbuk-dong Drawing Tour],축제/공연/행사,Festivals/Events/Performances > Festivals,30,KOP029734:한국어|ENP029734:영어|JPP029734:일본어|CNP029734:중국어 간체|TCP029734:중국어 번체,5
ENP029723,Dano Festival 2019 : National Folk Museum of Korea,축제/공연/행사,Festivals/Events/Performances > Festivals,30,KOP029723:한국어|ENP029723:영어|JPP029723:일본어|CNP029723:중국어 간체|TCP029723:중국어 번체,5
ENP029693,Korea Homecare·Rehabilitation·Welfare Expo 2019,축제/공연/행사,Festivals/Events/Performances > Festivals,30,KOP029693:한국어|ENP029693:영어|JPP029693:일본어|CNP029693:중국어 간체|TCP029693:중국어 번체,5
ENP029632,Yeowoorak Festival 2019,축제/공연/행사,Festivals/Events/Performances > Festivals,30,KOP029632:한국어|ENP029632:영어|JPP029632:일본어|CNP029632:중국어 간체|TCP029632:중국어 번체,5
ENP029692,Seoul Open City University Concert 2019,축제/공연/행사,Festivals/Events/Performances > Festivals,30,KOP029692:한국어|ENP029692:영어|JPP029692:일본어|CNP029692:중국어 간체|TCP029692:중국어 번체,5
ENP029587,Riverside Concert 2019,축제/공연/행사,Festivals/Events/Performances > Festivals,30,KOP029587:한국어|ENP029587:영어|JPP029587:일본어|CNP029587:중국어 간체|TCP029587:중국어 번체,5
ENP029585,Traditional Yeonhui Festival 2019,축제/공연/행사,Festivals/Events/Performances > Festivals,30,KOP029585:한국어|ENP029585:영어|JPP029585:일본어|CNP029585:중국어 간체|TCP029585:중국어 번체,5
ENP029671,2019 Hangang Summer Festival,축제/공연/행사,Festivals/Events/Performances > Festivals,30,KOP029671:한국어|ENP029671:영어|JPP029671:일본어|CNP029671:중국어 간체|TCP029671:중국어 번체,5
ENP029666,2019 Seoul Race,축제/공연/행사,Festivals/Events/Performances > Festivals,30,KOP029666:한국어|ENP029666:영어|JPP029666:일본어|CNP029666:중국어 간체|TCP029666:중국어 번체,5
ENP029661,EDC Korea 2019 -Electric Daisy Carnival,축제/공연/행사,Festivals/Events/Performances > Festivals,30,KOP029661:한국어|ENP029661:영어|JPP029661:일본어|CNP029661:중국어 간체|TCP029661:중국어 번체,5
ENP029576,Seoul Meat Fair 2019,축제/공연/행사,Festivals/Events/Performances > Festivals,31,KOP029576:한국어|ENP029576:영어|JPP029576:일본어|CNP029576:중국어 간체|TCP029576:중국어 번체,5
ENP029558,K-pop Music Festival 2019,축제/공연/행사,Festivals/Events/Performances > Festivals,31,KOP029558:한국어|ENP029558:영어|JPP029558:일본어|CNP029558:중국어 간체|TCP029558:중국어 번체,5
ENP029509,Seoul Tourism Souvenir Contest 2019,축제/공연/행사,Festivals/Events/Performances > Festivals,31,KOP029509:한국어|ENP029509:영어|JPP029509:일본어|CNP029509:중국어 간체|TCP029509:중국어 번체,5
ENP029538,Tea World Festival 2019,축제/공연/행사,Festivals/Events/Performances > Festivals,31,KOP029538:한국어|ENP029538:영어|JPP029538:일본어|CNP029538:중국어 간체|TCP029538:중국어 번체,5
ENP029537,Latin American Festival 2019,축제/공연/행사,Festivals/Events/Performances > Festivals,31,KOP029537:한국어|ENP029537:영어|JPP029537:일본어|CNP029537:중국어 간체|TCP029537:중국어 번체|RUP029537:러시아어,6
ENP029496,Seoul International Book Fair 2019,축제/공연/행사,Festivals/Events/Performances > Festivals,31,KOP029496:한국어|ENP029496:영어|JPP029496:일본어|CNP029496:중국어 간체|TCP029496:중국어 번체,5
ENP029491,Seoul International Tourism Industry Fair 2019,축제/공연/행사,Festivals/Events/Performances > Festivals,31,KOP029491:한국어|ENP029491:영어|JPP029491:일본어|CNP029491:중국어 간체|TCP029491:중국어 번체,5
ENP029456,Korea International Photo Festival 2020,축제/공연/행사,Festivals/Events/Performances > Festivals,31,KOP029456:한국어|ENP029456:영어|JPP029456:일본어|CNP029456:중국어 간체|TCP029456:중국어 번체|RUP029456:러시아어,6
ENP029452,11th Seongbok Global Food Festival Nurimasil,축제/공연/행사,Festivals/Events/Performances > Festivals,31,KOP029452:한국어|ENP029452:영어|JPP029452:일본어|CNP029452:중국어 간체|TCP029452:중국어 번체,5
ENP029423,Walking for the Victims 2019,축제/공연/행사,Festivals/Events/Performances > Festivals,31,KOP029423:한국어|ENP029423:영어|JPP029423:일본어|CNP029423:중국어 간체|TCP029423:중국어 번체,5
ENP029440,2019 Sejong Festival x Seoul Music Week,축제/공연/행사,Festivals/Events/Performances > Festivals,31,KOP029440:한국어|ENP029440:영어|JPP029440:일본어|CNP029440:중국어 간체|TCP029440:중국어 번체,5
ENP029438,Seoul Africa Festival 2019,축제/공연/행사,Festivals/Events/Performances > Festivals,31,KOP029438:한국어|ENP029438:영어|JPP029438:일본어|CNP029438:중국어 간체|TCP029438:중국어 번체,5
ENP029404,Seoul Street Performance 2019,축제/공연/행사,Festivals/Events/Performances > Festivals,31,KOP029404:한국어|ENP029404:영어|JPP029404:일본어|CNP029404:중국어 간체|TCP029404:중국어 번체,5
ENP029400,Gwanghwamun International Art Festival 2020,축제/공연/행사,Festivals/Events/Performances > Festivals,31,KOP029400:한국어|ENP029400:영어|JPP029400:일본어|CNP029400:중국어 간체|TCP029400:중국어 번체|RUP029400:러시아어,6
ENP029392,Gyeongbokgung Palace : Nighttime Viewing 2019,축제/공연/행사,Festivals/Events/Performances > Festivals,31,KOP029392:한국어|ENP029392:영어|JPP029392:일본어|CNP029392:중국어 간체|TCP029392:중국어 번체|RUP029392:러시아어,6
ENP029391,22nd Seoul Dessert Fair [Red Taste],축제/공연/행사,Festivals/Events/Performances > Festivals,31,KOP029391:한국어|ENP029391:영어|JPP029391:일본어|CNP029391:중국어 간체|TCP029391:중국어 번체,5
ENP029390,Workshop for my DEAR,축제/공연/행사,Festivals/Events/Performances > Festivals,31,KOP029390:한국어|ENP029390:영어|JPP029390:일본어|CNP029390:중국어 간체|TCP029390:중국어 번체,5
ENP029303,Deoksugung Doldam-gil Music Concert,축제/공연/행사,Festivals/Events/Performances > Festivals,31,KOP029303:한국어|ENP029303:영어|JPP029303:일본어|CNP029303:중국어 간체|TCP029303:중국어 번체,5
ENP029304,2019 Seoul Drum Festival,축제/공연/행사,Festivals/Events/Performances > Festivals,31,KOP029304:한국어|ENP029304:영어|JPP029304:일본어|CNP029304:중국어 간체|TCP029304:중국어 번체,5
ENP029237,Seoul Drum Festival 2019,축제/공연/행사,Festivals/Events/Performances > Festivals,31,KOP029237:한국어|ENP029237:영어|JPP029237:일본어|CNP029237:중국어 간체|TCP029237:중국어 번체,5
ENP029198,Tonko House Animation Exhibition in Seoul 2019,축제/공연/행사,Festivals/Events/Performances > Festivals,32,KOP029198:한국어|ENP029198:영어|JPP029198:일본어|CNP029198:중국어 간체|TCP029198:중국어 번체,5
ENP029168,Mapo Spring Welcome Event,축제/공연/행사,Festivals/Events/Performances > Festivals,32,KOP029168:한국어|ENP029168:영어|JPP029168:일본어|TCP029168:중국어 번체,4
ENP029166,Enjoy Hongdae Culture Tour 2019,축제/공연/행사,Festivals/Events/Performances > Festivals,32,KOP029166:한국어|ENP029166:영어|JPP029166:일본어|CNP029166:중국어 간체|TCP029166:중국어 번체,5
ENP029106,Seoul Welcome Week 2019,축제/공연/행사,Festivals/Events/Performances > Festivals,32,KOP029106:한국어|ENP029106:영어|JPP029106:일본어|CNP029106:중국어 간체|TCP029106:중국어 번체,5
ENP029079,Foreigner Taekwondo Experience Program,축제/공연/행사,Festivals/Events/Performances > Festivals,32,KOP029079:한국어|ENP029079:영어|JPP029079:일본어|CNP029079:중국어 간체|TCP029079:중국어 번체|RUP029079:러시아어,6
ENP029078,Taekwondo in Namsangol 2019,축제/공연/행사,Festivals/Events/Performances > Festivals,32,KOP029078:한국어|ENP029078:영어|JPP029078:일본어|CNP029078:중국어 간체|TCP029078:중국어 번체|RUP029078:러시아어,6
ENP029094,Wear Nostalgic School Uniform and Make Memories with Namsan Cherry Blossoms : Special Event,축제/공연/행사,Festivals/Events/Performances > Festivals,32,KOP029094:한국어|ENP029094:영어|JPP029094:일본어|CNP029094:중국어 간체|TCP029094:중국어 번체,5
ENP028964,1890 Hanyang Exhibiton : Namsangol Yangtang-guk,축제/공연/행사,Festivals/Events/Performances > Festivals,32,KOP028964:한국어|ENP028964:영어|JPP028964:일본어|CNP028964:중국어 간체|TCP028964:중국어 번체,5
ENP028741,2019 Seoul Rose Festival,축제/공연/행사,Festivals/Events/Performances > Festivals,32,KOP028741:한국어|ENP028741:영어|JPP028741:일본어|CNP028741:중국어 간체|TCP028741:중국어 번체,5
ENP028738,Seoul Namsan Traditional Theater&#039;s Special Performance for April,축제/공연/행사,Festivals/Events/Performances > Festivals,32,KOP028738:한국어|ENP028738:영어|JPP028738:일본어|CNP028738:중국어 간체|TCP028738:중국어 번체,5
ENP028775,Design Art Fair 2019,축제/공연/행사,Festivals/Events/Performances > Festivals,32,KOP028775:한국어|ENP028775:영어|JPP028775:일본어|CNP028775:중국어 간체|TCP028775:중국어 번체,5
ENP028870,Yangjaecheon Stream Cherry Blossom and Lantern Festival 2019,축제/공연/행사,Festivals/Events/Performances > Festivals,32,KOP028870:한국어|ENP028870:영어|JPP028870:일본어|CNP028870:중국어 간체|TCP028870:중국어 번체,5
ENP028874,Geumchon Harmony Cherry Blossom Festival 2019,축제/공연/행사,Festivals/Events/Performances > Festivals,32,KOP028874:한국어|ENP028874:영어|JPP028874:일본어|CNP028874:중국어 간체|TCP028874:중국어 번체,5
ENP028941,Eungbongsan Mountain Forsythia Festival 2019,축제/공연/행사,Festivals/Events/Performances > Festivals,32,KOP028941:한국어|ENP028941:영어|JPP028941:일본어|CNP028941:중국어 간체|TCP028941:중국어 번체,5
ENP028566,The Seoul Illustration Fair vol. 7,축제/공연/행사,Festivals/Events/Performances > Festivals,32,KOP028566:한국어|ENP028566:영어|JPP028566:일본어|CNP028566:중국어 간체|TCP028566:중국어 번체,5
ENP028825,Oil Tank Culture Park Season Market,축제/공연/행사,Festivals/Events/Performances > Festivals,32,KOP028825:한국어|ENP028825:영어|JPP028825:일본어|CNP028825:중국어 간체|TCP028825:중국어 번체,5
ENP028824,Cheonggyecheon Time Tour Market,축제/공연/행사,Festivals/Events/Performances > Festivals,32,KOP028824:한국어|ENP028824:영어|JPP028824:일본어|CNP028824:중국어 간체|TCP028824:중국어 번체,5
ENP028822,DDP Youth Runway Market,축제/공연/행사,Festivals/Events/Performances > Festivals,32,KOP028822:한국어|ENP028822:영어|JPP028822:일본어|CNP028822:중국어 간체|TCP028822:중국어 번체,5
ENP028820,Banpo Romantic Moonlight Market,축제/공연/행사,Festivals/Events/Performances > Festivals,32,KOP028820:한국어|ENP028820:영어|JPP028820:일본어|CNP028820:중국어 간체|TCP028820:중국어 번체,5
ENP028819,Yeouido World Night Market,축제/공연/행사,Festivals/Events/Performances > Festivals,32,KOP028819:한국어|ENP028819:영어|JPP028819:일본어|CNP028819:중국어 간체|TCP028819:중국어 번체,5
ENP028737,Seoul Bamdokkaebi Night Market 2019,축제/공연/행사,Festivals/Events/Performances > Festivals,33,KOP028737:한국어|ENP028737:영어|JPP028737:일본어|CNP028737:중국어 간체|TCP028737:중국어 번체|RUP028737:러시아어,6
ENP028797,Seokchon Lake Cherry Blossom Festival 2019,축제/공연/행사,Festivals/Events/Performances > Festivals,33,KOP028797:한국어|ENP028797:영어|JPP028797:일본어|CNP028797:중국어 간체|TCP028797:중국어 번체,5
ENP028795,Changdeokgung Palace : Injeongjeon Hall Tour,축제/공연/행사,Festivals/Events/Performances > Festivals,33,KOP028795:한국어|ENP028795:영어|JPP028795:일본어|CNP028795:중국어 간체|TCP028795:중국어 번체,5
ENP028682,21st Seoul Dessert Fair,축제/공연/행사,Festivals/Events/Performances > Festivals,33,KOP028682:한국어|ENP028682:영어|JPP028682:일본어|CNP028682:중국어 간체|TCP028682:중국어 번체,5
ENP028655,Royal Culture Festival 2019,축제/공연/행사,Festivals/Events/Performances > Festivals,33,KOP028655:한국어|ENP028655:영어|JPP028655:일본어|CNP028655:중국어 간체|TCP028655:중국어 번체,5
ENP028616,Yeongdeungpo Yeouido Spring Flower Festival 2019,축제/공연/행사,Festivals/Events/Performances > Festivals,33,KOP028616:한국어|ENP028616:영어|JPP028616:일본어|CNP028616:중국어 간체|TCP028616:중국어 번체,5
ENP028615,2019 Traditional Performing Arts Academy for Foreigners,축제/공연/행사,Festivals/Events/Performances > Festivals,33,KOP028615:한국어|ENP028615:영어|JPP028615:일본어|CNP028615:중국어 간체|TCP028615:중국어 번체,5
ENP028407,DIY Reform Show 2019,축제/공연/행사,Festivals/Events/Performances > Festivals,33,KOP028407:한국어|ENP028407:영어|JPP028407:일본어|CNP028407:중국어 간체|TCP028407:중국어 번체,5
ENP028400,2019 Lotte World Tower International Sky Run,축제/공연/행사,Festivals/Events/Performances > Festivals,33,KOP028400:한국어|ENP028400:영어|JPP028400:일본어|CNP028400:중국어 간체|TCP028400:중국어 번체,5
ENP028357,Seoul Café &amp; Bakery Fair 2019,축제/공연/행사,Festivals/Events/Performances > Festivals,33,KOP028357:한국어|ENP028357:영어|JPP028357:일본어|CNP028357:중국어 간체|TCP028357:중국어 번체,5
ENP028418,3rd National Concert of Korean Traditional Music Compositions,축제/공연/행사,Festivals/Events/Performances > Festivals,33,KOP028418:한국어|ENP028418:영어|JPP028418:일본어|CNP028418:중국어 간체|TCP028418:중국어 번체,5
ENP028406,Jeongwol Daeboreum Festival 2019,축제/공연/행사,Festivals/Events/Performances > Festivals,33,KOP028406:한국어|ENP028406:영어|JPP028406:일본어|CNP028406:중국어 간체|TCP028406:중국어 번체,5
ENP028246,2019 Seoul Museum of History : Lunar New Year Hanmadang,축제/공연/행사,Festivals/Events/Performances > Festivals,33,KOP028246:한국어|ENP028246:영어|JPP028246:일본어|CNP028246:중국어 간체|TCP028246:중국어 번체,5
ENP028135,The Flower : Romance Charging Station,축제/공연/행사,Festivals/Events/Performances > Festivals,33,KOP028135:한국어|ENP028135:영어|JPP028135:일본어|CNP028135:중국어 간체|TCP028135:중국어 번체,5
ENP028134,Museum Barrier-Free Theater 2019,축제/공연/행사,Festivals/Events/Performances > Festivals,33,KOP028134:한국어|ENP028134:영어|JPP028134:일본어|CNP028134:중국어 간체|TCP028134:중국어 번체,5
ENP028079,Hangang River Bridge Photo Exhibition : From Docks to Bridges,축제/공연/행사,Festivals/Events/Performances > Festivals,33,KOP028079:한국어|ENP028079:영어|JPP028079:일본어|CNP028079:중국어 간체|TCP028079:중국어 번체,5
ENP028032,20th Seoul Dessert Fair,축제/공연/행사,Festivals/Events/Performances > Festivals,33,KOP028032:한국어|ENP028032:영어|JPP028032:일본어|CNP028032:중국어 간체|TCP028032:중국어 번체,5
ENP028014,Made in North Korea : Graphics From Everyday Life in The DPRK,축제/공연/행사,Festivals/Events/Performances > Festivals,33,KOP028014:한국어|ENP028014:영어|JPP028014:일본어|CNP028014:중국어 간체|TCP028014:중국어 번체,5
ENP027998,Namsangol Hanok Village Exhibition Project 2 (Gu Gu Sorando),축제/공연/행사,Festivals/Events/Performances > Festivals,33,KOP027998:한국어|ENP027998:영어|JPP027998:일본어|CNP027998:중국어 간체|TCP027998:중국어 번체,5
ENP027997,Hanbok That Day,축제/공연/행사,Festivals/Events/Performances > Events > Other > Events,33,KOP027997:한국어|ENP027997:영어|JPP027997:일본어|CNP027997:중국어 간체|TCP027997:중국어 번체,5
ENP027881,"Namsomundongcheon Stream, Flowing from Jangchungdan to Igansumun Gate : Special Exhibition",축제/공연/행사,Festivals/Events/Performances > Festivals,34,KOP027881:한국어|ENP027881:영어|JPP027881:일본어|CNP027881:중국어 간체|TCP027881:중국어 번체,5
ENP027879,Dilkusha and Chain of Amber : Special Exhibition,축제/공연/행사,Festivals/Events/Performances > Festivals,34,KOP027879:한국어|ENP027879:영어|JPP027879:일본어|CNP027879:중국어 간체|TCP027879:중국어 번체,5
ENP027845,Korea Grand Sale 2019,축제/공연/행사,Festivals/Events/Performances > Festivals,34,KOP027845:한국어|ENP027845:영어|JPP027845:일본어|CNP027845:중국어 간체|TCP027845:중국어 번체,5
ENP027834,Seoul Plaza Ice Skating Rink 2018,축제/공연/행사,Festivals/Events/Performances > Festivals,34,KOP027834:한국어|ENP027834:영어|JPP027834:일본어|CNP027834:중국어 간체|TCP027834:중국어 번체,5
ENP027650,15th ASSITEJ Korea Winter Festival,축제/공연/행사,Festivals/Events/Performances > Festivals,34,KOP027650:한국어|ENP027650:영어|JPP027650:일본어|CNP027650:중국어 간체|TCP027650:중국어 번체,5
ENP027482,19th Seoul Dessert Fair,축제/공연/행사,Festivals/Events/Performances > Festivals,34,KOP027482:한국어|ENP027482:영어|JPP027482:일본어|CNP027482:중국어 간체|TCP027482:중국어 번체,5
ENP027467,Keith Haring - Art is Life. Life is Art. : Art Exhibition,축제/공연/행사,Festivals/Events/Performances > Festivals,34,KOP027467:한국어|ENP027467:영어|JPP027467:일본어|CNP027467:중국어 간체|TCP027467:중국어 번체,5
ENP027459,Seoul Illustration Fair W 2018,축제/공연/행사,Festivals/Events/Performances > Festivals,34,KOP027459:한국어|ENP027459:영어|JPP027459:일본어|CNP027459:중국어 간체|TCP027459:중국어 번체,5
ENP027352,Sungnyemun: History of Repair and Restoration : Special Exhibition,축제/공연/행사,Festivals/Events/Performances > Festivals,34,KOP027352:한국어|ENP027352:영어|JPP027352:일본어|CNP027352:중국어 간체|TCP027352:중국어 번체,5
ENP027351,Gyeonggang – From Gwangnaru Port to Yanghwajin Port : Special Exhibition,축제/공연/행사,Festivals/Events/Performances > Festivals,34,KOP027351:한국어|ENP027351:영어|JPP027351:일본어|CNP027351:중국어 간체|TCP027351:중국어 번체,5
ENP027321,"Kim Hong-do Alive: Sight, Insight : Special Exhibition",축제/공연/행사,Festivals/Events/Performances > Festivals,34,KOP027321:한국어|ENP027321:영어|JPP027321:일본어|CNP027321:중국어 간체|TCP027321:중국어 번체,5
ENP027301,Santa Run 2018,축제/공연/행사,Festivals/Events/Performances > Festivals,34,KOP027301:한국어|ENP027301:영어|JPP027301:일본어|CNP027301:중국어 간체|TCP027301:중국어 번체,5
ENP027297,2018 Seoul Photo Festival &lt;Brave New World&gt; : Special Exhibition,축제/공연/행사,Festivals/Events/Performances > Festivals,34,KOP027297:한국어|ENP027297:영어|JPP027297:일본어|CNP027297:중국어 간체|TCP027297:중국어 번체,5
ENP027295,Hanok Hangeul : Special Exhibition,축제/공연/행사,Festivals/Events/Performances > Festivals,34,KOP027295:한국어|ENP027295:영어|JPP027295:일본어|CNP027295:중국어 간체|TCP027295:중국어 번체,5
ENP027256,Templestay Weeks for Foreigners,축제/공연/행사,Festivals/Events/Performances > Festivals,34,KOP027256:한국어|ENP027256:영어|JPP027256:일본어|CNP027256:중국어 간체|TCP027256:중국어 번체,5
ENP027187,2018 Global Friendship Festival,축제/공연/행사,Festivals/Events/Performances > Festivals,34,KOP027187:한국어|ENP027187:영어|JPP027187:일본어|CNP027187:중국어 간체|TCP027187:중국어 번체,5
ENP027045,Jongmyo Daeje (Autumn) 2018,축제/공연/행사,Festivals/Events/Performances > Festivals,34,KOP027045:한국어|ENP027045:영어|JPP027045:일본어|CNP027045:중국어 간체|TCP027045:중국어 번체,5
ENP026951,5th Seoul Kimchi Festival,축제/공연/행사,Festivals/Events/Performances > Festivals,34,KOP026951:한국어|ENP026951:영어|JPP026951:일본어|CNP026951:중국어 간체|TCP026951:중국어 번체,5
ENP026856,City of Love: Seoullo 7017,축제/공연/행사,Festivals/Events/Performances > Festivals,34,KOP026856:한국어|ENP026856:영어|JPP026856:일본어|CNP026856:중국어 간체|TCP026856:중국어 번체,5
ENP026732,Korean Royal Court and Nobility Cuisine Festival 2018,축제/공연/행사,Festivals/Events/Performances > Festivals,34,KOP026732:한국어|ENP026732:영어|JPP026732:일본어|CNP026732:중국어 간체|TCP026732:중국어 번체,5
ENP026730,Garak Mall Festival 2018,축제/공연/행사,Festivals/Events/Performances > Festivals,35,KOP026730:한국어|ENP026730:영어|JPP026730:일본어|CNP026730:중국어 간체|TCP026730:중국어 번체,5
ENP026650,Itaewon Global Village Festival 2018,축제/공연/행사,Festivals/Events/Performances > Festivals,35,KOP026650:한국어|ENP026650:영어|JPP026650:일본어|CNP026650:중국어 간체|TCP026650:중국어 번체,5
ENP026847,Hanyangdoseong &amp; Culture 2018,축제/공연/행사,Festivals/Events/Performances > Festivals,35,KOP026847:한국어|ENP026847:영어|JPP026847:일본어|CNP026847:중국어 간체|TCP026847:중국어 번체,5
ENP026694,Seoul Silver Grass Festival 2018,축제/공연/행사,Festivals/Events/Performances > Festivals,35,KOP026694:한국어|ENP026694:영어|JPP026694:일본어|CNP026694:중국어 간체|TCP026694:중국어 번체,5
ENP026686,King Jeongjo Tomb Parade Reenactment 2018,축제/공연/행사,Festivals/Events/Performances > Festivals,35,KOP026686:한국어|ENP026686:영어|JPP026686:일본어|CNP026686:중국어 간체|TCP026686:중국어 번체,5
ENP026685,Seoul Garden Show 2018,축제/공연/행사,Festivals/Events/Performances > Festivals,35,KOP026685:한국어|ENP026685:영어|JPP026685:일본어|CNP026685:중국어 간체|TCP026685:중국어 번체,5
ENP026566,Seoul Street Arts Festival 2018,축제/공연/행사,Festivals/Events/Performances > Festivals,35,KOP026566:한국어|ENP026566:영어|JPP026566:일본어|CNP026566:중국어 간체|TCP026566:중국어 번체,5
ENP026585,Jongno Hanbok Festival 2018,축제/공연/행사,Festivals/Events/Performances > Festivals,35,KOP026585:한국어|ENP026585:영어|JPP026585:일본어|CNP026585:중국어 간체|TCP026585:중국어 번체,5
ENP026576,Yukuijeon Festival 2018,축제/공연/행사,Festivals/Events/Performances > Festivals,35,KOP026576:한국어|ENP026576:영어|JPP026576:일본어|CNP026576:중국어 간체|TCP026576:중국어 번체,5
ENP026492,Seoul Design Cloud 2018,축제/공연/행사,Festivals/Events/Performances > Festivals,35,KOP026492:한국어|ENP026492:영어|JPP026492:일본어|CNP026492:중국어 간체|TCP026492:중국어 번체,5
ENP026517,Latin American Festival 2018,축제/공연/행사,Festivals/Events/Performances > Festivals,35,KOP026517:한국어|ENP026517:영어|JPP026517:일본어|CNP026517:중국어 간체|TCP026517:중국어 번체,5
ENP026393,Made in Cheonggyecheon: Era of Pirated Pop Culture - Special Exhibition,축제/공연/행사,Festivals/Events/Performances > Festivals,35,KOP026393:한국어|ENP026393:영어|JPP026393:일본어|CNP026393:중국어 간체|TCP026393:중국어 번체,5
ENP026380,"Frontier of Korean Youth Culture, Sinchon : Special Exhibition",축제/공연/행사,Festivals/Events/Performances > Festivals,35,KOP026380:한국어|ENP026380:영어|JPP026380:일본어|CNP026380:중국어 간체|TCP026380:중국어 번체,5
ENP026424,Seoul Baekje Museum Chuseok Festival 2018,축제/공연/행사,Festivals/Events/Performances > Festivals,35,KOP026424:한국어|ENP026424:영어|JPP026424:일본어|CNP026424:중국어 간체|TCP026424:중국어 번체,5
ENP026273,Seoul International Fireworks Festival 2018,축제/공연/행사,Festivals/Events/Performances > Festivals,35,KOP026273:한국어|ENP026273:영어|JPP026273:일본어|CNP026273:중국어 간체|TCP026273:중국어 번체,5
ENP026270,Seoul Arirang Festival 2018,축제/공연/행사,Festivals/Events/Performances > Festivals,35,KOP026270:한국어|ENP026270:영어|JPP026270:일본어|CNP026270:중국어 간체|TCP026270:중국어 번체,5
ENP026339,Seocho Seoripul Festival 2018,축제/공연/행사,Festivals/Events/Performances > Festivals,35,KOP026339:한국어|ENP026339:영어|JPP026339:일본어|CNP026339:중국어 간체|TCP026339:중국어 번체,5
ENP026362,Seoul Friendship Festival 2018,축제/공연/행사,Festivals/Events/Performances > Festivals,35,KOP026362:한국어|ENP026362:영어|JPP026362:일본어|CNP026362:중국어 간체|TCP026362:중국어 번체,5
ENP026247,The Great Rite of Sajik Daeje 2019,축제/공연/행사,Festivals/Events/Performances > Festivals,35,KOP026247:한국어|ENP026247:영어|JPP026247:일본어|CNP026247:중국어 간체|TCP026247:중국어 번체|RUP026247:러시아어,6
ENP026249,World Street Dance Festival 2018,축제/공연/행사,Festivals/Events/Performances > Festivals,35,KOP026249:한국어|ENP026249:영어|JPP026249:일본어|CNP026249:중국어 간체|TCP026249:중국어 번체,5
ENP026361,Run On Seoul 2018,축제/공연/행사,Festivals/Events/Performances > Festivals,36,KOP026361:한국어|ENP026361:영어|JPP026361:일본어|CNP026361:중국어 간체|TCP026361:중국어 번체,5
ENP026340,Street Arts Market 2018,축제/공연/행사,Festivals/Events/Performances > Festivals,36,KOP026340:한국어|ENP026340:영어|JPP026340:일본어|CNP026340:중국어 간체|TCP026340:중국어 번체,5
ENP026246,Seoul Book Festival 2018,축제/공연/행사,Festivals/Events/Performances > Festivals,36,KOP026246:한국어|ENP026246:영어|JPP026246:일본어|CNP026246:중국어 간체|TCP026246:중국어 번체,5
ENP026212,Hanseong Baekje Cultural Festival 2018,축제/공연/행사,Festivals/Events/Performances > Festivals,36,KOP026212:한국어|ENP026212:영어|JPP026212:일본어|CNP026212:중국어 간체|TCP026212:중국어 번체,5
ENP026248,Culture Bridge Project 2018,축제/공연/행사,Festivals/Events/Performances > Festivals,36,KOP026248:한국어|ENP026248:영어|JPP026248:일본어|CNP026248:중국어 간체|TCP026248:중국어 번체,5
ENP026134,Maker Faire Seoul 2018,축제/공연/행사,Festivals/Events/Performances > Festivals,36,KOP026134:한국어|ENP026134:영어|JPP026134:일본어|CNP026134:중국어 간체|TCP026134:중국어 번체,5
ENP026187,The Day Seoul Went Underwater : Exhibition,축제/공연/행사,Festivals/Events/Performances > Festivals,36,KOP026187:한국어|ENP026187:영어|JPP026187:일본어|CNP026187:중국어 간체|TCP026187:중국어 번체,5
ENP026186,The 1988 Olympics: Momentum of Changes in Seoul Exhibition,축제/공연/행사,Festivals/Events/Performances > Festivals,36,KOP026186:한국어|ENP026186:영어|JPP026186:일본어|CNP026186:중국어 간체|TCP026186:중국어 번체,5
ENP026082,Taste of Korea Festival 2018,축제/공연/행사,Festivals/Events/Performances > Festivals,36,KOP026082:한국어|ENP026082:영어|JPP026082:일본어|CNP026082:중국어 간체|TCP026082:중국어 번체,5
ENP026086,18th Seoul International NewMedia Festival,축제/공연/행사,Festivals/Events/Performances > Festivals,36,KOP026086:한국어|ENP026086:영어|JPP026086:일본어|CNP026086:중국어 간체|TCP026086:중국어 번체,5
ENP026078,The Seed of New Society : Exhibition,축제/공연/행사,Festivals/Events/Performances > Festivals,36,KOP026078:한국어|ENP026078:영어|JPP026078:일본어|CNP026078:중국어 간체|TCP026078:중국어 번체,5
ENP025999,Seoul Race 2018,축제/공연/행사,Festivals/Events/Performances > Festivals,36,KOP025999:한국어|ENP025999:영어|JPP025999:일본어|CNP025999:중국어 간체|TCP025999:중국어 번체,5
ENP026036,Namsangol Vacance : Season 2,축제/공연/행사,Festivals/Events/Performances > Festivals,36,KOP026036:한국어|ENP026036:영어|JPP026036:일본어|CNP026036:중국어 간체|TCP026036:중국어 번체,5
ENP025961,Rain Festival 2018,축제/공연/행사,Festivals/Events/Performances > Festivals,36,KOP025961:한국어|ENP025961:영어|JPP025961:일본어|CNP025961:중국어 간체|TCP025961:중국어 번체,5
ENP025986,Summer of Seoul 2018,축제/공연/행사,Festivals/Events/Performances > Festivals,36,KOP025986:한국어|ENP025986:영어|JPP025986:일본어|CNP025986:중국어 간체|TCP025986:중국어 번체,5
ENP025766,Oh! Hervé Tullet A Retrospective Exhibition,축제/공연/행사,Festivals/Events/Performances > Festivals,36,KOP025766:한국어|ENP025766:영어|JPP025766:일본어|CNP025766:중국어 간체|TCP025766:중국어 번체,5
ENP025850,6th Gugak Orchestra Festival,축제/공연/행사,Festivals/Events/Performances > Festivals,36,KOP025850:한국어|ENP025850:영어|JPP025850:일본어|CNP025850:중국어 간체|TCP025850:중국어 번체,5
ENP025874,Baek In-je House Museum Opening Night,축제/공연/행사,Festivals/Events/Performances > Festivals,36,KOP025874:한국어|ENP025874:영어|JPP025874:일본어|CNP025874:중국어 간체|TCP025874:중국어 번체,5
ENP025709,ASYAAF &amp; Hidden Artists Festival 2018,축제/공연/행사,Festivals/Events/Performances > Festivals,36,KOP025709:한국어|ENP025709:영어|JPP025709:일본어|CNP025709:중국어 간체|TCP025709:중국어 번체,5
ENP025771,Romero Britto : Special Exhibition,축제/공연/행사,Festivals/Events/Performances > Festivals,36,KOP025771:한국어|ENP025771:영어|JPP025771:일본어|CNP025771:중국어 간체|TCP025771:중국어 번체,5
ENP025700,Monet&#039;s Impressionism Exhibition II,축제/공연/행사,Festivals/Events/Performances > Festivals,37,KOP025700:한국어|ENP025700:영어|JPP025700:일본어|CNP025700:중국어 간체|TCP025700:중국어 번체,5
ENP025776,Seoullo 7017 Summer Program,축제/공연/행사,Festivals/Events/Performances > Festivals,37,KOP025776:한국어|ENP025776:영어|JPP025776:일본어|CNP025776:중국어 간체|TCP025776:중국어 번체,5
ENP025658,6th Seoul International Harmonica Festival,축제/공연/행사,Festivals/Events/Performances > Festivals,37,KOP025658:한국어|ENP025658:영어|JPP025658:일본어|CNP025658:중국어 간체|TCP025658:중국어 번체,5
ENP025675,Mapo Gugak Festival On Go Ji Shin 2018,축제/공연/행사,Festivals/Events/Performances > Festivals,37,KOP025675:한국어|ENP025675:영어|JPP025675:일본어|CNP025675:중국어 간체|TCP025675:중국어 번체,5
ENP025680,Seoul Fringe Festival 2018,축제/공연/행사,Festivals/Events/Performances > Festivals,37,KOP025680:한국어|ENP025680:영어|JPP025680:일본어|CNP025680:중국어 간체|TCP025680:중국어 번체,5
ENP025701,The Election Climate in Seoul : Exhibition,축제/공연/행사,Festivals/Events/Performances > Festivals,37,KOP025701:한국어|ENP025701:영어|JPP025701:일본어|CNP025701:중국어 간체|TCP025701:중국어 번체,5
ENP025650,Chungmuro International Musical Film Festival 2018,축제/공연/행사,Festivals/Events/Performances > Festivals,37,KOP025650:한국어|ENP025650:영어|JPP025650:일본어|CNP025650:중국어 간체|TCP025650:중국어 번체,5
ENP025643,Yeowoorak Festival 2018,축제/공연/행사,Festivals/Events/Performances > Festivals,37,KOP025643:한국어|ENP025643:영어|JPP025643:일본어|CNP025643:중국어 간체|TCP025643:중국어 번체,5
ENP025629,Nomadic Empires of the Mongolian Steppes : Special Exhibition,축제/공연/행사,Festivals/Events/Performances > Festivals,37,KOP025629:한국어|ENP025629:영어|JPP025629:일본어|CNP025629:중국어 간체|TCP025629:중국어 번체,5
ENP025624,Seoul International Book Fair 2018,축제/공연/행사,Festivals/Events/Performances > Festivals,37,KOP025624:한국어|ENP025624:영어|JPP025624:일본어|CNP025624:중국어 간체|TCP025624:중국어 번체,5
ENP025653,26th ASSITEJ Korea International Summer Festival,축제/공연/행사,Festivals/Events/Performances > Festivals,37,KOP025653:한국어|ENP025653:영어|JPP025653:일본어|CNP025653:중국어 간체|TCP025653:중국어 번체,5
ENP025642,Hangang Summer Festival 2018,축제/공연/행사,Festivals/Events/Performances > Festivals,37,KOP025642:한국어|ENP025642:영어|JPP025642:일본어|CNP025642:중국어 간체|TCP025642:중국어 번체,5
ENP025605,Seoul Summer Sale 2018,축제/공연/행사,Festivals/Events/Performances > Festivals,37,KOP025605:한국어|ENP025605:영어|JPP025605:일본어|CNP025605:중국어 간체|TCP025605:중국어 번체|RUP025605:러시아어,6
ENP025606,Seongbuk Night Road 2018,축제/공연/행사,Festivals/Events/Performances > Festivals,37,KOP025606:한국어|ENP025606:영어|JPP025606:일본어|CNP025606:중국어 간체|TCP025606:중국어 번체,5
ENP025620,Korea World Travel Fair 2018,축제/공연/행사,Festivals/Events/Performances > Festivals,37,KOP025620:한국어|ENP025620:영어|JPP025620:일본어|CNP025620:중국어 간체|TCP025620:중국어 번체,5
ENP025592,Seoul Illustration Fair 2018,축제/공연/행사,Festivals/Events/Performances > Festivals,37,KOP025592:한국어|ENP025592:영어|JPP025592:일본어|CNP025592:중국어 간체|TCP025592:중국어 번체,5
ENP025575,17th Seoul Dessert Fair,축제/공연/행사,Festivals/Events/Performances > Festivals,37,KOP025575:한국어|ENP025575:영어|JPP025575:일본어|CNP025575:중국어 간체|TCP025575:중국어 번체,5
ENP025581,Dano Pungmul Hanmadang Festival 2018,축제/공연/행사,Festivals/Events/Performances > Festivals,37,KOP025581:한국어|ENP025581:영어|JPP025581:일본어|CNP025581:중국어 간체|TCP025581:중국어 번체,5
ENP025510,Namsangol Night Picnic : Season 2,축제/공연/행사,Festivals/Events/Performances > Festivals,37,KOP025510:한국어|ENP025510:영어|JPP025510:일본어|CNP025510:중국어 간체|TCP025510:중국어 번체,5
ENP025561,Seoul Comic Con 2018,축제/공연/행사,Festivals/Events/Performances > Festivals,37,KOP025561:한국어|ENP025561:영어|JPP025561:일본어|CNP025561:중국어 간체|TCP025561:중국어 번체,5
ENP025497,Korea International Ramen Fair 2018,축제/공연/행사,Festivals/Events/Performances > Festivals,38,KOP025497:한국어|ENP025497:영어|JPP025497:일본어|CNP025497:중국어 간체|TCP025497:중국어 번체,5
ENP025506,Seoul Grand Park Rose Festival 2018,축제/공연/행사,Festivals/Events/Performances > Festivals,38,KOP025506:한국어|ENP025506:영어|JPP025506:일본어|CNP025506:중국어 간체|TCP025506:중국어 번체,5
ENP025501,Tea World Festival 2018,축제/공연/행사,Festivals/Events/Performances > Festivals,38,KOP025501:한국어|ENP025501:영어|JPP025501:일본어|CNP025501:중국어 간체|TCP025501:중국어 번체,5
ENP025496,Culture and Art at Seoul Plaza 2018,축제/공연/행사,Festivals/Events/Performances > Festivals,38,KOP025496:한국어|ENP025496:영어|JPP025496:일본어|CNP025496:중국어 간체|TCP025496:중국어 번체,5
ENP025423,Starlight Tour at Gyeongbokgung Palace 2018,축제/공연/행사,Festivals/Events/Performances > Festivals,38,KOP025423:한국어|ENP025423:영어|JPP025423:일본어|CNP025423:중국어 간체|TCP025423:중국어 번체,5
ENP025397,Promenade of Art 2018,축제/공연/행사,Festivals/Events/Performances > Festivals,38,KOP025397:한국어|ENP025397:영어|JPP025397:일본어|CNP025397:중국어 간체|TCP025397:중국어 번체,5
ENP025374,Saturday Museum Concert,축제/공연/행사,Festivals/Events/Performances > Festivals,38,KOP025374:한국어|ENP025374:영어|JPP025374:일본어|CNP025374:중국어 간체|TCP025374:중국어 번체,5
ENP025391,Seoul Africa Festival 2018,축제/공연/행사,Festivals/Events/Performances > Festivals,38,KOP025391:한국어|ENP025391:영어|JPP025391:일본어|CNP025391:중국어 간체|TCP025391:중국어 번체,5
ENP025388,Seoul City Wall Dasan Fortress Trail Art and Culture Festival 2018,축제/공연/행사,Festivals/Events/Performances > Festivals,38,KOP025388:한국어|ENP025388:영어|JPP025388:일본어|CNP025388:중국어 간체|TCP025388:중국어 번체,5
ENP025373,Children’s Visit to a Swedish Museum: I Can Do It!,축제/공연/행사,Festivals/Events/Performances > Festivals,38,KOP025373:한국어|ENP025373:영어|JPP025373:일본어|CNP025373:중국어 간체|TCP025373:중국어 번체,5
ENP025329,Geeky Land Show: Geek Zone,축제/공연/행사,Festivals/Events/Performances > Festivals,38,KOP025329:한국어|ENP025329:영어|JPP025329:일본어|CNP025329:중국어 간체|TCP025329:중국어 번체,5
ENP025322,D.FESTA 2018 : Daehangno Street Performance Festival,축제/공연/행사,Festivals/Events/Performances > Festivals,38,KOP025322:한국어|ENP025322:영어|JPP025322:일본어|CNP025322:중국어 간체|TCP025322:중국어 번체,5
ENP025315,Seoul Rose Festival 2018,축제/공연/행사,Festivals/Events/Performances > Festivals,38,KOP025315:한국어|ENP025315:영어|JPP025315:일본어|CNP025315:중국어 간체|TCP025315:중국어 번체,5
ENP025294,1890 Namsangol Night Market : Season 2,축제/공연/행사,Festivals/Events/Performances > Festivals,38,KOP025294:한국어|ENP025294:영어|JPP025294:일본어|CNP025294:중국어 간체|TCP025294:중국어 번체,5
ENP025213,The Art of Aardman Animations : Wallace &amp; Gromit &amp; Friends,축제/공연/행사,Festivals/Events/Performances > Festivals,38,KOP025213:한국어|ENP025213:영어|JPP025213:일본어|CNP025213:중국어 간체|TCP025213:중국어 번체,5
ENP025095,Gyeongbokgung Palace : Nighttime Viewing 2018,축제/공연/행사,Festivals/Events/Performances > Festivals,38,KOP025095:한국어|ENP025095:영어|JPP025095:일본어|CNP025095:중국어 간체|TCP025095:중국어 번체,5
ENP025221,Korea-China Photo Exhibition 2018,축제/공연/행사,Festivals/Events/Performances > Festivals,38,KOP025221:한국어|ENP025221:영어|JPP025221:일본어|CNP025221:중국어 간체|TCP025221:중국어 번체,5
ENP025096,Changgyeonggung Palace : Nighttime Viewing 2018,축제/공연/행사,Festivals/Events/Performances > Festivals,38,KOP025096:한국어|ENP025096:영어|JPP025096:일본어|CNP025096:중국어 간체|TCP025096:중국어 번체,5
ENP025052,C-Festival 2018,축제/공연/행사,Festivals/Events/Performances > Festivals,38,KOP025052:한국어|ENP025052:영어|JPP025052:일본어|CNP025052:중국어 간체|TCP025052:중국어 번체,5
ENP025099,DDP Family Festa 2018,축제/공연/행사,Festivals/Events/Performances > Festivals,38,KOP025099:한국어|ENP025099:영어|JPP025099:일본어|CNP025099:중국어 간체|TCP025099:중국어 번체,5
ENP025045,Design Art Fair 2018,축제/공연/행사,Festivals/Events/Performances > Festivals,39,KOP025045:한국어|ENP025045:영어|JPP025045:일본어|CNP025045:중국어 간체|TCP025045:중국어 번체,5
ENP025043,Jeong-dong Culture Night 2018,축제/공연/행사,Festivals/Events/Performances > Festivals,39,KOP025043:한국어|ENP025043:영어|JPP025043:일본어|CNP025043:중국어 간체|TCP025043:중국어 번체,5
ENP025035,Seoul Drum Festival 2018,축제/공연/행사,Festivals/Events/Performances > Festivals,39,KOP025035:한국어|ENP025035:영어|JPP025035:일본어|CNP025035:중국어 간체|TCP025035:중국어 번체,5
ENP025036,Hangang Spring Flower Festival 2018,축제/공연/행사,Festivals/Events/Performances > Festivals,39,KOP025036:한국어|ENP025036:영어|JPP025036:일본어|CNP025036:중국어 간체|TCP025036:중국어 번체,5
ENP025008,Royal Culture Festival 2018,축제/공연/행사,Festivals/Events/Performances > Festivals,39,KOP025008:한국어|ENP025008:영어|JPP025008:일본어|CNP025008:중국어 간체|TCP025008:중국어 번체,5
ENP025003,Moonlight Tour at Changdeokgung Palace 2018,축제/공연/행사,Festivals/Events/Performances > Festivals,39,KOP025003:한국어|ENP025003:영어|JPP025003:일본어|CNP025003:중국어 간체|TCP025003:중국어 번체,5
ENP024997,Yangjaecheon Stream Cherry Blossom and Lantern Festival 2018,축제/공연/행사,Festivals/Events/Performances > Festivals,39,KOP024997:한국어|ENP024997:영어|JPP024997:일본어|CNP024997:중국어 간체|TCP024997:중국어 번체,5
ENP024992,Dongdaemun Spring Flower Festival 2018,축제/공연/행사,Festivals/Events/Performances > Festivals,39,KOP024992:한국어|ENP024992:영어|JPP024992:일본어|CNP024992:중국어 간체|TCP024992:중국어 번체,5
ENP024921,16th Seoul Dessert Fair,축제/공연/행사,Festivals/Events/Performances > Festivals,39,KOP024921:한국어|ENP024921:영어|JPP024921:일본어|CNP024921:중국어 간체|TCP024921:중국어 번체,5
ENP024939,Seoul Bamdokkaebi Night Market 2018,축제/공연/행사,Festivals/Events/Performances > Festivals,39,KOP024939:한국어|ENP024939:영어|JPP024939:일본어|CNP024939:중국어 간체|TCP024939:중국어 번체,5
ENP024912,Seokchon Lake Cherry Blossom Festival 2018,축제/공연/행사,Festivals/Events/Performances > Festivals,39,KOP024912:한국어|ENP024912:영어|JPP024912:일본어|CNP024912:중국어 간체|TCP024912:중국어 번체,5
ENP024927,Yeongdeungpo Yeouido Spring Flower Festival 2018,축제/공연/행사,Festivals/Events/Performances > Festivals,39,KOP024927:한국어|ENP024927:영어|JPP024927:일본어|CNP024927:중국어 간체|TCP024927:중국어 번체,5
ENP024922,Geumchon Harmony Cherry Blossom Festival 2018,축제/공연/행사,Festivals/Events/Performances > Festivals,39,KOP024922:한국어|ENP024922:영어|JPP024922:일본어|CNP024922:중국어 간체|TCP024922:중국어 번체,5
ENP024923,Namsangol Hanok Village : All About Korean Traditional Experience,축제/공연/행사,Festivals/Events/Performances > Festivals,39,KOP024923:한국어|ENP024923:영어|JPP024923:일본어|CNP024923:중국어 간체|TCP024923:중국어 번체,5
ENP024911,Gwanghwamun International Art Festival 2018,축제/공연/행사,Festivals/Events/Performances > Festivals,39,KOP024911:한국어|ENP024911:영어|JPP024911:일본어|CNP024911:중국어 간체|TCP024911:중국어 번체,5
ENP024898,Try Not To Laugh Festival 2018,축제/공연/행사,Festivals/Events/Performances > Festivals,39,KOP024898:한국어|ENP024898:영어|JPP024898:일본어|CNP024898:중국어 간체|TCP024898:중국어 번체,5
ENP024888,Seoul International Buddhism Expo 2018,축제/공연/행사,Festivals/Events/Performances > Festivals,39,KOP024888:한국어|ENP024888:영어|JPP024888:일본어|CNP024888:중국어 간체|TCP024888:중국어 번체,5
ENP024812,Namsangol Hanok Village First Full Moon Festival,축제/공연/행사,Festivals/Events/Performances > Festivals,39,KOP024812:한국어|ENP024812:영어|JPP024812:일본어|CNP024812:중국어 간체|TCP024812:중국어 번체,5
ENP024283,East Asia Stroke : Seoul Arts Center,축제/공연/행사,Festivals/Events/Performances > Festivals,39,KOP024283:한국어|ENP024283:영어|JPP024283:일본어|CNP024283:중국어 간체|TCP024283:중국어 번체,5
ENP024322,Korea Travel Expo 2018,축제/공연/행사,Festivals/Events/Performances > Festivals,39,KOP024322:한국어|ENP024322:영어|JPP024322:일본어|CNP024322:중국어 간체|TCP024322:중국어 번체,5
ENP024319,PyeongChang Olympic Korean Food Festival 2018,축제/공연/행사,Festivals/Events/Performances > Festivals,40,KOP024319:한국어|ENP024319:영어|JPP024319:일본어|CNP024319:중국어 간체|TCP024319:중국어 번체,5
ENP024302,Han Pal Nol Gae : Lunar New Year Performance 2018,축제/공연/행사,Festivals/Events/Performances > Festivals,40,KOP024302:한국어|ENP024302:영어|JPP024302:일본어|CNP024302:중국어 간체|TCP024302:중국어 번체,5
ENP024307,Grand Lunar New Year Festival 2018 : National Folk Museum of Korea,축제/공연/행사,Festivals/Events/Performances > Festivals,40,KOP024307:한국어|ENP024307:영어|JPP024307:일본어|CNP024307:중국어 간체|TCP024307:중국어 번체,5
ENP024297,Lunar New Year Festival 2018 : Seoul Museum of History,축제/공연/행사,Festivals/Events/Performances > Festivals,40,KOP024297:한국어|ENP024297:영어|JPP024297:일본어|CNP024297:중국어 간체|TCP024297:중국어 번체,5
ENP024263,The Masterpiece : Arts Exhibition,축제/공연/행사,Festivals/Events/Performances > Festivals,40,KOP024263:한국어|ENP024263:영어|JPP024263:일본어|CNP024263:중국어 간체|TCP024263:중국어 번체,5
ENP024262,Lunar New Year Festival 2018 : Namsangol Hanok Village,축제/공연/행사,Festivals/Events/Performances > Festivals,40,KOP024262:한국어|ENP024262:영어|JPP024262:일본어|CNP024262:중국어 간체|TCP024262:중국어 번체,5
ENP024258,Lunar New Year Fun at the Seoul Baekje Museum 2018,축제/공연/행사,Festivals/Events/Performances > Festivals,40,KOP024258:한국어|ENP024258:영어|JPP024258:일본어|CNP024258:중국어 간체|TCP024258:중국어 번체,5
ENP024231,Namsangol Hanok Village : Ipchun Festival 2018,축제/공연/행사,Festivals/Events/Performances > Festivals,40,KOP024231:한국어|ENP024231:영어|JPP024231:일본어|CNP024231:중국어 간체|TCP024231:중국어 번체,5
ENP024216,15th Seoul Dessert Fair,축제/공연/행사,Festivals/Events/Performances > Festivals,40,KOP024216:한국어|ENP024216:영어|JPP024216:일본어|CNP024216:중국어 간체|TCP024216:중국어 번체,5
ENP024209,Seoul Comic World 2018,축제/공연/행사,Festivals/Events/Performances > Festivals,40,KOP024209:한국어|ENP024209:영어|JPP024209:일본어|CNP024209:중국어 간체|TCP024209:중국어 번체,5
ENP024168,Wildlife Photo Exhibition : Gangdong Arts Center,축제/공연/행사,Festivals/Events/Performances > Festivals,40,KOP024168:한국어|ENP024168:영어|JPP024168:일본어|CNP024168:중국어 간체|TCP024168:중국어 번체,5
ENP024149,Marie Laurencin : Special Exhibition,축제/공연/행사,Festivals/Events/Performances > Festivals,40,KOP024149:한국어|ENP024149:영어|JPP024149:일본어|CNP024149:중국어 간체|TCP024149:중국어 번체,5
ENP024145,&#034;Unhyeongung Palace and Regent Heungseon Daewongun&#034; Special Exhibition,축제/공연/행사,Festivals/Events/Performances > Festivals,40,KOP024145:한국어|ENP024145:영어|JPP024145:일본어|CNP024145:중국어 간체|TCP024145:중국어 번체,5
ENP024132,Namsangol Hanok Village : Winter Village 2018,축제/공연/행사,Festivals/Events/Performances > Festivals,40,KOP024132:한국어|ENP024132:영어|JPP024132:일본어|CNP024132:중국어 간체|TCP024132:중국어 번체,5
ENP001761,Seoul Norimadang,축제/공연/행사,Festivals/Events/Performances > Performances,40,KOP001761:한국어|ENP001761:영어|JPP001761:일본어|CNP001761:중국어 간체|TCP001761:중국어 번체|RUP001761:러시아어,6
ENP023992,Drawn by the Wind Exhibition: Shin Yun-bok &amp; Jeong Seon,축제/공연/행사,Festivals/Events/Performances > Festivals,40,KOP023992:한국어|ENP023992:영어|JPP023992:일본어|CNP023992:중국어 간체|TCP023992:중국어 번체,5
ENP023838,Salon du Chocolat 2017,축제/공연/행사,Festivals/Events/Performances > Festivals,40,KOP023838:한국어|ENP023838:영어|JPP023838:일본어|CNP023838:중국어 간체|TCP023838:중국어 번체,5
ENP023837,14th ASSITEJ Korea Winter Festival,축제/공연/행사,Festivals/Events/Performances > Festivals,40,KOP023837:한국어|ENP023837:영어|JPP023837:일본어|CNP023837:중국어 간체|TCP023837:중국어 번체,5
ENP023839,"Hi, POP - Pop Art Exhibition",축제/공연/행사,Festivals/Events/Performances > Festivals,40,KOP023839:한국어|ENP023839:영어|JPP023839:일본어|CNP023839:중국어 간체|TCP023839:중국어 번체,5
ENP023842,Peace Together : Unification Exhibition,축제/공연/행사,Festivals/Events/Performances > Festivals,40,KOP023842:한국어|ENP023842:영어|JPP023842:일본어|CNP023842:중국어 간체|TCP023842:중국어 번체,5
ENP023836,14th Seoul Dessert Fair,축제/공연/행사,Festivals/Events/Performances > Festivals,41,KOP023836:한국어|ENP023836:영어|JPP023836:일본어|CNP023836:중국어 간체|TCP023836:중국어 번체,5
ENP023517,Seoul Plaza Ice Skating Rink 2017,축제/공연/행사,Festivals/Events/Performances > Festivals,41,KOP023517:한국어|ENP023517:영어|JPP023517:일본어|CNP023517:중국어 간체|TCP023517:중국어 번체,5
ENP023516,Seoul Design Festival 2017,축제/공연/행사,Festivals/Events/Performances > Festivals,41,KOP023516:한국어|ENP023516:영어|JPP023516:일본어|CNP023516:중국어 간체|TCP023516:중국어 번체,5
ENP023515,National Geographic Photo Exhibition : Photo Ark,축제/공연/행사,Festivals/Events/Performances > Festivals,41,KOP023515:한국어|ENP023515:영어|JPP023515:일본어|CNP023515:중국어 간체|TCP023515:중국어 번체,5
ENP023519,Taehwagwan-gil 2017 : Culture and History in Seoul,축제/공연/행사,Festivals/Events/Performances > Festivals,41,KOP023519:한국어|ENP023519:영어|JPP023519:일본어|CNP023519:중국어 간체|TCP023519:중국어 번체,5
ENP023472,Sinchon Christmas Festival 2017,축제/공연/행사,Festivals/Events/Performances > Festivals,41,KOP023472:한국어|ENP023472:영어|JPP023472:일본어|CNP023472:중국어 간체|TCP023472:중국어 번체,5
ENP023495,Nordic Culture Festival 2017,축제/공연/행사,Festivals/Events/Performances > Festivals,41,KOP023495:한국어|ENP023495:영어|JPP023495:일본어|CNP023495:중국어 간체|TCP023495:중국어 번체,5
ENP023463,Santa Run 2017,축제/공연/행사,Festivals/Events/Performances > Festivals,41,KOP023463:한국어|ENP023463:영어|JPP023463:일본어|CNP023463:중국어 간체|TCP023463:중국어 번체,5
ENP023389,"Euljiro, Light Way 2017",축제/공연/행사,Festivals/Events/Performances > Festivals,41,KOP023389:한국어|ENP023389:영어|JPP023389:일본어|CNP023389:중국어 간체|TCP023389:중국어 번체,5
ENP023161,Korean Food Culture Festival 2017,축제/공연/행사,Festivals/Events/Performances > Festivals,41,KOP023161:한국어|ENP023161:영어|JPP023161:일본어|CNP023161:중국어 간체|TCP023161:중국어 번체,5
ENP023220,Jamsil Sports Complex Tours·Activities Program,축제/공연/행사,Festivals/Events/Performances > Festivals,41,KOP023220:한국어|ENP023220:영어|JPP023220:일본어|CNP023220:중국어 간체|TCP023220:중국어 번체,5
ENP023242,ARTipot Carnival 2017,축제/공연/행사,Festivals/Events/Performances > Festivals,41,KOP023242:한국어|ENP023242:영어|JPP023242:일본어|CNP023242:중국어 간체|TCP023242:중국어 번체,5
ENP023186,Seongbuk-dong Night Road Festival 2017,축제/공연/행사,Festivals/Events/Performances > Festivals,41,KOP023186:한국어|ENP023186:영어|JPP023186:일본어|CNP023186:중국어 간체|TCP023186:중국어 번체,5
ENP023160,13th Seoul Dessert Fair,축제/공연/행사,Festivals/Events/Performances > Festivals,41,KOP023160:한국어|ENP023160:영어|JPP023160:일본어|CNP023160:중국어 간체|TCP023160:중국어 번체,5
ENP023171,Seoul International Music Festival 2017,축제/공연/행사,Festivals/Events/Performances > Festivals,41,KOP023171:한국어|ENP023171:영어|JPP023171:일본어|CNP023171:중국어 간체|TCP023171:중국어 번체,5
ENP023170,4th Seoul Kimchi Festival,축제/공연/행사,Festivals/Events/Performances > Festivals,41,KOP023170:한국어|ENP023170:영어|JPP023170:일본어|CNP023170:중국어 간체|TCP023170:중국어 번체,5
ENP023157,Seoul Herb Medicine Culture Festival 2017,축제/공연/행사,Festivals/Events/Performances > Festivals,41,KOP023157:한국어|ENP023157:영어|JPP023157:일본어|CNP023157:중국어 간체|TCP023157:중국어 번체,5
ENP023172,Garak Mall Chobap Festival 2017,축제/공연/행사,Festivals/Events/Performances > Festivals,41,KOP023172:한국어|ENP023172:영어|JPP023172:일본어|CNP023172:중국어 간체|TCP023172:중국어 번체,5
ENP023158,Sarang-Festival of India in Korea 2017,축제/공연/행사,Festivals/Events/Performances > Festivals,41,KOP023158:한국어|ENP023158:영어|JPP023158:일본어|CNP023158:중국어 간체|TCP023158:중국어 번체,5
ENP023156,Maker Faire Seoul 2017,축제/공연/행사,Festivals/Events/Performances > Festivals,41,KOP023156:한국어|ENP023156:영어|JPP023156:일본어|CNP023156:중국어 간체|TCP023156:중국어 번체,5
ENP022997,Sinchon Craft Beer Festival 2017,축제/공연/행사,Festivals/Events/Performances > Festivals,42,KOP022997:한국어|ENP022997:영어|JPP022997:일본어|CNP022997:중국어 간체|TCP022997:중국어 번체,5
ENP023093,Seoul Silver Grass Festival 2017,축제/공연/행사,Festivals/Events/Performances > Festivals,42,KOP023093:한국어|ENP023093:영어|JPP023093:일본어|CNP023093:중국어 간체|TCP023093:중국어 번체,5
ENP023000,ST-Future × ST-BOMB Festival 2017,축제/공연/행사,Festivals/Events/Performances > Festivals,42,KOP023000:한국어|ENP023000:영어|JPP023000:일본어|CNP023000:중국어 간체|TCP023000:중국어 번체,5
ENP023099,Jeong-dong Culture Night,축제/공연/행사,Festivals/Events/Performances > Festivals,42,KOP023099:한국어|ENP023099:영어|JPP023099:일본어|CNP023099:중국어 간체|TCP023099:중국어 번체,5
ENP023023,National Folk Museum of Korea&#039;s Chuseok Festival 2017,축제/공연/행사,Festivals/Events/Performances > Festivals,42,KOP023023:한국어|ENP023023:영어|JPP023023:일본어|CNP023023:중국어 간체|TCP023023:중국어 번체,5
ENP023033,Seoul Museum of History Chuseok Festival 2017,축제/공연/행사,Festivals/Events/Performances > Festivals,42,KOP023033:한국어|ENP023033:영어|JPP023033:일본어|CNP023033:중국어 간체|TCP023033:중국어 번체,5
ENP022977,Seoul Baekje Museum Chuseok Festival 2017,축제/공연/행사,Festivals/Events/Performances > Festivals,42,KOP022977:한국어|ENP022977:영어|JPP022977:일본어|CNP022977:중국어 간체|TCP022977:중국어 번체,5
ENP022978,Taste of Korea Festival 2017,축제/공연/행사,Festivals/Events/Performances > Festivals,42,KOP022978:한국어|ENP022978:영어|JPP022978:일본어|CNP022978:중국어 간체|TCP022978:중국어 번체,5
ENP022976,Gangdong Prehistoric Culture Festival 2017,축제/공연/행사,Festivals/Events/Performances > Festivals,42,KOP022976:한국어|ENP022976:영어|JPP022976:일본어|CNP022976:중국어 간체|TCP022976:중국어 번체,5
ENP023057,Hanyangdoseong Cultural Festival 2017,축제/공연/행사,Festivals/Events/Performances > Festivals,42,KOP023057:한국어|ENP023057:영어|JPP023057:일본어|CNP023057:중국어 간체|TCP023057:중국어 번체,5
ENP022991,Seoul Street Arts Festival 2017,축제/공연/행사,Festivals/Events/Performances > Festivals,42,KOP022991:한국어|ENP022991:영어|JPP022991:일본어|CNP022991:중국어 간체|TCP022991:중국어 번체,5
ENP022869,Seoul Arirang Festival 2017,축제/공연/행사,Festivals/Events/Performances > Festivals,42,KOP022869:한국어|ENP022869:영어|JPP022869:일본어|CNP022869:중국어 간체|TCP022869:중국어 번체,5
ENP022868,Seoul International Dance Festival 2017,축제/공연/행사,Festivals/Events/Performances > Festivals,42,KOP022868:한국어|ENP022868:영어|JPP022868:일본어|CNP022868:중국어 간체|TCP022868:중국어 번체,5
ENP022988,Jongno Hanbok Festival 2017,축제/공연/행사,Festivals/Events/Performances > Festivals,42,KOP022988:한국어|ENP022988:영어|JPP022988:일본어|CNP022988:중국어 간체|TCP022988:중국어 번체,5
ENP022909,Hanwha Seoul International Fireworks Festival 2017,축제/공연/행사,Festivals/Events/Performances > Festivals,42,KOP022909:한국어|ENP022909:영어|JPP022909:일본어|CNP022909:중국어 간체|TCP022909:중국어 번체,5
ENP022926,King Jeongjo Tomb Parade Reenactment 2017,축제/공연/행사,Festivals/Events/Performances > Festivals,42,KOP022926:한국어|ENP022926:영어|JPP022926:일본어|CNP022926:중국어 간체|TCP022926:중국어 번체,5
ENP022915,Yukuijeon Festival 2017,축제/공연/행사,Festivals/Events/Performances > Festivals,42,KOP022915:한국어|ENP022915:영어|JPP022915:일본어|CNP022915:중국어 간체|TCP022915:중국어 번체,5
ENP022927,Public Arts Festival : Public×Public,축제/공연/행사,Festivals/Events/Performances > Festivals,42,KOP022927:한국어|ENP022927:영어,2
ENP022870,Itaewon Global Village Festival 2017,축제/공연/행사,Festivals/Events/Performances > Festivals,42,KOP022870:한국어|ENP022870:영어|JPP022870:일본어|CNP022870:중국어 간체|TCP022870:중국어 번체,5
ENP022867,Daehak-Ro Cultural Festival 2017,축제/공연/행사,Festivals/Events/Performances > Festivals,42,KOP022867:한국어|ENP022867:영어|JPP022867:일본어|CNP022867:중국어 간체|TCP022867:중국어 번체,5
ENP022654,2nd Seongbuk World Beer Festival,축제/공연/행사,Festivals/Events/Performances > Festivals,43,KOP022654:한국어|ENP022654:영어|JPP022654:일본어|CNP022654:중국어 간체|TCP022654:중국어 번체,5
ENP022861,Storytelling Street Performance at Dongdaemun : HADOGAM LEESAENGJEON,축제/공연/행사,Festivals/Events/Performances > Festivals,43,KOP022861:한국어|ENP022861:영어|JPP022861:일본어|CNP022861:중국어 간체|TCP022861:중국어 번체,5
ENP022687,Seoul Garden Show 2017,축제/공연/행사,Festivals/Events/Performances > Festivals,43,KOP022687:한국어|ENP022687:영어|JPP022687:일본어|CNP022687:중국어 간체|TCP022687:중국어 번체,5
ENP022458,12th Seoul Dessert Fair,축제/공연/행사,Festivals/Events/Performances > Festivals,43,KOP022458:한국어|ENP022458:영어|JPP022458:일본어|CNP022458:중국어 간체|TCP022458:중국어 번체,5
ENP022647,Seoripul Festival 2017,축제/공연/행사,Festivals/Events/Performances > Festivals,43,KOP022647:한국어|ENP022647:영어|JPP022647:일본어|CNP022647:중국어 간체|TCP022647:중국어 번체,5
ENP022688,Seoul Book Festival 2017,축제/공연/행사,Festivals/Events/Performances > Festivals,43,KOP022688:한국어|ENP022688:영어|JPP022688:일본어|CNP022688:중국어 간체|TCP022688:중국어 번체,5
ENP022605,Seoul Donhwamun Traditional Theater - New Masterpiece,축제/공연/행사,Festivals/Events/Performances > Festivals,43,KOP022605:한국어|ENP022605:영어|JPP022605:일본어|CNP022605:중국어 간체|TCP022605:중국어 번체,5
ENP022604,2017 Incheon Airport Sky Festival,축제/공연/행사,Festivals/Events/Performances > Festivals,43,KOP022604:한국어|ENP022604:영어|JPP022604:일본어|CNP022604:중국어 간체|TCP022604:중국어 번체,5
ENP022603,Seoul Biennale of Architecture and Urbanism 2017,축제/공연/행사,Festivals/Events/Performances > Festivals,43,KOP022603:한국어|ENP022603:영어|JPP022603:일본어|CNP022603:중국어 간체|TCP022603:중국어 번체,5
ENP022382,Hanseong Baekje Cultural Festival 2017,축제/공연/행사,Festivals/Events/Performances > Festivals,43,KOP022382:한국어|ENP022382:영어|JPP022382:일본어|CNP022382:중국어 간체|TCP022382:중국어 번체,5
ENP022436,Gangnam Festival 2017,축제/공연/행사,Festivals/Events/Performances > Festivals,43,KOP022436:한국어|ENP022436:영어|JPP022436:일본어|CNP022436:중국어 간체|TCP022436:중국어 번체,5
ENP022464,Bobsleigh in the City 2017,축제/공연/행사,Festivals/Events/Performances > Festivals,43,KOP022464:한국어|ENP022464:영어|JPP022464:일본어|CNP022464:중국어 간체|TCP022464:중국어 번체,5
ENP022437,Seoul Starlight Musical Festival 2017,축제/공연/행사,Festivals/Events/Performances > Festivals,43,KOP022437:한국어|ENP022437:영어|JPP022437:일본어|CNP022437:중국어 간체|TCP022437:중국어 번체,5
ENP022375,Guro G-Festival 2017,축제/공연/행사,Festivals/Events/Performances > Festivals,43,KOP022375:한국어|ENP022375:영어|JPP022375:일본어|CNP022375:중국어 간체|TCP022375:중국어 번체,5
ENP022365,Seoul Friendship Fair 2017,축제/공연/행사,Festivals/Events/Performances > Festivals,43,KOP022365:한국어|ENP022365:영어|JPP022365:일본어|CNP022365:중국어 간체|TCP022365:중국어 번체,5
ENP022377,Korean Independence Day Concert at Gwanghwamun Square 2017,축제/공연/행사,Festivals/Events/Performances > Festivals,43,KOP022377:한국어|ENP022377:영어|JPP022377:일본어|CNP022377:중국어 간체|TCP022377:중국어 번체,5
ENP022342,5th Seoul Tourism Souvenir Contest,축제/공연/행사,Festivals/Events/Performances > Festivals,43,KOP022342:한국어|ENP022342:영어|JPP022342:일본어|CNP022342:중국어 간체|TCP022342:중국어 번체,5
ENP022280,Boardgame Con 2017,축제/공연/행사,Festivals/Events/Performances > Festivals,43,KOP022280:한국어|ENP022280:영어|JPP022280:일본어|CNP022280:중국어 간체|TCP022280:중국어 번체,5
ENP022215,One Summer Movie Night,축제/공연/행사,Festivals/Events/Performances > Festivals,43,KOP022215:한국어|ENP022215:영어|JPP022215:일본어|CNP022215:중국어 간체|TCP022215:중국어 번체,5
ENP022205,Seodaemun Independence Day Festival 2017,축제/공연/행사,Festivals/Events/Performances > Festivals,43,KOP022205:한국어|ENP022205:영어|CNP022205:중국어 간체|TCP022205:중국어 번체,4
ENP022175,Comic Con Seoul 2017,축제/공연/행사,Festivals/Events/Performances > Festivals,44,KOP022175:한국어|ENP022175:영어|JPP022175:일본어|CNP022175:중국어 간체|TCP022175:중국어 번체,5
ENP022242,Seoullo Itda Festival - Hoehyeon Moonlight Festival,축제/공연/행사,Festivals/Events/Performances > Festivals,44,KOP022242:한국어|ENP022242:영어|JPP022242:일본어|CNP022242:중국어 간체|TCP022242:중국어 번체,5
ENP022166,5th Seoul International Harmonica Festival,축제/공연/행사,Festivals/Events/Performances > Festivals,44,KOP022166:한국어|ENP022166:영어|JPP022166:일본어|CNP022166:중국어 간체|TCP022166:중국어 번체,5
ENP022165,Seoul Culture Night 2017,축제/공연/행사,Festivals/Events/Performances > Festivals,44,KOP022165:한국어|ENP022165:영어|JPP022165:일본어|CNP022165:중국어 간체|TCP022165:중국어 번체,5
ENP022140,Wear Hanbok for a 50% Discount on Performance Tickets!,축제/공연/행사,Festivals/Events/Performances > Festivals,44,KOP022140:한국어|ENP022140:영어|JPP022140:일본어|CNP022140:중국어 간체|TCP022140:중국어 번체,5
ENP022097,25th ASSITEJ Korea International Summer Festival,축제/공연/행사,Festivals/Events/Performances > Festivals,44,KOP022097:한국어|ENP022097:영어|JPP022097:일본어|CNP022097:중국어 간체|TCP022097:중국어 번체,5
ENP021985,11th Seoul Dessert Fair,축제/공연/행사,Festivals/Events/Performances > Festivals,44,KOP021985:한국어|ENP021985:영어|JPP021985:일본어|CNP021985:중국어 간체|TCP021985:중국어 번체,5
ENP021910,2nd Honey Life Dessert Festival,축제/공연/행사,Festivals/Events/Performances > Festivals,44,KOP021910:한국어|ENP021910:영어|JPP021910:일본어|CNP021910:중국어 간체|TCP021910:중국어 번체,5
ENP021769,Seoul Fringe Festival 2017,축제/공연/행사,Festivals/Events/Performances > Festivals,44,KOP021769:한국어|ENP021769:영어|JPP021769:일본어|CNP021769:중국어 간체|TCP021769:중국어 번체,5
ENP021945,Changgyeonggung Palace : Nighttime Viewing 2017,축제/공연/행사,Festivals/Events/Performances > Festivals,44,KOP021945:한국어|ENP021945:영어|JPP021945:일본어|CNP021945:중국어 간체|TCP021945:중국어 번체,5
ENP021928,Culture and Art at Seoul Plaza 2017,축제/공연/행사,Festivals/Events/Performances > Festivals,44,KOP021928:한국어|ENP021928:영어|JPP021928:일본어|CNP021928:중국어 간체|TCP021928:중국어 번체,5
ENP021882,[Project 284] The Clock of Time Traveler,축제/공연/행사,Festivals/Events/Performances > Festivals,44,KOP021882:한국어|ENP021882:영어|JPP021882:일본어|CNP021882:중국어 간체|TCP021882:중국어 번체,5
ENP021839,Hangang Summer Festival 2017,축제/공연/행사,Festivals/Events/Performances > Festivals,44,KOP021839:한국어|ENP021839:영어|JPP021839:일본어|CNP021839:중국어 간체|TCP021839:중국어 번체,5
ENP021770,Gogung Concert 2017 (Gyeongbokgung·Changgyeonggung),축제/공연/행사,Festivals/Events/Performances > Festivals,44,KOP021770:한국어|ENP021770:영어|JPP021770:일본어|CNP021770:중국어 간체|TCP021770:중국어 번체,5
ENP021601,Yeo Woo Rak Festival 2017,축제/공연/행사,Festivals/Events/Performances > Festivals,44,KOP021601:한국어|ENP021601:영어|JPP021601:일본어|CNP021601:중국어 간체|TCP021601:중국어 번체,5
ENP021680,Latin American Festival 2017,축제/공연/행사,Festivals/Events/Performances > Festivals,44,KOP021680:한국어|ENP021680:영어|JPP021680:일본어|CNP021680:중국어 간체|TCP021680:중국어 번체,5
ENP021645,&#034;Unbuttoning French Fashion&#034; Exhibition,축제/공연/행사,Festivals/Events/Performances > Festivals,44,KOP021645:한국어|ENP021645:영어|JPP021645:일본어|CNP021645:중국어 간체|TCP021645:중국어 번체,5
ENP021644,1890 Namsangol Night Market,축제/공연/행사,Festivals/Events/Performances > Festivals,44,KOP021644:한국어|ENP021644:영어|JPP021644:일본어|CNP021644:중국어 간체|TCP021644:중국어 번체,5
ENP021600,"Storytelling Performance at Cheonggyecheon Stream : Fly, Ishimi",축제/공연/행사,Festivals/Events/Performances > Festivals,44,KOP021600:한국어|ENP021600:영어|JPP021600:일본어|CNP021600:중국어 간체|TCP021600:중국어 번체,5
ENP021537,Gyeongbokgung Palace Tea Ceremony 2017,축제/공연/행사,Festivals/Events/Performances > Festivals,44,KOP021537:한국어|ENP021537:영어|JPP021537:일본어|CNP021537:중국어 간체|TCP021537:중국어 번체,5
ENP021602,Seoul Grand Park Rose Festival 2017,축제/공연/행사,Festivals/Events/Performances > Festivals,45,KOP021602:한국어|ENP021602:영어|JPP021602:일본어|CNP021602:중국어 간체|TCP021602:중국어 번체,5
ENP021536,Seoul Summer Sale 2017,축제/공연/행사,Festivals/Events/Performances > Festivals,45,KOP021536:한국어|ENP021536:영어|JPP021536:일본어|CNP021536:중국어 간체|TCP021536:중국어 번체,5
ENP021432,Jeong-dong Culture Night 2017,축제/공연/행사,Festivals/Events/Performances > Festivals,45,KOP021432:한국어|ENP021432:영어|JPP021432:일본어|CNP021432:중국어 간체|TCP021432:중국어 번체,5
ENP021534,Moonlight Tour at Changdeokgung Palace 2017,축제/공연/행사,Festivals/Events/Performances > Festivals,45,KOP021534:한국어|ENP021534:영어|JPP021534:일본어|CNP021534:중국어 간체|TCP021534:중국어 번체,5
ENP021383,Seoul Drum Festival 2017,축제/공연/행사,Festivals/Events/Performances > Festivals,45,KOP021383:한국어|ENP021383:영어|JPP021383:일본어|CNP021383:중국어 간체|TCP021383:중국어 번체,5
ENP021457,Tea Culture Festival,축제/공연/행사,Festivals/Events/Performances > Festivals,45,KOP021457:한국어|ENP021457:영어|JPP021457:일본어|CNP021457:중국어 간체|TCP021457:중국어 번체,5
ENP021265,D.FESTA 2017 : Daehak-ro Street Performance Festival,축제/공연/행사,Festivals/Events/Performances > Festivals,45,KOP021265:한국어|ENP021265:영어|JPP021265:일본어|CNP021265:중국어 간체|TCP021265:중국어 번체,5
ENP021389,Korean Traditional Liquor and Food Festival 2017,축제/공연/행사,Festivals/Events/Performances > Festivals,45,KOP021389:한국어|ENP021389:영어|JPP021389:일본어|CNP021389:중국어 간체|TCP021389:중국어 번체,5
ENP021458,10th Seoul Dessert Fair,축제/공연/행사,Festivals/Events/Performances > Festivals,45,KOP021458:한국어|ENP021458:영어|JPP021458:일본어|CNP021458:중국어 간체|TCP021458:중국어 번체,5
ENP021388,The New National Treasures 2014~2016 Special Exhibition,축제/공연/행사,Festivals/Events/Performances > Festivals,45,KOP021388:한국어|ENP021388:영어|JPP021388:일본어|CNP021388:중국어 간체|TCP021388:중국어 번체,5
ENP021337,Roads of Arabia Special Exhibition,축제/공연/행사,Festivals/Events/Performances > Festivals,45,KOP021337:한국어|ENP021337:영어|JPP021337:일본어|CNP021337:중국어 간체|TCP021337:중국어 번체,5
ENP021194,Sejong Festival × Seoul Music Week 2017,축제/공연/행사,Festivals/Events/Performances > Festivals,45,KOP021194:한국어|ENP021194:영어|JPP021194:일본어|CNP021194:중국어 간체|TCP021194:중국어 번체,5
ENP021151,6th Seoul Boardgame Festa,축제/공연/행사,Festivals/Events/Performances > Festivals,45,KOP021151:한국어|ENP021151:영어|JPP021151:일본어|TCP021151:중국어 번체,4
ENP021314,Taekwondo in Namsangol Hanok Village 2018,축제/공연/행사,Festivals/Events/Performances > Festivals,45,KOP021314:한국어|ENP021314:영어|JPP021314:일본어|CNP021314:중국어 간체|TCP021314:중국어 번체,5
ENP021192,Seoul 365 Fashion Show 2017,축제/공연/행사,Festivals/Events/Performances > Festivals,45,KOP021192:한국어|ENP021192:영어|JPP021192:일본어|TCP021192:중국어 번체,4
ENP021144,Samcheonggak Lunch Concert : Jami,축제/공연/행사,Festivals/Events/Performances > Festivals,45,KOP021144:한국어|ENP021144:영어|JPP021144:일본어|CNP021144:중국어 간체|TCP021144:중국어 번체,5
ENP021120,Seoul Africa Festival 2017,축제/공연/행사,Festivals/Events/Performances > Festivals,45,KOP021120:한국어|ENP021120:영어|JPP021120:일본어|CNP021120:중국어 간체|TCP021120:중국어 번체,5
ENP021129,C-Festival 2017,축제/공연/행사,Festivals/Events/Performances > Festivals,45,KOP021129:한국어|ENP021129:영어|JPP021129:일본어|CNP021129:중국어 간체|TCP021129:중국어 번체,5
ENP021114,Seoul Rose Festival 2017,축제/공연/행사,Festivals/Events/Performances > Festivals,45,KOP021114:한국어|ENP021114:영어|JPP021114:일본어|CNP021114:중국어 간체|TCP021114:중국어 번체,5
ENP021113,Royal Culture Festival 2017,축제/공연/행사,Festivals/Events/Performances > Festivals,45,KOP021113:한국어|ENP021113:영어|JPP021113:일본어|CNP021113:중국어 간체|TCP021113:중국어 번체,5
ENP021063,Lifeplus Cherry Blossom Picnic Festival 2017,축제/공연/행사,Festivals/Events/Performances > Festivals,46,KOP021063:한국어|ENP021063:영어|JPP021063:일본어|CNP021063:중국어 간체|TCP021063:중국어 번체,5
ENP021054,9th Seoul Dessert Fair,축제/공연/행사,Festivals/Events/Performances > Festivals,46,KOP021054:한국어|ENP021054:영어|JPP021054:일본어|CNP021054:중국어 간체|TCP021054:중국어 번체,5
ENP021018,13th Geumchon Cherry Blossom Festival,축제/공연/행사,Festivals/Events/Performances > Festivals,46,KOP021018:한국어|ENP021018:영어|JPP021018:일본어|CNP021018:중국어 간체|TCP021018:중국어 번체,5
ENP020992,20th Eungbongsan Mountain Forsythia Festival,축제/공연/행사,Festivals/Events/Performances > Festivals,46,KOP020992:한국어|ENP020992:영어|JPP020992:일본어|CNP020992:중국어 간체|TCP020992:중국어 번체,5
ENP020993,Seokchon Lake Cherry Blossom Festival 2017,축제/공연/행사,Festivals/Events/Performances > Festivals,46,KOP020993:한국어|ENP020993:영어|JPP020993:일본어|CNP020993:중국어 간체|TCP020993:중국어 번체,5
ENP021008,Yeongdeungpo Yeouido Spring Flower Festival 2017,축제/공연/행사,Festivals/Events/Performances > Festivals,46,KOP021008:한국어|ENP021008:영어|JPP021008:일본어|CNP021008:중국어 간체|TCP021008:중국어 번체,5
ENP020934,Hangeul Design Exhibition at the National Hangeul Museum,축제/공연/행사,Festivals/Events/Performances > Festivals,46,KOP020934:한국어|ENP020934:영어|JPP020934:일본어|CNP020934:중국어 간체|TCP020934:중국어 번체,5
ENP020933,"Saimdang, Her Garden Exhibition",축제/공연/행사,Festivals/Events/Performances > Festivals,46,KOP020933:한국어|ENP020933:영어|JPP020933:일본어|CNP020933:중국어 간체|TCP020933:중국어 번체,5
ENP020907,SeMA Green 2017 : Nalgae.PaTI,축제/공연/행사,Festivals/Events/Performances > Festivals,46,KOP020907:한국어|ENP020907:영어|JPP020907:일본어|TCP020907:중국어 번체,4
ENP020918,Seoul Grand Park Cherry Blossom Festival 2017,축제/공연/행사,Festivals/Events/Performances > Festivals,46,KOP020918:한국어|ENP020918:영어|JPP020918:일본어|CNP020918:중국어 간체|TCP020918:중국어 번체,5
ENP020917,Hera Seoul Fashion Week 2017 F/W,축제/공연/행사,Festivals/Events/Performances > Festivals,46,KOP020917:한국어|ENP020917:영어|JPP020917:일본어|CNP020917:중국어 간체|TCP020917:중국어 번체,5
ENP020893,Leiji Matsumoto Exhibition : Galaxy Express 999,축제/공연/행사,Festivals/Events/Performances > Festivals,46,KOP020893:한국어|ENP020893:영어|JPP020893:일본어|CNP020893:중국어 간체|TCP020893:중국어 번체,5
ENP020891,Seoul Bamdokkaebi Night Market 2017,축제/공연/행사,Festivals/Events/Performances > Festivals,46,KOP020891:한국어|ENP020891:영어|JPP020891:일본어|CNP020891:중국어 간체|TCP020891:중국어 번체,5
ENP020852,Starlight Tour with Daejanggeum at Gyeongbokgung Palace,축제/공연/행사,Festivals/Events/Performances > Festivals,46,KOP020852:한국어|ENP020852:영어|JPP020852:일본어|CNP020852:중국어 간체|TCP020852:중국어 번체,5
ENP020840,Healing Fair 2017,축제/공연/행사,Festivals/Events/Performances > Festivals,46,KOP020840:한국어|ENP020840:영어|JPP020840:일본어|CNP020840:중국어 간체|TCP020840:중국어 번체,5
ENP020809,Pre &amp; Free Traditional Music Festival 2017,축제/공연/행사,Festivals/Events/Performances > Festivals,46,KOP020809:한국어|ENP020809:영어|JPP020809:일본어|CNP020809:중국어 간체|TCP020809:중국어 번체,5
ENP020617,Year of the Rooster - Lunar New Year&#039;s First Full Moon Events,축제/공연/행사,Festivals/Events/Performances > Festivals,46,KOP020617:한국어|ENP020617:영어|JPP020617:일본어|CNP020617:중국어 간체|TCP020617:중국어 번체,5
ENP020588,Renoir : Images of Women Exhibition,축제/공연/행사,Festivals/Events/Performances > Festivals,46,KOP020588:한국어|ENP020588:영어|JPP020588:일본어|CNP020588:중국어 간체|TCP020588:중국어 번체,5
ENP020500,Father of Modern Architecture : Le Corbusier Exhibition,축제/공연/행사,Festivals/Events/Performances > Festivals,46,KOP020500:한국어|ENP020500:영어|JPP020500:일본어|CNP020500:중국어 간체|TCP020500:중국어 번체,5
ENP020496,"&#034;Northern Seoul, Now a Forest of Apartment Buildings&#034; Exhibition",축제/공연/행사,Festivals/Events/Performances > Festivals,46,KOP020496:한국어|ENP020496:영어|JPP020496:일본어|CNP020496:중국어 간체|TCP020496:중국어 번체,5
ENP020499,Korea Grand Sale 2017,축제/공연/행사,Festivals/Events/Performances > Festivals,47,KOP020499:한국어|ENP020499:영어|JPP020499:일본어|CNP020499:중국어 간체|TCP020499:중국어 번체,5
ENP020495,2017 Seol Festival for Year of the Rooster,축제/공연/행사,Festivals/Events/Performances > Festivals,47,KOP020495:한국어|ENP020495:영어|JPP020495:일본어|TCP020495:중국어 번체,4
ENP020476,The Encounter between Kansong and Paik Nam June,축제/공연/행사,Festivals/Events/Performances > Festivals,47,KOP020476:한국어|ENP020476:영어|JPP020476:일본어|CNP020476:중국어 간체|TCP020476:중국어 번체,5
ENP020445,Egyptian Treasures from the Brooklyn Museum Exhibition,축제/공연/행사,Festivals/Events/Performances > Festivals,47,KOP020445:한국어|ENP020445:영어|JPP020445:일본어|CNP020445:중국어 간체|TCP020445:중국어 번체,5
ENP020407,8th Seoul Dessert Fair,축제/공연/행사,Festivals/Events/Performances > Festivals,47,KOP020407:한국어|ENP020407:영어|JPP020407:일본어|CNP020407:중국어 간체|TCP020407:중국어 번체,5
ENP020354,Fornasetti : Practical Madness Exhibition,축제/공연/행사,Festivals/Events/Performances > Festivals,47,KOP020354:한국어|ENP020354:영어|JPP020354:일본어|CNP020354:중국어 간체|TCP020354:중국어 번체,5
ENP020294,Alphonse Mucha Exhibition : Pioneer of Modern Graphic Design,축제/공연/행사,Festivals/Events/Performances > Festivals,47,KOP020294:한국어|ENP020294:영어|JPP020294:일본어|CNP020294:중국어 간체|TCP020294:중국어 번체,5
ENP019990,Kidult &amp; Hobby Expo 2017,축제/공연/행사,Festivals/Events/Performances > Festivals,47,KOP019990:한국어|ENP019990:영어|JPP019990:일본어|TCP019990:중국어 번체,4
ENP019989,Lunar New Year Fun at the Seoul Baekje Museum 2017,축제/공연/행사,Festivals/Events/Performances > Festivals,47,KOP019989:한국어|ENP019989:영어|JPP019989:일본어|CNP019989:중국어 간체|TCP019989:중국어 번체,5
ENP019986,Five Nobleman&#039;s Lunar New Year Feast,축제/공연/행사,Festivals/Events/Performances > Festivals,47,KOP019986:한국어|ENP019986:영어|JPP019986:일본어|CNP019986:중국어 간체|TCP019986:중국어 번체,5
ENP019957,Everyone&#039;s Ground,축제/공연/행사,Festivals/Events/Performances > Festivals,47,KOP019957:한국어|ENP019957:영어|JPP019957:일본어|CNP019957:중국어 간체|TCP019957:중국어 번체,5
ENP019590,7th Seoul Dessert Fair,축제/공연/행사,Festivals/Events/Performances > Festivals,47,KOP019590:한국어|ENP019590:영어|JPP019590:일본어|CNP019590:중국어 간체|TCP019590:중국어 번체,5
ENP019789,LOOK Smithsonian Photo Exhibition,축제/공연/행사,Festivals/Events/Performances > Festivals,47,KOP019789:한국어|ENP019789:영어|JPP019789:일본어|CNP019789:중국어 간체|TCP019789:중국어 번체,5
ENP019551,13th ASSITEJ Korea Winter Festival,축제/공연/행사,Festivals/Events/Performances > Festivals,47,KOP019551:한국어|ENP019551:영어|JPP019551:일본어|CNP019551:중국어 간체|TCP019551:중국어 번체,5
ENP019565,Yeouido Park Ice Skating Rink,축제/공연/행사,Festivals/Events/Performances > Festivals,47,KOP019565:한국어|ENP019565:영어|JPP019565:일본어|CNP019565:중국어 간체|TCP019565:중국어 번체,5
ENP019666,Festival284: A Better Tomorrow,축제/공연/행사,Festivals/Events/Performances > Festivals,47,KOP019666:한국어|ENP019666:영어|JPP019666:일본어|CNP019666:중국어 간체|TCP019666:중국어 번체,5
ENP019577,Musee d&#039;Orsay Exhibition,축제/공연/행사,Festivals/Events/Performances > Festivals,47,KOP019577:한국어|ENP019577:영어|JPP019577:일본어|CNP019577:중국어 간체|TCP019577:중국어 번체,5
ENP019555,Seoul Design Festival 2016,축제/공연/행사,Festivals/Events/Performances > Festivals,47,KOP019555:한국어|ENP019555:영어|JPP019555:일본어|CNP019555:중국어 간체|TCP019555:중국어 번체,5
ENP019527,Seoul Golden Hands Festival,축제/공연/행사,Festivals/Events/Performances > Festivals,47,KOP019527:한국어|ENP019527:영어|JPP019527:일본어|CNP019527:중국어 간체|TCP019527:중국어 번체,5
ENP019485,Turkic Culture Festival,축제/공연/행사,Festivals/Events/Performances > Festivals,47,KOP019485:한국어|ENP019485:영어|JPP019485:일본어|CNP019485:중국어 간체|TCP019485:중국어 번체,5
ENP019445,"The City in Art, Art in the City",축제/공연/행사,Festivals/Events/Performances > Festivals,48,KOP019445:한국어|ENP019445:영어|JPP019445:일본어|CNP019445:중국어 간체|TCP019445:중국어 번체,5
ENP019442,ST-BOMB 2016,축제/공연/행사,Festivals/Events/Performances > Festivals,48,KOP019442:한국어|ENP019442:영어|JPP019442:일본어|CNP019442:중국어 간체|TCP019442:중국어 번체,5
ENP019446,5th Jaemiro Halloween Festival : Larva and Ghosts of Namsan,축제/공연/행사,Festivals/Events/Performances > Festivals,48,KOP019446:한국어|ENP019446:영어|JPP019446:일본어|CNP019446:중국어 간체|TCP019446:중국어 번체,5
ENP019390,"Euljiro, Light Way 2016",축제/공연/행사,Festivals/Events/Performances > Festivals,48,KOP019390:한국어|ENP019390:영어|JPP019390:일본어|CNP019390:중국어 간체|TCP019390:중국어 번체,5
ENP019371,3rd Seoul Kimchi Festival,축제/공연/행사,Festivals/Events/Performances > Festivals,48,KOP019371:한국어|ENP019371:영어|JPP019371:일본어|CNP019371:중국어 간체|TCP019371:중국어 번체,5
ENP019382,Jogyesa Temple Chrysanthemum Festival,축제/공연/행사,Festivals/Events/Performances > Festivals,48,KOP019382:한국어|ENP019382:영어|JPP019382:일본어|CNP019382:중국어 간체|TCP019382:중국어 번체,5
ENP019383,Saturday Stage for Korean Intangible Cultural Heritage,축제/공연/행사,Festivals/Events/Performances > Festivals,48,KOP019383:한국어|ENP019383:영어|JPP019383:일본어|CNP019383:중국어 간체|TCP019383:중국어 번체,5
ENP019348,Jeong-dong Culture Night,축제/공연/행사,Festivals/Events/Performances > Festivals,48,KOP019348:한국어|ENP019348:영어|JPP019348:일본어|CNP019348:중국어 간체|TCP019348:중국어 번체,5
ENP019351,6th Seoul Dessert Fair,축제/공연/행사,Festivals/Events/Performances > Festivals,48,KOP019351:한국어|ENP019351:영어|JPP019351:일본어|CNP019351:중국어 간체|TCP019351:중국어 번체,5
ENP019301,Seoul Gugak Week 2016,축제/공연/행사,Festivals/Events/Performances > Festivals,48,KOP019301:한국어|ENP019301:영어|JPP019301:일본어|CNP019301:중국어 간체|TCP019301:중국어 번체,5
ENP019267,Seoul Silver Grass Festival 2016,축제/공연/행사,Festivals/Events/Performances > Festivals,48,KOP019267:한국어|ENP019267:영어|JPP019267:일본어|CNP019267:중국어 간체|TCP019267:중국어 번체,5
ENP019268,2016 Itaewon Global Village Festival,축제/공연/행사,Festivals/Events/Performances > Festivals,48,KOP019268:한국어|ENP019268:영어|JPP019268:일본어|CNP019268:중국어 간체|TCP019268:중국어 번체,5
ENP019118,2016 Seoul Arirang Festival,축제/공연/행사,Festivals/Events/Performances > Festivals,48,KOP019118:한국어|ENP019118:영어|JPP019118:일본어|CNP019118:중국어 간체|TCP019118:중국어 번체,5
ENP019247,2016 Discover Seoul (Eco Walking Tour),축제/공연/행사,Festivals/Events/Performances > Festivals,48,KOP019247:한국어|ENP019247:영어|JPP019247:일본어|CNP019247:중국어 간체|TCP019247:중국어 번체,5
ENP019198,Daehak-Ro Cultural Festival 2016,축제/공연/행사,Festivals/Events/Performances > Festivals,48,KOP019198:한국어|ENP019198:영어|JPP019198:일본어|CNP019198:중국어 간체|TCP019198:중국어 번체,5
ENP019162,The 2016 Hanseong Baekje Cultural Festival,축제/공연/행사,Festivals/Events/Performances > Festivals,48,KOP019162:한국어|ENP019162:영어|JPP019162:일본어|CNP019162:중국어 간체|TCP019162:중국어 번체,5
ENP019114,The 2016 Sejong Festival 2016,축제/공연/행사,Festivals/Events/Performances > Festivals,48,KOP019114:한국어|ENP019114:영어|JPP019114:일본어|CNP019114:중국어 간체|TCP019114:중국어 번체,5
ENP018402,King Jeongjo’s Tomb Parade Reenactment 2016,축제/공연/행사,Festivals/Events/Performances > Festivals,48,KOP018402:한국어|ENP018402:영어|JPP018402:일본어|CNP018402:중국어 간체|TCP018402:중국어 번체,5
ENP019098,The 22nd Seoul Herb Medicine Culture Festival,축제/공연/행사,Festivals/Events/Performances > Festivals,48,KOP019098:한국어|ENP019098:영어|JPP019098:일본어|CNP019098:중국어 간체|TCP019098:중국어 번체,5
ENP019094,2016 Seoul Garden Expo,축제/공연/행사,Festivals/Events/Performances > Festivals,48,KOP019094:한국어|ENP019094:영어|JPP019094:일본어|CNP019094:중국어 간체|TCP019094:중국어 번체,5
ENP019091,2016 Seoul Performing Arts Festival,축제/공연/행사,Festivals/Events/Performances > Festivals,49,KOP019091:한국어|ENP019091:영어|JPP019091:일본어|CNP019091:중국어 간체|TCP019091:중국어 번체,5
ENP019107,2016 Seoul International Fireworks Festival,축제/공연/행사,Festivals/Events/Performances > Festivals,49,KOP019107:한국어|ENP019107:영어|JPP019107:일본어|CNP019107:중국어 간체|TCP019107:중국어 번체,5
ENP019097,Arts For All 2016,축제/공연/행사,Festivals/Events/Performances > Festivals,49,KOP019097:한국어|ENP019097:영어|JPP019097:일본어|CNP019097:중국어 간체|TCP019097:중국어 번체,5
ENP018994,The 5th Seoul Dessert Fair,축제/공연/행사,Festivals/Events/Performances > Festivals,49,KOP018994:한국어|ENP018994:영어|JPP018994:일본어|CNP018994:중국어 간체|TCP018994:중국어 번체,5
ENP018896,Seoripul Festival 2016,축제/공연/행사,Festivals/Events/Performances > Festivals,49,KOP018896:한국어|ENP018896:영어|JPP018896:일본어|CNP018896:중국어 간체|TCP018896:중국어 번체,5
ENP019069,The 19th Seoul International Dance Festival (SIDance 2016),축제/공연/행사,Festivals/Events/Performances > Festivals,49,KOP019069:한국어|ENP019069:영어|JPP019069:일본어|CNP019069:중국어 간체|TCP019069:중국어 번체,5
ENP019041,Five Nobleman&#039;s Harvest Feast,축제/공연/행사,Festivals/Events/Performances > Festivals,49,KOP019041:한국어|ENP019041:영어|JPP019041:일본어|CNP019041:중국어 간체|TCP019041:중국어 번체,5
ENP019019,Chuseok the Great Holiday with a Bright Moon Festival 2016,축제/공연/행사,Festivals/Events/Performances > Festivals,49,KOP019019:한국어|ENP019019:영어|JPP019019:일본어|CNP019019:중국어 간체|TCP019019:중국어 번체,5
ENP018933,7th Korea International Wind Band Festival,축제/공연/행사,Festivals/Events/Performances > Festivals,49,KOP018933:한국어|ENP018933:영어|JPP018933:일본어|CNP018933:중국어 간체|TCP018933:중국어 번체,5
ENP018997,Han River Bridge Festival 2016,축제/공연/행사,Festivals/Events/Performances > Festivals,49,KOP018997:한국어|ENP018997:영어|JPP018997:일본어|CNP018997:중국어 간체|TCP018997:중국어 번체,5
ENP018993,Time Travelers in Seoul 2016 : Postman&#039;s Proposal,축제/공연/행사,Festivals/Events/Performances > Festivals,49,KOP018993:한국어|ENP018993:영어|JPP018993:일본어|CNP018993:중국어 간체|TCP018993:중국어 번체,5
ENP018879,Seoul Street Arts Festival 2016,축제/공연/행사,Festivals/Events/Performances > Festivals,49,KOP018879:한국어|ENP018879:영어|JPP018879:일본어|CNP018879:중국어 간체|TCP018879:중국어 번체,5
ENP018726,Bukchon Music Festival 2016,축제/공연/행사,Festivals/Events/Performances > Festivals,49,KOP018726:한국어|ENP018726:영어|JPP018726:일본어|CNP018726:중국어 간체|TCP018726:중국어 번체,5
ENP018725,Seoul Culture Night 2016,축제/공연/행사,Festivals/Events/Performances > Festivals,49,KOP018725:한국어|ENP018725:영어|JPP018725:일본어|CNP018725:중국어 간체|TCP018725:중국어 번체,5
ENP018667,Seoul Book Festival 2016,축제/공연/행사,Festivals/Events/Performances > Festivals,49,KOP018667:한국어|ENP018667:영어|JPP018667:일본어|CNP018667:중국어 간체|TCP018667:중국어 번체,5
ENP018779,Christmas in Summer Night Festival at Seoul Grand Park Zoo,축제/공연/행사,Festivals/Events/Performances > Festivals,49,KOP018779:한국어|ENP018779:영어|JPP018779:일본어|CNP018779:중국어 간체|TCP018779:중국어 번체,5
ENP018778,4th Seoul Tourism Souvenir Contest,축제/공연/행사,Festivals/Events/Performances > Festivals,49,KOP018778:한국어|ENP018778:영어|JPP018778:일본어|CNP018778:중국어 간체|TCP018778:중국어 번체,5
ENP018583,Hangang Fire Festival - Ra Fire 2016,축제/공연/행사,Festivals/Events/Performances > Festivals,49,KOP018583:한국어|ENP018583:영어|JPP018583:일본어|CNP018583:중국어 간체|TCP018583:중국어 번체,5
ENP018657,4th Seoul Dessert Fair,축제/공연/행사,Festivals/Events/Performances > Festivals,49,KOP018657:한국어|ENP018657:영어|JPP018657:일본어|CNP018657:중국어 간체|TCP018657:중국어 번체,5
ENP018582,Hangang Blanket Movie Festival 2016,축제/공연/행사,Festivals/Events/Performances > Festivals,49,KOP018582:한국어|ENP018582:영어|JPP018582:일본어|CNP018582:중국어 간체|TCP018582:중국어 번체,5
ENP018675,Moonlight Tour at Changdeokgung Palace 2016,축제/공연/행사,Festivals/Events/Performances > Festivals,50,KOP018675:한국어|ENP018675:영어|JPP018675:일본어|CNP018675:중국어 간체|TCP018675:중국어 번체,5
ENP018435,Seoul Soul Festival 2016,축제/공연/행사,Festivals/Events/Performances > Festivals,50,KOP018435:한국어|ENP018435:영어|JPP018435:일본어|CNP018435:중국어 간체|TCP018435:중국어 번체,5
ENP018565,Paik Nam June Show,축제/공연/행사,Festivals/Events/Performances > Festivals,50,KOP018565:한국어|ENP018565:영어|JPP018565:일본어|CNP018565:중국어 간체|TCP018565:중국어 번체,5
ENP018439,Joan Miró Special Exhibition,축제/공연/행사,Festivals/Events/Performances > Festivals,50,KOP018439:한국어|ENP018439:영어|JPP018439:일본어|CNP018439:중국어 간체|TCP018439:중국어 번체,5
ENP018421,Minhwa and Court Paintings of the Joseon Dynasty : Munja-do and Chaekgeori,축제/공연/행사,Festivals/Events/Performances > Festivals,50,KOP018421:한국어|ENP018421:영어|JPP018421:일본어|CNP018421:중국어 간체|TCP018421:중국어 번체,5
ENP018415,Slide the City in Ttukseom Hangang Park,축제/공연/행사,Festivals/Events/Performances > Festivals,50,KOP018415:한국어|ENP018415:영어|JPP018415:일본어|CNP018415:중국어 간체|TCP018415:중국어 번체,5
ENP018233,16th Seoul International NewMedia Festival,축제/공연/행사,Festivals/Events/Performances > Festivals,50,KOP018233:한국어|ENP018233:영어|JPP018233:일본어|TCP018233:중국어 번체,4
ENP018139,Seoul Fringe Festival 2016,축제/공연/행사,Festivals/Events/Performances > Festivals,50,KOP018139:한국어|ENP018139:영어|JPP018139:일본어|CNP018139:중국어 간체|TCP018139:중국어 번체,5
ENP018046,ASYAAF &amp; Hidden Artists Festival 2016,축제/공연/행사,Festivals/Events/Performances > Festivals,50,KOP018046:한국어|ENP018046:영어|JPP018046:일본어|CNP018046:중국어 간체|TCP018046:중국어 번체,5
ENP017915,Sinchon Wake Up City Festa 2016,축제/공연/행사,Festivals/Events/Performances > Festivals,50,KOP017915:한국어|ENP017915:영어|JPP017915:일본어|CNP017915:중국어 간체|TCP017915:중국어 번체,5
ENP017486,Culture and Art at Seoul Plaza 2016,축제/공연/행사,Festivals/Events/Performances > Festivals,50,KOP017486:한국어|ENP017486:영어|JPP017486:일본어|CNP017486:중국어 간체|TCP017486:중국어 번체,5
ENP017597,Hangang Summer Festival 2016,축제/공연/행사,Festivals/Events/Performances > Festivals,50,KOP017597:한국어|ENP017597:영어|JPP017597:일본어|CNP017597:중국어 간체|TCP017597:중국어 번체,5
ENP017266,20th Seoul International Cartoon &amp; Animation Festival,축제/공연/행사,Festivals/Events/Performances > Festivals,50,KOP017266:한국어|ENP017266:영어|JPP017266:일본어|CNP017266:중국어 간체|TCP017266:중국어 번체,5
ENP017279,Han River&#039;s Outdoor Pools Open,축제/공연/행사,Festivals/Events/Performances > Festivals,50,KOP017279:한국어|ENP017279:영어|JPP017279:일본어|CNP017279:중국어 간체|TCP017279:중국어 번체,5
ENP017151,Seoul Summer Sale 2016,축제/공연/행사,Festivals/Events/Performances > Festivals,50,KOP017151:한국어|ENP017151:영어|JPP017151:일본어|CNP017151:중국어 간체|TCP017151:중국어 번체,5
ENP017105,100th Anniversary of the Birth of Lee Jung-Seob,축제/공연/행사,Festivals/Events/Performances > Festivals,50,KOP017105:한국어|ENP017105:영어|JPP017105:일본어|CNP017105:중국어 간체|TCP017105:중국어 번체,5
ENP017078,Anthony Browne Exhibition,축제/공연/행사,Festivals/Events/Performances > Festivals,50,KOP017078:한국어|ENP017078:영어|JPP017078:일본어|CNP017078:중국어 간체|TCP017078:중국어 번체,5
ENP017071,Dano Festivities 2016,축제/공연/행사,Festivals/Events/Performances > Festivals,50,KOP017071:한국어|ENP017071:영어|JPP017071:일본어|CNP017071:중국어 간체|TCP017071:중국어 번체,5
ENP017067,Deoksugung Palace&#039;s Media Facade at Seokjojeon Hall,축제/공연/행사,Festivals/Events/Performances > Festivals,50,KOP017067:한국어|ENP017067:영어|JPP017067:일본어|CNP017067:중국어 간체|TCP017067:중국어 번체,5
ENP016951,24th ASSITEJ Korea International Summer Festival,축제/공연/행사,Festivals/Events/Performances > Festivals,50,KOP016951:한국어|ENP016951:영어|JPP016951:일본어|CNP016951:중국어 간체|TCP016951:중국어 번체,5
ENP017058,Latin American Festival 2016,축제/공연/행사,Festivals/Events/Performances > Festivals,51,KOP017058:한국어|ENP017058:영어|JPP017058:일본어|CNP017058:중국어 간체|TCP017058:중국어 번체,5
ENP017049,Choi Seung-hee Photo Exhibition,축제/공연/행사,Festivals/Events/Performances > Festivals,51,KOP017049:한국어|ENP017049:영어|JPP017049:일본어|CNP017049:중국어 간체|TCP017049:중국어 번체,5
ENP017050,Kansong Munhwa Exhibition Part 6 : Landscape Portraits,축제/공연/행사,Festivals/Events/Performances > Festivals,51,KOP017050:한국어|ENP017050:영어|JPP017050:일본어|CNP017050:중국어 간체|TCP017050:중국어 번체,5
ENP000858,The Great Rite of Sajik Daeje,축제/공연/행사,Festivals/Events/Performances,51,KOP000858:한국어|ENP000858:영어|JPP000858:일본어|CNP000858:중국어 간체|TCP000858:중국어 번체,5
ENP017024,Seoul Grand Park Rose Festival,축제/공연/행사,Festivals/Events/Performances > Festivals,51,KOP017024:한국어|ENP017024:영어|JPP017024:일본어|CNP017024:중국어 간체|TCP017024:중국어 번체,5
ENP016985,Daehangno Street Performance Festival 2016,축제/공연/행사,Festivals/Events/Performances > Festivals,51,KOP016985:한국어|ENP016985:영어|JPP016985:일본어|CNP016985:중국어 간체|TCP016985:중국어 번체,5
ENP016938,Jeong-dong Culture Night 2016,축제/공연/행사,Festivals/Events/Performances > Festivals,51,KOP016938:한국어|ENP016938:영어|JPP016938:일본어|CNP016938:중국어 간체|TCP016938:중국어 번체,5
ENP016952,Experience Traditional Korean Liquor and Cuisine,축제/공연/행사,Festivals/Events/Performances > Festivals,51,KOP016952:한국어|ENP016952:영어|JPP016952:일본어|CNP016952:중국어 간체|TCP016952:중국어 번체,5
ENP016916,[Project 284] Peach Blossom: Hopeful Flower of Utopia,축제/공연/행사,Festivals/Events/Performances > Festivals,51,KOP016916:한국어|ENP016916:영어|JPP016916:일본어|CNP016916:중국어 간체|TCP016916:중국어 번체,5
ENP016928,2016 Seoul Drum Festival,축제/공연/행사,Festivals/Events/Performances > Festivals,51,KOP016928:한국어|ENP016928:영어|JPP016928:일본어|CNP016928:중국어 간체|TCP016928:중국어 번체,5
ENP016900,Sejong Art Market SoSo,축제/공연/행사,Festivals/Events/Performances > Festivals,51,KOP016900:한국어|ENP016900:영어|JPP016900:일본어|CNP016900:중국어 간체|TCP016900:중국어 번체,5
ENP015188,Namsangol Hanok Village&#039;s Taekwondo Performances,축제/공연/행사,Festivals/Events/Performances > Festivals,51,KOP015188:한국어|ENP015188:영어|CNP015188:중국어 간체|TCP015188:중국어 번체,4
ENP016876,Children&#039;s Day Celebrations May 5th,축제/공연/행사,Festivals/Events/Performances > Festivals,51,KOP016876:한국어|ENP016876:영어|JPP016876:일본어|CNP016876:중국어 간체|TCP016876:중국어 번체,5
ENP016865,DreamWorks Animation Special Exhibition,축제/공연/행사,Festivals/Events/Performances > Festivals,51,KOP016865:한국어|ENP016865:영어|JPP016865:일본어|CNP016865:중국어 간체|TCP016865:중국어 번체,5
ENP016850,C-Festival 2016,축제/공연/행사,Festivals/Events/Performances > Festivals,51,KOP016850:한국어|ENP016850:영어|JPP016850:일본어|CNP016850:중국어 간체|TCP016850:중국어 번체,5
ENP016818,SeMA and Palais de Tokyo&#039;s Urban Legends,축제/공연/행사,Festivals/Events/Performances > Festivals,51,KOP016818:한국어|ENP016818:영어|JPP016818:일본어|CNP016818:중국어 간체|TCP016818:중국어 번체,5
ENP016789,Gwanghwamun International Art Festival 2016,축제/공연/행사,Festivals/Events/Performances > Festivals,51,KOP016789:한국어|ENP016789:영어|JPP016789:일본어|CNP016789:중국어 간체|TCP016789:중국어 번체,5
ENP016661,Royal Wedding Ceremony of King Gojong and Empress Myeongseong,축제/공연/행사,Festivals/Events/Performances > Festivals,51,KOP016661:한국어|ENP016661:영어|JPP016661:일본어|CNP016661:중국어 간체|TCP016661:중국어 번체,5
ENP016786,Herb Ritts Work : Photography Exhibition,축제/공연/행사,Festivals/Events/Performances > Festivals,51,KOP016786:한국어|ENP016786:영어|JPP016786:일본어|CNP016786:중국어 간체|TCP016786:중국어 번체,5
ENP016715,Seoul Rose Festival 2016,축제/공연/행사,Festivals/Events/Performances > Festivals,51,KOP016715:한국어|ENP016715:영어|JPP016715:일본어|CNP016715:중국어 간체|TCP016715:중국어 번체,5
ENP016701,LetsRun Park Seoul Cherry Blossom Night Festival,축제/공연/행사,Festivals/Events/Performances > Festivals,52,KOP016701:한국어|ENP016701:영어|JPP016701:일본어|CNP016701:중국어 간체,4
ENP016691,Deoksugung Palace Spring Concert Series,축제/공연/행사,Festivals/Events/Performances > Festivals,52,KOP016691:한국어|ENP016691:영어|JPP016691:일본어|CNP016691:중국어 간체|TCP016691:중국어 번체,5
ENP016620,Hangang Park&#039;s Cultural Program : April 2016,축제/공연/행사,Festivals/Events/Performances > Festivals,52,KOP016620:한국어|ENP016620:영어|JPP016620:일본어|CNP016620:중국어 간체|TCP016620:중국어 번체,5
ENP016637,Seoul Grand Park Cherry Blossom Festival,축제/공연/행사,Festivals/Events/Performances > Festivals,52,KOP016637:한국어|ENP016637:영어|JPP016637:일본어|CNP016637:중국어 간체|TCP016637:중국어 번체,5
ENP016630,Museum Night,축제/공연/행사,Festivals/Events/Performances > Festivals,52,KOP016630:한국어|ENP016630:영어|JPP016630:일본어|CNP016630:중국어 간체|TCP016630:중국어 번체,5
ENP016618,Seoul Elegy : Photography Exhibition,축제/공연/행사,Festivals/Events/Performances > Festivals,52,KOP016618:한국어|ENP016618:영어|JPP016618:일본어|CNP016618:중국어 간체|TCP016618:중국어 번체,5
ENP016613,Seoul Bamdokkaebi Night Market 2016,축제/공연/행사,Festivals/Events/Performances > Festivals,52,KOP016613:한국어|ENP016613:영어|JPP016613:일본어|CNP016613:중국어 간체|TCP016613:중국어 번체,5
ENP016579,Jean Paul Gaultier Exhibition,축제/공연/행사,Festivals/Events/Performances > Festivals,52,KOP016579:한국어|ENP016579:영어|JPP016579:일본어|CNP016579:중국어 간체|TCP016579:중국어 번체,5
ENP016496,Seokchon Lake Cherry Blossom Festival,축제/공연/행사,Festivals/Events/Performances > Festivals,52,KOP016496:한국어|ENP016496:영어|JPP016496:일본어|CNP016496:중국어 간체|TCP016496:중국어 번체,5
ENP016493,"Ancient Tombs, Memories of Seoul",축제/공연/행사,Festivals/Events/Performances > Festivals,52,KOP016493:한국어|ENP016493:영어|JPP016493:일본어|CNP016493:중국어 간체|TCP016493:중국어 번체,5
ENP016491,The 18 Sparkling Bridges of the Han River,축제/공연/행사,Festivals/Events/Performances > Festivals,52,KOP016491:한국어|ENP016491:영어|JPP016491:일본어|CNP016491:중국어 간체|TCP016491:중국어 번체,5
ENP016474,Yeongdeungpo Yeouido Spring Flower Festival 2016,축제/공연/행사,Festivals/Events/Performances > Festivals,52,KOP016474:한국어|ENP016474:영어|JPP016474:일본어|CNP016474:중국어 간체|TCP016474:중국어 번체,5
ENP016388,Hera Seoul Fashion Week 2016,축제/공연/행사,Festivals/Events/Performances > Festivals,52,KOP016388:한국어|ENP016388:영어|JPP016388:일본어|CNP016388:중국어 간체|TCP016388:중국어 번체,5
ENP016343,Namsangol Hanok Village&#039;s Tea Ceremony Program,축제/공연/행사,Festivals/Events/Performances > Festivals,52,KOP016343:한국어|ENP016343:영어|JPP016343:일본어|CNP016343:중국어 간체|TCP016343:중국어 번체,5
ENP015385,2016 St. Patrick&#039;s Day Celebrations,축제/공연/행사,Festivals/Events/Performances > Festivals,52,KOP015385:한국어|ENP015385:영어|JPP015385:일본어|CNP015385:중국어 간체|TCP015385:중국어 번체,5
ENP015390,Hangang Summer Festival 2015,축제/공연/행사,Festivals/Events/Performances > Festivals,52,KOP015390:한국어|ENP015390:영어|JPP015390:일본어|CNP015390:중국어 간체|TCP015390:중국어 번체,5
ENP015337,Lunar New Year&#039;s First Full Moon,축제/공연/행사,Festivals/Events/Performances > Festivals,52,KOP015337:한국어|ENP015337:영어|JPP015337:일본어|CNP015337:중국어 간체|TCP015337:중국어 번체,5
ENP015316,2016 SeMA Blue &lt;Seoul Babel&gt;,축제/공연/행사,Festivals/Events/Performances > Festivals,52,KOP015316:한국어|ENP015316:영어|JPP015316:일본어|CNP015316:중국어 간체|TCP015316:중국어 번체,5
ENP015236,2016 Korea Grand Sale,축제/공연/행사,Festivals/Events/Performances > Festivals,52,KOP015236:한국어|ENP015236:영어|JPP015236:일본어|CNP015236:중국어 간체|TCP015236:중국어 번체,5
ENP005374,2016 Hanok Expo,축제/공연/행사,Festivals/Events/Performances > Festivals,52,KOP005374:한국어|ENP005374:영어|JPP005374:일본어|CNP005374:중국어 간체|TCP005374:중국어 번체,5
ENP001125,Monet&#039;s Impressionism Exhibition,축제/공연/행사,Festivals/Events/Performances > Festivals,53,KOP001125:한국어|ENP001125:영어|JPP001125:일본어|CNP001125:중국어 간체|TCP001125:중국어 번체,5
ENP001025,Vincent Van Gogh Inside: Festival of Light and Music,축제/공연/행사,Festivals/Events/Performances > Festivals,53,KOP001025:한국어|ENP001025:영어|JPP001025:일본어|TCP001025:중국어 번체,4
ENP000809,Jongmyo Royal Ancestral Ritual and Royal Procession,축제/공연/행사,Festivals/Events/Performances > Festivals,53,KOP000809:한국어|ENP000809:영어|JPP000809:일본어|CNP000809:중국어 간체|TCP000809:중국어 번체,5
ENP000785,Seoul Open Week,축제/공연/행사,Festivals/Events/Performances > Festivals,53,KOP000785:한국어|ENP000785:영어|JPP000785:일본어|CNP000785:중국어 간체|TCP000785:중국어 번체,5
ENP000730,Seoul Summer Sale!,축제/공연/행사,Festivals/Events/Performances > Festivals,53,KOP000730:한국어|ENP000730:영어|JPP000730:일본어|CNP000730:중국어 간체|TCP000730:중국어 번체,5
ENP000599,Seoul Design Week,축제/공연/행사,Festivals/Events/Performances > Festivals,53,KOP000599:한국어|ENP000599:영어|CNP000599:중국어 간체|TCP000599:중국어 번체,4
ENP000598,Seoul Photo Festival,축제/공연/행사,Festivals/Events/Performances > Festivals,53,KOP000598:한국어|ENP000598:영어,2
ENP000593,Euljiro Lightway,축제/공연/행사,Festivals/Events/Performances > Festivals,53,KOP000593:한국어|ENP000593:영어|CNP000593:중국어 간체|TCP000593:중국어 번체,4
ENP000587,The 3rd Korea International Photo Festival,축제/공연/행사,Festivals/Events/Performances > Festivals,53,KOP000587:한국어|ENP000587:영어,2
ENP000581,Kukkiwon Taekwondo Demonstration,축제/공연/행사,Festivals/Events/Performances > Festivals,53,KOP000581:한국어|ENP000581:영어|JPP000581:일본어|CNP000581:중국어 간체|TCP000581:중국어 번체,5
ENP000571,SBS Awards Festival,축제/공연/행사,Festivals/Events/Performances > Festivals,53,KOP000571:한국어|ENP000571:영어,2
ENP000540,DDP LED Rose Garden,축제/공연/행사,Festivals/Events/Performances > Events > Other > Events,53,KOP000540:한국어|ENP000540:영어|JPP000540:일본어|CNP000540:중국어 간체|TCP000540:중국어 번체,5
ENP000530,Alessandro Mendini Exhibition - The Poetry of Design,축제/공연/행사,Festivals/Events/Performances > Festivals,53,KOP000530:한국어|ENP000530:영어|JPP000530:일본어|CNP000530:중국어 간체|TCP000530:중국어 번체,5
ENP000523,Kansong Munhwa Exhibition Part 5 : Flowers &amp; Feathers,축제/공연/행사,Festivals/Events/Performances > Festivals,53,KOP000523:한국어|ENP000523:영어|JPP000523:일본어|TCP000523:중국어 번체,4
ENP000436,A Journey to the Modern Seoul City Wall,축제/공연/행사,Festivals/Events/Performances > Festivals,53,KOP000436:한국어|ENP000436:영어,2
ENP000431,Paik Nam June Groove Exhibition,축제/공연/행사,Festivals/Events/Performances > Festivals,53,KOP000431:한국어|ENP000431:영어|JPP000431:일본어|CNP000431:중국어 간체|TCP000431:중국어 번체,5
ENP000415,Stanley Kubrick Exhibition,축제/공연/행사,Festivals/Events/Performances > Festivals,53,KOP000415:한국어|ENP000415:영어|JPP000415:일본어|CNP000415:중국어 간체|TCP000415:중국어 번체,5
ENP000382,"2016 Ttukseom, Yeouido Hangang Park Sledding",축제/공연/행사,Festivals/Events/Performances > Festivals,53,KOP000382:한국어|ENP000382:영어|JPP000382:일본어|CNP000382:중국어 간체|TCP000382:중국어 번체,5
ENP000119,Yeon Deung Hoe(Lotus Lantern Festival),축제/공연/행사,Festivals/Events/Performances > Festivals,53,KOP000119:한국어|ENP000119:영어|JPP000119:일본어|CNP000119:중국어 간체|TCP000119:중국어 번체,5
ENP000038,Hi Seoul Festival,축제/공연/행사,Festivals/Events/Performances > Festivals,53,KOP000038:한국어|ENP000038:영어|JPP000038:일본어|CNP000038:중국어 간체|TCP000038:중국어 번체,5
ENP000031,Yeongdeungpo Yeouido Spring Flower Festival,축제/공연/행사,Festivals/Events/Performances > Festivals,54,KOP000031:한국어|ENP000031:영어|JPP000031:일본어|CNP000031:중국어 간체|TCP000031:중국어 번체,5
ENP000005,The 12th Seoul Assitej Winter Festival,축제/공연/행사,Festivals/Events/Performances > Festivals,54,KOP000005:한국어|ENP000005:영어|JPP000005:일본어|CNP000005:중국어 간체|TCP000005:중국어 번체,5
ENP000003,2016 Seoul Plaza Ice Skating Rink,축제/공연/행사,Festivals/Events/Performances > Festivals,54,KOP000003:한국어|ENP000003:영어|JPP000003:일본어|CNP000003:중국어 간체|TCP000003:중국어 번체,5
ENP009370,European Christmas Market,축제/공연/행사,Festivals/Events/Performances > Festivals,54,ENP009370:영어|JPP009370:일본어,2
ENP009328,Itaewon Global Village Festival,축제/공연/행사,Festivals/Events/Performances > Festivals,54,ENP009328:영어|JPP009328:일본어|CNP009328:중국어 간체|TCP009328:중국어 번체,4
ENP009288,Seoul Grand Park Fall Festival,축제/공연/행사,Festivals/Events/Performances > Festivals,54,KOP009288:한국어|ENP009288:영어|JPP009288:일본어|CNP009288:중국어 간체|TCP009288:중국어 번체,5
ENP009221,Herb Medicine Culture Festival,축제/공연/행사,Festivals/Events/Performances > Festivals,54,KOP009221:한국어|ENP009221:영어|JPP009221:일본어|CNP009221:중국어 간체|TCP009221:중국어 번체,5
ENP009141,Seoul Bazaar Festival,축제/공연/행사,Festivals/Events/Performances > Festivals,54,KOP009141:한국어|ENP009141:영어|JPP009141:일본어|CNP009141:중국어 간체|TCP009141:중국어 번체,5
ENP009384,Flower Artshow,축제/공연/행사,Festivals/Events/Performances > Festivals,54,KOP009384:한국어|ENP009384:영어|JPP009384:일본어|CNP009384:중국어 간체|TCP009384:중국어 번체,5
ENP009100,Gangnam Festival,축제/공연/행사,Festivals/Events/Performances > Festivals,54,KOP009100:한국어|ENP009100:영어|JPP009100:일본어|CNP009100:중국어 간체|TCP009100:중국어 번체,5
ENP009081,Seoul Bamdokkaebi Night Market 2015,축제/공연/행사,Festivals/Events/Performances > Festivals,54,ENP009081:영어|JPP009081:일본어|CNP009081:중국어 간체|TCP009081:중국어 번체,4
ENP009352,One-Asia Seoul Mega Concert,축제/공연/행사,Festivals/Events/Performances > Festivals,54,KOP009352:한국어|ENP009352:영어|JPP009352:일본어|CNP009352:중국어 간체|TCP009352:중국어 번체,5
ENP009318,Agricultural Marketplace Festival,축제/공연/행사,Festivals/Events/Performances > Festivals,54,KOP009318:한국어|ENP009318:영어|JPP009318:일본어|CNP009318:중국어 간체|TCP009318:중국어 번체,5
ENP009278,Lee Young Hee Hanbok Exhibition,축제/공연/행사,Festivals/Events/Performances > Festivals,54,KOP009278:한국어|ENP009278:영어|JPP009278:일본어|CNP009278:중국어 간체|TCP009278:중국어 번체,5
ENP009259,Seocho Seoriful Festival,축제/공연/행사,Festivals/Events/Performances > Festivals,54,KOP009259:한국어|ENP009259:영어|JPP009259:일본어|CNP009259:중국어 간체|TCP009259:중국어 번체,5
ENP009245,Bukchon Music Festival,축제/공연/행사,Festivals/Events/Performances > Festivals,54,KOP009245:한국어|ENP009245:영어|JPP009245:일본어|CNP009245:중국어 간체|TCP009245:중국어 번체,5
ENP009235,Seoul Drama Awards,축제/공연/행사,Festivals/Events/Performances > Festivals,54,KOP009235:한국어|ENP009235:영어|JPP009235:일본어|CNP009235:중국어 간체|TCP009235:중국어 번체,5
ENP009186,Culture and Art at Seoul Plaza,축제/공연/행사,Festivals/Events/Performances > Festivals,54,KOP009186:한국어|ENP009186:영어|JPP009186:일본어|CNP009186:중국어 간체|TCP009186:중국어 번체,5
ENP009210,Yeongyang Pepper Hot Festival,축제/공연/행사,Festivals/Events/Performances > Festivals,54,KOP009210:한국어|ENP009210:영어|JPP009210:일본어|CNP009210:중국어 간체|TCP009210:중국어 번체,5
ENP009160,The 10th Yukuijeon Festival,축제/공연/행사,Festivals/Events/Performances > Festivals,54,KOP009160:한국어|ENP009160:영어|JPP009160:일본어|CNP009160:중국어 간체|TCP009160:중국어 번체,5
ENP009110,Five Nobleman&#039;s Harvest Feast,축제/공연/행사,Festivals/Events/Performances > Festivals,55,KOP009110:한국어|ENP009110:영어|JPP009110:일본어|CNP009110:중국어 간체|TCP009110:중국어 번체,5
ENP009095,Korea Grand Sale,축제/공연/행사,Festivals/Events/Performances > Festivals,55,KOP009095:한국어|ENP009095:영어|JPP009095:일본어|CNP009095:중국어 간체|TCP009095:중국어 번체,5
ENP009201,Polish Art: An Enduring Spirit,축제/공연/행사,Festivals/Events/Performances > Festivals,55,KOP009201:한국어|ENP009201:영어|JPP009201:일본어,3
ENP009086,Marronier Summer Festival,축제/공연/행사,Festivals/Events/Performances > Festivals,55,KOP009086:한국어|ENP009086:영어|CNP009086:중국어 간체|TCP009086:중국어 번체,4
ENP009293,Seoul Grand Park Starry Night Festival,축제/공연/행사,Festivals/Events/Performances > Festivals,55,KOP009293:한국어|ENP009293:영어|JPP009293:일본어|CNP009293:중국어 간체|TCP009293:중국어 번체,5
ENP009250,Incheon International Airport Presents: Fantastic Summer Concert,축제/공연/행사,Festivals/Events/Performances > Festivals,55,KOP009250:한국어|ENP009250:영어|CNP009250:중국어 간체|TCP009250:중국어 번체,4
ENP009216,"Appearance in NEPAL - Thank you, Nepal!",축제/공연/행사,Festivals/Events/Performances > Festivals,55,KOP009216:한국어|ENP009216:영어|JPP009216:일본어|CNP009216:중국어 간체|TCP009216:중국어 번체,5
ENP009130,Andy Warhol LIVE,축제/공연/행사,Festivals/Events/Performances > Festivals,55,KOP009130:한국어|ENP009130:영어|JPP009130:일본어|CNP009130:중국어 간체|TCP009130:중국어 번체,5
ENP008321,Seoul Ani-Cinema,축제/공연/행사,Festivals/Events/Performances > Festivals,55,KOP008321:한국어|ENP008321:영어|JPP008321:일본어|CNP008321:중국어 간체,4
ENP009105,Beautiful Sharing_ The Treasures in Hanseong,축제/공연/행사,Festivals/Events/Performances > Festivals,55,KOP009105:한국어|ENP009105:영어|JPP009105:일본어|CNP009105:중국어 간체,4
ENP009010,Kansong Munhwa- the Scent of a Scholar,축제/공연/행사,Festivals/Events/Performances > Festivals,55,KOP009010:한국어|ENP009010:영어|JPP009010:일본어|CNP009010:중국어 간체|TCP009010:중국어 번체,5
ENP008966,July Events at the Hangang (River),축제/공연/행사,Festivals/Events/Performances > Festivals,55,KOP008966:한국어|ENP008966:영어|JPP008966:일본어|CNP008966:중국어 간체|TCP008966:중국어 번체,5
ENP008811,Print Collection - Reflecting the Times,축제/공연/행사,Festivals/Events/Performances > Festivals,55,KOP008811:한국어|ENP008811:영어|JPP008811:일본어|CNP008811:중국어 간체|TCP008811:중국어 번체,5
ENP008572,Frida Kahlo Exhibition,축제/공연/행사,Festivals/Events/Performances > Festivals,55,KOP008572:한국어|ENP008572:영어|JPP008572:일본어|CNP008572:중국어 간체|TCP008572:중국어 번체,5
ENP008641,Esprit Dior - Dior Spirit,축제/공연/행사,Festivals/Events/Performances > Festivals,55,KOP008641:한국어|ENP008641:영어|JPP008641:일본어|CNP008641:중국어 간체|TCP008641:중국어 번체,5
ENP008692,Cuban Culture and Arts Festival,축제/공연/행사,Festivals/Events/Performances > Festivals,55,KOP008692:한국어|ENP008692:영어|JPP008692:일본어|CNP008692:중국어 간체|TCP008692:중국어 번체,5
ENP008751,Hangang Summer Festival,축제/공연/행사,Festivals/Events/Performances > Festivals,55,ENP008751:영어|JPP008751:일본어|CNP008751:중국어 간체,3
ENP007952,Peace Minus One,축제/공연/행사,Festivals/Events/Performances > Festivals,55,KOP007952:한국어|ENP007952:영어|JPP007952:일본어|CNP007952:중국어 간체|TCP007952:중국어 번체,5
ENP009470,Cultural Fun at Bukchon Hanok Village!,축제/공연/행사,Festivals/Events/Performances > Festivals,55,KOP009470:한국어|ENP009470:영어|JPP009470:일본어|CNP009470:중국어 간체|TCP009470:중국어 번체,5
ENP009445,Lets Run Traditional Horse Show,축제/공연/행사,Festivals/Events/Performances > Festivals,55,KOP009445:한국어|ENP009445:영어|JPP009445:일본어|CNP009445:중국어 간체|TCP009445:중국어 번체,5
ENP008829,Seoul Temple Stay Week,축제/공연/행사,Festivals/Events/Performances > Festivals,56,KOP008829:한국어|ENP008829:영어|JPP008829:일본어|CNP008829:중국어 간체|TCP008829:중국어 번체,5
ENP008783,LetsRun Park Cherry-Blossom Night Festival,축제/공연/행사,Festivals/Events/Performances > Festivals,56,KOP008783:한국어|ENP008783:영어|JPP008783:일본어|CNP008783:중국어 간체|TCP008783:중국어 번체,5
ENP008744,Seoul Grand Park Flower Festival,축제/공연/행사,Festivals/Events/Performances > Festivals,56,KOP008744:한국어|ENP008744:영어|JPP008744:일본어|CNP008744:중국어 간체|TCP008744:중국어 번체,5
ENP009044,Ttukseom Hangang Park Snow Sledding,축제/공연/행사,Festivals/Events/Performances > Festivals,56,KOP009044:한국어|ENP009044:영어|CNP009044:중국어 간체|TCP009044:중국어 번체,4
ENP008931,Run@SeoulWeek,축제/공연/행사,Festivals/Events/Performances > Festivals,56,ENP008931:영어,1
ENP008898,Seoul Kimchi Making &amp; Sharing Festival,축제/공연/행사,Festivals/Events/Performances > Festivals,56,KOP008898:한국어|ENP008898:영어|JPP008898:일본어|CNP008898:중국어 간체|TCP008898:중국어 번체,5
ENP008897,Seoul Independent Film Festival 2014,축제/공연/행사,Festivals/Events/Performances > Festivals,56,ENP008897:영어,1
ENP008385,Seoul Metro Stamp Tour,축제/공연/행사,Festivals/Events/Performances > Festivals,56,ENP008385:영어|JPP008385:일본어|CNP008385:중국어 간체|TCP008385:중국어 번체,4
ENP007907,Seoul Open Week,축제/공연/행사,Festivals/Events/Performances > Festivals,56,KOP007907:한국어|ENP007907:영어|CNP007907:중국어 간체|TCP007907:중국어 번체,4
ENP009015,Seoul Fringe Festival,축제/공연/행사,Festivals/Events/Performances > Festivals,56,ENP009015:영어|JPP009015:일본어|CNP009015:중국어 간체,3
ENP009033,Marronnier Summer Festival,축제/공연/행사,Festivals/Events/Performances > Festivals,56,KOP009033:한국어|ENP009033:영어,2
ENP009500,&#034;My Love from the Stars&#034; Exhibition,축제/공연/행사,Festivals/Events/Performances > Festivals,56,KOP009500:한국어|ENP009500:영어|JPP009500:일본어|CNP009500:중국어 간체|TCP009500:중국어 번체,5
ENP008859,Seoul Gugak Festival,축제/공연/행사,Festivals/Events/Performances > Festivals,56,KOP008859:한국어|ENP008859:영어|JPP008859:일본어|CNP008859:중국어 간체|TCP008859:중국어 번체,5
ENP008762,Dano Festival,축제/공연/행사,Festivals/Events/Performances > Festivals,56,KOP008762:한국어|ENP008762:영어|JPP008762:일본어,3
ENP008629,Welcome Week,축제/공연/행사,Festivals/Events/Performances > Events > Other > Events,56,ENP008629:영어|JPP008629:일본어|TCP008629:중국어 번체,3
ENP008598,Gwanghwamun International Art Festival,축제/공연/행사,Festivals/Events/Performances > Festivals,56,ENP008598:영어,1
ENP008444,The GREAT Campaign,축제/공연/행사,Festivals/Events/Performances > Festivals,56,KOP008444:한국어|ENP008444:영어,2
ENP008392,Culture Day - Last Weds of Every Month,축제/공연/행사,Festivals/Events/Performances > Festivals,56,KOP008392:한국어|ENP008392:영어|JPP008392:일본어|CNP008392:중국어 간체|TCP008392:중국어 번체,5
ENP009035,Music at the Royal Palace,축제/공연/행사,Festivals/Events/Performances > Festivals,56,ENP009035:영어|TCP009035:중국어 번체,2
ENP008836,Seoul International Fireworks Festival,축제/공연/행사,Festivals/Events/Performances > Festivals,56,ENP008836:영어|JPP008836:일본어|CNP008836:중국어 간체|TCP008836:중국어 번체,4
ENP008235,Unhyeongung Palace Royal Costume Experience,축제/공연/행사,Festivals/Events/Performances > Festivals,57,KOP008235:한국어|ENP008235:영어|JPP008235:일본어|CNP008235:중국어 간체|TCP008235:중국어 번체|RUP008235:러시아어,6
ENP014513,Cheonha,축제/공연/행사,Festivals/Events/Performances > Festivals,57,ENP014513:영어|CNP014513:중국어 간체,2
ENP013812,Mi Madre,축제/공연/행사,Festivals/Events/Performances > Festivals,57,ENP013812:영어|CNP013812:중국어 간체,2
ENP008256,Changing of the Royal Guard at Gyeongbokgung Palace,축제/공연/행사,Festivals/Events/Performances,57,KOP008256:한국어|ENP008256:영어|JPP008256:일본어|CNP008256:중국어 간체|RUP008256:러시아어,5
ENP008010,Namsan Beacon Mound Lighting Ceremony,축제/공연/행사,Festivals/Events/Performances,57,KOP008010:한국어|ENP008010:영어|JPP008010:일본어|CNP008010:중국어 간체|TCP008010:중국어 번체,5
ENP008609,Changing of the Royal Guard at Deoksugung Palace,축제/공연/행사,Festivals/Events/Performances > Festivals,57,KOP008609:한국어|ENP008609:영어|JPP008609:일본어|CNP008609:중국어 간체|TCP008609:중국어 번체,5
ENP008705,Traditional Performances at Namsan Beacon Mound,축제/공연/행사,Festivals/Events/Performances,57,KOP008705:한국어|ENP008705:영어|JPP008705:일본어|CNP008705:중국어 간체|TCP008705:중국어 번체,5
ENP003487,Basak,축제/공연/행사,Festivals/Events/Performances > Festivals,57,ENP003487:영어|CNP003487:중국어 간체,2
