cid,title,cat,cat_path,page,langs,n_langs
KOPx8qi2o,2026 타이틀 매치 《오인환 vs. 장서영: 휴먼 에러》,문화관광,문화관광 > 전시시설,1,KOPx8qi2o:한국어|ENPx8qi2o:영어|JPPx8qi2o:일본어|CNPx8qi2o:중국어 간체|TCPx8qi2o:중국어 번체,5
KOPzmxljt,"자연을 사랑한 화가들 - 김원, 유영국, 이인성, 이중섭, 임직순",문화관광,문화관광 > 전시시설,1,KOPzmxljt:한국어|ENPzmxljt:영어|JPPzmxljt:일본어|CNPzmxljt:중국어 간체|TCPzmxljt:중국어 번체|RUPzmxljt:러시아어,6
KOPqkbvqx,LALARECIPE × MeME : Happiness Recipe for Every Skin,문화관광,문화관광 > 전시시설,1,KOPqkbvqx:한국어|ENPqkbvqx:영어|JPPqkbvqx:일본어|CNPqkbvqx:중국어 간체|TCPqkbvqx:중국어 번체|RUPqkbvqx:러시아어,6
KOPh6s7u3,The Color of Memory 메모리의 색,문화관광,문화관광 > 전시시설,1,KOPh6s7u3:한국어|ENPh6s7u3:영어|JPPh6s7u3:일본어|CNPh6s7u3:중국어 간체|TCPh6s7u3:중국어 번체|RUPh6s7u3:러시아어,6
KOPoyf5m1,2026 서울시향 파크콘서트,문화관광,문화관광 > 전시시설,1,KOPoyf5m1:한국어|ENPoyf5m1:영어|JPPoyf5m1:일본어|CNPoyf5m1:중국어 간체|TCPoyf5m1:중국어 번체|RUPoyf5m1:러시아어,6
KOPreqvti,2026 애채숲,문화관광,문화관광 > 전시시설,1,KOPreqvti:한국어|ENPreqvti:영어|JPPreqvti:일본어|CNPreqvti:중국어 간체|TCPreqvti:중국어 번체|RUPreqvti:러시아어,6
KOPii0mwl,섬유기획전 《안식의 결 Texture of Rest》,문화관광,문화관광 > 전시시설,1,KOPii0mwl:한국어|ENPii0mwl:영어|JPPii0mwl:일본어|CNPii0mwl:중국어 간체|TCPii0mwl:중국어 번체|RUPii0mwl:러시아어,6
KOPex1iie,파메서울,문화관광,문화관광 > 전시시설,1,KOPex1iie:한국어|ENPex1iie:영어|JPPex1iie:일본어|CNPex1iie:중국어 간체|TCPex1iie:중국어 번체|RUPex1iie:러시아어|MLPex1iie:말레이어,7
KOPzxk4rc,SKETCH 2026: 유동의 미학,문화관광,문화관광 > 전시시설,1,KOPzxk4rc:한국어|ENPzxk4rc:영어|JPPzxk4rc:일본어|CNPzxk4rc:중국어 간체|TCPzxk4rc:중국어 번체|RUPzxk4rc:러시아어,6
KOPfo3uv0,광나루한강공원 모두의놀이터,문화관광,문화관광 > 레저스포츠시설,1,KOPfo3uv0:한국어|ENPfo3uv0:영어|JPPfo3uv0:일본어|CNPfo3uv0:중국어 간체|TCPfo3uv0:중국어 번체|RUPfo3uv0:러시아어|MLPfo3uv0:말레이어,7
KOP3s1wvi,퐁피두센터 한화,문화관광,문화관광 > 전시시설 > 미술관/화랑,1,KOP3s1wvi:한국어|ENP3s1wvi:영어|JPP3s1wvi:일본어|CNP3s1wvi:중국어 간체|TCP3s1wvi:중국어 번체|RUP3s1wvi:러시아어|MLP3s1wvi:말레이어,7
KOP7hbgp3,사진작가 강재구 개인전 &lt; 입영전야-Soldier &gt;,문화관광,문화관광 > 전시시설,1,KOP7hbgp3:한국어|ENP7hbgp3:영어|JPP7hbgp3:일본어|CNP7hbgp3:중국어 간체|TCP7hbgp3:중국어 번체|RUP7hbgp3:러시아어,6
KOPmv93re,디뮤지엄 (D MUSEUM),문화관광,문화관광 > 전시시설 > 기타전시시설,1,KOPmv93re:한국어|ENPmv93re:영어|JPPmv93re:일본어|CNPmv93re:중국어 간체|TCPmv93re:중국어 번체|RUPmv93re:러시아어|MLPmv93re:말레이어,7
KOPa0vdy2,"예술 학교: 우리가 서로의 학교가 될 때,",문화관광,문화관광 > 전시시설,1,KOPa0vdy2:한국어|ENPa0vdy2:영어|JPPa0vdy2:일본어|CNPa0vdy2:중국어 간체|TCPa0vdy2:중국어 번체|RUPa0vdy2:러시아어,6
KOPfxnbtp,여의도 인라인스케이트장,문화관광,문화관광 > 레저스포츠시설,1,KOPfxnbtp:한국어|ENPfxnbtp:영어|JPPfxnbtp:일본어|CNPfxnbtp:중국어 간체|TCPfxnbtp:중국어 번체|RUPfxnbtp:러시아어|MLPfxnbtp:말레이어,7
KOPmg2v5t,2026 국악 플러그인(Gugak Plug in) vol.3,문화관광,문화관광 > 전시시설,1,KOPmg2v5t:한국어|ENPmg2v5t:영어|JPPmg2v5t:일본어|CNPmg2v5t:중국어 간체|TCPmg2v5t:중국어 번체|RUPmg2v5t:러시아어,6
KOPo2o028,조숙진: 지나가는 자리,문화관광,문화관광 > 전시시설,1,KOPo2o028:한국어|ENPo2o028:영어|JPPo2o028:일본어|CNPo2o028:중국어 간체|TCPo2o028:중국어 번체|RUPo2o028:러시아어,6
KOP8fufjn,"조수미 40주년, 四季의 노래 《CONTINUUM》",문화관광,문화관광 > 전시시설,1,KOP8fufjn:한국어|ENP8fufjn:영어|JPP8fufjn:일본어|CNP8fufjn:중국어 간체|TCP8fufjn:중국어 번체|RUP8fufjn:러시아어,6
KOPbqma2f,TFT 와일드 팬페스트 in 더현대 서울 (TFT Wild Fanfest in The Hyundai Seoul),문화관광,문화관광 > 전시시설,1,KOPbqma2f:한국어|ENPbqma2f:영어|JPPbqma2f:일본어|CNPbqma2f:중국어 간체|TCPbqma2f:중국어 번체|RUPbqma2f:러시아어,6
KOPc3g5o6,"서울, 세계와 노래하다",문화관광,문화관광 > 전시시설,1,KOPc3g5o6:한국어|ENPc3g5o6:영어|JPPc3g5o6:일본어|CNPc3g5o6:중국어 간체|TCPc3g5o6:중국어 번체|RUPc3g5o6:러시아어,6
KOPzy336c,"카우스: 친구, 그리고 이웃",문화관광,문화관광 > 전시시설,2,KOPzy336c:한국어|ENPzy336c:영어|JPPzy336c:일본어|CNPzy336c:중국어 간체|TCPzy336c:중국어 번체|RUPzy336c:러시아어,6
KOP5pejiz,63 스카이피크닉,문화관광,문화관광 > 랜드마크관광,2,KOP5pejiz:한국어|ENP5pejiz:영어|JPP5pejiz:일본어|CNP5pejiz:중국어 간체|TCP5pejiz:중국어 번체|RUP5pejiz:러시아어|MLP5pejiz:말레이어,7
KOPgdf9ry,파인캐릭터 2026 (FineCharacter 2026),문화관광,문화관광 > 전시시설,2,KOPgdf9ry:한국어|ENPgdf9ry:영어|JPPgdf9ry:일본어|CNPgdf9ry:중국어 간체|TCPgdf9ry:중국어 번체|RUPgdf9ry:러시아어,6
KOPgeb6on,서울시립 사진미술관 《마틴 파: We Are Martin Parr》,문화관광,문화관광 > 전시시설,2,KOPgeb6on:한국어|ENPgeb6on:영어|JPPgeb6on:일본어|CNPgeb6on:중국어 간체|TCPgeb6on:중국어 번체|RUPgeb6on:러시아어,6
KOPpm3s33,2026 국제수면치유박람회 | Sleep &amp; Wellness Festa,문화관광,문화관광 > 전시시설,2,KOPpm3s33:한국어|ENPpm3s33:영어|JPPpm3s33:일본어|CNPpm3s33:중국어 간체|TCPpm3s33:중국어 번체|RUPpm3s33:러시아어,6
KOPrxkd9g,GALLERY J. ONE,문화관광,문화관광 > 전시시설 > 미술관/화랑,2,KOPrxkd9g:한국어|ENPrxkd9g:영어|JPPrxkd9g:일본어|CNPrxkd9g:중국어 간체|TCPrxkd9g:중국어 번체|RUPrxkd9g:러시아어|MLPrxkd9g:말레이어,7
KOPdr8hdy,2026 공성환 초대전 &lt;파문 波紋 ; Ripple&gt;,문화관광,문화관광 > 전시시설,2,KOPdr8hdy:한국어|ENPdr8hdy:영어|JPPdr8hdy:일본어|CNPdr8hdy:중국어 간체|TCPdr8hdy:중국어 번체|RUPdr8hdy:러시아어,6
KOPz20943,"한 권의 책에서 온 세계로, K-콘텐츠: K-BOOK to the WORLD",문화관광,문화관광 > 전시시설,2,KOPz20943:한국어|ENPz20943:영어|JPPz20943:일본어|CNPz20943:중국어 간체|TCPz20943:중국어 번체|RUPz20943:러시아어,6
KOP1wimla,"BEAUTY, TRANSLATED",문화관광,문화관광 > 전시시설,2,KOP1wimla:한국어|ENP1wimla:영어|JPP1wimla:일본어|CNP1wimla:중국어 간체|TCP1wimla:중국어 번체|RUP1wimla:러시아어,6
KOPlhr9s8,보편타당한 당신 –심이다은,문화관광,문화관광 > 전시시설,2,KOPlhr9s8:한국어|ENPlhr9s8:영어|JPPlhr9s8:일본어|CNPlhr9s8:중국어 간체|TCPlhr9s8:중국어 번체|RUPlhr9s8:러시아어,6
KOPqbvlpa,COMPANY World Affair,문화관광,문화관광 > 전시시설,2,KOPqbvlpa:한국어|ENPqbvlpa:영어|JPPqbvlpa:일본어|CNPqbvlpa:중국어 간체|TCPqbvlpa:중국어 번체|RUPqbvlpa:러시아어,6
KOPij99b4,팔색찬란-K로 가득한 지역,문화관광,문화관광 > 전시시설,2,KOPij99b4:한국어|ENPij99b4:영어|JPPij99b4:일본어|CNPij99b4:중국어 간체|TCPij99b4:중국어 번체|RUPij99b4:러시아어,6
KOPwd3ohy,아뜰리에 광화,문화관광,문화관광,2,KOPwd3ohy:한국어|ENPwd3ohy:영어|JPPwd3ohy:일본어|CNPwd3ohy:중국어 간체|TCPwd3ohy:중국어 번체|RUPwd3ohy:러시아어|MLPwd3ohy:말레이어,7
KOPj1ro8q,광화문광장 해치마당 (Haechi Madang),문화관광,문화관광,2,KOPj1ro8q:한국어|ENPj1ro8q:영어|JPPj1ro8q:일본어|CNPj1ro8q:중국어 간체|TCPj1ro8q:중국어 번체|RUPj1ro8q:러시아어|MLPj1ro8q:말레이어,7
KOP4u05qa,성북예술창작터,문화관광,문화관광 > 전시시설,2,KOP4u05qa:한국어|ENP4u05qa:영어|JPP4u05qa:일본어|CNP4u05qa:중국어 간체|TCP4u05qa:중국어 번체|RUP4u05qa:러시아어|MLP4u05qa:말레이어,7
KOPhs2wlq,ICON: The Chair Series,문화관광,문화관광 > 전시시설,2,KOPhs2wlq:한국어|ENPhs2wlq:영어|JPPhs2wlq:일본어|CNPhs2wlq:중국어 간체|TCPhs2wlq:중국어 번체|RUPhs2wlq:러시아어,6
KOPqosaz0,"여름식탁 : 여섯 개의 손, 하나의 식탁",문화관광,문화관광 > 전시시설,2,KOPqosaz0:한국어|ENPqosaz0:영어|JPPqosaz0:일본어|CNPqosaz0:중국어 간체|TCPqosaz0:중국어 번체|RUPqosaz0:러시아어,6
KOPt1364i,심원의 정원 : 먹과 묵,문화관광,문화관광 > 전시시설,2,KOPt1364i:한국어|ENPt1364i:영어|JPPt1364i:일본어|CNPt1364i:중국어 간체|TCPt1364i:중국어 번체|RUPt1364i:러시아어,6
KOP0e0w4k,삼일로창고극장,문화관광,문화관광 > 기타문화관광지,2,KOP0e0w4k:한국어|ENP0e0w4k:영어|JPP0e0w4k:일본어|CNP0e0w4k:중국어 간체|TCP0e0w4k:중국어 번체|RUP0e0w4k:러시아어|MLP0e0w4k:말레이어,7
KOPm8j6gm,권병준: 내 마음 속에 너는,문화관광,문화관광 > 전시시설,2,KOPm8j6gm:한국어|ENPm8j6gm:영어|JPPm8j6gm:일본어|CNPm8j6gm:중국어 간체|TCPm8j6gm:중국어 번체|RUPm8j6gm:러시아어,6
KOPx0x7wx,뱅크시 : Still Here,문화관광,문화관광 > 전시시설,3,KOPx0x7wx:한국어|ENPx0x7wx:영어|JPPx0x7wx:일본어|CNPx0x7wx:중국어 간체|TCPx0x7wx:중국어 번체|RUPx0x7wx:러시아어,6
KOPwdbw7j,Everything Dance Hall,문화관광,문화관광 > 전시시설,3,KOPwdbw7j:한국어|ENPwdbw7j:영어,2
KOPnw33eg,club 설화,문화관광,문화관광 > 전시시설,3,KOPnw33eg:한국어|ENPnw33eg:영어|JPPnw33eg:일본어|CNPnw33eg:중국어 간체|TCPnw33eg:중국어 번체|RUPnw33eg:러시아어,6
KOP6y9jr9,IBK 모두다 가족콘서트 2026,문화관광,문화관광 > 전시시설,3,KOP6y9jr9:한국어|ENP6y9jr9:영어|JPP6y9jr9:일본어|CNP6y9jr9:중국어 간체|TCP6y9jr9:중국어 번체|RUP6y9jr9:러시아어,6
KOPsj8gga,조선 양반 접객 문화 체험 공연 &#039;옹기콘서트&#039;,문화관광,문화관광 > 전시시설,3,KOPsj8gga:한국어|ENPsj8gga:영어|JPPsj8gga:일본어|CNPsj8gga:중국어 간체|TCPsj8gga:중국어 번체|RUPsj8gga:러시아어,6
KOP52w7m1,드로잉룸,문화관광,문화관광 > 전시시설 > 미술관/화랑,3,KOP52w7m1:한국어|ENP52w7m1:영어|JPP52w7m1:일본어|CNP52w7m1:중국어 간체|TCP52w7m1:중국어 번체|RUP52w7m1:러시아어|MLP52w7m1:말레이어,7
KOPhxlwke,2026년 제2회 가락테이블콘서트,문화관광,문화관광 > 전시시설,3,KOPhxlwke:한국어|ENPhxlwke:영어|JPPhxlwke:일본어|CNPhxlwke:중국어 간체|TCPhxlwke:중국어 번체|RUPhxlwke:러시아어,6
KOPnkfasx,연희 상설 공연 〈연희판판〉,문화관광,문화관광 > 전시시설,3,KOPnkfasx:한국어|ENPnkfasx:영어|JPPnkfasx:일본어|CNPnkfasx:중국어 간체|TCPnkfasx:중국어 번체|RUPnkfasx:러시아어,6
KOPy1hneb,하루키를 말할 때 우리가 하고 싶은 이야기,문화관광,문화관광 > 전시시설,3,KOPy1hneb:한국어|ENPy1hneb:영어|JPPy1hneb:일본어|CNPy1hneb:중국어 간체|TCPy1hneb:중국어 번체|RUPy1hneb:러시아어,6
KOP07kl3f,내셔널지오그래픽 특별기획 OCEAN 가장 거대한 기록,문화관광,문화관광 > 전시시설,3,KOP07kl3f:한국어|ENP07kl3f:영어|JPP07kl3f:일본어|CNP07kl3f:중국어 간체|TCP07kl3f:중국어 번체|RUP07kl3f:러시아어,6
KOPw7lepl,페르난도 보테로: 형태의 미학,문화관광,문화관광 > 전시시설,3,KOPw7lepl:한국어|ENPw7lepl:영어|JPPw7lepl:일본어|CNPw7lepl:중국어 간체|TCPw7lepl:중국어 번체|RUPw7lepl:러시아어,6
KOP4q4n0f,"인상주의를 넘어: 르누아르,드가,고흐,마티스,피카소",문화관광,문화관광 > 전시시설,3,KOP4q4n0f:한국어|ENP4q4n0f:영어|JPP4q4n0f:일본어|CNP4q4n0f:중국어 간체|TCP4q4n0f:중국어 번체|RUP4q4n0f:러시아어,6
KOPny8ty6,"스페인의 거장 고야: 이성이 잠들 때, 괴물이 깨어난다展",문화관광,문화관광 > 전시시설,3,KOPny8ty6:한국어|ENPny8ty6:영어|JPPny8ty6:일본어|CNPny8ty6:중국어 간체|TCPny8ty6:중국어 번체|RUPny8ty6:러시아어,6
KOPxe6hpp,서강대학교,문화관광,문화관광 > 랜드마크관광,3,KOPxe6hpp:한국어|ENPxe6hpp:영어|JPPxe6hpp:일본어|CNPxe6hpp:중국어 간체|TCPxe6hpp:중국어 번체|RUPxe6hpp:러시아어|MLPxe6hpp:말레이어,7
KOPkkmg5t,서서울미술관 개관특별전 《우리의 시간은 여기서부터》,문화관광,문화관광 > 전시시설,3,KOPkkmg5t:한국어|ENPkkmg5t:영어|JPPkkmg5t:일본어|CNPkkmg5t:중국어 간체|TCPkkmg5t:중국어 번체|RUPkkmg5t:러시아어,6
KOPu2zkva,서울시립미술관 난지미술창작스튜디오  20주년 기념전 《사랑의 기원》,문화관광,문화관광 > 전시시설,3,KOPu2zkva:한국어|ENPu2zkva:영어|JPPu2zkva:일본어|CNPu2zkva:중국어 간체|TCPu2zkva:중국어 번체|RUPu2zkva:러시아어,6
KOPiibcte,"렘브란트에서 고야까지, 톨레도 미술관 명작展",문화관광,문화관광 > 전시시설,3,KOPiibcte:한국어|ENPiibcte:영어|JPPiibcte:일본어|CNPiibcte:중국어 간체|TCPiibcte:중국어 번체|RUPiibcte:러시아어,6
KOPe4d3g1,동대문운동장기념관,문화관광,문화관광 > 전시시설 > 박물관,3,KOPe4d3g1:한국어|ENPe4d3g1:영어|JPPe4d3g1:일본어|CNPe4d3g1:중국어 간체|TCPe4d3g1:중국어 번체|RUPe4d3g1:러시아어|MLPe4d3g1:말레이어,7
KOPipn2pj,동대문역사관,문화관광,문화관광 > 전시시설 > 박물관,3,KOPipn2pj:한국어|ENPipn2pj:영어|JPPipn2pj:일본어|CNPipn2pj:중국어 간체|TCPipn2pj:중국어 번체|RUPipn2pj:러시아어|MLPipn2pj:말레이어,7
KOPmvjbam,한양도성박물관,문화관광,문화관광 > 전시시설 > 박물관,3,KOPmvjbam:한국어|ENPmvjbam:영어|JPPmvjbam:일본어|CNPmvjbam:중국어 간체|TCPmvjbam:중국어 번체|RUPmvjbam:러시아어|MLPmvjbam:말레이어,7
KOP71zsbw,삼각G7: 시작의 자리,문화관광,문화관광 > 전시시설,4,KOP71zsbw:한국어|ENP71zsbw:영어|JPP71zsbw:일본어|CNP71zsbw:중국어 간체|TCP71zsbw:중국어 번체|RUP71zsbw:러시아어,6
KOP8r0zj2,이회영 기념관,문화관광,문화관광 > 전시시설 > 기타전시시설,4,KOP8r0zj2:한국어|ENP8r0zj2:영어|JPP8r0zj2:일본어|CNP8r0zj2:중국어 간체|TCP8r0zj2:중국어 번체|RUP8r0zj2:러시아어|MLP8r0zj2:말레이어,7
KOPt72ki7,"어긋난 파동, 흔들리는 시간: 오민, 카밀 노먼트",문화관광,문화관광 > 전시시설,4,KOPt72ki7:한국어|ENPt72ki7:영어|JPPt72ki7:일본어|CNPt72ki7:중국어 간체|TCPt72ki7:중국어 번체|RUPt72ki7:러시아어,6
KOPhd2f4q,딜쿠샤,문화관광,문화관광 > 전시시설 > 기타전시시설,4,KOPhd2f4q:한국어|ENPhd2f4q:영어|JPPhd2f4q:일본어|CNPhd2f4q:중국어 간체|TCPhd2f4q:중국어 번체|RUPhd2f4q:러시아어|MLPhd2f4q:말레이어,7
KOPr5wmx4,창립 65주년 기념 한국경제인협회와 함께하는 2026 서울시향 강변음악회,문화관광,문화관광 > 전시시설,4,KOPr5wmx4:한국어|ENPr5wmx4:영어,2
KOPvtrfxs,"오지윤(Oh Jiyoon) 개인展, 《존엄: 축적된 시간》",문화관광,문화관광 > 전시시설,4,KOPvtrfxs:한국어|ENPvtrfxs:영어|JPPvtrfxs:일본어|CNPvtrfxs:중국어 간체|TCPvtrfxs:중국어 번체|RUPvtrfxs:러시아어,6
KOPhax5cj,아트큐브 2R2,문화관광,문화관광 > 전시시설 > 기타전시시설,4,KOPhax5cj:한국어|ENPhax5cj:영어|JPPhax5cj:일본어|CNPhax5cj:중국어 간체|TCPhax5cj:중국어 번체|RUPhax5cj:러시아어|MLPhax5cj:말레이어,7
KOP21zkoz,뮤지컬 &lt;빌리 엘리어트&gt;,문화관광,문화관광 > 전시시설,4,KOP21zkoz:한국어|ENP21zkoz:영어|JPP21zkoz:일본어|CNP21zkoz:중국어 간체|TCP21zkoz:중국어 번체|RUP21zkoz:러시아어,6
KOPa4m2cj,상상력 옷장 – 이랜드 컬렉션 특별전,문화관광,문화관광 > 전시시설,4,KOPa4m2cj:한국어|ENPa4m2cj:영어|JPPa4m2cj:일본어|CNPa4m2cj:중국어 간체|TCPa4m2cj:중국어 번체|RUPa4m2cj:러시아어,6
KOP1udvdv,출발! 한양탐험대,문화관광,문화관광 > 전시시설,4,KOP1udvdv:한국어|ENP1udvdv:영어|JPP1udvdv:일본어|CNP1udvdv:중국어 간체|TCP1udvdv:중국어 번체|RUP1udvdv:러시아어,6
KOPquzsjk,Always-Already-There,문화관광,문화관광 > 전시시설,4,KOPquzsjk:한국어|ENPquzsjk:영어|JPPquzsjk:일본어|CNPquzsjk:중국어 간체|TCPquzsjk:중국어 번체|RUPquzsjk:러시아어,6
KOPfppq98,한성부입니다,문화관광,문화관광 > 전시시설,4,KOPfppq98:한국어|ENPfppq98:영어|JPPfppq98:일본어|CNPfppq98:중국어 간체|TCPfppq98:중국어 번체|RUPfppq98:러시아어,6
KOPfv3al6,유영국: 산은 내 안에 있다,문화관광,문화관광 > 전시시설,4,KOPfv3al6:한국어|ENPfv3al6:영어|JPPfv3al6:일본어|CNPfv3al6:중국어 간체|TCPfv3al6:중국어 번체|RUPfv3al6:러시아어,6
KOP4groc4,서울시무용단 &lt;미메시스&gt;,문화관광,문화관광 > 전시시설,4,KOP4groc4:한국어|ENP4groc4:영어|JPP4groc4:일본어|CNP4groc4:중국어 간체|TCP4groc4:중국어 번체|RUP4groc4:러시아어,6
KOP5uw5dz,마이아트뮤지엄 원그로브점,문화관광,문화관광 > 전시시설 > 미술관/화랑,4,KOP5uw5dz:한국어|ENP5uw5dz:영어|JPP5uw5dz:일본어|CNP5uw5dz:중국어 간체|TCP5uw5dz:중국어 번체|RUP5uw5dz:러시아어|MLP5uw5dz:말레이어,7
KOPxrmedb,군기시유적전시실,문화관광,문화관광 > 전시시설 > 기타전시시설,4,KOPxrmedb:한국어|ENPxrmedb:영어|JPPxrmedb:일본어|CNPxrmedb:중국어 간체|TCPxrmedb:중국어 번체|RUPxrmedb:러시아어|MLPxrmedb:말레이어,7
KOPy3qot3,2026 돈화문 국악위크 &lt;사이… 소리… 숨…&gt;,문화관광,문화관광 > 전시시설,4,KOPy3qot3:한국어|ENPy3qot3:영어|JPPy3qot3:일본어|CNPy3qot3:중국어 간체|TCPy3qot3:중국어 번체|RUPy3qot3:러시아어,6
KOP3u747h,[스페이스 톤 갤러리] 고소미 개인전: 다양체(Multiplicity),문화관광,문화관광 > 전시시설,4,KOP3u747h:한국어|ENP3u747h:영어|JPP3u747h:일본어|CNP3u747h:중국어 간체|TCP3u747h:중국어 번체|RUP3u747h:러시아어,6
KOP15st7z,석파정 서울미술관,문화관광,문화관광 > 전시시설 > 미술관/화랑,4,KOP15st7z:한국어|ENP15st7z:영어|JPP15st7z:일본어|CNP15st7z:중국어 간체|TCP15st7z:중국어 번체|RUP15st7z:러시아어|MLP15st7z:말레이어,7
KOPqbt49i,2026 영등포아트스퀘어 X 카이스트 경험디자인 연구실 특별전시 &lt;Living Geometry&gt;,문화관광,문화관광 > 전시시설,4,KOPqbt49i:한국어|ENPqbt49i:영어|JPPqbt49i:일본어|CNPqbt49i:중국어 간체|TCPqbt49i:중국어 번체|RUPqbt49i:러시아어,6
KOP9kal14,2026 성북구립미술관 기획전시 《이정윤: 노래하는 집》,문화관광,문화관광 > 전시시설,5,KOP9kal14:한국어|ENP9kal14:영어|JPP9kal14:일본어|CNP9kal14:중국어 간체|TCP9kal14:중국어 번체|RUP9kal14:러시아어,6
KOPqphj9g,"글짓, 쓰는 예술",문화관광,문화관광 > 전시시설,5,KOPqphj9g:한국어|ENPqphj9g:영어|JPPqphj9g:일본어|CNPqphj9g:중국어 간체|TCPqphj9g:중국어 번체|RUPqphj9g:러시아어,6
KOPxa3w2o,간송미술관,문화관광,문화관광 > 전시시설 > 미술관/화랑,5,KOPxa3w2o:한국어|ENPxa3w2o:영어|JPPxa3w2o:일본어|CNPxa3w2o:중국어 간체|TCPxa3w2o:중국어 번체|RUPxa3w2o:러시아어|MLPxa3w2o:말레이어,7
KOP8kwn54,아르코꿈밭극장,문화관광,문화관광 > 공연시설,5,KOP8kwn54:한국어|ENP8kwn54:영어|JPP8kwn54:일본어|CNP8kwn54:중국어 간체|TCP8kwn54:중국어 번체|RUP8kwn54:러시아어|MLP8kwn54:말레이어,7
KOPij6dx2,2026 한강 불빛 공연 : 드론라이트쇼,문화관광,문화관광 > 전시시설,5,KOPij6dx2:한국어|ENPij6dx2:영어|JPPij6dx2:일본어|CNPij6dx2:중국어 간체|TCPij6dx2:중국어 번체|RUPij6dx2:러시아어,6
KOPfyj86p,&lt;찬란한 에르미타주&gt; 공식 디지털 특별전,문화관광,문화관광 > 전시시설,5,KOPfyj86p:한국어|ENPfyj86p:영어|JPPfyj86p:일본어|CNPfyj86p:중국어 간체|TCPfyj86p:중국어 번체|RUPfyj86p:러시아어,6
KOPlhrsqk,이상한 K-뷰티 : 엄마의 서랍장,문화관광,문화관광 > 전시시설,5,KOPlhrsqk:한국어|ENPlhrsqk:영어|JPPlhrsqk:일본어|CNPlhrsqk:중국어 간체|TCPlhrsqk:중국어 번체|RUPlhrsqk:러시아어,6
KOPg1x5kx,"맨디 엘-사예: 테레사, 이후",문화관광,문화관광 > 전시시설,5,KOPg1x5kx:한국어|ENPg1x5kx:영어|JPPg1x5kx:일본어|CNPg1x5kx:중국어 간체|TCPg1x5kx:중국어 번체|RUPg1x5kx:러시아어,6
KOPjn2f1j,제46회 전통공예명품전,문화관광,문화관광 > 전시시설,5,KOPjn2f1j:한국어|ENPjn2f1j:영어|JPPjn2f1j:일본어|CNPjn2f1j:중국어 간체|TCPjn2f1j:중국어 번체|RUPjn2f1j:러시아어,6
KOPh1rw9d,범:BEOM 지민선 전시회,문화관광,문화관광 > 전시시설,5,KOPh1rw9d:한국어|ENPh1rw9d:영어|JPPh1rw9d:일본어|CNPh1rw9d:중국어 간체|TCPh1rw9d:중국어 번체|RUPh1rw9d:러시아어,6
KOPgmiqls,몸을 위한 간주곡 ― 소목장세미,문화관광,문화관광 > 전시시설,5,KOPgmiqls:한국어|ENPgmiqls:영어|JPPgmiqls:일본어|CNPgmiqls:중국어 간체|TCPgmiqls:중국어 번체|RUPgmiqls:러시아어,6
KOPwpc03s,볼 빨간 돼지의 종이 모험,문화관광,문화관광 > 전시시설,5,KOPwpc03s:한국어|ENPwpc03s:영어|JPPwpc03s:일본어|CNPwpc03s:중국어 간체|TCPwpc03s:중국어 번체|RUPwpc03s:러시아어,6
KOPjhzbgg,믹스드 오케스트라 26,문화관광,문화관광 > 전시시설,5,KOPjhzbgg:한국어|ENPjhzbgg:영어|JPPjhzbgg:일본어|CNPjhzbgg:중국어 간체|TCPjhzbgg:중국어 번체,5
KOPwsz1hv,Beauty For All : 경계 없는 아름다움,문화관광,문화관광 > 전시시설,5,KOPwsz1hv:한국어|ENPwsz1hv:영어|JPPwsz1hv:일본어|CNPwsz1hv:중국어 간체|TCPwsz1hv:중국어 번체,5
KOPi1u9ze,루이 비통 비저너리 저니 서울,문화관광,문화관광 > 전시시설,5,KOPi1u9ze:한국어|ENPi1u9ze:영어|JPPi1u9ze:일본어|CNPi1u9ze:중국어 간체|TCPi1u9ze:중국어 번체,5
KOPadxt74,근접한 세계,문화관광,문화관광 > 전시시설,5,KOPadxt74:한국어|ENPadxt74:영어|JPPadxt74:일본어|CNPadxt74:중국어 간체|TCPadxt74:중국어 번체,5
KOPhxyp50,최재은 : 약속,문화관광,문화관광 > 전시시설,5,KOPhxyp50:한국어|ENPhxyp50:영어|JPPhxyp50:일본어|CNPhxyp50:중국어 간체|TCPhxyp50:중국어 번체,5
KOPb4al47,일렉트릭 쇼크,문화관광,문화관광 > 전시시설,5,KOPb4al47:한국어|ENPb4al47:영어|JPPb4al47:일본어|CNPb4al47:중국어 간체|TCPb4al47:중국어 번체,5
KOPotdpky,"예술가의 연구 《미완의 식물지―이소요》, 《꽃 시계―안나 리들러》",문화관광,문화관광 > 전시시설,5,KOPotdpky:한국어|ENPotdpky:영어|JPPotdpky:일본어|CNPotdpky:중국어 간체|TCPotdpky:중국어 번체,5
KOPyst2iu,클림트와 라치오디의 기적,문화관광,문화관광 > 전시시설,5,KOPyst2iu:한국어|ENPyst2iu:영어,2
KOPwly2p0,2026년 1월~2월 어둠속의 대화,문화관광,문화관광 > 전시시설,6,KOPwly2p0:한국어|ENPwly2p0:영어|JPPwly2p0:일본어|CNPwly2p0:중국어 간체,4
KOP49nma5,전시 〈서울일러스트레이션페어〉,문화관광,문화관광 > 전시시설,6,KOP49nma5:한국어|ENP49nma5:영어|JPP49nma5:일본어|CNP49nma5:중국어 간체,4
KOPpqthfq,월리를 찾아라 특별전,문화관광,문화관광 > 전시시설,6,KOPpqthfq:한국어|ENPpqthfq:영어|JPPpqthfq:일본어|CNPpqthfq:중국어 간체,4
KOPyy3nfg,2025서울아트쇼,문화관광,문화관광 > 전시시설,6,KOPyy3nfg:한국어|ENPyy3nfg:영어|JPPyy3nfg:일본어|CNPyy3nfg:중국어 간체,4
KOPjw94y2,뮤지컬 〈이터니티〉,문화관광,문화관광 > 전시시설,6,KOPjw94y2:한국어|ENPjw94y2:영어|JPPjw94y2:일본어,3
KOPvgrv8o,뮤지컬 〈로빈〉,문화관광,문화관광 > 전시시설,6,KOPvgrv8o:한국어|ENPvgrv8o:영어|JPPvgrv8o:일본어|CNPvgrv8o:중국어 간체,4
KOPokonim,〈슬립노모어 서울〉 (Sleep No More Seoul),문화관광,문화관광 > 전시시설,6,KOPokonim:한국어|ENPokonim:영어|JPPokonim:일본어|CNPokonim:중국어 간체,4
KOPzd1i95,〈한복 입은 남자〉,문화관광,문화관광 > 전시시설,6,KOPzd1i95:한국어|JPPzd1i95:일본어|CNPzd1i95:중국어 간체,3
KOPihmlac,뮤지컬 긴긴밤,문화관광,문화관광 > 전시시설,6,KOPihmlac:한국어|ENPihmlac:영어|JPPihmlac:일본어|CNPihmlac:중국어 간체,4
KOPvwyyh4,뮤지컬 킹키부츠,문화관광,문화관광 > 전시시설,6,KOPvwyyh4:한국어|ENPvwyyh4:영어|JPPvwyyh4:일본어|CNPvwyyh4:중국어 간체,4
KOPcjuosl,〈센과 치히로의 행방불명〉오리지널 투어 (SPIRITED AWAY),문화관광,문화관광 > 전시시설,6,KOPcjuosl:한국어|ENPcjuosl:영어|JPPcjuosl:일본어|CNPcjuosl:중국어 간체,4
KOP1f5yex,서울시립 북서울미술관,문화관광,문화관광 > 전시시설 > 미술관/화랑,6,KOP1f5yex:한국어|ENP1f5yex:영어|JPP1f5yex:일본어|CNP1f5yex:중국어 간체|TCP1f5yex:중국어 번체,5
KOP0skv41,뮤지컬 렌트,문화관광,문화관광 > 전시시설,6,KOP0skv41:한국어,1
KOP4cyqe3,무나씨 《우리가 지워지는 계절에》,문화관광,문화관광 > 전시시설,6,KOP4cyqe3:한국어|ENP4cyqe3:영어,2
KOPa3er53,K-아이돌 뷰티체험존 WINTER GLAM SEOUL,문화관광,문화관광 > 전시시설,6,KOPa3er53:한국어|ENPa3er53:영어,2
KOPzgws5p,《Imagination Garden : Fantasy Time》  展,문화관광,문화관광 > 전시시설,6,KOPzgws5p:한국어|ENPzgws5p:영어|JPPzgws5p:일본어|CNPzgws5p:중국어 간체|TCPzgws5p:중국어 번체,5
KOPloaxhb,한운성컬렉션 기증기획전 《그림과 현실》,문화관광,문화관광 > 전시시설,6,KOPloaxhb:한국어|ENPloaxhb:영어|JPPloaxhb:일본어|CNPloaxhb:중국어 간체|TCPloaxhb:중국어 번체,5
KOP70mg3c,광복 80주년 기념 특별전 우리들의 이순신,문화관광,문화관광 > 전시시설,6,KOP70mg3c:한국어|ENP70mg3c:영어|JPP70mg3c:일본어|CNP70mg3c:중국어 간체|TCP70mg3c:중국어 번체|RUP70mg3c:러시아어,6
KOPlcw3a4,"인상주의에서 초기 모더니즘까지, 빛을 수집한 사람들 - 메트로폴리탄박물관 소장 로버트 리먼 컬렉션",문화관광,문화관광 > 전시시설,6,KOPlcw3a4:한국어|ENPlcw3a4:영어|JPPlcw3a4:일본어|CNPlcw3a4:중국어 간체|TCPlcw3a4:중국어 번체|RUPlcw3a4:러시아어,6
KOP6edc88,서울아트센터 도암갤러리,문화관광,문화관광 > 전시시설 > 미술관/화랑,6,KOP6edc88:한국어|ENP6edc88:영어|JPP6edc88:일본어|CNP6edc88:중국어 간체|TCP6edc88:중국어 번체,5
KOPd8ek6k,서울시립 사진미술관 《사진이 할 수 있는 모든 것》,문화관광,문화관광 > 전시시설,7,KOPd8ek6k:한국어|ENPd8ek6k:영어|JPPd8ek6k:일본어|CNPd8ek6k:중국어 간체|TCPd8ek6k:중국어 번체,5
KOPvi3cne,Happy Holidays,문화관광,문화관광 > 전시시설,7,KOPvi3cne:한국어|ENPvi3cne:영어|JPPvi3cne:일본어|CNPvi3cne:중국어 간체|TCPvi3cne:중국어 번체,5
KOPkq13lf,국립극장 마당놀이 &lt;홍길동이 온다&gt;,문화관광,문화관광 > 전시시설,7,KOPkq13lf:한국어|ENPkq13lf:영어|JPPkq13lf:일본어|CNPkq13lf:중국어 간체|TCPkq13lf:중국어 번체,5
KOPapcfqb,《따스함이 빛나는 그곳엔 (Where Warmth Shines)》  展,문화관광,문화관광 > 전시시설,7,KOPapcfqb:한국어|ENPapcfqb:영어|JPPapcfqb:일본어|CNPapcfqb:중국어 간체|TCPapcfqb:중국어 번체,5
KOPoty0zx,경희대학교 서울캠퍼스,문화관광,문화관광 > 랜드마크관광,7,KOPoty0zx:한국어|ENPoty0zx:영어|JPPoty0zx:일본어|CNPoty0zx:중국어 간체|TCPoty0zx:중국어 번체,5
KOPgftn4l,다만 고요히 앉아 있을 뿐이다,문화관광,문화관광 > 전시시설,7,KOPgftn4l:한국어|ENPgftn4l:영어|JPPgftn4l:일본어|CNPgftn4l:중국어 간체|TCPgftn4l:중국어 번체,5
KOPkzupx6,JW이종호재단 장애인 예술가 미술 전시회  &#039;JW아트어워즈&#039;,문화관광,문화관광 > 전시시설,7,KOPkzupx6:한국어|ENPkzupx6:영어,2
KOP998h6q,용마산 스카이워크 전망대,문화관광,문화관광 > 랜드마크관광,7,KOP998h6q:한국어|ENP998h6q:영어|JPP998h6q:일본어|CNP998h6q:중국어 간체|TCP998h6q:중국어 번체,5
KOPic9f47,"2025 돈화문 야광명월 II : 한국의 탈, 웃음과 신명이 깃든 얼굴 展",문화관광,문화관광 > 전시시설,7,KOPic9f47:한국어|ENPic9f47:영어|JPPic9f47:일본어|CNPic9f47:중국어 간체|TCPic9f47:중국어 번체,5
KOPah6vze,"옛서울역 준공 100주년 기념전시 &lt;백년과 하루, 기억에서 상상으로&gt;",문화관광,문화관광 > 전시시설,7,KOPah6vze:한국어|ENPah6vze:영어|JPPah6vze:일본어|CNPah6vze:중국어 간체|TCPah6vze:중국어 번체,5
KOPs96x6t,제주 해녀 : 사라져 가는 세계,문화관광,문화관광 > 전시시설,7,KOPs96x6t:한국어|ENPs96x6t:영어|JPPs96x6t:일본어|CNPs96x6t:중국어 간체|TCPs96x6t:중국어 번체,5
KOPr2k2ja,서울기록원 전시 : 어느 도시의 탑승록,문화관광,문화관광 > 전시시설,7,KOPr2k2ja:한국어|ENPr2k2ja:영어|JPPr2k2ja:일본어|CNPr2k2ja:중국어 간체|TCPr2k2ja:중국어 번체,5
KOP57x3om,[2025 청계천 공공미술 프로젝트 청계공존] 도슨트 프로그램,문화관광,문화관광 > 전시시설,7,KOP57x3om:한국어|ENP57x3om:영어|JPP57x3om:일본어|CNP57x3om:중국어 간체|TCP57x3om:중국어 번체,5
KOP4s22t5,믹스드 오케스트라  : 넥스트 레벨,문화관광,문화관광 > 전시시설,7,KOP4s22t5:한국어|ENP4s22t5:영어|JPP4s22t5:일본어|CNP4s22t5:중국어 간체|TCP4s22t5:중국어 번체|RUP4s22t5:러시아어,6
KOPp0vgx2,소운컬렉션 소중현대展 작은 것 속에 큰 것이 드러나다,문화관광,문화관광 > 전시시설,7,KOPp0vgx2:한국어|ENPp0vgx2:영어|JPPp0vgx2:일본어|CNPp0vgx2:중국어 간체|TCPp0vgx2:중국어 번체,5
KOP3o0027,키자니아 서울,문화관광,문화관광 > 테마공원,7,KOP3o0027:한국어|ENP3o0027:영어|JPP3o0027:일본어|CNP3o0027:중국어 간체|TCP3o0027:중국어 번체,5
KOPaacet0,매키탄호텔,문화관광,문화관광 > 공연시설,7,KOPaacet0:한국어|ENPaacet0:영어|JPPaacet0:일본어|CNPaacet0:중국어 간체|TCPaacet0:중국어 번체,5
KOP44b0tv,은평역사한옥박물관,문화관광,문화관광 > 전시시설 > 박물관,7,KOP44b0tv:한국어|ENP44b0tv:영어|JPP44b0tv:일본어|CNP44b0tv:중국어 간체|TCP44b0tv:중국어 번체,5
KOPnfu7l4,연극  울며 마늘 먹기,문화관광,문화관광 > 전시시설,7,KOPnfu7l4:한국어|ENPnfu7l4:영어,2
KOPtpyykt,슬립노모어 서울  Sleep No More Seoul,문화관광,문화관광 > 전시시설,7,KOPtpyykt:한국어|ENPtpyykt:영어|JPPtpyykt:일본어|CNPtpyykt:중국어 간체|TCPtpyykt:중국어 번체,5
KOP7hqfq3,천개의 소원,문화관광,문화관광 > 전시시설,8,KOP7hqfq3:한국어|ENP7hqfq3:영어,2
KOP2fcbi7,Rest and Rise : 남겨진 것과 떠오른 것들,문화관광,문화관광 > 전시시설,8,KOP2fcbi7:한국어|ENP2fcbi7:영어|JPP2fcbi7:일본어|CNP2fcbi7:중국어 간체|TCP2fcbi7:중국어 번체,5
KOP5vp58h,《내가 좋아하게 될 전시》 展,문화관광,문화관광 > 전시시설,8,KOP5vp58h:한국어|ENP5vp58h:영어|JPP5vp58h:일본어|CNP5vp58h:중국어 간체|TCP5vp58h:중국어 번체,5
KOPoo9a6e,"청계천박물관, 스물",문화관광,문화관광 > 전시시설,8,KOPoo9a6e:한국어|ENPoo9a6e:영어|JPPoo9a6e:일본어|CNPoo9a6e:중국어 간체|TCPoo9a6e:중국어 번체,5
KOPinmv7s,2025 서울 북한인권세계대회 남북 클래식 대중음악 콘서트,문화관광,문화관광 > 전시시설,8,KOPinmv7s:한국어|ENPinmv7s:영어|JPPinmv7s:일본어|CNPinmv7s:중국어 간체|TCPinmv7s:중국어 번체,5
KOPvgjqek,"도봉 김선영 개인전 「이, 별에 서서」展",문화관광,문화관광 > 전시시설,8,KOPvgjqek:한국어|ENPvgjqek:영어,2
KOPg4osmd,미증유의 대홍수 : 1925 을축년,문화관광,문화관광 > 전시시설,8,KOPg4osmd:한국어|ENPg4osmd:영어|JPPg4osmd:일본어|CNPg4osmd:중국어 간체|TCPg4osmd:중국어 번체,5
KOPdqsfd3,2025 여유작 콘서트,문화관광,문화관광 > 전시시설,8,KOPdqsfd3:한국어|ENPdqsfd3:영어|JPPdqsfd3:일본어|CNPdqsfd3:중국어 간체|TCPdqsfd3:중국어 번체,5
KOP4zbweb,tvN,문화관광,문화관광 > 기타문화관광지,8,KOP4zbweb:한국어|ENP4zbweb:영어|JPP4zbweb:일본어|CNP4zbweb:중국어 간체|TCP4zbweb:중국어 번체,5
KOP3f5lvc,SBS,문화관광,문화관광 > 기타문화관광지,8,KOP3f5lvc:한국어|ENP3f5lvc:영어|JPP3f5lvc:일본어|CNP3f5lvc:중국어 간체|TCP3f5lvc:중국어 번체,5
KOPnw1hit,상암동 MBC 신사옥,문화관광,문화관광 > 기타문화관광지,8,KOPnw1hit:한국어|ENPnw1hit:영어|JPPnw1hit:일본어|CNPnw1hit:중국어 간체|TCPnw1hit:중국어 번체,5
KOPm73wet,롤파크,문화관광,문화관광 > 기타문화관광지,8,KOPm73wet:한국어|ENPm73wet:영어|JPPm73wet:일본어|CNPm73wet:중국어 간체|TCPm73wet:중국어 번체,5
KOPfpky3x,e스포츠 명예의 전당,문화관광,문화관광 > 전시시설 > 기타전시시설,8,KOPfpky3x:한국어|ENPfpky3x:영어|JPPfpky3x:일본어|CNPfpky3x:중국어 간체|TCPfpky3x:중국어 번체,5
KOP6eo011,넷마블게임박물관,문화관광,문화관광 > 전시시설 > 박물관,8,KOP6eo011:한국어|ENP6eo011:영어|JPP6eo011:일본어|CNP6eo011:중국어 간체|TCP6eo011:중국어 번체,5
KOP9dtud4,"무용 - 녕(寧), 왕자의 길",문화관광,문화관광 > 전시시설,8,KOP9dtud4:한국어|ENP9dtud4:영어|JPP9dtud4:일본어|CNP9dtud4:중국어 간체|TCP9dtud4:중국어 번체|RUP9dtud4:러시아어,6
KOPzx9rx4,2025 서울무형문화축제,문화관광,문화관광 > 전시시설,8,KOPzx9rx4:한국어|ENPzx9rx4:영어|JPPzx9rx4:일본어|CNPzx9rx4:중국어 간체|TCPzx9rx4:중국어 번체,5
KOPtp4vgi,추분 : 가을의 시작,문화관광,문화관광 > 전시시설,8,KOPtp4vgi:한국어|ENPtp4vgi:영어|JPPtp4vgi:일본어|CNPtp4vgi:중국어 간체|TCPtp4vgi:중국어 번체,5
KOP4n0w9a,2025 젊은국악 단장,문화관광,문화관광 > 전시시설,8,KOP4n0w9a:한국어|ENP4n0w9a:영어|JPP4n0w9a:일본어|CNP4n0w9a:중국어 간체|TCP4n0w9a:중국어 번체,5
KOP76n5f5,선라이즈 투 선라잇(Sunrise to Sunlight),문화관광,문화관광 > 전시시설,8,KOP76n5f5:한국어|ENP76n5f5:영어|JPP76n5f5:일본어|CNP76n5f5:중국어 간체|TCP76n5f5:중국어 번체|RUP76n5f5:러시아어,6
KOPqfnqr2,"기술로 이어가는 헤리티지, 가장 인간적인 미래",문화관광,문화관광 > 전시시설,8,KOPqfnqr2:한국어|ENPqfnqr2:영어|JPPqfnqr2:일본어|CNPqfnqr2:중국어 간체|TCPqfnqr2:중국어 번체,5
KOPn0wsm1,플랫폼엘 (PLATFORM-L),문화관광,문화관광 > 전시시설 > 미술관/화랑,9,KOPn0wsm1:한국어|ENPn0wsm1:영어|JPPn0wsm1:일본어|CNPn0wsm1:중국어 간체|TCPn0wsm1:중국어 번체|RUPn0wsm1:러시아어|MLPn0wsm1:말레이어,7
KOPet80lf,페이스갤러리 서울,문화관광,문화관광 > 전시시설 > 미술관/화랑,9,KOPet80lf:한국어|ENPet80lf:영어|JPPet80lf:일본어|CNPet80lf:중국어 간체|TCPet80lf:중국어 번체|RUPet80lf:러시아어|MLPet80lf:말레이어,7
KOP5hau1h,갤러리조선,문화관광,문화관광 > 전시시설 > 미술관/화랑,9,KOP5hau1h:한국어|ENP5hau1h:영어|JPP5hau1h:일본어|CNP5hau1h:중국어 간체|TCP5hau1h:중국어 번체|RUP5hau1h:러시아어|MLP5hau1h:말레이어,7
KOPrpwzjs,홍익대학교 박물관 기획전 《백색 이후 1975-1995》,문화관광,문화관광 > 전시시설,9,KOPrpwzjs:한국어|ENPrpwzjs:영어|JPPrpwzjs:일본어|CNPrpwzjs:중국어 간체|TCPrpwzjs:중국어 번체,5
KOPxzn4e4,행복이 오는 전시 (Where Happiness Arrives),문화관광,문화관광 > 전시시설,9,KOPxzn4e4:한국어|ENPxzn4e4:영어|JPPxzn4e4:일본어|CNPxzn4e4:중국어 간체|TCPxzn4e4:중국어 번체,5
KOPh2aqcf,지구울림 - 헤르츠앤도우,문화관광,문화관광 > 전시시설,9,KOPh2aqcf:한국어|ENPh2aqcf:영어|JPPh2aqcf:일본어|CNPh2aqcf:중국어 간체|TCPh2aqcf:중국어 번체|RUPh2aqcf:러시아어,6
KOP2w30uj,2025 타이틀 매치 《장영혜중공업 vs. 홍진훤 : 중간지대는 없다》,문화관광,문화관광 > 전시시설,9,KOP2w30uj:한국어|ENP2w30uj:영어|JPP2w30uj:일본어|CNP2w30uj:중국어 간체|TCP2w30uj:중국어 번체|RUP2w30uj:러시아어,6
KOPjy51fz,LG아트센터 서울,문화관광,문화관광 > 공연시설,9,KOPjy51fz:한국어|ENPjy51fz:영어|JPPjy51fz:일본어|CNPjy51fz:중국어 간체|TCPjy51fz:중국어 번체,5
KOP4khc7y,스페이스K 서울,문화관광,문화관광 > 전시시설 > 미술관/화랑,9,KOP4khc7y:한국어|ENP4khc7y:영어|JPP4khc7y:일본어|CNP4khc7y:중국어 간체|TCP4khc7y:중국어 번체,5
KOPztit27,제5회 서울도시건축비엔날레,문화관광,문화관광 > 전시시설,9,KOPztit27:한국어|ENPztit27:영어|JPPztit27:일본어|CNPztit27:중국어 간체|TCPztit27:중국어 번체|RUPztit27:러시아어,6
KOPpuxifv,"한양도성 훼철, 한양의 경계를 허물다",문화관광,문화관광 > 전시시설,9,KOPpuxifv:한국어|ENPpuxifv:영어|JPPpuxifv:일본어|CNPpuxifv:중국어 간체|TCPpuxifv:중국어 번체,5
KOPfdzfap,우리들의 광복절,문화관광,문화관광 > 전시시설,9,KOPfdzfap:한국어|ENPfdzfap:영어|JPPfdzfap:일본어|CNPfdzfap:중국어 간체|TCPfdzfap:중국어 번체,5
KOP7lrfs0,시선의 확장 Broadening of visions,문화관광,문화관광 > 전시시설,9,KOP7lrfs0:한국어|ENP7lrfs0:영어|JPP7lrfs0:일본어|CNP7lrfs0:중국어 간체|TCP7lrfs0:중국어 번체,5
KOPkzbkyo,마음을 채우는 전시 展,문화관광,문화관광 > 전시시설,9,KOPkzbkyo:한국어|ENPkzbkyo:영어|JPPkzbkyo:일본어|CNPkzbkyo:중국어 간체|TCPkzbkyo:중국어 번체,5
KOPig96uk,배윤환 개인전 《딥다이버(Deep Diver)》,문화관광,문화관광 > 전시시설,9,KOPig96uk:한국어|ENPig96uk:영어|JPPig96uk:일본어|CNPig96uk:중국어 간체|TCPig96uk:중국어 번체,5
KOPt9l0a3,DDP 가을 스페셜투어 : 디자인&amp;아트 투어,문화관광,문화관광 > 전시시설,9,KOPt9l0a3:한국어|ENPt9l0a3:영어|JPPt9l0a3:일본어|CNPt9l0a3:중국어 간체|TCPt9l0a3:중국어 번체,5
KOPy8r22r,서울라이트 DDP 2025 가을,문화관광,문화관광 > 전시시설,9,KOPy8r22r:한국어|ENPy8r22r:영어|JPPy8r22r:일본어|CNPy8r22r:중국어 간체|TCPy8r22r:중국어 번체,5
KOPe3w8e1,현대공예 특별기획전 《물질-실천》,문화관광,문화관광 > 전시시설,9,KOPe3w8e1:한국어|ENPe3w8e1:영어|JPPe3w8e1:일본어|CNPe3w8e1:중국어 간체|TCPe3w8e1:중국어 번체|RUPe3w8e1:러시아어,6
KOP5db89m,"다시, 지구 : 다른 감각으로 응답하기",문화관광,문화관광 > 전시시설,9,KOP5db89m:한국어|ENP5db89m:영어|JPP5db89m:일본어|CNP5db89m:중국어 간체|TCP5db89m:중국어 번체|RUP5db89m:러시아어,6
KOP68z1mg,SeMA 공용공간 프로젝트 《영원히 교차하는 춤》,문화관광,문화관광 > 전시시설,9,KOP68z1mg:한국어|ENP68z1mg:영어|JPP68z1mg:일본어|CNP68z1mg:중국어 간체|TCP68z1mg:중국어 번체|RUP68z1mg:러시아어,6
KOP1287z8,Nubim Kim Group 내한 공연,문화관광,문화관광 > 전시시설,10,KOP1287z8:한국어|ENP1287z8:영어|JPP1287z8:일본어|CNP1287z8:중국어 간체|TCP1287z8:중국어 번체,5
KOPzncurn,한지가헌 도슨트 프로그램ￜ상설체험프로그램ￜ한지인화소,문화관광,문화관광 > 기타문화관광지,10,KOPzncurn:한국어|ENPzncurn:영어|JPPzncurn:일본어|CNPzncurn:중국어 간체|TCPzncurn:중국어 번체,5
KOP6nkrnk,한지가헌,문화관광,문화관광 > 기타문화관광지,10,KOP6nkrnk:한국어|ENP6nkrnk:영어|JPP6nkrnk:일본어|CNP6nkrnk:중국어 간체|TCP6nkrnk:중국어 번체,5
KOPgwovaw,UAUS 14기 파빌리온 전시 Ask Nature : Biomimicry,문화관광,문화관광 > 전시시설,10,KOPgwovaw:한국어|ENPgwovaw:영어|JPPgwovaw:일본어|CNPgwovaw:중국어 간체|TCPgwovaw:중국어 번체,5
KOPx6grff,예술의전당 서울서예박물관,문화관광,문화관광 > 전시시설 > 박물관,10,KOPx6grff:한국어|JPPx6grff:일본어|CNPx6grff:중국어 간체|TCPx6grff:중국어 번체,4
KOPf5hpob,픽셀 스페이스 2025,문화관광,문화관광 > 전시시설,10,KOPf5hpob:한국어|ENPf5hpob:영어|JPPf5hpob:일본어|CNPf5hpob:중국어 간체|TCPf5hpob:중국어 번체,5
KOPcahnf0,평보 서희환 : 보통의 걸음,문화관광,문화관광 > 전시시설,10,KOPcahnf0:한국어|ENPcahnf0:영어|JPPcahnf0:일본어|CNPcahnf0:중국어 간체|TCPcahnf0:중국어 번체,5
KOPr1o3h2,수상음악 프로젝트 &lt;웨이브&gt;,문화관광,문화관광 > 전시시설,10,KOPr1o3h2:한국어|ENPr1o3h2:영어|JPPr1o3h2:일본어|CNPr1o3h2:중국어 간체|TCPr1o3h2:중국어 번체,5
KOPn3k0fb,제13회 서울미디어시티비엔날레 《강령: 영혼의 기술》,문화관광,문화관광 > 전시시설,10,KOPn3k0fb:한국어|ENPn3k0fb:영어|JPPn3k0fb:일본어|CNPn3k0fb:중국어 간체|TCPn3k0fb:중국어 번체,5
KOPgep0bg,고요한 빛과 파란 하늘을 바라보며 展,문화관광,문화관광 > 전시시설,10,KOPgep0bg:한국어|ENPgep0bg:영어|JPPgep0bg:일본어|CNPgep0bg:중국어 간체|TCPgep0bg:중국어 번체,5
KOPn0qtcb,리버시티수상스키장,문화관광,문화관광 > 레저스포츠시설,10,KOPn0qtcb:한국어|ENPn0qtcb:영어|JPPn0qtcb:일본어|CNPn0qtcb:중국어 간체|TCPn0qtcb:중국어 번체,5
KOP2s8isl,잠원 한강공원 수영장,문화관광,문화관광 > 레저스포츠시설,10,KOP2s8isl:한국어|ENP2s8isl:영어|JPP2s8isl:일본어|CNP2s8isl:중국어 간체|TCP2s8isl:중국어 번체,5
KOP3fknzc,BLUE SQUARE 블루스퀘어,문화관광,문화관광 > 공연시설,10,KOP3fknzc:한국어|ENP3fknzc:영어|JPP3fknzc:일본어|CNP3fknzc:중국어 간체|TCP3fknzc:중국어 번체,5
KOP67o3xb,서울올림픽주경기장,문화관광,문화관광 > 레저스포츠시설,10,KOP67o3xb:한국어|ENP67o3xb:영어|JPP67o3xb:일본어|CNP67o3xb:중국어 간체|TCP67o3xb:중국어 번체,5
KOP87afpd,청담대교,문화관광,문화관광 > 랜드마크관광,10,KOP87afpd:한국어|ENP87afpd:영어|JPP87afpd:일본어|CNP87afpd:중국어 간체|TCP87afpd:중국어 번체,5
KOPu69ib8,바자전 : IN-BETWEEN,문화관광,문화관광 > 전시시설,10,KOPu69ib8:한국어|ENPu69ib8:영어|JPPu69ib8:일본어|CNPu69ib8:중국어 간체|TCPu69ib8:중국어 번체,5
KOP5y6ztl,"서울YMCA, 청년이 만든 시민의 역사",문화관광,문화관광 > 전시시설,10,KOP5y6ztl:한국어|ENP5y6ztl:영어|JPP5y6ztl:일본어|CNP5y6ztl:중국어 간체|TCP5y6ztl:중국어 번체|RUP5y6ztl:러시아어,6
KOPojrz90,청운문학도서관,문화관광,문화관광 > 교육시설,10,KOPojrz90:한국어|ENPojrz90:영어|JPPojrz90:일본어|CNPojrz90:중국어 간체|TCPojrz90:중국어 번체,5
KOPh15wjf,여의나루역 러너스테이션,문화관광,문화관광 > 레저스포츠시설,10,KOPh15wjf:한국어|ENPh15wjf:영어|JPPh15wjf:일본어|CNPh15wjf:중국어 간체|TCPh15wjf:중국어 번체,5
KOPmluo32,한강버스,문화관광,문화관광 > 랜드마크관광,10,KOPmluo32:한국어|ENPmluo32:영어|JPPmluo32:일본어|CNPmluo32:중국어 간체|TCPmluo32:중국어 번체|RUPmluo32:러시아어|MLPmluo32:말레이어,7
KOPp64y00,토이콘 서울 (TOY CON SEOUL),문화관광,문화관광 > 전시시설,11,KOPp64y00:한국어|ENPp64y00:영어|JPPp64y00:일본어|CNPp64y00:중국어 간체|TCPp64y00:중국어 번체,5
KOPvp4h52,제1회 한별아트페어ㅣ여여자연 如如自然,문화관광,문화관광 > 전시시설,11,KOPvp4h52:한국어|ENPvp4h52:영어|JPPvp4h52:일본어|CNPvp4h52:중국어 간체|TCPvp4h52:중국어 번체,5
KOPabxqit,세계우표전시회 필라코리아 2025,문화관광,문화관광 > 전시시설,11,KOPabxqit:한국어|ENPabxqit:영어|JPPabxqit:일본어|CNPabxqit:중국어 간체|TCPabxqit:중국어 번체,5
KOPgd8ldd,서울시국악관현악단 실내악 시리즈 &lt;소리섬 : 시대와 함께한 아리랑&gt;,문화관광,문화관광 > 전시시설,11,KOPgd8ldd:한국어|ENPgd8ldd:영어|JPPgd8ldd:일본어|CNPgd8ldd:중국어 간체|TCPgd8ldd:중국어 번체,5
KOP3b4gfv,2025 애채숲,문화관광,문화관광 > 전시시설,11,KOP3b4gfv:한국어|ENP3b4gfv:영어|JPP3b4gfv:일본어|CNP3b4gfv:중국어 간체|TCP3b4gfv:중국어 번체,5
KOPl57sqg,"글자의 깊이, 1.5㎜",문화관광,문화관광 > 전시시설,11,KOPl57sqg:한국어|ENPl57sqg:영어|JPPl57sqg:일본어|CNPl57sqg:중국어 간체|TCPl57sqg:중국어 번체,5
KOPd5oub3,"한강, 소리로 흐른다",문화관광,문화관광 > 전시시설,11,KOPd5oub3:한국어|ENPd5oub3:영어|JPPd5oub3:일본어|CNPd5oub3:중국어 간체|TCPd5oub3:중국어 번체,5
KOPytf3yk,"2025 Summer Project 《허윤희: 영원은 순간 속에》 -HUH, Yun-hee: The Eternal within a Moment-",문화관광,문화관광 > 전시시설,11,KOPytf3yk:한국어|ENPytf3yk:영어|JPPytf3yk:일본어|CNPytf3yk:중국어 간체|TCPytf3yk:중국어 번체,5
KOPxwctrd,자연을 훔친 붓질 (Gesture Beyond the Canvas) 展,문화관광,문화관광 > 전시시설,11,KOPxwctrd:한국어|ENPxwctrd:영어|JPPxwctrd:일본어|CNPxwctrd:중국어 간체|TCPxwctrd:중국어 번체,5
KOP20kefn,청계천 미디어아트 &lt;청계 소울 오션&gt;,문화관광,문화관광 > 전시시설,11,KOP20kefn:한국어|ENP20kefn:영어|JPP20kefn:일본어|CNP20kefn:중국어 간체|TCP20kefn:중국어 번체|RUP20kefn:러시아어,6
KOPeenv2i,서울백제어린이박물관,문화관광,문화관광 > 전시시설 > 박물관,11,KOPeenv2i:한국어|ENPeenv2i:영어|JPPeenv2i:일본어|CNPeenv2i:중국어 간체|TCPeenv2i:중국어 번체,5
KOP2dc0q5,Veil Undrawn 열어 둔 베일,문화관광,문화관광 > 전시시설,11,KOP2dc0q5:한국어|ENP2dc0q5:영어|JPP2dc0q5:일본어|CNP2dc0q5:중국어 간체|TCP2dc0q5:중국어 번체,5
KOP2ite3z,호국보훈의 달 기념 공연 &lt;영웅에게&gt;,문화관광,문화관광 > 전시시설,11,KOP2ite3z:한국어|ENP2ite3z:영어,2
KOPnambcz,선유도 : 조용한 공존,문화관광,문화관광 > 전시시설,11,KOPnambcz:한국어|ENPnambcz:영어|JPPnambcz:일본어|CNPnambcz:중국어 간체|TCPnambcz:중국어 번체,5
KOPmdl0dd,크리스찬 히다카 : 하늘이 극장이 되고 극장이 하늘에 있으니,문화관광,문화관광 > 전시시설,11,KOPmdl0dd:한국어|ENPmdl0dd:영어|JPPmdl0dd:일본어|CNPmdl0dd:중국어 간체|TCPmdl0dd:중국어 번체|RUPmdl0dd:러시아어,6
KOPb3chj1,서울로봇인공지능과학관(RAIM),문화관광,문화관광 > 전시시설,11,KOPb3chj1:한국어|ENPb3chj1:영어|JPPb3chj1:일본어|CNPb3chj1:중국어 간체|TCPb3chj1:중국어 번체|RUPb3chj1:러시아어|MLPb3chj1:말레이어,7
KOPfitqa2,삼성역 물품보관소,문화관광,문화관광 > 랜드마크관광,11,KOPfitqa2:한국어|ENPfitqa2:영어|JPPfitqa2:일본어|CNPfitqa2:중국어 간체|TCPfitqa2:중국어 번체,5
KOPtdi6q6,롯데월드타워 물품보관소,문화관광,문화관광 > 랜드마크관광,11,KOPtdi6q6:한국어|ENPtdi6q6:영어|JPPtdi6q6:일본어|CNPtdi6q6:중국어 간체|TCPtdi6q6:중국어 번체,5
KOPpwo7rk,잠실역 물품보관소,문화관광,문화관광 > 랜드마크관광,11,KOPpwo7rk:한국어|ENPpwo7rk:영어|CNPpwo7rk:중국어 간체,3
KOPw1zwwt,동대문디자인플라자 물품보관소,문화관광,문화관광 > 랜드마크관광,11,KOPw1zwwt:한국어,1
KOPw9vnct,동대입구역,문화관광,문화관광 > 기타문화관광지,12,KOPw9vnct:한국어|ENPw9vnct:영어|JPPw9vnct:일본어|CNPw9vnct:중국어 간체|TCPw9vnct:중국어 번체,5
KOPch67xl,2025 서울시향 림스키코르사코프 &#039;셰에라자드&#039; ①,문화관광,문화관광 > 전시시설,12,KOPch67xl:한국어,1
KOP2yacfo,2025 노들섬 &lt;아트 스페이스 엣지&gt;,문화관광,문화관광 > 전시시설,12,KOP2yacfo:한국어|ENP2yacfo:영어|JPP2yacfo:일본어|CNP2yacfo:중국어 간체|TCP2yacfo:중국어 번체|RUP2yacfo:러시아어,6
KOPyfebh0,2025 창경궁 물빛연화,문화관광,문화관광 > 전시시설,12,KOPyfebh0:한국어|ENPyfebh0:영어|JPPyfebh0:일본어|CNPyfebh0:중국어 간체|TCPyfebh0:중국어 번체|RUPyfebh0:러시아어,6
KOPcyxke6,페인터즈,문화관광,문화관광 > 전시시설,12,KOPcyxke6:한국어|ENPcyxke6:영어|JPPcyxke6:일본어|CNPcyxke6:중국어 간체|TCPcyxke6:중국어 번체|RUPcyxke6:러시아어,6
KOPerykvq,뮤지컬 &lt;더 퍼스트 그레잇 쇼&gt;,문화관광,문화관광 > 전시시설,12,KOPerykvq:한국어|ENPerykvq:영어|JPPerykvq:일본어|CNPerykvq:중국어 간체|TCPerykvq:중국어 번체,5
KOPoovshm,한국경제인협회와 함께하는 2025 서울시립교향악단 강변음악회,문화관광,문화관광 > 전시시설,12,KOPoovshm:한국어|ENPoovshm:영어|JPPoovshm:일본어|CNPoovshm:중국어 간체|TCPoovshm:중국어 번체,5
KOPitng4e,하이커 그라운드,문화관광,문화관광 > 기타문화관광지,12,KOPitng4e:한국어|ENPitng4e:영어|JPPitng4e:일본어|CNPitng4e:중국어 간체|TCPitng4e:중국어 번체,5
KOPnd5dx1,이유진 개인전《미기후 사랑방 - 의존하는 개인전》,문화관광,문화관광 > 전시시설,12,KOPnd5dx1:한국어|ENPnd5dx1:영어|JPPnd5dx1:일본어|CNPnd5dx1:중국어 간체|TCPnd5dx1:중국어 번체,5
KOPidz0r2,홍대R1 레드컬처마켓,문화관광,문화관광 > 랜드마크관광,12,KOPidz0r2:한국어|ENPidz0r2:영어|JPPidz0r2:일본어|CNPidz0r2:중국어 간체|TCPidz0r2:중국어 번체,5
KOPrflwgm,청계천의 낮과 밤,문화관광,문화관광 > 전시시설,12,KOPrflwgm:한국어|ENPrflwgm:영어|JPPrflwgm:일본어|CNPrflwgm:중국어 간체|TCPrflwgm:중국어 번체,5
KOPr6uuc7,라이징 북서울,문화관광,문화관광 > 전시시설,12,KOPr6uuc7:한국어|ENPr6uuc7:영어|JPPr6uuc7:일본어|CNPr6uuc7:중국어 간체|TCPr6uuc7:중국어 번체,5
KOPqspquw,스트라이크존 서울 잠실구장,문화관광,문화관광 > 레저스포츠시설,12,KOPqspquw:한국어|ENPqspquw:영어|JPPqspquw:일본어|CNPqspquw:중국어 간체|TCPqspquw:중국어 번체,5
KOPc4jh4a,그림이라는 별세계 : 이건희컬렉션과 함께,문화관광,문화관광 > 전시시설,12,KOPc4jh4a:한국어|ENPc4jh4a:영어|JPPc4jh4a:일본어|CNPc4jh4a:중국어 간체|TCPc4jh4a:중국어 번체,5
KOP1sxxhi,떨어지는 눈,문화관광,문화관광 > 전시시설,12,KOP1sxxhi:한국어|ENP1sxxhi:영어|JPP1sxxhi:일본어|CNP1sxxhi:중국어 간체|TCP1sxxhi:중국어 번체,5
KOPbrcjal,뮤지컬 &lt;위키드&gt; 내한 공연(WICKED The Musical),문화관광,문화관광 > 전시시설,12,KOPbrcjal:한국어|ENPbrcjal:영어|JPPbrcjal:일본어|CNPbrcjal:중국어 간체|TCPbrcjal:중국어 번체,5
KOPv5q129,"마음의 사귐, 여운이 물결처럼",문화관광,문화관광 > 전시시설,12,KOPv5q129:한국어|ENPv5q129:영어|JPPv5q129:일본어|CNPv5q129:중국어 간체|TCPv5q129:중국어 번체,5
KOPl3j0oy,서울시립사진미술관,문화관광,문화관광 > 전시시설,12,KOPl3j0oy:한국어|ENPl3j0oy:영어|JPPl3j0oy:일본어|CNPl3j0oy:중국어 간체|TCPl3j0oy:중국어 번체,5
KOPhl9uml,기쁜 마음을 그리다,문화관광,문화관광 > 전시시설,12,KOPhl9uml:한국어|ENPhl9uml:영어|JPPhl9uml:일본어|CNPhl9uml:중국어 간체|TCPhl9uml:중국어 번체,5
KOPghsior,포스터 전시 POSTER HOUSE,문화관광,문화관광 > 전시시설,12,KOPghsior:한국어|ENPghsior:영어|JPPghsior:일본어|CNPghsior:중국어 간체,4
KOP0b6sv3,2025 서울시향 드뷔시와 라벨 ①,문화관광,문화관광 > 전시시설,13,KOP0b6sv3:한국어,1
KOPgxl8qf,세계유산과 한양의 수도성곽,문화관광,문화관광 > 전시시설,13,KOPgxl8qf:한국어|ENPgxl8qf:영어|JPPgxl8qf:일본어|CNPgxl8qf:중국어 간체|TCPgxl8qf:중국어 번체,5
KOPwqfyfs,"더, 자연스러운 展",문화관광,문화관광 > 전시시설,13,KOPwqfyfs:한국어|ENPwqfyfs:영어|JPPwqfyfs:일본어|CNPwqfyfs:중국어 간체|TCPwqfyfs:중국어 번체,5
KOPj6a5ja,GS아트센터 X 서울재즈페스티벌 &lt;팻 메시니: 드림 박스 - 문다이얼 투어&gt;,문화관광,문화관광 > 전시시설,13,KOPj6a5ja:한국어|ENPj6a5ja:영어|JPPj6a5ja:일본어|CNPj6a5ja:중국어 간체|TCPj6a5ja:중국어 번체,5
KOPzeh3y8,2025 ＆TEAM CONCERT TOUR ‘AWAKEN THE BLOODLINE’ in SEOUL,문화관광,문화관광 > 전시시설,13,KOPzeh3y8:한국어|ENPzeh3y8:영어|JPPzeh3y8:일본어|CNPzeh3y8:중국어 간체|TCPzeh3y8:중국어 번체,5
KOPhcuknk,2025 BIBI 1st WORLD TOUR ［EVE］ IN SEOUL,문화관광,문화관광 > 전시시설,13,KOPhcuknk:한국어|ENPhcuknk:영어|JPPhcuknk:일본어|CNPhcuknk:중국어 간체|TCPhcuknk:중국어 번체,5
KOP6ljerd,PEAK FESTIVAL 2025,문화관광,문화관광 > 전시시설,13,KOP6ljerd:한국어|ENP6ljerd:영어|JPP6ljerd:일본어|CNP6ljerd:중국어 간체|TCP6ljerd:중국어 번체,5
KOPcgjih3,뷰티풀 민트 라이프 2025,문화관광,문화관광 > 전시시설,13,KOPcgjih3:한국어|ENPcgjih3:영어|JPPcgjih3:일본어|CNPcgjih3:중국어 간체|TCPcgjih3:중국어 번체,5
KOPzpe3qy,제65주년 4·19혁명 서울시 기념음악회,문화관광,문화관광 > 전시시설,13,KOPzpe3qy:한국어|ENPzpe3qy:영어|JPPzpe3qy:일본어|CNPzpe3qy:중국어 간체|TCPzpe3qy:중국어 번체,5
KOPx2ckxb,광복80주년 가나아트컬렉션 특별전 《서시: 별을 노래하는 마음으로》,문화관광,문화관광 > 전시시설,13,KOPx2ckxb:한국어|ENPx2ckxb:영어|JPPx2ckxb:일본어|CNPx2ckxb:중국어 간체|TCPx2ckxb:중국어 번체,5
KOPr5aepl,"문도 픽사(Mundo Pixar): 픽사, 상상의 세계로",문화관광,문화관광 > 전시시설,13,KOPr5aepl:한국어|ENPr5aepl:영어|JPPr5aepl:일본어|CNPr5aepl:중국어 간체|TCPr5aepl:중국어 번체,5
KOPjzn3w7,뮤지컬〈라이카〉,문화관광,문화관광 > 전시시설,13,KOPjzn3w7:한국어|ENPjzn3w7:영어|JPPjzn3w7:일본어|CNPjzn3w7:중국어 간체|TCPjzn3w7:중국어 번체,5
KOPbl8ts0,쿠푸왕의 피라미드,문화관광,문화관광 > 전시시설,13,KOPbl8ts0:한국어|ENPbl8ts0:영어|JPPbl8ts0:일본어|CNPbl8ts0:중국어 간체|TCPbl8ts0:중국어 번체,5
KOPpiajmm,보이스 오브 햄릿,문화관광,문화관광 > 전시시설,13,KOPpiajmm:한국어|ENPpiajmm:영어|JPPpiajmm:일본어|CNPpiajmm:중국어 간체|TCPpiajmm:중국어 번체,5
KOP7u9qht,"선우풍월(扇友風月): 부채, 바람과 달을 함께 나누는 벗",문화관광,문화관광 > 전시시설,13,KOP7u9qht:한국어|ENP7u9qht:영어|JPP7u9qht:일본어|CNP7u9qht:중국어 간체|TCP7u9qht:중국어 번체|RUP7u9qht:러시아어,6
KOP9hdag0,piknic,문화관광,문화관광,13,KOP9hdag0:한국어|ENP9hdag0:영어|JPP9hdag0:일본어|CNP9hdag0:중국어 간체|TCP9hdag0:중국어 번체,5
KOP3elqxf,월하보이,문화관광,문화관광,13,KOP3elqxf:한국어|JPP3elqxf:일본어,2
KOPwo1ido,여의도 눈썰매장,문화관광,문화관광 > 레저스포츠시설,13,KOPwo1ido:한국어|TCPwo1ido:중국어 번체,2
KOPxzqqj2,아크앤북 TP타워 여의도점,문화관광,문화관광 > 기타문화관광지,13,KOPxzqqj2:한국어|TCPxzqqj2:중국어 번체,2
KOP68y59t,뚝섬한강공원 눈썰매장,문화관광,문화관광 > 레저스포츠시설,13,KOP68y59t:한국어|CNP68y59t:중국어 간체,2
KOP9zw186,눈,문화관광,문화관광 > 전시시설,14,KOP9zw186:한국어|ENP9zw186:영어|JPP9zw186:일본어|CNP9zw186:중국어 간체|TCP9zw186:중국어 번체,5
KOPtbjmj6,"고흐, 손 끝에 담다",문화관광,문화관광 > 전시시설,14,KOPtbjmj6:한국어|ENPtbjmj6:영어|JPPtbjmj6:일본어|CNPtbjmj6:중국어 간체|TCPtbjmj6:중국어 번체,5
KOPc2dpb9,시간을 잇는 展,문화관광,문화관광 > 전시시설,14,KOPc2dpb9:한국어|ENPc2dpb9:영어|JPPc2dpb9:일본어|CNPc2dpb9:중국어 간체|TCPc2dpb9:중국어 번체,5
KOPup1c05,국립정동극장 세실,문화관광,문화관광 > 공연시설,14,KOPup1c05:한국어|ENPup1c05:영어|JPPup1c05:일본어|CNPup1c05:중국어 간체|TCPup1c05:중국어 번체,5
KOPfynf9l,그래픽 바이 대신,문화관광,문화관광 > 기타문화관광지,14,KOPfynf9l:한국어|ENPfynf9l:영어|JPPfynf9l:일본어|CNPfynf9l:중국어 간체|TCPfynf9l:중국어 번체,5
KOP9puqbn,최민영: 꿈을 빌려드립니다,문화관광,문화관광 > 전시시설,14,KOP9puqbn:한국어|ENP9puqbn:영어|JPP9puqbn:일본어|CNP9puqbn:중국어 간체|TCP9puqbn:중국어 번체,5
KOP3mz1mm,2024년 특별전 ‘태평계태평太平繼太平: 태평성대로 기억된 18세기 서울&#039;,문화관광,문화관광 > 전시시설,14,KOP3mz1mm:한국어|ENP3mz1mm:영어|JPP3mz1mm:일본어|CNP3mz1mm:중국어 간체|TCP3mz1mm:중국어 번체,5
KOP7o9oit,Empty Houses on the Coast,문화관광,문화관광 > 전시시설,14,KOP7o9oit:한국어|ENP7o9oit:영어|JPP7o9oit:일본어|CNP7o9oit:중국어 간체|TCP7o9oit:중국어 번체,5
KOPgykl1q,싱그러움을 그러모아,문화관광,문화관광 > 전시시설,14,KOPgykl1q:한국어|ENPgykl1q:영어|JPPgykl1q:일본어|CNPgykl1q:중국어 간체|TCPgykl1q:중국어 번체,5
KOPli2f4y,마음을 휴식하다,문화관광,문화관광 > 전시시설,14,KOPli2f4y:한국어|ENPli2f4y:영어|JPPli2f4y:일본어|CNPli2f4y:중국어 간체|TCPli2f4y:중국어 번체,5
KOPae1cn5,"한양도성의 사라진 옛문, 소의문",문화관광,문화관광 > 전시시설,14,KOPae1cn5:한국어|ENPae1cn5:영어|JPPae1cn5:일본어|CNPae1cn5:중국어 간체|TCPae1cn5:중국어 번체,5
KOPl4rnb2,하늘그네 왕십리,문화관광,문화관광 > 레저스포츠시설,14,KOPl4rnb2:한국어|ENPl4rnb2:영어|JPPl4rnb2:일본어|CNPl4rnb2:중국어 간체|TCPl4rnb2:중국어 번체,5
KOPr6qnov,"2036 서울, 두 번째 올림픽",문화관광,문화관광 > 전시시설,14,KOPr6qnov:한국어|ENPr6qnov:영어|JPPr6qnov:일본어|CNPr6qnov:중국어 간체|TCPr6qnov:중국어 번체,5
KOP5h6ubl,더현대 서울 크리스마스 빌리지 &#039;H-Village&#039;,문화관광,문화관광 > 전시시설,14,KOP5h6ubl:한국어|ENP5h6ubl:영어|JPP5h6ubl:일본어|CNP5h6ubl:중국어 간체|TCP5h6ubl:중국어 번체|RUP5h6ubl:러시아어,6
KOPpx5985,유의정 《The 백자 》,문화관광,문화관광 > 전시시설,14,KOPpx5985:한국어|ENPpx5985:영어|JPPpx5985:일본어|CNPpx5985:중국어 간체|TCPpx5985:중국어 번체,5
KOPlt15e6,김지혜 〈파도〉,문화관광,문화관광 > 전시시설,14,KOPlt15e6:한국어|ENPlt15e6:영어|JPPlt15e6:일본어|CNPlt15e6:중국어 간체|TCPlt15e6:중국어 번체,5
KOP2c8enb,99아트컴퍼니 &lt;회랑(回廊)에서; 총체성으로의 회귀&gt;,문화관광,문화관광 > 전시시설,14,KOP2c8enb:한국어|ENP2c8enb:영어|JPP2c8enb:일본어|CNP2c8enb:중국어 간체|TCP2c8enb:중국어 번체,5
KOPmcgru1,Play with K,문화관광,문화관광 > 전시시설,14,KOPmcgru1:한국어|ENPmcgru1:영어|JPPmcgru1:일본어|TCPmcgru1:중국어 번체,4
KOPjlda9f,자기의 고집,문화관광,문화관광 > 전시시설,14,KOPjlda9f:한국어|ENPjlda9f:영어|JPPjlda9f:일본어|CNPjlda9f:중국어 간체|TCPjlda9f:중국어 번체,5
KOPwamqsm,서울 가족 삼대 결혼 이야기,문화관광,문화관광 > 전시시설,14,KOPwamqsm:한국어|ENPwamqsm:영어|JPPwamqsm:일본어|CNPwamqsm:중국어 간체|TCPwamqsm:중국어 번체,5
KOPh4kp0u,"언젠가, 우리가 같은",문화관광,문화관광 > 전시시설,15,KOPh4kp0u:한국어|ENPh4kp0u:영어|JPPh4kp0u:일본어|CNPh4kp0u:중국어 간체|TCPh4kp0u:중국어 번체,5
KOP6s1tnd,판소리아지트 놀애박스 &lt;판소리 쑛스토리 II : 모파상편&gt;,문화관광,문화관광 > 전시시설,15,KOP6s1tnd:한국어|ENP6s1tnd:영어|JPP6s1tnd:일본어|CNP6s1tnd:중국어 간체|TCP6s1tnd:중국어 번체,5
KOPx9hgr2,마리아 스바르보바 : 어제의 미래 展,문화관광,문화관광 > 전시시설,15,KOPx9hgr2:한국어|ENPx9hgr2:영어|JPPx9hgr2:일본어|CNPx9hgr2:중국어 간체|TCPx9hgr2:중국어 번체,5
KOPs9gkpe,서울기록원 어린이 기록체험실 &lt;꼬불꼬불 기록 탐험&gt;,문화관광,문화관광 > 전시시설,15,KOPs9gkpe:한국어|ENPs9gkpe:영어|JPPs9gkpe:일본어|CNPs9gkpe:중국어 간체|TCPs9gkpe:중국어 번체,5
KOPczsr0z,2024 윤하 연말 콘서트 〈GROWTH THEORY〉,문화관광,문화관광 > 전시시설,15,KOPczsr0z:한국어|ENPczsr0z:영어|JPPczsr0z:일본어|CNPczsr0z:중국어 간체|TCPczsr0z:중국어 번체,5
KOP4ec5o3,서울의 작은 산,문화관광,문화관광 > 전시시설,15,KOP4ec5o3:한국어|ENP4ec5o3:영어|JPP4ec5o3:일본어|CNP4ec5o3:중국어 간체|TCP4ec5o3:중국어 번체,5
KOPv7nwyv,Play with K,문화관광,문화관광 > 전시시설,15,KOPv7nwyv:한국어|ENPv7nwyv:영어|JPPv7nwyv:일본어|CNPv7nwyv:중국어 간체|TCPv7nwyv:중국어 번체,5
KOPb2qbin,"그때, 이곳의 기록-청계천 판자촌",문화관광,문화관광 > 전시시설,15,KOPb2qbin:한국어|ENPb2qbin:영어|JPPb2qbin:일본어|CNPb2qbin:중국어 간체|TCPb2qbin:중국어 번체,5
KOPw0mro9,상자루 &lt;플러그 인 남산&gt;,문화관광,문화관광 > 전시시설,15,KOPw0mro9:한국어|ENPw0mro9:영어|JPPw0mro9:일본어|CNPw0mro9:중국어 간체|TCPw0mro9:중국어 번체,5
KOPzm8tt4,"조민열  Blue, Hidden, Nature",문화관광,문화관광 > 전시시설,15,KOPzm8tt4:한국어|ENPzm8tt4:영어|JPPzm8tt4:일본어|CNPzm8tt4:중국어 간체|TCPzm8tt4:중국어 번체,5
KOP1fbrx6,2024 LEE MU JIN CONCERT [별책부록] - SEOUL,문화관광,문화관광 > 전시시설,15,KOP1fbrx6:한국어|ENP1fbrx6:영어|JPP1fbrx6:일본어|CNP1fbrx6:중국어 간체|TCP1fbrx6:중국어 번체,5
KOPr5izii,2024 KISS OF LIFE 1ST WORLD TOUR ［KISS ROAD］ IN SEOUL,문화관광,문화관광 > 전시시설,15,KOPr5izii:한국어|ENPr5izii:영어|JPPr5izii:일본어|CNPr5izii:중국어 간체|TCPr5izii:중국어 번체,5
KOPyz09up,옥상정원 (The Roof),문화관광,문화관광 > 도시공원,15,KOPyz09up:한국어|ENPyz09up:영어|JPPyz09up:일본어|CNPyz09up:중국어 간체|TCPyz09up:중국어 번체,5
KOP8pkdcm,"나의 보물, 나의 유산",문화관광,문화관광 > 전시시설,15,KOP8pkdcm:한국어|ENP8pkdcm:영어|JPP8pkdcm:일본어|CNP8pkdcm:중국어 간체|TCP8pkdcm:중국어 번체|RUP8pkdcm:러시아어,6
KOPqgqpqj,2024 궁 페스티벌,문화관광,문화관광 > 전시시설,15,KOPqgqpqj:한국어|ENPqgqpqj:영어|JPPqgqpqj:일본어|CNPqgqpqj:중국어 간체|TCPqgqpqj:중국어 번체,5
KOPni951h,2024 성북 신문인사 프로젝트 &amp;lt;이태준: 달밤은 그에게도 유감한 듯하였다&amp;gt; 展,문화관광,문화관광 > 전시시설,15,KOPni951h:한국어|ENPni951h:영어|JPPni951h:일본어|CNPni951h:중국어 간체|TCPni951h:중국어 번체,5
KOP9fwlch,그라운드시소 서촌,문화관광,문화관광 > 전시시설,15,KOP9fwlch:한국어|ENP9fwlch:영어|JPP9fwlch:일본어|CNP9fwlch:중국어 간체|TCP9fwlch:중국어 번체,5
KOP0rc3u4,케이타운포유 코엑스,문화관광,문화관광 > 기타문화관광지,15,KOP0rc3u4:한국어|ENP0rc3u4:영어|JPP0rc3u4:일본어|CNP0rc3u4:중국어 간체|TCP0rc3u4:중국어 번체,5
KOPd8sx8c,이머시브K (Immersive-K) 간송미술관 디지털 미디어아트 전시,문화관광,문화관광 > 전시시설,15,KOPd8sx8c:한국어|ENPd8sx8c:영어|JPPd8sx8c:일본어|CNPd8sx8c:중국어 간체|TCPd8sx8c:중국어 번체|RUPd8sx8c:러시아어,6
KOPjlcb9a,빅이슈코리아,문화관광,문화관광 > 기타문화관광지,15,KOPjlcb9a:한국어|ENPjlcb9a:영어|JPPjlcb9a:일본어|CNPjlcb9a:중국어 간체|TCPjlcb9a:중국어 번체,5
KOPs5o5q6,조용진 · 황태인 &lt;조금만 바꿔볼까?&gt;,문화관광,문화관광 > 전시시설,16,KOPs5o5q6:한국어|ENPs5o5q6:영어|JPPs5o5q6:일본어|CNPs5o5q6:중국어 간체|TCPs5o5q6:중국어 번체,5
KOPxp3cfn,2024 젊은국악 단장,문화관광,문화관광 > 전시시설,16,KOPxp3cfn:한국어|ENPxp3cfn:영어|JPPxp3cfn:일본어|CNPxp3cfn:중국어 간체|TCPxp3cfn:중국어 번체,5
KOP1kv0hq,진찬,문화관광,문화관광 > 전시시설,16,KOP1kv0hq:한국어|ENP1kv0hq:영어|JPP1kv0hq:일본어|CNP1kv0hq:중국어 간체|TCP1kv0hq:중국어 번체,5
KOP69gpsk,DOEZNY《MOVEMENT》,문화관광,문화관광 > 전시시설,16,KOP69gpsk:한국어|ENP69gpsk:영어|JPP69gpsk:일본어|CNP69gpsk:중국어 간체|TCP69gpsk:중국어 번체,5
KOPzcpf02,삼세영,문화관광,문화관광 > 전시시설 > 미술관/화랑,16,KOPzcpf02:한국어|ENPzcpf02:영어|JPPzcpf02:일본어|CNPzcpf02:중국어 간체|TCPzcpf02:중국어 번체,5
KOP4gtoyu,Happy voyage,문화관광,문화관광 > 전시시설,16,KOP4gtoyu:한국어|ENP4gtoyu:영어|JPP4gtoyu:일본어|CNP4gtoyu:중국어 간체|TCP4gtoyu:중국어 번체,5
KOPmnz7ln,김인순 컬렉션 ≪일어서는 삶≫,문화관광,문화관광 > 전시시설,16,KOPmnz7ln:한국어|ENPmnz7ln:영어|JPPmnz7ln:일본어|CNPmnz7ln:중국어 간체|TCPmnz7ln:중국어 번체,5
KOPfyfhxg,북한인권오페라 &lt;냉면&gt;,문화관광,문화관광 > 전시시설,16,KOPfyfhxg:한국어|ENPfyfhxg:영어|JPPfyfhxg:일본어|CNPfyfhxg:중국어 간체|TCPfyfhxg:중국어 번체,5
KOPkhtg5h,2024 &lt;한강노들섬클래식&gt; 한강노들섬오페라 &#039;카르멘&#039;,문화관광,문화관광 > 전시시설,16,KOPkhtg5h:한국어|ENPkhtg5h:영어|JPPkhtg5h:일본어|CNPkhtg5h:중국어 간체|TCPkhtg5h:중국어 번체,5
KOPjtj4tl,2024 &lt;한강노들섬클래식&gt; 한강노들섬발레 &#039;잠자는 숲속의 미녀&#039;,문화관광,문화관광 > 전시시설,16,KOPjtj4tl:한국어|ENPjtj4tl:영어|JPPjtj4tl:일본어|CNPjtj4tl:중국어 간체|TCPjtj4tl:중국어 번체,5
KOPxl8ya1,&lt;예술과 함께 쑥쑥! 아이프칠드런 성장축제&gt;  AiF children 2nd Anniversary 𝙎𝙋𝙀𝘾𝙄𝘼𝙇 𝘼𝙍𝙏 𝙁𝙀𝙎𝙏𝘼,문화관광,문화관광 > 전시시설,16,KOPxl8ya1:한국어|ENPxl8ya1:영어|JPPxl8ya1:일본어|CNPxl8ya1:중국어 간체|TCPxl8ya1:중국어 번체,5
KOPqsaooa,인왕산 숲속 쉼터,문화관광,문화관광 > 도시공원,16,KOPqsaooa:한국어|ENPqsaooa:영어|JPPqsaooa:일본어|CNPqsaooa:중국어 간체|TCPqsaooa:중국어 번체|RUPqsaooa:러시아어|MLPqsaooa:말레이어,7
KOPq3sf3y,2024 2NE1 CONCERT［WELCOME BACK］ IN SEOUL,문화관광,문화관광 > 전시시설,16,KOPq3sf3y:한국어|ENPq3sf3y:영어|CNPq3sf3y:중국어 간체|TCPq3sf3y:중국어 번체,4
KOP2bo6vv,2024 도경수 아시아 팬콘서트 투어 BLOOM THE FINAL,문화관광,문화관광 > 전시시설,16,KOP2bo6vv:한국어|ENP2bo6vv:영어|CNP2bo6vv:중국어 간체|TCP2bo6vv:중국어 번체,4
KOPu3xofd,"PLAVE FAN CONCERT ‘Hello, Asterum!’ ENCORE",문화관광,문화관광 > 전시시설,16,KOPu3xofd:한국어|ENPu3xofd:영어|CNPu3xofd:중국어 간체|TCPu3xofd:중국어 번체,4
KOPbhrawk,"&lt;희미한 기억, 짙은 그리움&gt;",문화관광,문화관광 > 전시시설,16,KOPbhrawk:한국어|ENPbhrawk:영어|JPPbhrawk:일본어|CNPbhrawk:중국어 간체|TCPbhrawk:중국어 번체|RUPbhrawk:러시아어,6
KOPubcv55,SeMA 옴니버스 &amp;lt;끝없이 갈라지는 세계의 끝에서&amp;gt;,문화관광,문화관광 > 전시시설,16,KOPubcv55:한국어|ENPubcv55:영어|JPPubcv55:일본어|CNPubcv55:중국어 간체|TCPubcv55:중국어 번체,5
KOPecp151,이영준 《Ingoing Escape》,문화관광,문화관광 > 전시시설,16,KOPecp151:한국어|ENPecp151:영어|JPPecp151:일본어|CNPecp151:중국어 간체|TCPecp151:중국어 번체,5
KOPdb8gvb,2024 삼각산금암미술관 공예 전시 공모전 선정- EUNPYEONG &amp;lt;형형색색 形形色色&amp;gt;,문화관광,문화관광 > 전시시설,16,KOPdb8gvb:한국어|ENPdb8gvb:영어|JPPdb8gvb:일본어|CNPdb8gvb:중국어 간체|TCPdb8gvb:중국어 번체,5
KOP1azypy,SeMA 옴니버스 &lt;제9행성&gt;,문화관광,문화관광 > 전시시설,16,KOP1azypy:한국어|ENP1azypy:영어|JPP1azypy:일본어|CNP1azypy:중국어 간체|TCP1azypy:중국어 번체,5
KOP9q04ig,THEO 띠오,문화관광,문화관광 > 전시시설 > 미술관/화랑,17,KOP9q04ig:한국어|ENP9q04ig:영어|JPP9q04ig:일본어|CNP9q04ig:중국어 간체|TCP9q04ig:중국어 번체|RUP9q04ig:러시아어|MLP9q04ig:말레이어,7
KOPrisi5i,이길이구 갤러리,문화관광,문화관광 > 전시시설 > 미술관/화랑,17,KOPrisi5i:한국어|ENPrisi5i:영어|JPPrisi5i:일본어|CNPrisi5i:중국어 간체|TCPrisi5i:중국어 번체|RUPrisi5i:러시아어|MLPrisi5i:말레이어,7
KOP72zzo1,아트사이드 갤러리,문화관광,문화관광 > 전시시설,17,KOP72zzo1:한국어|ENP72zzo1:영어|JPP72zzo1:일본어|CNP72zzo1:중국어 간체|TCP72zzo1:중국어 번체|RUP72zzo1:러시아어|MLP72zzo1:말레이어,7
KOPvvsy1q,Someday Festival 2024,문화관광,문화관광 > 전시시설,17,KOPvvsy1q:한국어|ENPvvsy1q:영어|JPPvvsy1q:일본어|CNPvvsy1q:중국어 간체,4
KOPvvlkpy,"2024 성시경 with friends ［자, 오늘은］",문화관광,문화관광 > 전시시설,17,KOPvvlkpy:한국어|ENPvvlkpy:영어|JPPvvlkpy:일본어|CNPvvlkpy:중국어 간체,4
KOP6hqs2t,"천경자 탄생 100주년 기념 《격변의 시대, 여성 삶 예술》",문화관광,문화관광 > 전시시설,17,KOP6hqs2t:한국어|ENP6hqs2t:영어|JPP6hqs2t:일본어|CNP6hqs2t:중국어 간체|TCP6hqs2t:중국어 번체|RUP6hqs2t:러시아어,6
KOPyw61fy,청색변주 Blue Variations,문화관광,문화관광 > 전시시설,17,KOPyw61fy:한국어|ENPyw61fy:영어|JPPyw61fy:일본어|CNPyw61fy:중국어 간체|TCPyw61fy:중국어 번체,5
KOP9xfhqw,SeMA 옴니버스 《나는 우리를 사랑하고 싶다》,문화관광,문화관광 > 전시시설,17,KOP9xfhqw:한국어|ENP9xfhqw:영어|JPP9xfhqw:일본어|CNP9xfhqw:중국어 간체|TCP9xfhqw:중국어 번체,5
KOPhcg1td,《The Mindscape ; Encounters of the Third Kind (심상 풍경 : 미지와의 조우 )》,문화관광,문화관광 > 전시시설,17,KOPhcg1td:한국어|ENPhcg1td:영어|JPPhcg1td:일본어|CNPhcg1td:중국어 간체|TCPhcg1td:중국어 번체,5
KOPa4udir,카일리 매닝 : 황해,문화관광,문화관광 > 전시시설,17,KOPa4udir:한국어|ENPa4udir:영어|JPPa4udir:일본어|CNPa4udir:중국어 간체|TCPa4udir:중국어 번체,5
KOPu1vba8,《오픈 에어 뮤지엄_풍납토성》,문화관광,문화관광 > 전시시설,17,KOPu1vba8:한국어|ENPu1vba8:영어|JPPu1vba8:일본어|CNPu1vba8:중국어 간체|TCPu1vba8:중국어 번체,5
KOPe89h7l,"슈니따, 오제성 &lt;도깨비: 멀티 페르소나&gt;",문화관광,문화관광 > 전시시설,17,KOPe89h7l:한국어|ENPe89h7l:영어|JPPe89h7l:일본어|CNPe89h7l:중국어 간체|TCPe89h7l:중국어 번체,5
KOP2qn4qq,K-드라마 스포트라이트,문화관광,문화관광 > 전시시설,17,KOP2qn4qq:한국어|ENP2qn4qq:영어|JPP2qn4qq:일본어|CNP2qn4qq:중국어 간체|TCP2qn4qq:중국어 번체,5
KOPad2n9b,crosswalk,문화관광,문화관광 > 전시시설,17,KOPad2n9b:한국어|ENPad2n9b:영어|JPPad2n9b:일본어|CNPad2n9b:중국어 간체|TCPad2n9b:중국어 번체,5
KOPsrn1p5,서울 지하철 개통 50주년 기념 전시 &amp;lt;서울의 지하철&amp;gt;,문화관광,문화관광 > 전시시설,17,KOPsrn1p5:한국어|ENPsrn1p5:영어|JPPsrn1p5:일본어|CNPsrn1p5:중국어 간체|TCPsrn1p5:중국어 번체,5
KOP9923r7,너와 나 그리고 그곳에 展,문화관광,문화관광 > 전시시설,17,KOP9923r7:한국어|ENP9923r7:영어|JPP9923r7:일본어|CNP9923r7:중국어 간체|TCP9923r7:중국어 번체,5
KOPmfskyu,기록으로 산책하기_서울의 공원,문화관광,문화관광 > 전시시설,17,KOPmfskyu:한국어|ENPmfskyu:영어|JPPmfskyu:일본어|CNPmfskyu:중국어 간체|TCPmfskyu:중국어 번체,5
KOPgrw5c5,고터·세빛 관광안내소,문화관광,문화관광,17,KOPgrw5c5:한국어|ENPgrw5c5:영어|JPPgrw5c5:일본어|CNPgrw5c5:중국어 간체|TCPgrw5c5:중국어 번체,5
KOPdxudlq,MINSEONG KIM: False Alarm,문화관광,문화관광 > 전시시설,17,KOPdxudlq:한국어|ENPdxudlq:영어|JPPdxudlq:일본어|CNPdxudlq:중국어 간체|TCPdxudlq:중국어 번체,5
KOPxua216,갤러리모순,문화관광,문화관광 > 전시시설 > 미술관/화랑,17,KOPxua216:한국어|ENPxua216:영어|JPPxua216:일본어|CNPxua216:중국어 간체|TCPxua216:중국어 번체,5
KOPcyotr4,THART 띠아트,문화관광,문화관광 > 전시시설,18,KOPcyotr4:한국어|ENPcyotr4:영어|JPPcyotr4:일본어|CNPcyotr4:중국어 간체|TCPcyotr4:중국어 번체,5
KOPnnbbgy,숲속한방랜드,문화관광,문화관광 > 기타문화관광지,18,KOPnnbbgy:한국어|ENPnnbbgy:영어|JPPnnbbgy:일본어|CNPnnbbgy:중국어 간체|TCPnnbbgy:중국어 번체,5
KOPnizi31,강남 파인 크래프트 아트 클럽 전시회 展,문화관광,문화관광 > 전시시설,18,KOPnizi31:한국어|ENPnizi31:영어|JPPnizi31:일본어|CNPnizi31:중국어 간체|TCPnizi31:중국어 번체,5
KOP18biiq,"보신각, 시간의 울림",문화관광,문화관광 > 전시시설,18,KOP18biiq:한국어|ENP18biiq:영어|JPP18biiq:일본어|CNP18biiq:중국어 간체|TCP18biiq:중국어 번체,5
KOP4984rf,서울의 이용원,문화관광,문화관광 > 전시시설,18,KOP4984rf:한국어|ENP4984rf:영어|JPP4984rf:일본어|CNP4984rf:중국어 간체|TCP4984rf:중국어 번체,5
KOPmvbf3l,"삼각산금암미술관 &lt;초등 미술 교과서, 밖으로&gt;",문화관광,문화관광 > 전시시설,18,KOPmvbf3l:한국어|ENPmvbf3l:영어|JPPmvbf3l:일본어|CNPmvbf3l:중국어 간체|TCPmvbf3l:중국어 번체,5
KOPz8531l,윤기와 구홍의 &lt;구홍과 윤기&gt; Yoonkee &amp; Guhong&#039;s Guhong &amp; Yoonkee,문화관광,문화관광 > 전시시설,18,KOPz8531l:한국어|ENPz8531l:영어|JPPz8531l:일본어|CNPz8531l:중국어 간체|TCPz8531l:중국어 번체,5
KOPrn1wrn,서울달 (SEOULDAL),문화관광,문화관광 > 랜드마크관광,18,KOPrn1wrn:한국어|ENPrn1wrn:영어|JPPrn1wrn:일본어|CNPrn1wrn:중국어 간체|TCPrn1wrn:중국어 번체|RUPrn1wrn:러시아어|MLPrn1wrn:말레이어,7
KOPqkuw4r,뚝섬 윈드서핑장,문화관광,문화관광 > 레저스포츠시설,18,KOPqkuw4r:한국어|ENPqkuw4r:영어|JPPqkuw4r:일본어|CNPqkuw4r:중국어 간체|TCPqkuw4r:중국어 번체|RUPqkuw4r:러시아어|MLPqkuw4r:말레이어,7
KOP16izx7,김지희 개인전 DIVINITY,문화관광,문화관광 > 전시시설,18,KOP16izx7:한국어|ENP16izx7:영어|JPP16izx7:일본어|CNP16izx7:중국어 간체|TCP16izx7:중국어 번체,5
KOP6kc5mf,일무일악 一舞一樂,문화관광,문화관광 > 전시시설,18,KOP6kc5mf:한국어|ENP6kc5mf:영어|JPP6kc5mf:일본어|CNP6kc5mf:중국어 간체|TCP6kc5mf:중국어 번체,5
KOPpx8z5o,김소진의 보성소리 적벽가 완창,문화관광,문화관광 > 전시시설,18,KOPpx8z5o:한국어|ENPpx8z5o:영어|JPPpx8z5o:일본어|CNPpx8z5o:중국어 간체|TCPpx8z5o:중국어 번체,5
KOPbhq8vy,뚝섬 인공암벽장,문화관광,문화관광 > 레저스포츠시설,18,KOPbhq8vy:한국어|ENPbhq8vy:영어|JPPbhq8vy:일본어|CNPbhq8vy:중국어 간체|TCPbhq8vy:중국어 번체|RUPbhq8vy:러시아어|MLPbhq8vy:말레이어,7
KOPg8me67,투명하고 향기나는 천사의 날개 빛깔처럼,문화관광,문화관광 > 전시시설,18,KOPg8me67:한국어|ENPg8me67:영어|JPPg8me67:일본어|CNPg8me67:중국어 간체|TCPg8me67:중국어 번체,5
KOPtvunyc,"현대카드 뮤직 라이브러리, 현대카드 바이닐앤플라스틱",문화관광,문화관광 > 기타문화관광지,18,KOPtvunyc:한국어|ENPtvunyc:영어|JPPtvunyc:일본어|CNPtvunyc:중국어 간체|TCPtvunyc:중국어 번체|RUPtvunyc:러시아어|MLPtvunyc:말레이어,7
KOPy89nt5,"다시, 그리다展",문화관광,문화관광 > 전시시설,18,KOPy89nt5:한국어|ENPy89nt5:영어|JPPy89nt5:일본어|CNPy89nt5:중국어 간체|TCPy89nt5:중국어 번체,5
KOPmbgpkh,Bathtub &amp; Feather,문화관광,문화관광 > 전시시설,18,KOPmbgpkh:한국어|ENPmbgpkh:영어|JPPmbgpkh:일본어|CNPmbgpkh:중국어 간체|TCPmbgpkh:중국어 번체,5
KOP5y25gn,우리는 어디서 왔고 무엇이며 어디로 가는가? 展,문화관광,문화관광 > 전시시설,18,KOP5y25gn:한국어|ENP5y25gn:영어|JPP5y25gn:일본어|CNP5y25gn:중국어 간체|TCP5y25gn:중국어 번체,5
KOPtrioy0,전쟁을 겪은 어린이들의 이야기,문화관광,문화관광 > 전시시설,18,KOPtrioy0:한국어|ENPtrioy0:영어|JPPtrioy0:일본어|CNPtrioy0:중국어 간체|TCPtrioy0:중국어 번체,5
KOPnpbfuz,우리를 지켜주세요,문화관광,문화관광 > 전시시설,18,KOPnpbfuz:한국어|ENPnpbfuz:영어|JPPnpbfuz:일본어|CNPnpbfuz:중국어 간체|TCPnpbfuz:중국어 번체,5
KOPfb8q7l,순성기행(巡城紀行) : 19세기 선비의 눈을 통해 본 한양도성,문화관광,문화관광 > 전시시설,19,KOPfb8q7l:한국어|ENPfb8q7l:영어|JPPfb8q7l:일본어|CNPfb8q7l:중국어 간체|TCPfb8q7l:중국어 번체,5
KOP3r7zs1,서울의 젊은이와 대중가요,문화관광,문화관광 > 전시시설,19,KOP3r7zs1:한국어|ENP3r7zs1:영어|JPP3r7zs1:일본어|CNP3r7zs1:중국어 간체|TCP3r7zs1:중국어 번체,5
KOPpbvzoo,동심(童心),문화관광,문화관광 > 전시시설,19,KOPpbvzoo:한국어|ENPpbvzoo:영어|JPPpbvzoo:일본어|CNPpbvzoo:중국어 간체|TCPpbvzoo:중국어 번체,5
KOPe3alnl,불빛정원(옛 화랑대역),문화관광,문화관광 > 테마공원,19,KOPe3alnl:한국어|ENPe3alnl:영어|JPPe3alnl:일본어|CNPe3alnl:중국어 간체|TCPe3alnl:중국어 번체|RUPe3alnl:러시아어|MLPe3alnl:말레이어,7
KOPhr5agm,Warm&amp;Cool ART Collection 展,문화관광,문화관광 > 전시시설,19,KOPhr5agm:한국어|ENPhr5agm:영어|JPPhr5agm:일본어|CNPhr5agm:중국어 간체|TCPhr5agm:중국어 번체,5
KOPo1wsp6,DMAU 프로젝트 &lt;인잇&gt;,문화관광,문화관광 > 전시시설,19,KOPo1wsp6:한국어|ENPo1wsp6:영어|JPPo1wsp6:일본어|CNPo1wsp6:중국어 간체|TCPo1wsp6:중국어 번체,5
KOPwglig5,소원을 말해봐,문화관광,문화관광 > 전시시설,19,KOPwglig5:한국어|ENPwglig5:영어|JPPwglig5:일본어|CNPwglig5:중국어 간체|TCPwglig5:중국어 번체,5
KOPgcblme,중앙고등학교,문화관광,문화관광 > 교육시설,19,KOPgcblme:한국어|ENPgcblme:영어|JPPgcblme:일본어|CNPgcblme:중국어 간체|TCPgcblme:중국어 번체,5
KOPrzvy6d,에디 마티네즈 개인전 &lt;투 비 컨티뉴드&gt;,문화관광,문화관광 > 전시시설,19,KOPrzvy6d:한국어|ENPrzvy6d:영어|JPPrzvy6d:일본어|CNPrzvy6d:중국어 간체|TCPrzvy6d:중국어 번체,5
KOPuf1clc,타카하타 이사오전,문화관광,문화관광 > 전시시설,19,KOPuf1clc:한국어|ENPuf1clc:영어|JPPuf1clc:일본어|CNPuf1clc:중국어 간체|TCPuf1clc:중국어 번체|RUPuf1clc:러시아어,6
KOPzyabwl,Smile Keeper 展,문화관광,문화관광 > 전시시설,19,KOPzyabwl:한국어|ENPzyabwl:영어|JPPzyabwl:일본어|CNPzyabwl:중국어 간체|TCPzyabwl:중국어 번체,5
KOPqft0dj,길드는 서로들,문화관광,문화관광 > 전시시설,19,KOPqft0dj:한국어|ENPqft0dj:영어|JPPqft0dj:일본어|CNPqft0dj:중국어 간체|TCPqft0dj:중국어 번체|RUPqft0dj:러시아어,6
KOPk2a199,뮤지엄김치간 Story &amp; History,문화관광,문화관광 > 전시시설,19,KOPk2a199:한국어|ENPk2a199:영어|JPPk2a199:일본어|CNPk2a199:중국어 간체|TCPk2a199:중국어 번체,5
KOPzef7ak,황홀한 증식 : Euphoric Proliferation,문화관광,문화관광 > 전시시설,19,KOPzef7ak:한국어|ENPzef7ak:영어|JPPzef7ak:일본어|CNPzef7ak:중국어 간체|TCPzef7ak:중국어 번체,5
KOPoig3k4,시공時空 시나리오,문화관광,문화관광 > 전시시설,19,KOPoig3k4:한국어|ENPoig3k4:영어|JPPoig3k4:일본어|CNPoig3k4:중국어 간체|TCPoig3k4:중국어 번체,5
KOPe5w2yc,양화한강공원,문화관광,문화관광 > 도시공원,19,KOPe5w2yc:한국어|ENPe5w2yc:영어|JPPe5w2yc:일본어|CNPe5w2yc:중국어 간체|TCPe5w2yc:중국어 번체|RUPe5w2yc:러시아어|MLPe5w2yc:말레이어,7
KOP678cv8,옛시장실 재현 공간,문화관광,문화관광 > 전시시설 > 기타전시시설,19,KOP678cv8:한국어|ENP678cv8:영어|JPP678cv8:일본어|CNP678cv8:중국어 간체|TCP678cv8:중국어 번체|RUP678cv8:러시아어|MLP678cv8:말레이어,7
KOPkifmep,새벽부터 황혼까지 - 스웨덴국립미술관 컬렉션,문화관광,문화관광 > 전시시설,19,KOPkifmep:한국어|ENPkifmep:영어|JPPkifmep:일본어|CNPkifmep:중국어 간체|TCPkifmep:중국어 번체|RUPkifmep:러시아어,6
KOPfztlks,"유토피아: 노웨어, 나우 히어",문화관광,문화관광 > 전시시설,19,KOPfztlks:한국어|ENPfztlks:영어|JPPfztlks:일본어|CNPfztlks:중국어 간체|TCPfztlks:중국어 번체|RUPfztlks:러시아어,6
KOPwgc1w7,20 Episodes of her 展,문화관광,문화관광 > 전시시설,19,KOPwgc1w7:한국어,1
KOPloueuq,Dreaming Paradise 展,문화관광,문화관광 > 전시시설,20,KOPloueuq:한국어,1
KOPjltxu8,2024 delight Seoul (딜라이트 서울),문화관광,문화관광 > 전시시설,20,KOPjltxu8:한국어|ENPjltxu8:영어|JPPjltxu8:일본어|CNPjltxu8:중국어 간체|TCPjltxu8:중국어 번체,5
KOP5k7sv5,구본창의 항해,문화관광,문화관광 > 전시시설,20,KOP5k7sv5:한국어|ENP5k7sv5:영어|JPP5k7sv5:일본어|CNP5k7sv5:중국어 간체|TCP5k7sv5:중국어 번체,5
KOPdhvwbf,낯선 시선으로부터,문화관광,문화관광 > 전시시설,20,KOPdhvwbf:한국어|ENPdhvwbf:영어|JPPdhvwbf:일본어|CNPdhvwbf:중국어 간체|TCPdhvwbf:중국어 번체,5
KOPnmp0dt,캘린더전 2024,문화관광,문화관광 > 전시시설,20,KOPnmp0dt:한국어|ENPnmp0dt:영어|JPPnmp0dt:일본어|CNPnmp0dt:중국어 간체|TCPnmp0dt:중국어 번체,5
KOPtu01xt,내 손 위의 Super Moon : 달항아리 展,문화관광,문화관광 > 전시시설,20,KOPtu01xt:한국어|ENPtu01xt:영어|JPPtu01xt:일본어|CNPtu01xt:중국어 간체|TCPtu01xt:중국어 번체,5
KOPbtl4l5,유이치 히라코《여행》,문화관광,문화관광 > 전시시설,20,KOPbtl4l5:한국어|ENPbtl4l5:영어|JPPbtl4l5:일본어|CNPbtl4l5:중국어 간체|TCPbtl4l5:중국어 번체,5
KOP3pv6se,허상욱《분청산책 : Buncheong Stroll》,문화관광,문화관광 > 전시시설,20,KOP3pv6se:한국어|ENP3pv6se:영어|JPP3pv6se:일본어|CNP3pv6se:중국어 간체|TCP3pv6se:중국어 번체,5
KOPdq9fcr,2023 세종미술관 기획전시《필묵변혁-송수남 황창배》 &#039;현대수묵의 두 시선&#039;,문화관광,문화관광 > 전시시설,20,KOPdq9fcr:한국어|ENPdq9fcr:영어|JPPdq9fcr:일본어|CNPdq9fcr:중국어 간체|TCPdq9fcr:중국어 번체,5
KOP3r5br9,2023 홈·테이블데코페어,문화관광,문화관광 > 전시시설,20,KOP3r5br9:한국어|ENP3r5br9:영어|JPP3r5br9:일본어|CNP3r5br9:중국어 간체|TCP3r5br9:중국어 번체,5
KOPzyjusk,제10회 한일포토콘테스트 수상작품전 (김포국제공항),문화관광,문화관광 > 전시시설,20,KOPzyjusk:한국어|JPPzyjusk:일본어,2
KOPpq0clc,정재일 콘서트 - Listen,문화관광,문화관광 > 전시시설,20,KOPpq0clc:한국어|ENPpq0clc:영어|JPPpq0clc:일본어|CNPpq0clc:중국어 간체|TCPpq0clc:중국어 번체,5
KOPyfsp0k,손길모양,문화관광,문화관광 > 전시시설,20,KOPyfsp0k:한국어|ENPyfsp0k:영어|JPPyfsp0k:일본어|CNPyfsp0k:중국어 간체|TCPyfsp0k:중국어 번체,5
KOPotfyui,국악공연 시리즈 첫번째 &lt;일각이&gt;,문화관광,문화관광 > 전시시설,20,KOPotfyui:한국어|ENPotfyui:영어|CNPotfyui:중국어 간체,3
KOPpylv57,GWTF: Go with the Flow,문화관광,문화관광 > 전시시설,20,KOPpylv57:한국어|ENPpylv57:영어|JPPpylv57:일본어|CNPpylv57:중국어 간체|TCPpylv57:중국어 번체,5
KOP5gy81t,한글파크아카데미,문화관광,문화관광 > 교육시설,20,KOP5gy81t:한국어|ENP5gy81t:영어|JPP5gy81t:일본어|CNP5gy81t:중국어 간체|TCP5gy81t:중국어 번체,5
KOP5icc8k,바라보다 展,문화관광,문화관광 > 전시시설,20,KOP5icc8k:한국어|ENP5icc8k:영어|JPP5icc8k:일본어|CNP5icc8k:중국어 간체|TCP5icc8k:중국어 번체,5
KOPx61vzb,"박현성, 윤석원 &lt;어저께의 나머지에 오늘을 붙여 : The rest of today going to tomorrow&gt;",문화관광,문화관광 > 전시시설,20,KOPx61vzb:한국어|ENPx61vzb:영어|JPPx61vzb:일본어|CNPx61vzb:중국어 간체|TCPx61vzb:중국어 번체,5
KOPn1ua1r,서울시립과학관,문화관광,문화관광 > 교육시설,20,KOPn1ua1r:한국어|ENPn1ua1r:영어|JPPn1ua1r:일본어|CNPn1ua1r:중국어 간체|TCPn1ua1r:중국어 번체,5
KOPski6au,Alone but Together 展,문화관광,문화관광,20,KOPski6au:한국어|ENPski6au:영어|JPPski6au:일본어|CNPski6au:중국어 간체|TCPski6au:중국어 번체,5
KOPrlt4bh,"빛의 시어터 : 달리, 끝없는 수수께끼",문화관광,문화관광 > 전시시설,21,KOPrlt4bh:한국어|ENPrlt4bh:영어|JPPrlt4bh:일본어|CNPrlt4bh:중국어 간체|TCPrlt4bh:중국어 번체,5
KOPsbk889,"《농담 : 내게서 번져, 당신에게 건네는》",문화관광,문화관광 > 전시시설,21,KOPsbk889:한국어|ENPsbk889:영어|JPPsbk889:일본어|CNPsbk889:중국어 간체|TCPsbk889:중국어 번체,5
KOP1zyxhn,공중정원,문화관광,문화관광 > 전시시설,21,KOP1zyxhn:한국어|ENP1zyxhn:영어|JPP1zyxhn:일본어|CNP1zyxhn:중국어 간체|TCP1zyxhn:중국어 번체,5
KOPhwbm10,≪SeMA 앤솔러지: 열 개의 주문≫,문화관광,문화관광 > 전시시설,21,KOPhwbm10:한국어|ENPhwbm10:영어|JPPhwbm10:일본어|CNPhwbm10:중국어 간체|TCPhwbm10:중국어 번체,5
KOPz5kf0x,로카 3주년 기념 사진전 : 뉴욕을 걷다,문화관광,문화관광 > 전시시설,21,KOPz5kf0x:한국어|ENPz5kf0x:영어|JPPz5kf0x:일본어|CNPz5kf0x:중국어 간체|TCPz5kf0x:중국어 번체,5
KOP8j7w39,권진규의 영원한 집,문화관광,문화관광 > 전시시설,21,KOP8j7w39:한국어|ENP8j7w39:영어|JPP8j7w39:일본어|CNP8j7w39:중국어 간체|TCP8j7w39:중국어 번체,5
KOP1wzrx2,《수집된 순간들 (Collection of Moments)》,문화관광,문화관광 > 전시시설,21,KOP1wzrx2:한국어|ENP1wzrx2:영어|JPP1wzrx2:일본어|CNP1wzrx2:중국어 간체|TCP1wzrx2:중국어 번체,5
KOP1ps3fb,≪쉿!≫,문화관광,문화관광 > 전시시설,21,KOP1ps3fb:한국어|ENP1ps3fb:영어|JPP1ps3fb:일본어|CNP1ps3fb:중국어 간체|TCP1ps3fb:중국어 번체,5
KOPyie8if,제4회 서울도시건축비엔날레,문화관광,문화관광 > 전시시설,21,KOPyie8if:한국어|ENPyie8if:영어|JPPyie8if:일본어|CNPyie8if:중국어 간체|TCPyie8if:중국어 번체,5
KOPgklb6g,"정관, 김혜주 &lt;미해결의 장 : Unresolved Chapter&gt;",문화관광,문화관광 > 전시시설,21,KOPgklb6g:한국어|ENPgklb6g:영어|JPPgklb6g:일본어|CNPgklb6g:중국어 간체|TCPgklb6g:중국어 번체,5
KOPhi142j,NUMAZ WHOLESALE WEEK,문화관광,문화관광 > 전시시설,21,KOPhi142j:한국어|ENPhi142j:영어|JPPhi142j:일본어|CNPhi142j:중국어 간체|TCPhi142j:중국어 번체,5
KOPk4sx8q,2023 서울국제공연예술제(SPAF),문화관광,문화관광 > 전시시설,21,KOPk4sx8q:한국어|ENPk4sx8q:영어|JPPk4sx8q:일본어|CNPk4sx8q:중국어 간체|TCPk4sx8q:중국어 번체,5
KOPg4p0aa,서울시립교향악단 광복 78주년 기념음악회,문화관광,문화관광 > 전시시설,21,KOPg4p0aa:한국어|ENPg4p0aa:영어|JPPg4p0aa:일본어|CNPg4p0aa:중국어 간체|TCPg4p0aa:중국어 번체,5
KOPsfb8bl,2023 서울시립교향악단 파크 콘서트,문화관광,문화관광 > 전시시설,21,KOPsfb8bl:한국어|ENPsfb8bl:영어|JPPsfb8bl:일본어|CNPsfb8bl:중국어 간체|TCPsfb8bl:중국어 번체,5
KOP4cq7rr,서울라이트 DDP 2023 가을,문화관광,문화관광 > 전시시설,21,KOP4cq7rr:한국어|ENP4cq7rr:영어|JPP4cq7rr:일본어|CNP4cq7rr:중국어 간체|TCP4cq7rr:중국어 번체,5
KOPhxe78f,제 14회 에듀플러스위크 (Korea lnt’l EDUCATION WEEK 2023),문화관광,문화관광 > 전시시설,21,KOPhxe78f:한국어|ENPhxe78f:영어|JPPhxe78f:일본어|CNPhxe78f:중국어 간체|TCPhxe78f:중국어 번체,5
KOPrfwk6e,2023 코리아빌드위크,문화관광,문화관광 > 전시시설,21,KOPrfwk6e:한국어|ENPrfwk6e:영어|JPPrfwk6e:일본어|CNPrfwk6e:중국어 간체|TCPrfwk6e:중국어 번체,5
KOP9vuxuv,김병구 개인전 《7am Green pew》,문화관광,문화관광 > 전시시설,21,KOP9vuxuv:한국어|ENP9vuxuv:영어|JPP9vuxuv:일본어|CNP9vuxuv:중국어 간체|TCP9vuxuv:중국어 번체,5
KOPsbarih,A Magical day,문화관광,문화관광 > 전시시설,21,KOPsbarih:한국어|ENPsbarih:영어|CNPsbarih:중국어 간체|TCPsbarih:중국어 번체,4
KOPowtoyc,서울스카이,문화관광,문화관광 > 랜드마크관광,21,KOPowtoyc:한국어|ENPowtoyc:영어|JPPowtoyc:일본어|CNPowtoyc:중국어 간체|TCPowtoyc:중국어 번체,5
KOPsnugjh,2018-2022 가파도 아티스트 인 레지던스 참여작가전 《투명성: 감각과 마음》,문화관광,문화관광 > 전시시설,22,KOPsnugjh:한국어|ENPsnugjh:영어|JPPsnugjh:일본어|CNPsnugjh:중국어 간체|TCPsnugjh:중국어 번체,5
KOP24o1g5,조경재 &lt;절대적 재구축 : Absolute Reconstruction&gt;,문화관광,문화관광 > 전시시설,22,KOP24o1g5:한국어|ENP24o1g5:영어|JPP24o1g5:일본어|CNP24o1g5:중국어 간체|TCP24o1g5:중국어 번체,5
KOPxj9byw,갤러리 지우헌,문화관광,문화관광 > 전시시설,22,KOPxj9byw:한국어|ENPxj9byw:영어|JPPxj9byw:일본어|CNPxj9byw:중국어 간체|TCPxj9byw:중국어 번체,5
KOPi1olcq,‘환혼: 빛과 그림자’ 몰입형 미디어 아트 전시,문화관광,문화관광 > 전시시설,22,KOPi1olcq:한국어|ENPi1olcq:영어|JPPi1olcq:일본어|CNPi1olcq:중국어 간체|TCPi1olcq:중국어 번체,5
KOP6zvjr6,뚝섬한강공원 X-게임장,문화관광,문화관광 > 레저스포츠시설,22,KOP6zvjr6:한국어|ENP6zvjr6:영어|JPP6zvjr6:일본어|CNP6zvjr6:중국어 간체|TCP6zvjr6:중국어 번체|RUP6zvjr6:러시아어|MLP6zvjr6:말레이어,7
KOPa0muuu,한강이야기전시관,문화관광,문화관광 > 기타문화관광지,22,KOPa0muuu:한국어|ENPa0muuu:영어|JPPa0muuu:일본어|CNPa0muuu:중국어 간체|TCPa0muuu:중국어 번체,5
KOPqnwgc7,"Mood, sunday",문화관광,문화관광 > 전시시설,22,KOPqnwgc7:한국어|ENPqnwgc7:영어|JPPqnwgc7:일본어|CNPqnwgc7:중국어 간체|TCPqnwgc7:중국어 번체,5
KOP129lpb,SM엔터테인먼트,문화관광,문화관광,22,KOP129lpb:한국어|ENP129lpb:영어|JPP129lpb:일본어|CNP129lpb:중국어 간체|TCP129lpb:중국어 번체,5
KOP5zna0p,가나아트 컬렉션 기획상설전 《80 도시현실》,문화관광,문화관광 > 전시시설,22,KOP5zna0p:한국어|ENP5zna0p:영어|JPP5zna0p:일본어|CNP5zna0p:중국어 간체|TCP5zna0p:중국어 번체,5
KOPxv4p1y,무한기둥-확산,문화관광,문화관광 > 전시시설,22,KOPxv4p1y:한국어|ENPxv4p1y:영어|JPPxv4p1y:일본어|CNPxv4p1y:중국어 간체|TCPxv4p1y:중국어 번체,5
KOPx138ls,거안,문화관광,문화관광 > 전시시설 > 기타전시시설,22,KOPx138ls:한국어|ENPx138ls:영어|JPPx138ls:일본어|CNPx138ls:중국어 간체|TCPx138ls:중국어 번체,5
KOPer9yef,갤러리에서 찾은 행복 Recipe,문화관광,문화관광 > 전시시설,22,KOPer9yef:한국어|ENPer9yef:영어|JPPer9yef:일본어|CNPer9yef:중국어 간체|TCPer9yef:중국어 번체,5
KOPgpl1c3,발푸르기스의 밤: 한국의 마녀들,문화관광,문화관광 > 전시시설,22,KOPgpl1c3:한국어|ENPgpl1c3:영어|JPPgpl1c3:일본어|CNPgpl1c3:중국어 간체|TCPgpl1c3:중국어 번체,5
KOPav9wgq,B the B,문화관광,문화관광 > 전시시설,22,KOPav9wgq:한국어|ENPav9wgq:영어|JPPav9wgq:일본어|CNPav9wgq:중국어 간체|TCPav9wgq:중국어 번체,5
KOP6w9tgb,SEOUL VIBE[서울 바이브],문화관광,문화관광 > 전시시설,22,KOP6w9tgb:한국어|ENP6w9tgb:영어|JPP6w9tgb:일본어|CNP6w9tgb:중국어 간체|TCP6w9tgb:중국어 번체,5
KOPer1hnq,[S-TCEP]2023 서울시향 오스모 벤스케의 시벨리우스 교향곡 2번,문화관광,문화관광 > 전시시설,22,KOPer1hnq:한국어|ENPer1hnq:영어|JPPer1hnq:일본어|CNPer1hnq:중국어 간체|TCPer1hnq:중국어 번체,5
KOPgzt4p3,[S-TCEP]2023 서울시향 코파친스카야의 쇼스타코비치,문화관광,문화관광 > 전시시설,22,KOPgzt4p3:한국어|ENPgzt4p3:영어|JPPgzt4p3:일본어|CNPgzt4p3:중국어 간체|TCPgzt4p3:중국어 번체,5
KOPqljohs,[S-TCEP]DDP 디자인 아카이브 KSVD: 1972~1993,문화관광,문화관광 > 전시시설,22,KOPqljohs:한국어|ENPqljohs:영어|CNPqljohs:중국어 간체,3
KOPua5zwq,[S-TCEP]뮤지컬 캣츠 내한공연-서울 (Musical CATS),문화관광,문화관광 > 전시시설,22,KOPua5zwq:한국어|ENPua5zwq:영어|JPPua5zwq:일본어|CNPua5zwq:중국어 간체|TCPua5zwq:중국어 번체,5
KOP042446,김중업 건축문화의집,문화관광,문화관광 > 전시시설,22,KOP042446:한국어|ENP042446:영어,2
KOP042352,최만린미술관,문화관광,문화관광 > 전시시설 > 미술관/화랑,23,KOP042352:한국어|ENP042352:영어,2
KOP042350,박노수미술관,문화관광,문화관광 > 전시시설,23,KOP042350:한국어|ENP042350:영어|JPP042350:일본어|CNP042350:중국어 간체|TCP042350:중국어 번체,5
KOP042328,무역센터 (WTC Seoul),문화관광,문화관광 > 랜드마크관광,23,KOP042328:한국어|ENP042328:영어|JPP042328:일본어|CNP042328:중국어 간체|TCP042328:중국어 번체,5
KOP042288,그래픽,문화관광,문화관광 > 기타문화관광지,23,KOP042288:한국어|ENP042288:영어|JPP042288:일본어|CNP042288:중국어 간체|TCP042288:중국어 번체,5
KOP042255,피겨앤그라운드,문화관광,문화관광 > 기타문화관광지,23,KOP042255:한국어|ENP042255:영어,2
KOP042078,인천국제공항 제 1터미널 서울관광정보센터 (서편),문화관광,문화관광,23,KOP042078:한국어|ENP042078:영어|JPP042078:일본어|CNP042078:중국어 간체|TCP042078:중국어 번체,5
KOP042009,남산예장공원,문화관광,문화관광 > 도시공원,23,KOP042009:한국어|ENP042009:영어,2
KOP041926,송파 책박물관,문화관광,문화관광 > 전시시설 > 박물관,23,KOP041926:한국어|ENP041926:영어,2
KOP041903,김근태기념도서관,문화관광,문화관광,23,KOP041903:한국어|ENP041903:영어,2
KOP041681,한국금융사박물관,문화관광,문화관광 > 전시시설,23,KOP041681:한국어|ENP041681:영어|JPP041681:일본어|CNP041681:중국어 간체|TCP041681:중국어 번체,5
KOP041116,제12회 서울미디어시티비엔날레 사전프로그램 &lt;br&gt;《정거장》,문화관광,문화관광 > 전시시설,23,KOP041116:한국어|ENP041116:영어|JPP041116:일본어|CNP041116:중국어 간체|TCP041116:중국어 번체|RUP041116:러시아어|MLP041116:말레이어,7
KOP041095,잠실대교,문화관광,문화관광 > 랜드마크관광,23,KOP041095:한국어|ENP041095:영어|JPP041095:일본어|CNP041095:중국어 간체|TCP041095:중국어 번체|RUP041095:러시아어|MLP041095:말레이어,7
KOP040938,"국립한글박물관 상설전시 &lt;br&gt;&lt;훈민정음, 천년의 문자 계획&gt;",문화관광,문화관광 > 전시시설,23,KOP040938:한국어|ENP040938:영어|JPP040938:일본어|CNP040938:중국어 간체|TCP040938:중국어 번체|RUP040938:러시아어|MLP040938:말레이어,7
KOP040770,국립기상박물관,문화관광,문화관광 > 전시시설,23,KOP040770:한국어|ENP040770:영어|JPP040770:일본어|CNP040770:중국어 간체|TCP040770:중국어 번체|RUP040770:러시아어|MLP040770:말레이어,7
KOP040673,인디스페이스,문화관광,문화관광 > 기타문화관광지,23,KOP040673:한국어|ENP040673:영어|JPP040673:일본어|CNP040673:중국어 간체|TCP040673:중국어 번체|RUP040673:러시아어|MLP040673:말레이어,7
KOP040172,교보문고 광화문점,문화관광,문화관광 > 기타문화관광지,23,KOP040172:한국어|ENP040172:영어|JPP040172:일본어|CNP040172:중국어 간체|TCP040172:중국어 번체|RUP040172:러시아어|MLP040172:말레이어,7
KOP039729,더숲 초소책방,문화관광,문화관광 > 기타문화관광지,23,KOP039729:한국어|ENP039729:영어|JPP039729:일본어|CNP039729:중국어 간체|TCP039729:중국어 번체|RUP039729:러시아어|MLP039729:말레이어,7
KOP039726,후암서재,문화관광,문화관광 > 기타문화관광지,23,KOP039726:한국어|ENP039726:영어|JPP039726:일본어|CNP039726:중국어 간체|TCP039726:중국어 번체|RUP039726:러시아어|MLP039726:말레이어,7
KOP039725,북파크라운지,문화관광,문화관광 > 기타문화관광지,23,KOP039725:한국어|ENP039725:영어|JPP039725:일본어|CNP039725:중국어 간체|TCP039725:중국어 번체|RUP039725:러시아어|MLP039725:말레이어,7
KOP039724,소전서림,문화관광,문화관광 > 기타문화관광지,23,KOP039724:한국어|ENP039724:영어|JPP039724:일본어|CNP039724:중국어 간체|TCP039724:중국어 번체|RUP039724:러시아어|MLP039724:말레이어,7
KOP039707,효창공원,문화관광,문화관광 > 도시공원,24,KOP039707:한국어|ENP039707:영어|JPP039707:일본어|CNP039707:중국어 간체|TCP039707:중국어 번체|RUP039707:러시아어|MLP039707:말레이어,7
KOP039706,서리풀 공원,문화관광,문화관광 > 도시공원,24,KOP039706:한국어|ENP039706:영어|JPP039706:일본어|CNP039706:중국어 간체|TCP039706:중국어 번체|RUP039706:러시아어|MLP039706:말레이어,7
KOP039311,맹그로브 신설,문화관광,문화관광 > 기타문화관광지,24,KOP039311:한국어|ENP039311:영어|JPP039311:일본어|CNP039311:중국어 간체|TCP039311:중국어 번체|RUP039311:러시아어|MLP039311:말레이어,7
KOP038861,월드컵공원 반려견놀이터,문화관광,문화관광 > 도시공원,24,KOP038861:한국어|ENP038861:영어|JPP038861:일본어|CNP038861:중국어 간체|TCP038861:중국어 번체|RUP038861:러시아어|MLP038861:말레이어,7
KOP038858,가을단풍길(월드컵로),문화관광,문화관광 > 랜드마크관광,24,KOP038858:한국어|ENP038858:영어|JPP038858:일본어|CNP038858:중국어 간체|TCP038858:중국어 번체|RUP038858:러시아어|MLP038858:말레이어,7
KOP038243,서울생활사박물관,문화관광,문화관광 > 전시시설 > 박물관,24,KOP038243:한국어|ENP038243:영어|JPP038243:일본어|CNP038243:중국어 간체|TCP038243:중국어 번체|RUP038243:러시아어|MLP038243:말레이어,7
KOP038104,제로월드 강남점,문화관광,문화관광 > 기타문화관광지,24,KOP038104:한국어|ENP038104:영어|JPP038104:일본어|CNP038104:중국어 간체|TCP038104:중국어 번체|RUP038104:러시아어|MLP038104:말레이어,7
KOP038092,서울공예박물관,문화관광,문화관광 > 전시시설 > 박물관,24,KOP038092:한국어|ENP038092:영어|JPP038092:일본어|CNP038092:중국어 간체|TCP038092:중국어 번체|RUP038092:러시아어|MLP038092:말레이어,7
KOP038021,국립항공박물관,문화관광,문화관광 > 전시시설 > 박물관,24,KOP038021:한국어|ENP038021:영어|JPP038021:일본어|CNP038021:중국어 간체|TCP038021:중국어 번체|RUP038021:러시아어|MLP038021:말레이어,7
KOP037583,서울관광플라자 관광정보센터,문화관광,문화관광 > 전시시설 > 기타전시시설,24,KOP037583:한국어|ENP037583:영어|JPP037583:일본어|CNP037583:중국어 간체|TCP037583:중국어 번체|RUP037583:러시아어|MLP037583:말레이어,7
KOP037367,롯데월드 아쿠아리움,문화관광,문화관광 > 테마공원,24,KOP037367:한국어|ENP037367:영어|JPP037367:일본어|CNP037367:중국어 간체|TCP037367:중국어 번체|RUP037367:러시아어|MLP037367:말레이어,7
KOP037194,스터디룸 TRYGROUND,문화관광,문화관광 > 기타문화관광지,24,KOP037194:한국어|ENP037194:영어|JPP037194:일본어|CNP037194:중국어 간체|TCP037194:중국어 번체|RUP037194:러시아어|MLP037194:말레이어,7
KOP037160,경의선 숲길,문화관광,문화관광 > 도시공원,24,KOP037160:한국어|ENP037160:영어|JPP037160:일본어|CNP037160:중국어 간체|TCP037160:중국어 번체|RUP037160:러시아어|MLP037160:말레이어,7
KOP037158,자하문터널,문화관광,문화관광 > 랜드마크관광,24,KOP037158:한국어|ENP037158:영어|JPP037158:일본어|CNP037158:중국어 간체|TCP037158:중국어 번체|RUP037158:러시아어|MLP037158:말레이어,7
KOP037130,일자산허브천문공원,문화관광,문화관광 > 도시공원,24,KOP037130:한국어|ENP037130:영어|JPP037130:일본어|CNP037130:중국어 간체|TCP037130:중국어 번체|RUP037130:러시아어|MLP037130:말레이어,7
KOP037044,KCDF갤러리,문화관광,문화관광 > 전시시설 > 미술관/화랑,24,KOP037044:한국어|ENP037044:영어|JPP037044:일본어|CNP037044:중국어 간체|TCP037044:중국어 번체|RUP037044:러시아어|MLP037044:말레이어,7
KOP037010,광진숲나루,문화관광,문화관광 > 도시공원,24,KOP037010:한국어|ENP037010:영어|JPP037010:일본어|CNP037010:중국어 간체|TCP037010:중국어 번체|RUP037010:러시아어|MLP037010:말레이어,7
KOP037008,익선동 한옥거리,문화관광,문화관광 > 랜드마크관광,24,KOP037008:한국어|ENP037008:영어|JPP037008:일본어|CNP037008:중국어 간체|TCP037008:중국어 번체|RUP037008:러시아어|MLP037008:말레이어,7
KOP036989,서초문화예술공원,문화관광,문화관광 > 도시공원,24,KOP036989:한국어|ENP036989:영어|JPP036989:일본어|CNP036989:중국어 간체|TCP036989:중국어 번체|RUP036989:러시아어|MLP036989:말레이어,7
KOP036973,서순라길,문화관광,문화관광 > 도시공원,24,KOP036973:한국어|ENP036973:영어|JPP036973:일본어|CNP036973:중국어 간체|TCP036973:중국어 번체|RUP036973:러시아어|MLP036973:말레이어,7
KOP036971,살곶이길,문화관광,문화관광 > 도시공원,25,KOP036971:한국어|ENP036971:영어|JPP036971:일본어|CNP036971:중국어 간체|TCP036971:중국어 번체|RUP036971:러시아어|MLP036971:말레이어,7
KOP036947,가을단풍길 - 남산남측순환로,문화관광,문화관광 > 도시공원,25,KOP036947:한국어|ENP036947:영어|JPP036947:일본어|CNP036947:중국어 간체|TCP036947:중국어 번체|RUP036947:러시아어|MLP036947:말레이어,7
KOP035622,화랑대 철도공원,문화관광,문화관광 > 도시공원,25,KOP035622:한국어|ENP035622:영어|JPP035622:일본어|CNP035622:중국어 간체|TCP035622:중국어 번체|RUP035622:러시아어|MLP035622:말레이어,7
KOP035621,마포구 메타세쿼이아 숲길,문화관광,문화관광 > 도시공원,25,KOP035621:한국어|ENP035621:영어|JPP035621:일본어|CNP035621:중국어 간체|TCP035621:중국어 번체|RUP035621:러시아어|MLP035621:말레이어,7
KOP035570,모두의 학교,문화관광,문화관광 > 교육시설,25,KOP035570:한국어|ENP035570:영어|JPP035570:일본어|CNP035570:중국어 간체|TCP035570:중국어 번체|RUP035570:러시아어,6
KOP035405,국립한글박물관,문화관광,문화관광 > 전시시설,25,KOP035405:한국어|ENP035405:영어|JPP035405:일본어|CNP035405:중국어 간체|TCP035405:중국어 번체|RUP035405:러시아어|MLP035405:말레이어,7
KOP035072,난지천공원,문화관광,문화관광 > 도시공원,25,KOP035072:한국어|ENP035072:영어|JPP035072:일본어|CNP035072:중국어 간체|TCP035072:중국어 번체|RUP035072:러시아어|MLP035072:말레이어,7
KOP035015,남산케이블카,문화관광,문화관광 > 랜드마크관광,25,KOP035015:한국어|ENP035015:영어|JPP035015:일본어|CNP035015:중국어 간체|TCP035015:중국어 번체|RUP035015:러시아어|MLP035015:말레이어,7
KOP034909,김달진미술자료박물관,문화관광,문화관광 > 전시시설 > 미술관/화랑,25,KOP034909:한국어|ENP034909:영어|JPP034909:일본어|CNP034909:중국어 간체|TCP034909:중국어 번체|RUP034909:러시아어,6
KOP034860,전태일기념관,문화관광,문화관광 > 전시시설 > 기타전시시설,25,KOP034860:한국어|ENP034860:영어|JPP034860:일본어|CNP034860:중국어 간체|TCP034860:중국어 번체|RUP034860:러시아어,6
KOP034857,서울기록원,문화관광,문화관광 > 전시시설 > 기타전시시설,25,KOP034857:한국어|ENP034857:영어|JPP034857:일본어|CNP034857:중국어 간체|TCP034857:중국어 번체|RUP034857:러시아어|MLP034857:말레이어,7
KOP034835,서울동행상회,문화관광,문화관광 > 기타문화관광지,25,KOP034835:한국어|ENP034835:영어|JPP034835:일본어|CNP034835:중국어 간체|TCP034835:중국어 번체|RUP034835:러시아어|MLP034835:말레이어,7
KOP034492,스매싱볼 청담점,문화관광,문화관광 > 레저스포츠시설,25,KOP034492:한국어|ENP034492:영어|JPP034492:일본어|CNP034492:중국어 간체|TCP034492:중국어 번체|RUP034492:러시아어|MLP034492:말레이어,7
KOP034489,콤콤오락실,문화관광,문화관광 > 기타문화관광지,25,KOP034489:한국어|ENP034489:영어|JPP034489:일본어|CNP034489:중국어 간체|TCP034489:중국어 번체|RUP034489:러시아어|MLP034489:말레이어,7
KOP034360,원밀리언 댄스 스튜디오,문화관광,문화관광 > 레저스포츠시설,25,KOP034360:한국어|ENP034360:영어|JPP034360:일본어|CNP034360:중국어 간체|TCP034360:중국어 번체|RUP034360:러시아어|MLP034360:말레이어,7
KOP034149,서울도시건축전시관,문화관광,문화관광 > 전시시설 > 박물관,25,KOP034149:한국어|ENP034149:영어|JPP034149:일본어|CNP034149:중국어 간체|TCP034149:중국어 번체|RUP034149:러시아어,6
KOP033829,화계사,문화관광,문화관광,25,KOP033829:한국어|ENP033829:영어|JPP033829:일본어|CNP033829:중국어 간체|TCP033829:중국어 번체,5
KOP033828,성신여대 복식박물관 및 자연사박물관,문화관광,문화관광 > 전시시설 > 박물관,25,KOP033828:한국어|ENP033828:영어|JPP033828:일본어|CNP033828:중국어 간체|TCP033828:중국어 번체|RUP033828:러시아어|MLP033828:말레이어,7
KOP033825,서울하수도과학관,문화관광,문화관광 > 전시시설,25,KOP033825:한국어|ENP033825:영어|JPP033825:일본어|CNP033825:중국어 간체|TCP033825:중국어 번체,5
KOP033516,스탬프 힐링투어 &#039;너랑나랑우리랑&#039;,문화관광,문화관광,25,KOP033516:한국어|ENP033516:영어|JPP033516:일본어|CNP033516:중국어 간체|TCP033516:중국어 번체,5
KOP032734,안녕인사동,문화관광,문화관광 > 기타문화관광지,26,KOP032734:한국어|ENP032734:영어|JPP032734:일본어|CNP032734:중국어 간체|TCP032734:중국어 번체|RUP032734:러시아어|MLP032734:말레이어,7
KOP032529,정동1928 아트센터,문화관광,문화관광 > 전시시설 > 미술관/화랑,26,KOP032529:한국어|ENP032529:영어|JPP032529:일본어|CNP032529:중국어 간체|TCP032529:중국어 번체|RUP032529:러시아어,6
KOP031055,서울특별시교육청과학전시관,문화관광,문화관광 > 교육시설,26,KOP031055:한국어|ENP031055:영어|JPP031055:일본어|CNP031055:중국어 간체|TCP031055:중국어 번체|RUP031055:러시아어,6
KOP030804,서소문성지역사박물관,문화관광,문화관광 > 전시시설 > 박물관,26,KOP030804:한국어|ENP030804:영어|JPP030804:일본어|CNP030804:중국어 간체|TCP030804:중국어 번체|RUP030804:러시아어,6
KOP030803,아모레퍼시픽미술관,문화관광,문화관광 > 전시시설 > 미술관/화랑,26,KOP030803:한국어|ENP030803:영어|JPP030803:일본어|CNP030803:중국어 간체|TCP030803:중국어 번체|RUP030803:러시아어,6
KOP030789,서울책보고,문화관광,문화관광 > 교육시설,26,KOP030789:한국어|ENP030789:영어|JPP030789:일본어|CNP030789:중국어 간체|TCP030789:중국어 번체|RUP030789:러시아어|MLP030789:말레이어,7
KOP029945,서소문역사공원,문화관광,문화관광 > 도시공원,26,KOP029945:한국어|ENP029945:영어|JPP029945:일본어|CNP029945:중국어 간체|TCP029945:중국어 번체|RUP029945:러시아어|MLP029945:말레이어,7
KOP029759,중랑 청소년 체험의 숲 운영센터,문화관광,문화관광 > 교육시설,26,KOP029759:한국어|ENP029759:영어|JPP029759:일본어|CNP029759:중국어 간체|TCP029759:중국어 번체|RUP029759:러시아어,6
KOP029578,쉼박물관,문화관광,문화관광 > 전시시설 > 박물관,26,KOP029578:한국어|ENP029578:영어|JPP029578:일본어|CNP029578:중국어 간체|TCP029578:중국어 번체|RUP029578:러시아어|MLP029578:말레이어,7
KOP029568,무계원,문화관광,문화관광 > 전시시설 > 기타전시시설,26,KOP029568:한국어|ENP029568:영어|JPP029568:일본어|CNP029568:중국어 간체|TCP029568:중국어 번체|RUP029568:러시아어,6
KOP029564,서울여성플라자,문화관광,문화관광 > 교육시설,26,KOP029564:한국어|ENP029564:영어|JPP029564:일본어|CNP029564:중국어 간체|TCP029564:중국어 번체|RUP029564:러시아어,6
KOP029561,aT센터,문화관광,문화관광 > 행사시설,26,KOP029561:한국어|ENP029561:영어|JPP029561:일본어|CNP029561:중국어 간체|TCP029561:중국어 번체|RUP029561:러시아어,6
KOP029548,센트럴시티 터미널,문화관광,문화관광 > 랜드마크관광,26,KOP029548:한국어|ENP029548:영어|JPP029548:일본어|CNP029548:중국어 간체|TCP029548:중국어 번체|RUP029548:러시아어|MLP029548:말레이어,7
KOP029502,라바타운,문화관광,문화관광 > 테마공원,26,KOP029502:한국어|ENP029502:영어|JPP029502:일본어|CNP029502:중국어 간체|TCP029502:중국어 번체|RUP029502:러시아어|MLP029502:말레이어,7
KOP029459,배봉산근린공원,문화관광,문화관광 > 도시공원,26,KOP029459:한국어|ENP029459:영어|JPP029459:일본어|CNP029459:중국어 간체|TCP029459:중국어 번체|RUP029459:러시아어|MLP029459:말레이어,7
KOP029458,솔밭근린공원,문화관광,문화관광 > 도시공원,26,KOP029458:한국어|ENP029458:영어|JPP029458:일본어|CNP029458:중국어 간체|TCP029458:중국어 번체|RUP029458:러시아어|MLP029458:말레이어,7
KOP029381,돈의문역사관,문화관광,문화관광 > 전시시설 > 박물관,26,KOP029381:한국어|ENP029381:영어|JPP029381:일본어|CNP029381:중국어 간체|TCP029381:중국어 번체|RUP029381:러시아어|MLP029381:말레이어,7
KOP029239,녹사평역 지하예술정원,문화관광,문화관광 > 도시공원,26,KOP029239:한국어|ENP029239:영어|JPP029239:일본어|CNP029239:중국어 간체|TCP029239:중국어 번체|RUP029239:러시아어,6
KOP029236,오!재미동,문화관광,문화관광 > 전시시설 > 기타전시시설,26,KOP029236:한국어|ENP029236:영어|JPP029236:일본어|CNP029236:중국어 간체|TCP029236:중국어 번체,5
KOP028794,성수연방,문화관광,문화관광 > 기타문화관광지,26,KOP028794:한국어|ENP028794:영어|JPP028794:일본어|CNP028794:중국어 간체|TCP028794:중국어 번체|RUP028794:러시아어,6
KOP028776,어린이대공원 반려견 놀이터,문화관광,문화관광 > 테마공원,27,KOP028776:한국어|ENP028776:영어|JPP028776:일본어|CNP028776:중국어 간체|TCP028776:중국어 번체|RUP028776:러시아어|MLP028776:말레이어,7
KOP028340,연세대 캠퍼스,문화관광,문화관광 > 랜드마크관광,27,KOP028340:한국어|ENP028340:영어|JPP028340:일본어|CNP028340:중국어 간체|TCP028340:중국어 번체|RUP028340:러시아어,6
KOP028338,ECC(Ewha Campus Complex),문화관광,문화관광 > 랜드마크관광,27,KOP028338:한국어|ENP028338:영어|JPP028338:일본어|CNP028338:중국어 간체|TCP028338:중국어 번체|RUP028338:러시아어,6
KOP028280,사직공원,문화관광,문화관광 > 도시공원,27,KOP028280:한국어|ENP028280:영어|JPP028280:일본어|CNP028280:중국어 간체|TCP028280:중국어 번체|RUP028280:러시아어|MLP028280:말레이어,7
KOP028029,사운즈 한남,문화관광,문화관광 > 기타문화관광지,27,KOP028029:한국어|ENP028029:영어|JPP028029:일본어|CNP028029:중국어 간체|TCP028029:중국어 번체|RUP028029:러시아어|MLP028029:말레이어,7
KOP027691,노을공원,문화관광,문화관광 > 도시공원,27,KOP027691:한국어|ENP027691:영어|JPP027691:일본어|CNP027691:중국어 간체|TCP027691:중국어 번체|RUP027691:러시아어|MLP027691:말레이어,7
KOP027231,신촌역사 관광안내소,문화관광,문화관광,27,KOP027231:한국어|ENP027231:영어|JPP027231:일본어|CNP027231:중국어 간체|TCP027231:중국어 번체|RUP027231:러시아어,6
KOP027225,광화문 관광안내소,문화관광,문화관광,27,KOP027225:한국어|ENP027225:영어|JPP027225:일본어|CNP027225:중국어 간체|TCP027225:중국어 번체|RUP027225:러시아어,6
KOP027221,서울 관광기념품 전시관•여행자지원센터,문화관광,문화관광,27,KOP027221:한국어|ENP027221:영어|JPP027221:일본어|CNP027221:중국어 간체|TCP027221:중국어 번체|RUP027221:러시아어,6
KOP027219,남대문시장 관광안내소,문화관광,문화관광,27,KOP027219:한국어|ENP027219:영어|JPP027219:일본어|CNP027219:중국어 간체|TCP027219:중국어 번체|RUP027219:러시아어,6
KOP027218,이태원 관광안내소(지하),문화관광,문화관광,27,KOP027218:한국어|ENP027218:영어|JPP027218:일본어|CNP027218:중국어 간체|TCP027218:중국어 번체|RUP027218:러시아어,6
KOP027215,동대문 관광안내소,문화관광,문화관광,27,KOP027215:한국어|ENP027215:영어|JPP027215:일본어|CNP027215:중국어 간체|TCP027215:중국어 번체|RUP027215:러시아어,6
KOP027193,송파관광정보센터,문화관광,문화관광,27,KOP027193:한국어|ENP027193:영어|JPP027193:일본어|CNP027193:중국어 간체|TCP027193:중국어 번체|RUP027193:러시아어,6
KOP027190,마포관광정보센터,문화관광,문화관광,27,KOP027190:한국어|ENP027190:영어|JPP027190:일본어|CNP027190:중국어 간체|TCP027190:중국어 번체|RUP027190:러시아어,6
KOP027189,북촌마을관광안내소,문화관광,문화관광,27,KOP027189:한국어|ENP027189:영어|JPP027189:일본어|CNP027189:중국어 간체|TCP027189:중국어 번체|RUP027189:러시아어,6
KOP027111,평화문화진지,문화관광,문화관광 > 전시시설 > 기타전시시설,27,KOP027111:한국어|ENP027111:영어|JPP027111:일본어|CNP027111:중국어 간체|TCP027111:중국어 번체|RUP027111:러시아어|MLP027111:말레이어,7
KOP027105,근현대사기념관,문화관광,문화관광 > 전시시설 > 기타전시시설,27,KOP027105:한국어|ENP027105:영어|JPP027105:일본어|CNP027105:중국어 간체|TCP027105:중국어 번체|RUP027105:러시아어|MLP027105:말레이어,7
KOP026676,공근혜갤러리,문화관광,문화관광 > 전시시설 > 미술관/화랑,27,KOP026676:한국어|ENP026676:영어|JPP026676:일본어|CNP026676:중국어 간체|TCP026676:중국어 번체|RUP026676:러시아어,6
KOP026675,공평도시유적전시관,문화관광,문화관광 > 전시시설 > 기타전시시설,27,KOP026675:한국어|ENP026675:영어|JPP026675:일본어|CNP026675:중국어 간체|TCP026675:중국어 번체|RUP026675:러시아어,6
KOP026558,별마당 도서관,문화관광,문화관광 > 전시시설 > 기타전시시설,27,KOP026558:한국어|ENP026558:영어|JPP026558:일본어|CNP026558:중국어 간체|TCP026558:중국어 번체|RUP026558:러시아어|MLP026558:말레이어,7
KOP026206,동대문역사관 상설전시실 재개관,문화관광,문화관광 > 전시시설,28,KOP026206:한국어|ENP026206:영어|JPP026206:일본어|CNP026206:중국어 간체|TCP026206:중국어 번체|RUP026206:러시아어,6
KOP025929,탈방,문화관광,문화관광 > 전시시설 > 기타전시시설,28,KOP025929:한국어|ENP025929:영어|JPP025929:일본어|CNP025929:중국어 간체|TCP025929:중국어 번체,5
KOP024807,인천공항 제2여객터미널 관광정보센터,문화관광,문화관광,28,KOP024807:한국어|ENP024807:영어|JPP024807:일본어|CNP024807:중국어 간체|TCP024807:중국어 번체|RUP024807:러시아어,6
KOP024755,골든블루마리나,문화관광,문화관광 > 레저스포츠시설,28,KOP024755:한국어|ENP024755:영어|JPP024755:일본어|CNP024755:중국어 간체|TCP024755:중국어 번체|RUP024755:러시아어,6
KOP024732,SJ쿤스트할레,문화관광,문화관광 > 전시시설 > 기타전시시설,28,KOP024732:한국어|ENP024732:영어|JPP024732:일본어|CNP024732:중국어 간체|TCP024732:중국어 번체|RUP024732:러시아어,6
KOP024710,정동마루,문화관광,문화관광 > 공연시설,28,KOP024710:한국어|ENP024710:영어|JPP024710:일본어|CNP024710:중국어 간체|TCP024710:중국어 번체,5
KOP024679,동대문디자인플라자 (DDP),문화관광,문화관광 > 랜드마크관광,28,KOP024679:한국어|ENP024679:영어|JPP024679:일본어|CNP024679:중국어 간체|TCP024679:중국어 번체|RUP024679:러시아어|MLP024679:말레이어,7
KOP024668,세종대 컨벤션센터,문화관광,문화관광 > 행사시설,28,KOP024668:한국어|ENP024668:영어|JPP024668:일본어|CNP024668:중국어 간체|TCP024668:중국어 번체,5
KOP024663,코엑스,문화관광,문화관광 > 랜드마크관광,28,KOP024663:한국어|ENP024663:영어|JPP024663:일본어|CNP024663:중국어 간체|TCP024663:중국어 번체|RUP024663:러시아어|MLP024663:말레이어,7
KOP024645,세빛섬,문화관광,문화관광 > 랜드마크관광,28,KOP024645:한국어|ENP024645:영어|JPP024645:일본어|CNP024645:중국어 간체|TCP024645:중국어 번체|RUP024645:러시아어|MLP024645:말레이어,7
KOP024630,라움,문화관광,문화관광 > 행사시설,28,KOP024630:한국어|ENP024630:영어|JPP024630:일본어|CNP024630:중국어 간체|TCP024630:중국어 번체|MLP024630:말레이어,6
KOP024596,서울돈화문국악당,문화관광,문화관광 > 공연시설,28,KOP024596:한국어|ENP024596:영어|JPP024596:일본어|CNP024596:중국어 간체|TCP024596:중국어 번체,5
KOP024591,서울중앙우체국,문화관광,문화관광 > 랜드마크관광,28,KOP024591:한국어|ENP024591:영어|JPP024591:일본어|CNP024591:중국어 간체|TCP024591:중국어 번체|RUP024591:러시아어|MLP024591:말레이어,7
KOP024561,KT&amp;G 상상마당,문화관광,문화관광 > 전시시설 > 미술관/화랑,28,KOP024561:한국어|ENP024561:영어|JPP024561:일본어|CNP024561:중국어 간체|TCP024561:중국어 번체,5
KOP023543,문화비축기지,문화관광,문화관광 > 도시공원,28,KOP023543:한국어|ENP023543:영어|JPP023543:일본어|CNP023543:중국어 간체|TCP023543:중국어 번체|RUP023543:러시아어|MLP023543:말레이어,7
KOP023496,서울로7017,문화관광,문화관광 > 랜드마크관광,28,KOP023496:한국어|ENP023496:영어|JPP023496:일본어|CNP023496:중국어 간체|TCP023496:중국어 번체|RUP023496:러시아어|MLP023496:말레이어,7
KOP023466,서울함 공원,문화관광,문화관광 > 도시공원,28,KOP023466:한국어|ENP023466:영어|JPP023466:일본어|CNP023466:중국어 간체|TCP023466:중국어 번체|RUP023466:러시아어|MLP023466:말레이어,7
KOP023460,백남준기념관,문화관광,문화관광 > 전시시설 > 기타전시시설,28,KOP023460:한국어|ENP023460:영어|JPP023460:일본어|CNP023460:중국어 간체|TCP023460:중국어 번체|RUP023460:러시아어,6
KOP022602,성재전통건축자료관,문화관광,문화관광 > 전시시설 > 기타전시시설,28,KOP022602:한국어|ENP022602:영어|JPP022602:일본어|CNP022602:중국어 간체|TCP022602:중국어 번체,5
KOP022073,성수동 유니온스타 볼링클럽,문화관광,문화관광 > 레저스포츠시설,28,KOP022073:한국어|ENP022073:영어|JPP022073:일본어|CNP022073:중국어 간체|TCP022073:중국어 번체,5
KOP021278,롯데월드타워,문화관광,문화관광 > 랜드마크관광,29,KOP021278:한국어|ENP021278:영어|JPP021278:일본어|CNP021278:중국어 간체|TCP021278:중국어 번체|RUP021278:러시아어|MLP021278:말레이어,7
KOP020731,아라리오뮤지엄 인 스페이스,문화관광,문화관광 > 전시시설 > 박물관,29,KOP020731:한국어|ENP020731:영어|JPP020731:일본어|CNP020731:중국어 간체|TCP020731:중국어 번체|RUP020731:러시아어|MLP020731:말레이어,7
KOP020550,국립고궁박물관,문화관광,문화관광 > 전시시설 > 박물관,29,KOP020550:한국어|ENP020550:영어|JPP020550:일본어|CNP020550:중국어 간체|TCP020550:중국어 번체|RUP020550:러시아어,6
KOP020549,경찰박물관,문화관광,문화관광 > 전시시설 > 박물관,29,KOP020549:한국어|ENP020549:영어|JPP020549:일본어|CNP020549:중국어 간체|TCP020549:중국어 번체|RUP020549:러시아어,6
KOP020547,국립중앙박물관 어린이박물관,문화관광,문화관광 > 전시시설 > 박물관,29,KOP020547:한국어|ENP020547:영어|JPP020547:일본어|CNP020547:중국어 간체|TCP020547:중국어 번체|RUP020547:러시아어|MLP020547:말레이어,7
KOP019924,뮤지엄김치간,문화관광,문화관광 > 전시시설 > 박물관,29,KOP019924:한국어|ENP019924:영어|JPP019924:일본어|CNP019924:중국어 간체|TCP019924:중국어 번체|RUP019924:러시아어,6
KOP019656,성균관대학교,문화관광,문화관광 > 랜드마크관광,29,KOP019656:한국어|ENP019656:영어|JPP019656:일본어|CNP019656:중국어 간체|TCP019656:중국어 번체|RUP019656:러시아어|MLP019656:말레이어,7
KOP018992,아르코미술관,문화관광,문화관광 > 전시시설 > 미술관/화랑,29,KOP018992:한국어|ENP018992:영어|JPP018992:일본어|CNP018992:중국어 간체|TCP018992:중국어 번체|RUP018992:러시아어,6
KOP018912,가회민화박물관,문화관광,문화관광 > 전시시설 > 박물관,29,KOP018912:한국어|ENP018912:영어|JPP018912:일본어|CNP018912:중국어 간체|TCP018912:중국어 번체|RUP018912:러시아어,6
KOP016792,국립현대미술관 서울관 갤러리아트존,문화관광,문화관광 > 전시시설 > 미술관/화랑,29,KOP016792:한국어|ENP016792:영어|JPP016792:일본어|CNP016792:중국어 간체|TCP016792:중국어 번체|RUP016792:러시아어|MLP016792:말레이어,7
KOP016328,석촌호수 야경,문화관광,문화관광 > 도시공원,29,KOP016328:한국어|ENP016328:영어|JPP016328:일본어|CNP016328:중국어 간체|TCP016328:중국어 번체|RUP016328:러시아어|MLP016328:말레이어,7
KOP016325,반포대교 야경,문화관광,문화관광 > 랜드마크관광,29,KOP016325:한국어|ENP016325:영어|JPP016325:일본어|CNP016325:중국어 간체|TCP016325:중국어 번체|RUP016325:러시아어|MLP016325:말레이어,7
KOP016322,하늘공원 야경,문화관광,문화관광 > 도시공원,29,KOP016322:한국어|ENP016322:영어|JPP016322:일본어|CNP016322:중국어 간체|TCP016322:중국어 번체|RUP016322:러시아어|MLP016322:말레이어,7
KOP016321,남산서울타워 야경,문화관광,문화관광 > 랜드마크관광,29,KOP016321:한국어|ENP016321:영어|JPP016321:일본어|CNP016321:중국어 간체|TCP016321:중국어 번체|RUP016321:러시아어|MLP016321:말레이어,7
KOP016320,낙산공원 야경,문화관광,문화관광 > 도시공원,29,KOP016320:한국어|ENP016320:영어|JPP016320:일본어|CNP016320:중국어 간체|TCP016320:중국어 번체|RUP016320:러시아어|MLP016320:말레이어,7
KOP016319,광화문광장 야경,문화관광,문화관광 > 랜드마크관광,29,KOP016319:한국어|ENP016319:영어|JPP016319:일본어|CNP016319:중국어 간체|TCP016319:중국어 번체|RUP016319:러시아어|MLP016319:말레이어,7
KOP015863,피규어뮤지엄W,문화관광,문화관광 > 전시시설 > 박물관,29,KOP015863:한국어|ENP015863:영어|JPP015863:일본어|CNP015863:중국어 간체|TCP015863:중국어 번체|RUP015863:러시아어|MLP015863:말레이어,7
KOP015402,고척 스카이돔,문화관광,문화관광 > 공연시설,29,KOP015402:한국어|ENP015402:영어|JPP015402:일본어|CNP015402:중국어 간체|TCP015402:중국어 번체,5
KOP015338,1898 명동성당,문화관광,문화관광 > 랜드마크관광,29,KOP015338:한국어|ENP015338:영어|JPP015338:일본어|CNP015338:중국어 간체|TCP015338:중국어 번체|RUP015338:러시아어,6
KOP002293,태릉국제스케이트장,문화관광,문화관광 > 레저스포츠시설,29,KOP002293:한국어|ENP002293:영어|JPP002293:일본어|CNP002293:중국어 간체|TCP002293:중국어 번체|RUP002293:러시아어,6
KOP002269,고척근린공원,문화관광,문화관광 > 도시공원,30,KOP002269:한국어|ENP002269:영어|JPP002269:일본어|CNP002269:중국어 간체|TCP002269:중국어 번체|RUP002269:러시아어|MLP002269:말레이어,7
KOP002263,감로천 생태공원,문화관광,문화관광 > 도시공원,30,KOP002263:한국어|ENP002263:영어|JPP002263:일본어|CNP002263:중국어 간체|TCP002263:중국어 번체|RUP002263:러시아어|MLP002263:말레이어,7
KOP002220,반포대교 달빛무지개분수,문화관광,문화관광 > 랜드마크관광,30,KOP002220:한국어|ENP002220:영어|JPP002220:일본어|CNP002220:중국어 간체|TCP002220:중국어 번체|RUP002220:러시아어,6
KOP002189,보라매공원,문화관광,문화관광 > 도시공원,30,KOP002189:한국어|ENP002189:영어|JPP002189:일본어|CNP002189:중국어 간체|TCP002189:중국어 번체|RUP002189:러시아어|MLP002189:말레이어,7
KOP002161,여의도 공원,문화관광,문화관광 > 도시공원,30,KOP002161:한국어|ENP002161:영어|JPP002161:일본어|CNP002161:중국어 간체|TCP002161:중국어 번체|RUP002161:러시아어|MLP002161:말레이어,7
KOP002139,올림픽공원,문화관광,문화관광 > 도시공원,30,KOP002139:한국어|ENP002139:영어|JPP002139:일본어|CNP002139:중국어 간체|TCP002139:중국어 번체|RUP002139:러시아어|MLP002139:말레이어,7
KOP002071,마로니에공원,문화관광,문화관광 > 도시공원,30,KOP002071:한국어|ENP002071:영어|JPP002071:일본어|CNP002071:중국어 간체|TCP002071:중국어 번체|RUP002071:러시아어|MLP002071:말레이어,7
KOP001961,겸재정선미술관,문화관광,문화관광 > 전시시설 > 미술관/화랑,30,KOP001961:한국어|ENP001961:영어|JPP001961:일본어|CNP001961:중국어 간체|TCP001961:중국어 번체|RUP001961:러시아어|MLP001961:말레이어,7
KOP001951,보라매 암벽등반장,문화관광,문화관광 > 레저스포츠시설,30,KOP001951:한국어|ENP001951:영어|JPP001951:일본어|CNP001951:중국어 간체|TCP001951:중국어 번체|MLP001951:말레이어,6
KOP001943,용마폭포공원,문화관광,문화관광 > 도시공원,30,KOP001943:한국어|ENP001943:영어|JPP001943:일본어|CNP001943:중국어 간체|TCP001943:중국어 번체|RUP001943:러시아어|MLP001943:말레이어,7
KOP001780,민속극장 풍류,문화관광,문화관광 > 공연시설,30,KOP001780:한국어|ENP001780:영어|JPP001780:일본어|CNP001780:중국어 간체|TCP001780:중국어 번체|RUP001780:러시아어|MLP001780:말레이어,7
KOP001562,우장공원,문화관광,문화관광 > 도시공원,30,KOP001562:한국어|ENP001562:영어|JPP001562:일본어|CNP001562:중국어 간체|TCP001562:중국어 번체|RUP001562:러시아어|MLP001562:말레이어,7
KOP001525,서울시립미술관 (서소문본관),문화관광,문화관광 > 전시시설 > 미술관/화랑,30,KOP001525:한국어|ENP001525:영어|JPP001525:일본어|CNP001525:중국어 간체|TCP001525:중국어 번체|RUP001525:러시아어|MLP001525:말레이어,7
KOP001478,라트어린이극장,문화관광,문화관광 > 공연시설,30,KOP001478:한국어|ENP001478:영어|JPP001478:일본어|CNP001478:중국어 간체|TCP001478:중국어 번체|RUP001478:러시아어,6
KOP001434,서울랜드,문화관광,문화관광 > 테마공원,30,KOP001434:한국어|ENP001434:영어|JPP001434:일본어|CNP001434:중국어 간체|TCP001434:중국어 번체|RUP001434:러시아어|MLP001434:말레이어,7
KOP001453,두산아트센터,문화관광,문화관광 > 전시시설 > 미술관/화랑,30,KOP001453:한국어|ENP001453:영어|JPP001453:일본어|CNP001453:중국어 간체|TCP001453:중국어 번체|RUP001453:러시아어|MLP001453:말레이어,7
KOP001411,강서습지생태공원,문화관광,문화관광 > 도시공원,30,KOP001411:한국어|ENP001411:영어|JPP001411:일본어|CNP001411:중국어 간체|TCP001411:중국어 번체|RUP001411:러시아어|MLP001411:말레이어,7
KOP001278,서울남산국악당,문화관광,문화관광 > 공연시설,30,KOP001278:한국어|ENP001278:영어|JPP001278:일본어|CNP001278:중국어 간체|TCP001278:중국어 번체|RUP001278:러시아어|MLP001278:말레이어,7
KOP001232,리움 미술관,문화관광,문화관광 > 전시시설 > 미술관/화랑,30,KOP001232:한국어|ENP001232:영어|JPP001232:일본어|CNP001232:중국어 간체|TCP001232:중국어 번체|RUP001232:러시아어|MLP001232:말레이어,7
KOP001136,석촌호수공원,문화관광,문화관광 > 도시공원,30,KOP001136:한국어|ENP001136:영어|JPP001136:일본어|CNP001136:중국어 간체|TCP001136:중국어 번체|RUP001136:러시아어|MLP001136:말레이어,7
KOP000859,전쟁기념관,문화관광,문화관광 > 전시시설 > 기타전시시설,31,KOP000859:한국어|ENP000859:영어|JPP000859:일본어|CNP000859:중국어 간체|TCP000859:중국어 번체|RUP000859:러시아어|MLP000859:말레이어,7
KOP000846,의학박물관 (구 대한의원),문화관광,문화관광 > 전시시설 > 박물관,31,KOP000846:한국어|ENP000846:영어|JPP000846:일본어|CNP000846:중국어 간체|TCP000846:중국어 번체|RUP000846:러시아어|MLP000846:말레이어,7
KOP000450,문화역서울 284,문화관광,문화관광 > 전시시설 > 기타전시시설,31,KOP000450:한국어|ENP000450:영어|JPP000450:일본어|CNP000450:중국어 간체|TCP000450:중국어 번체|RUP000450:러시아어,6
KOP000433,국립중앙박물관,문화관광,문화관광 > 전시시설 > 박물관,31,KOP000433:한국어|ENP000433:영어|JPP000433:일본어|CNP000433:중국어 간체|TCP000433:중국어 번체|RUP000433:러시아어|MLP000433:말레이어,7
KOP000405,롯데월드 아이스링크,문화관광,문화관광 > 레저스포츠시설,31,KOP000405:한국어|ENP000405:영어|JPP000405:일본어|CNP000405:중국어 간체|TCP000405:중국어 번체|RUP000405:러시아어,6
KOP000380,명동실탄사격장,문화관광,문화관광 > 레저스포츠시설,31,KOP000380:한국어|ENP000380:영어|JPP000380:일본어|CNP000380:중국어 간체|TCP000380:중국어 번체,5
KOP000378,선유도 공원,문화관광,문화관광 > 도시공원,31,KOP000378:한국어|ENP000378:영어|JPP000378:일본어|CNP000378:중국어 간체|TCP000378:중국어 번체|RUP000378:러시아어|MLP000378:말레이어,7
KOP000374,씨라이프 코엑스아쿠아리움,문화관광,문화관광 > 테마공원,31,KOP000374:한국어|ENP000374:영어|JPP000374:일본어|CNP000374:중국어 간체|TCP000374:중국어 번체|RUP000374:러시아어|MLP000374:말레이어,7
KOP000358,세븐럭 카지노(서울드래곤시티점),문화관광,문화관광 > 기타문화관광지,31,KOP000358:한국어|ENP000358:영어|JPP000358:일본어|CNP000358:중국어 간체|TCP000358:중국어 번체,5
KOP000305,세종문화회관,문화관광,문화관광 > 전시시설 > 미술관/화랑,31,KOP000305:한국어|ENP000305:영어|JPP000305:일본어|CNP000305:중국어 간체|TCP000305:중국어 번체|RUP000305:러시아어,6
KOP000261,북촌한옥마을,문화관광,문화관광 > 랜드마크관광,31,KOP000261:한국어|ENP000261:영어|JPP000261:일본어|CNP000261:중국어 간체|TCP000261:중국어 번체|RUP000261:러시아어,6
KOP000210,63스퀘어,문화관광,문화관광 > 랜드마크관광,31,KOP000210:한국어|ENP000210:영어|JPP000210:일본어|CNP000210:중국어 간체|TCP000210:중국어 번체|RUP000210:러시아어|MLP000210:말레이어,7
KOP000036,남산서울타워,문화관광,문화관광 > 랜드마크관광,31,KOP000036:한국어|ENP000036:영어|JPP000036:일본어|CNP000036:중국어 간체|TCP000036:중국어 번체|RUP000036:러시아어|MLP000036:말레이어,7
KOP011988,서초 여행자 지원센터,문화관광,문화관광 > 기타문화관광지,31,KOP011988:한국어|ENP011988:영어|JPP011988:일본어|CNP011988:중국어 간체|TCP011988:중국어 번체|RUP011988:러시아어,6
KOP011893,국립국악박물관,문화관광,문화관광 > 전시시설 > 박물관,31,KOP011893:한국어|ENP011893:영어|JPP011893:일본어|CNP011893:중국어 간체|TCP011893:중국어 번체|RUP011893:러시아어|MLP011893:말레이어,7
KOP011863,인천국제공항 제 1터미널 서울관광정보센터 (동편),문화관광,문화관광,31,KOP011863:한국어|ENP011863:영어|JPP011863:일본어|CNP011863:중국어 간체|TCP011863:중국어 번체|RUP011863:러시아어,6
KOP011835,김포공항관광정보센터,문화관광,문화관광,31,KOP011835:한국어|ENP011835:영어|JPP011835:일본어|CNP011835:중국어 간체|TCP011835:중국어 번체|RUP011835:러시아어,6
KOP002971,국립극장,문화관광,문화관광 > 공연시설,31,KOP002971:한국어|ENP002971:영어|JPP002971:일본어|TCP002971:중국어 번체|RUP002971:러시아어,5
KOP012065,더클래스 청담,문화관광,문화관광 > 행사시설,31,KOP012065:한국어|ENP012065:영어|JPP012065:일본어|CNP012065:중국어 간체|TCP012065:중국어 번체|MLP012065:말레이어,6
KOP012311,현대원서공원,문화관광,문화관광 > 도시공원,31,KOP012311:한국어|ENP012311:영어|JPP012311:일본어|CNP012311:중국어 간체|TCP012311:중국어 번체|RUP012311:러시아어|MLP012311:말레이어,7
KOP012709,핫트랙스 영등포점,문화관광,문화관광 > 기타문화관광지,32,KOP012709:한국어|ENP012709:영어|JPP012709:일본어|CNP012709:중국어 간체|TCP012709:중국어 번체|RUP012709:러시아어,6
KOP012993,여의도 한강공원,문화관광,문화관광 > 도시공원,32,KOP012993:한국어|ENP012993:영어|JPP012993:일본어|CNP012993:중국어 간체|TCP012993:중국어 번체|RUP012993:러시아어|MLP012993:말레이어,7
KOP011658,국립현대미술관 서울관,문화관광,문화관광 > 전시시설 > 미술관/화랑,32,KOP011658:한국어|ENP011658:영어|JPP011658:일본어|CNP011658:중국어 간체|TCP011658:중국어 번체|RUP011658:러시아어|MLP011658:말레이어,7
KOP011622,서울에너지드림센터,문화관광,문화관광 > 교육시설,32,KOP011622:한국어|ENP011622:영어|JPP011622:일본어|CNP011622:중국어 간체|TCP011622:중국어 번체|RUP011622:러시아어,6
KOP011610,한성백제박물관,문화관광,문화관광 > 전시시설 > 박물관,32,KOP011610:한국어|ENP011610:영어|JPP011610:일본어|CNP011610:중국어 간체|TCP011610:중국어 번체|RUP011610:러시아어,6
KOP011524,롤링홀,문화관광,문화관광 > 공연시설,32,KOP011524:한국어|ENP011524:영어|JPP011524:일본어|CNP011524:중국어 간체|TCP011524:중국어 번체,5
KOP011037,광진교 8번가,문화관광,문화관광 > 랜드마크관광,32,KOP011037:한국어|ENP011037:영어|JPP011037:일본어|CNP011037:중국어 간체|TCP011037:중국어 번체|RUP011037:러시아어|MLP011037:말레이어,7
KOP011234,마포대교 바람의 길 &amp; 서울색공원,문화관광,문화관광 > 도시공원,32,KOP011234:한국어|ENP011234:영어|JPP011234:일본어|CNP011234:중국어 간체|TCP011234:중국어 번체|RUP011234:러시아어|MLP011234:말레이어,7
KOP011070,홍익문화공원,문화관광,문화관광 > 도시공원,32,KOP011070:한국어|ENP011070:영어|JPP011070:일본어|CNP011070:중국어 간체|TCP011070:중국어 번체|RUP011070:러시아어|MLP011070:말레이어,7
KOP010928,대오서점,문화관광,문화관광 > 기타문화관광지,32,KOP010928:한국어|ENP010928:영어|JPP010928:일본어|CNP010928:중국어 간체|TCP010928:중국어 번체|RUP010928:러시아어,6
KOP010231,서울도서관 (옛 서울시청사),문화관광,문화관광 > 전시시설 > 기타전시시설,32,KOP010231:한국어|ENP010231:영어|JPP010231:일본어|CNP010231:중국어 간체|TCP010231:중국어 번체|RUP010231:러시아어|MLP010231:말레이어,7
KOP006995,손기정기념관,문화관광,문화관광 > 전시시설 > 기타전시시설,32,KOP006995:한국어|ENP006995:영어|JPP006995:일본어|CNP006995:중국어 간체|TCP006995:중국어 번체|RUP006995:러시아어|MLP006995:말레이어,7
KOP006957,경희대학교 자연사박물관,문화관광,문화관광 > 전시시설 > 박물관,32,KOP006957:한국어|ENP006957:영어|JPP006957:일본어|CNP006957:중국어 간체|TCP006957:중국어 번체,5
KOP006924,경희대학교 중앙박물관,문화관광,문화관광 > 전시시설 > 박물관,32,KOP006924:한국어|ENP006924:영어|JPP006924:일본어|CNP006924:중국어 간체|TCP006924:중국어 번체|RUP006924:러시아어|MLP006924:말레이어,7
KOP006886,경희대학교 한의학역사박물관,문화관광,문화관광 > 전시시설 > 박물관,32,KOP006886:한국어|ENP006886:영어|JPP006886:일본어|CNP006886:중국어 간체|TCP006886:중국어 번체|RUP006886:러시아어|MLP006886:말레이어,7
KOP006667,대한민국역사박물관,문화관광,문화관광 > 전시시설 > 박물관,32,KOP006667:한국어|ENP006667:영어|JPP006667:일본어|CNP006667:중국어 간체|TCP006667:중국어 번체|RUP006667:러시아어|MLP006667:말레이어,7
KOP006603,토성산성어울길,문화관광,문화관광 > 도시공원,32,KOP006603:한국어|ENP006603:영어|JPP006603:일본어|CNP006603:중국어 간체|TCP006603:중국어 번체|RUP006603:러시아어|MLP006603:말레이어,7
KOP006463,초전섬유퀼트박물관,문화관광,문화관광 > 전시시설 > 박물관,32,KOP006463:한국어|ENP006463:영어|JPP006463:일본어|CNP006463:중국어 간체|TCP006463:중국어 번체|RUP006463:러시아어|MLP006463:말레이어,7
KOP006430,배재학당역사박물관,문화관광,문화관광 > 전시시설 > 박물관,32,KOP006430:한국어|ENP006430:영어|JPP006430:일본어|CNP006430:중국어 간체|TCP006430:중국어 번체|RUP006430:러시아어,6
KOP006225,국립국악원,문화관광,문화관광 > 공연시설,32,KOP006225:한국어|ENP006225:영어|JPP006225:일본어|CNP006225:중국어 간체|TCP006225:중국어 번체|RUP006225:러시아어,6
KOP005796,종이나라박물관,문화관광,문화관광 > 전시시설 > 박물관,33,KOP005796:한국어|ENP005796:영어|JPP005796:일본어|CNP005796:중국어 간체|TCP005796:중국어 번체|RUP005796:러시아어,6
KOP005763,국회의사당,문화관광,문화관광 > 랜드마크관광,33,KOP005763:한국어|ENP005763:영어|JPP005763:일본어|CNP005763:중국어 간체|TCP005763:중국어 번체|RUP005763:러시아어|MLP005763:말레이어,7
KOP005546,호림박물관 (신사분관),문화관광,문화관광 > 전시시설 > 박물관,33,KOP005546:한국어|ENP005546:영어|JPP005546:일본어|CNP005546:중국어 간체|TCP005546:중국어 번체|RUP005546:러시아어|MLP005546:말레이어,7
KOP005475,서울대공원,문화관광,문화관광 > 도시공원,33,KOP005475:한국어|ENP005475:영어|JPP005475:일본어|CNP005475:중국어 간체|TCP005475:중국어 번체|RUP005475:러시아어|MLP005475:말레이어,7
KOP005328,유니버설아트센터,문화관광,문화관광 > 전시시설 > 미술관/화랑,33,KOP005328:한국어|ENP005328:영어|JPP005328:일본어|CNP005328:중국어 간체|TCP005328:중국어 번체|RUP005328:러시아어,6
KOP005667,북촌동양문화박물관,문화관광,문화관광 > 전시시설 > 박물관,33,KOP005667:한국어|ENP005667:영어|JPP005667:일본어|CNP005667:중국어 간체|TCP005667:중국어 번체|RUP005667:러시아어|MLP005667:말레이어,7
KOP005130,국립어린이민속박물관,문화관광,문화관광 > 전시시설 > 박물관,33,KOP005130:한국어|ENP005130:영어|JPP005130:일본어|CNP005130:중국어 간체|TCP005130:중국어 번체|RUP005130:러시아어,6
KOP005060,신당창작아케이드,문화관광,문화관광 > 전시시설 > 기타전시시설,33,KOP005060:한국어|ENP005060:영어|JPP005060:일본어|CNP005060:중국어 간체|TCP005060:중국어 번체|RUP005060:러시아어|MLP005060:말레이어,7
KOP005032,여의도샛강생태공원,문화관광,문화관광 > 도시공원,33,KOP005032:한국어|ENP005032:영어|JPP005032:일본어|CNP005032:중국어 간체|TCP005032:중국어 번체|RUP005032:러시아어|MLP005032:말레이어,7
KOP004924,서서울호수공원,문화관광,문화관광 > 도시공원,33,KOP004924:한국어|ENP004924:영어|JPP004924:일본어|CNP004924:중국어 간체|TCP004924:중국어 번체|RUP004924:러시아어|MLP004924:말레이어,7
KOP004820,북서울꿈의숲,문화관광,문화관광 > 도시공원,33,KOP004820:한국어|ENP004820:영어|JPP004820:일본어|CNP004820:중국어 간체|TCP004820:중국어 번체|RUP004820:러시아어|MLP004820:말레이어,7
KOP004693,청계천박물관,문화관광,문화관광 > 전시시설 > 박물관,33,KOP004693:한국어|ENP004693:영어|JPP004693:일본어|CNP004693:중국어 간체|TCP004693:중국어 번체|RUP004693:러시아어|MLP004693:말레이어,7
KOP004632,서울약령시 한의약박물관,문화관광,문화관광 > 전시시설 > 박물관,33,KOP004632:한국어|ENP004632:영어|JPP004632:일본어|CNP004632:중국어 간체|TCP004632:중국어 번체|RUP004632:러시아어|MLP004632:말레이어,7
KOP005156,홍대난타극장,문화관광,문화관광 > 공연시설,33,KOP005156:한국어|ENP005156:영어|JPP005156:일본어|CNP005156:중국어 간체|TCP005156:중국어 번체|RUP005156:러시아어,6
KOP005750,뚝섬 한강공원 수영장,문화관광,문화관광 > 레저스포츠시설,33,KOP005750:한국어|ENP005750:영어|JPP005750:일본어|CNP005750:중국어 간체|TCP005750:중국어 번체|RUP005750:러시아어|MLP005750:말레이어,7
KOP005788,명동난타극장,문화관광,문화관광 > 공연시설,33,KOP005788:한국어|ENP005788:영어|JPP005788:일본어|CNP005788:중국어 간체|TCP005788:중국어 번체|RUP005788:러시아어,6
KOP005333,서울올림픽기념관,문화관광,문화관광 > 전시시설 > 기타전시시설,33,KOP005333:한국어|ENP005333:영어|JPP005333:일본어|CNP005333:중국어 간체|TCP005333:중국어 번체|RUP005333:러시아어,6
KOP005538,청와대,문화관광,문화관광 > 랜드마크관광,33,KOP005538:한국어|ENP005538:영어|JPP005538:일본어|CNP005538:중국어 간체|TCP005538:중국어 번체|RUP005538:러시아어|MLP005538:말레이어,7
KOP005815,롯데월드 민속박물관,문화관광,문화관광 > 전시시설 > 박물관,33,KOP005815:한국어|ENP005815:영어|JPP005815:일본어|CNP005815:중국어 간체|TCP005815:중국어 번체|RUP005815:러시아어,6
KOP006007,청와대 사랑채,문화관광,문화관광 > 전시시설 > 박물관,33,KOP006007:한국어|ENP006007:영어|CNP006007:중국어 간체|RUP006007:러시아어,4
KOP001889,세븐럭 카지노(강남),문화관광,문화관광 > 기타문화관광지,34,KOP001889:한국어|ENP001889:영어|JPP001889:일본어|CNP001889:중국어 간체|TCP001889:중국어 번체,5
KOP001899,광화문광장,문화관광,문화관광 > 랜드마크관광,34,KOP001899:한국어|ENP001899:영어|JPP001899:일본어|CNP001899:중국어 간체|TCP001899:중국어 번체|RUP001899:러시아어,6
KOP001912,서울시민 광나루안전체험관,문화관광,문화관광 > 교육시설,34,KOP001912:한국어|ENP001912:영어|JPP001912:일본어|CNP001912:중국어 간체|TCP001912:중국어 번체|RUP001912:러시아어,6
KOP001913,여의도 한강공원 수영장,문화관광,문화관광 > 레저스포츠시설,34,KOP001913:한국어|ENP001913:영어|JPP001913:일본어|CNP001913:중국어 간체|TCP001913:중국어 번체|RUP001913:러시아어|MLP001913:말레이어,7
KOP001919,명보아트홀,문화관광,문화관광 > 공연시설,34,KOP001919:한국어|ENP001919:영어|JPP001919:일본어|CNP001919:중국어 간체|TCP001919:중국어 번체,5
KOP003830,하늘공원,문화관광,문화관광 > 도시공원,34,KOP003830:한국어|ENP003830:영어|JPP003830:일본어|CNP003830:중국어 간체|TCP003830:중국어 번체|RUP003830:러시아어|MLP003830:말레이어,7
KOP004467,아름다운 차박물관,문화관광,문화관광 > 전시시설 > 박물관,34,KOP004467:한국어|ENP004467:영어|JPP004467:일본어|CNP004467:중국어 간체|TCP004467:중국어 번체|RUP004467:러시아어,6
KOP004325,예술의전당 한가람미술관,문화관광,문화관광 > 전시시설 > 미술관/화랑,34,KOP004325:한국어|ENP004325:영어|JPP004325:일본어|CNP004325:중국어 간체|TCP004325:중국어 번체|RUP004325:러시아어|MLP004325:말레이어,7
KOP004281,안중근의사기념관,문화관광,문화관광 > 전시시설 > 기타전시시설,34,KOP004281:한국어|ENP004281:영어|JPP004281:일본어|CNP004281:중국어 간체|TCP004281:중국어 번체|RUP004281:러시아어,6
KOP004063,길동생태공원,문화관광,문화관광 > 도시공원,34,KOP004063:한국어|ENP004063:영어|JPP004063:일본어|CNP004063:중국어 간체|TCP004063:중국어 번체|RUP004063:러시아어|MLP004063:말레이어,7
KOP004023,잠실 한강공원,문화관광,문화관광 > 도시공원,34,KOP004023:한국어|ENP004023:영어|JPP004023:일본어|CNP004023:중국어 간체|TCP004023:중국어 번체|RUP004023:러시아어,6
KOP003986,예술의전당,문화관광,문화관광 > 공연시설,34,KOP003986:한국어|ENP003986:영어|JPP003986:일본어|CNP003986:중국어 간체|TCP003986:중국어 번체,5
KOP003968,반포 한강공원,문화관광,문화관광 > 도시공원,34,KOP003968:한국어|ENP003968:영어|JPP003968:일본어|CNP003968:중국어 간체|TCP003968:중국어 번체|RUP003968:러시아어|MLP003968:말레이어,7
KOP003778,송은(SONGEUN),문화관광,문화관광 > 전시시설 > 미술관/화랑,34,KOP003778:한국어|ENP003778:영어|JPP003778:일본어|CNP003778:중국어 간체|TCP003778:중국어 번체|RUP003778:러시아어|MLP003778:말레이어,7
KOP003759,윤봉길 의사 기념관,문화관광,문화관광 > 전시시설 > 기타전시시설,34,KOP003759:한국어|ENP003759:영어|JPP003759:일본어|CNP003759:중국어 간체|TCP003759:중국어 번체|RUP003759:러시아어|MLP003759:말레이어,7
KOP003700,낙산공원,문화관광,문화관광 > 도시공원,34,KOP003700:한국어|ENP003700:영어|JPP003700:일본어|CNP003700:중국어 간체|TCP003700:중국어 번체|RUP003700:러시아어|MLP003700:말레이어,7
KOP003631,남산공원,문화관광,문화관광 > 도시공원,34,KOP003631:한국어|ENP003631:영어|JPP003631:일본어|CNP003631:중국어 간체|TCP003631:중국어 번체|RUP003631:러시아어|MLP003631:말레이어,7
KOP003617,이촌 한강공원,문화관광,문화관광 > 도시공원,34,KOP003617:한국어|ENP003617:영어|JPP003617:일본어|CNP003617:중국어 간체|TCP003617:중국어 번체|RUP003617:러시아어|MLP003617:말레이어,7
KOP003136,청운공원,문화관광,문화관광 > 도시공원,34,KOP003136:한국어|ENP003136:영어|JPP003136:일본어|CNP003136:중국어 간체|TCP003136:중국어 번체|RUP003136:러시아어|MLP003136:말레이어,7
KOP003085,토탈미술관,문화관광,문화관광 > 전시시설 > 미술관/화랑,34,KOP003085:한국어|ENP003085:영어|JPP003085:일본어|CNP003085:중국어 간체|TCP003085:중국어 번체|RUP003085:러시아어|MLP003085:말레이어,7
KOP003008,낙성대 공원,문화관광,문화관광 > 도시공원,35,KOP003008:한국어|ENP003008:영어|JPP003008:일본어|CNP003008:중국어 간체|TCP003008:중국어 번체|RUP003008:러시아어|MLP003008:말레이어,7
KOP002939,하얏트 아이스링크,문화관광,문화관광 > 레저스포츠시설,35,KOP002939:한국어|ENP002939:영어|JPP002939:일본어|CNP002939:중국어 간체|TCP002939:중국어 번체|RUP002939:러시아어|MLP002939:말레이어,7
KOP002909,잠원 한강공원,문화관광,문화관광 > 도시공원,35,KOP002909:한국어|ENP002909:영어|JPP002909:일본어|CNP002909:중국어 간체|TCP002909:중국어 번체|RUP002909:러시아어|MLP002909:말레이어,7
KOP002871,한강 자전거 코스,문화관광,문화관광 > 레저스포츠시설,35,KOP002871:한국어|ENP002871:영어|JPP002871:일본어|CNP002871:중국어 간체|TCP002871:중국어 번체|RUP002871:러시아어,6
KOP002841,망원 한강공원,문화관광,문화관광 > 도시공원,35,KOP002841:한국어|ENP002841:영어|JPP002841:일본어|CNP002841:중국어 간체|TCP002841:중국어 번체|RUP002841:러시아어,6
KOP002801,워커힐 카지노,문화관광,문화관광 > 기타문화관광지,35,KOP002801:한국어|ENP002801:영어|JPP002801:일본어|CNP002801:중국어 간체|TCP002801:중국어 번체,5
KOP002722,서울역사박물관,문화관광,문화관광 > 전시시설 > 박물관,35,KOP002722:한국어|ENP002722:영어|JPP002722:일본어|CNP002722:중국어 간체|TCP002722:중국어 번체|RUP002722:러시아어|MLP002722:말레이어,7
KOP002642,잠실야구장,문화관광,문화관광 > 레저스포츠시설,35,KOP002642:한국어|ENP002642:영어|JPP002642:일본어|CNP002642:중국어 간체|TCP002642:중국어 번체|RUP002642:러시아어,6
KOP002637,춘원당 한의약박물관,문화관광,문화관광 > 전시시설 > 박물관,35,KOP002637:한국어|ENP002637:영어|JPP002637:일본어|CNP002637:중국어 간체|TCP002637:중국어 번체|RUP002637:러시아어|MLP002637:말레이어,7
KOP002613,서대문자연사박물관,문화관광,문화관광 > 전시시설 > 박물관,35,KOP002613:한국어|ENP002613:영어|JPP002613:일본어|CNP002613:중국어 간체|TCP002613:중국어 번체|RUP002613:러시아어,6
KOP002446,충무아트센터,문화관광,문화관광 > 전시시설 > 미술관/화랑,35,KOP002446:한국어|ENP002446:영어|JPP002446:일본어|CNP002446:중국어 간체|TCP002446:중국어 번체|RUP002446:러시아어|MLP002446:말레이어,7
KOP002405,아트선재센터,문화관광,문화관광 > 전시시설 > 미술관/화랑,35,KOP002405:한국어|ENP002405:영어|JPP002405:일본어|CNP002405:중국어 간체|TCP002405:중국어 번체|RUP002405:러시아어,6
KOP002388,아라리오갤러리 서울,문화관광,문화관광 > 전시시설 > 미술관/화랑,35,KOP002388:한국어|ENP002388:영어|JPP002388:일본어|CNP002388:중국어 간체|TCP002388:중국어 번체|RUP002388:러시아어,6
KOP003452,한국가구박물관,문화관광,문화관광 > 전시시설 > 박물관,35,KOP003452:한국어|ENP003452:영어|JPP003452:일본어|CNP003452:중국어 간체|TCP003452:중국어 번체|RUP003452:러시아어,6
KOP003411,명동예술극장,문화관광,문화관광 > 공연시설,35,KOP003411:한국어|ENP003411:영어|JPP003411:일본어|CNP003411:중국어 간체|TCP003411:중국어 번체,5
KOP002275,노원천문우주과학관,문화관광,문화관광 > 도시공원,35,KOP002275:한국어|ENP002275:영어|JPP002275:일본어|CNP002275:중국어 간체|TCP002275:중국어 번체|RUP002275:러시아어|MLP002275:말레이어,7
KOP011186,아리랑 영화의 거리,문화관광,문화관광 > 기타문화관광지,35,KOP011186:한국어|ENP011186:영어|CNP011186:중국어 간체|TCP011186:중국어 번체,4
KOP002251,일민미술관,문화관광,문화관광 > 전시시설 > 미술관/화랑,35,KOP002251:한국어|ENP002251:영어|JPP002251:일본어|CNP002251:중국어 간체|TCP002251:중국어 번체|RUP002251:러시아어|MLP002251:말레이어,7
KOP002247,갤러리 팩토리,문화관광,문화관광 > 전시시설 > 미술관/화랑,35,KOP002247:한국어|JPP002247:일본어|RUP002247:러시아어,3
KOP002192,롯데월드 어드벤처,문화관광,문화관광 > 테마공원,35,KOP002192:한국어|ENP002192:영어|JPP002192:일본어|CNP002192:중국어 간체|TCP002192:중국어 번체,5
KOP002156,매헌시민의 숲,문화관광,문화관광 > 도시공원,36,KOP002156:한국어|ENP002156:영어|JPP002156:일본어|CNP002156:중국어 간체|TCP002156:중국어 번체|RUP002156:러시아어|MLP002156:말레이어,7
KOP011117,북악스카이웨이 북악팔각정,문화관광,문화관광 > 랜드마크관광,36,KOP011117:한국어|ENP011117:영어|JPP011117:일본어|CNP011117:중국어 간체|TCP011117:중국어 번체|RUP011117:러시아어|MLP011117:말레이어,7
KOP002116,월드컵공원,문화관광,문화관광 > 도시공원,36,KOP002116:한국어|ENP002116:영어|JPP002116:일본어|CNP002116:중국어 간체|TCP002116:중국어 번체|RUP002116:러시아어|MLP002116:말레이어,7
KOP002101,서울월드컵경기장,문화관광,문화관광 > 레저스포츠시설,36,KOP002101:한국어|ENP002101:영어|JPP002101:일본어|CNP002101:중국어 간체|TCP002101:중국어 번체|RUP002101:러시아어,6
KOP002130,고덕 수변생태공원,문화관광,문화관광 > 도시공원,36,KOP002130:한국어|ENP002130:영어|JPP002130:일본어|CNP002130:중국어 간체|TCP002130:중국어 번체|RUP002130:러시아어|MLP002130:말레이어,7
KOP002100,망우리공원,문화관광,문화관광 > 도시공원,36,KOP002100:한국어|ENP002100:영어|JPP002100:일본어|CNP002100:중국어 간체|TCP002100:중국어 번체|RUP002100:러시아어|MLP002100:말레이어,7
KOP002082,가나아트센터,문화관광,문화관광 > 전시시설 > 미술관/화랑,36,KOP002082:한국어|ENP002082:영어|JPP002082:일본어|CNP002082:중국어 간체|TCP002082:중국어 번체|RUP002082:러시아어|MLP002082:말레이어,7
KOP002066,김종영 미술관,문화관광,문화관광 > 전시시설 > 미술관/화랑,36,KOP002066:한국어|ENP002066:영어|JPP002066:일본어|CNP002066:중국어 간체|TCP002066:중국어 번체|RUP002066:러시아어|MLP002066:말레이어,7
KOP002037,떡박물관,문화관광,문화관광 > 전시시설 > 박물관,36,KOP002037:한국어|ENP002037:영어|JPP002037:일본어|CNP002037:중국어 간체|TCP002037:중국어 번체|RUP002037:러시아어,6
KOP002027,허준근린공원,문화관광,문화관광 > 도시공원,36,KOP002027:한국어|ENP002027:영어|JPP002027:일본어|CNP002027:중국어 간체|TCP002027:중국어 번체|RUP002027:러시아어|MLP002027:말레이어,7
KOP002011,경인미술관,문화관광,문화관광 > 전시시설 > 미술관/화랑,36,KOP002011:한국어|ENP002011:영어|JPP002011:일본어|CNP002011:중국어 간체|TCP002011:중국어 번체,5
KOP001761,서울놀이마당,문화관광,문화관광 > 공연시설,36,KOP001761:한국어|ENP001761:영어|JPP001761:일본어|CNP001761:중국어 간체|TCP001761:중국어 번체|RUP001761:러시아어,6
KOP001707,국립현대미술관 덕수궁관,문화관광,문화관광 > 전시시설 > 미술관/화랑,36,KOP001707:한국어|ENP001707:영어|JPP001707:일본어|CNP001707:중국어 간체|TCP001707:중국어 번체|RUP001707:러시아어|MLP001707:말레이어,7
KOP001694,갤러리 현대,문화관광,문화관광 > 전시시설 > 미술관/화랑,36,KOP001694:한국어|ENP001694:영어|JPP001694:일본어|CNP001694:중국어 간체|TCP001694:중국어 번체|RUP001694:러시아어|MLP001694:말레이어,7
KOP001676,아름지기,문화관광,문화관광 > 전시시설 > 미술관/화랑,36,KOP001676:한국어|ENP001676:영어|JPP001676:일본어|CNP001676:중국어 간체|TCP001676:중국어 번체,5
KOP002210,몽촌토성,문화관광,문화관광 > 도시공원,36,KOP002210:한국어|ENP002210:영어|JPP002210:일본어|CNP002210:중국어 간체|TCP002210:중국어 번체|RUP002210:러시아어|MLP002210:말레이어,7
KOP001615,JUMP(점프) 전용극장,문화관광,문화관광 > 공연시설,36,KOP001615:한국어|ENP001615:영어|JPP001615:일본어|CNP001615:중국어 간체|TCP001615:중국어 번체|RUP001615:러시아어|MLP001615:말레이어,7
KOP001778,목동 아이스링크,문화관광,문화관광 > 레저스포츠시설,36,KOP001778:한국어|ENP001778:영어|JPP001778:일본어|CNP001778:중국어 간체|TCP001778:중국어 번체|RUP001778:러시아어,6
KOP001644,국립민속박물관,문화관광,문화관광 > 전시시설 > 박물관,36,KOP001644:한국어|ENP001644:영어|JPP001644:일본어|CNP001644:중국어 간체|TCP001644:중국어 번체,5
KOP011010,국립중앙도서관,문화관광,문화관광 > 교육시설,36,KOP011010:한국어|ENP011010:영어|JPP011010:일본어|CNP011010:중국어 간체|TCP011010:중국어 번체|RUP011010:러시아어|MLP011010:말레이어,7
KOP003357,한상수자수박물관,문화관광,문화관광 > 전시시설 > 박물관,37,KOP003357:한국어|ENP003357:영어|JPP003357:일본어|CNP003357:중국어 간체|TCP003357:중국어 번체|RUP003357:러시아어,6
KOP003332,짚풀생활사박물관,문화관광,문화관광 > 전시시설 > 박물관,37,KOP003332:한국어|ENP003332:영어|JPP003332:일본어|CNP003332:중국어 간체|TCP003332:중국어 번체|RUP003332:러시아어,6
KOP003330,삼성출판박물관,문화관광,문화관광 > 전시시설 > 박물관,37,KOP003330:한국어|ENP003330:영어|JPP003330:일본어|CNP003330:중국어 간체|TCP003330:중국어 번체|RUP003330:러시아어|MLP003330:말레이어,7
KOP003319,서울대학교 미술관 MoA,문화관광,문화관광 > 전시시설 > 미술관/화랑,37,KOP003319:한국어,1
KOP001907,성곡미술관,문화관광,문화관광 > 전시시설 > 미술관/화랑,37,KOP001907:한국어|ENP001907:영어|JPP001907:일본어|CNP001907:중국어 간체|TCP001907:중국어 번체|RUP001907:러시아어|MLP001907:말레이어,7
KOP001871,갤러리 학고재,문화관광,문화관광 > 전시시설 > 미술관/화랑,37,KOP001871:한국어|ENP001871:영어|JPP001871:일본어|CNP001871:중국어 간체|TCP001871:중국어 번체|RUP001871:러시아어|MLP001871:말레이어,7
KOP001852,어린이대공원,문화관광,문화관광 > 도시공원,37,KOP001852:한국어|ENP001852:영어|JPP001852:일본어|CNP001852:중국어 간체|TCP001852:중국어 번체|RUP001852:러시아어|MLP001852:말레이어,7
KOP001838,서울숲,문화관광,문화관광 > 도시공원,37,KOP001838:한국어|ENP001838:영어|JPP001838:일본어|CNP001838:중국어 간체|TCP001838:중국어 번체|RUP001838:러시아어|MLP001838:말레이어,7
KOP001809,목인박물관,문화관광,문화관광 > 전시시설 > 박물관,37,KOP001809:한국어|ENP001809:영어|JPP001809:일본어|CNP001809:중국어 간체|TCP001809:중국어 번체|RUP001809:러시아어|MLP001809:말레이어,7
KOP001799,매화근린공원,문화관광,문화관광 > 도시공원,37,KOP001799:한국어|ENP001799:영어|JPP001799:일본어|CNP001799:중국어 간체|TCP001799:중국어 번체|RUP001799:러시아어|MLP001799:말레이어,7
KOP001789,도산공원,문화관광,문화관광 > 도시공원,37,KOP001789:한국어|ENP001789:영어|JPP001789:일본어|CNP001789:중국어 간체|TCP001789:중국어 번체|RUP001789:러시아어,6
KOP003241,국제갤러리,문화관광,문화관광 > 전시시설 > 미술관/화랑,37,KOP003241:한국어|ENP003241:영어|JPP003241:일본어|CNP003241:중국어 간체|TCP003241:중국어 번체|RUP003241:러시아어|MLP003241:말레이어,7
KOP003100,금호미술관,문화관광,문화관광 > 전시시설 > 미술관/화랑,37,KOP003100:한국어|ENP003100:영어|JPP003100:일본어|CNP003100:중국어 간체|TCP003100:중국어 번체|RUP003100:러시아어,6
KOP002962,고려대학교 본관 및 구 중앙도서관,문화관광,문화관광 > 전시시설 > 기타전시시설,37,KOP002962:한국어|ENP002962:영어|JPP002962:일본어|CNP002962:중국어 간체|TCP002962:중국어 번체|RUP002962:러시아어,6
KOP002925,국기원,문화관광,문화관광 > 레저스포츠시설,37,KOP002925:한국어|ENP002925:영어|JPP002925:일본어|CNP002925:중국어 간체|TCP002925:중국어 번체,5
KOP002885,PKM갤러리,문화관광,문화관광 > 전시시설 > 미술관/화랑,37,KOP002885:한국어|ENP002885:영어|JPP002885:일본어|CNP002885:중국어 간체|TCP002885:중국어 번체|RUP002885:러시아어|MLP002885:말레이어,7
KOP002730,한국은행화폐박물관,문화관광,문화관광 > 전시시설 > 박물관,37,KOP002730:한국어|ENP002730:영어|JPP002730:일본어|CNP002730:중국어 간체|TCP002730:중국어 번체|RUP002730:러시아어|MLP002730:말레이어,7
KOP001605,응봉 암벽 등반 공원,문화관광,문화관광 > 도시공원,37,KOP001605:한국어|ENP001605:영어|JPP001605:일본어|CNP001605:중국어 간체|TCP001605:중국어 번체|RUP001605:러시아어|MLP001605:말레이어,7
KOP001596,정독도서관,문화관광,문화관광 > 교육시설,37,KOP001596:한국어|ENP001596:영어|JPP001596:일본어|CNP001596:중국어 간체|TCP001596:중국어 번체|RUP001596:러시아어|MLP001596:말레이어,7
KOP001577,탑골공원,문화관광,문화관광 > 도시공원,37,KOP001577:한국어|ENP001577:영어|JPP001577:일본어|CNP001577:중국어 간체|TCP001577:중국어 번체|RUP001577:러시아어|MLP001577:말레이어,7
KOP001538,서울광장,문화관광,문화관광 > 랜드마크관광,38,KOP001538:한국어|ENP001538:영어|JPP001538:일본어|CNP001538:중국어 간체|TCP001538:중국어 번체|RUP001538:러시아어,6
KOP001753,서대문독립공원,문화관광,문화관광 > 도시공원,38,KOP001753:한국어|ENP001753:영어|JPP001753:일본어|CNP001753:중국어 간체|TCP001753:중국어 번체|RUP001753:러시아어,6
KOP001732,아르코(ARKO)예술극장,문화관광,문화관광 > 공연시설,38,KOP001732:한국어|ENP001732:영어|JPP001732:일본어|CNP001732:중국어 간체|TCP001732:중국어 번체|RUP001732:러시아어,6
KOP001403,허준박물관,문화관광,문화관광 > 전시시설 > 박물관,38,KOP001403:한국어|ENP001403:영어|JPP001403:일본어|CNP001403:중국어 간체|TCP001403:중국어 번체|RUP001403:러시아어,6
KOP001441,스페이스 씨,문화관광,문화관광 > 전시시설 > 미술관/화랑,38,KOP001441:한국어|ENP001441:영어|JPP001441:일본어|CNP001441:중국어 간체|TCP001441:중국어 번체|RUP001441:러시아어,6
KOPziwp2z,메디킹덤 약국,쇼핑,쇼핑 > 전문매장/상가,1,KOPziwp2z:한국어|ENPziwp2z:영어|JPPziwp2z:일본어|CNPziwp2z:중국어 간체|TCPziwp2z:중국어 번체|RUPziwp2z:러시아어|MLPziwp2z:말레이어,7
KOPnew3no,다이소 이스턴스퀘어 강동천호점,쇼핑,쇼핑 > 전문매장/상가,1,KOPnew3no:한국어|ENPnew3no:영어|JPPnew3no:일본어|CNPnew3no:중국어 간체|TCPnew3no:중국어 번체|RUPnew3no:러시아어|MLPnew3no:말레이어,7
KOP3o3i2c,젠틀몬스터 하우스 노웨어 서울,쇼핑,쇼핑 > 전문매장/상가,1,KOP3o3i2c:한국어|ENP3o3i2c:영어|JPP3o3i2c:일본어|CNP3o3i2c:중국어 간체|TCP3o3i2c:중국어 번체|RUP3o3i2c:러시아어|MLP3o3i2c:말레이어,7
KOPw8jvg2,모던하우스 뉴컨셉스토어 뉴코아강남점,쇼핑,쇼핑 > 전문매장/상가,1,KOPw8jvg2:한국어|ENPw8jvg2:영어|JPPw8jvg2:일본어|CNPw8jvg2:중국어 간체|TCPw8jvg2:중국어 번체|RUPw8jvg2:러시아어|MLPw8jvg2:말레이어,7
KOP8ymdnz,서울마이소울 강남점,쇼핑,쇼핑 > 전문매장/상가,1,KOP8ymdnz:한국어|ENP8ymdnz:영어|JPP8ymdnz:일본어|CNP8ymdnz:중국어 간체|TCP8ymdnz:중국어 번체,5
KOP19pl3n,무신사 킥스 성수,쇼핑,쇼핑 > 전문매장/상가,1,KOP19pl3n:한국어|ENP19pl3n:영어|JPP19pl3n:일본어|CNP19pl3n:중국어 간체|TCP19pl3n:중국어 번체|RUP19pl3n:러시아어|MLP19pl3n:말레이어,7
KOPmwrtiq,뉴뉴하우스 성수역점,쇼핑,쇼핑 > 전문매장/상가,1,KOPmwrtiq:한국어|ENPmwrtiq:영어|JPPmwrtiq:일본어|CNPmwrtiq:중국어 간체|TCPmwrtiq:중국어 번체|RUPmwrtiq:러시아어|MLPmwrtiq:말레이어,7
KOPkptqaw,치이카와샵 아이파크몰 용산점,쇼핑,쇼핑 > 전문매장/상가,1,KOPkptqaw:한국어|ENPkptqaw:영어|JPPkptqaw:일본어|CNPkptqaw:중국어 간체|TCPkptqaw:중국어 번체|RUPkptqaw:러시아어|MLPkptqaw:말레이어,7
KOP6cgusv,옵티마웰니스뮤지엄 약국,쇼핑,쇼핑 > 전문매장/상가,1,KOP6cgusv:한국어|ENP6cgusv:영어|JPP6cgusv:일본어|CNP6cgusv:중국어 간체|TCP6cgusv:중국어 번체|RUP6cgusv:러시아어|MLP6cgusv:말레이어,7
KOP1lezus,메디큐브 플래그십 스토어,쇼핑,쇼핑 > 전문매장/상가,1,KOP1lezus:한국어|ENP1lezus:영어|JPP1lezus:일본어|CNP1lezus:중국어 간체|TCP1lezus:중국어 번체|RUP1lezus:러시아어|MLP1lezus:말레이어,7
KOPftj6y4,서울마이소울샵 5호점,쇼핑,쇼핑 > 전문매장/상가,1,KOPftj6y4:한국어|ENPftj6y4:영어|JPPftj6y4:일본어|CNPftj6y4:중국어 간체|TCPftj6y4:중국어 번체|RUPftj6y4:러시아어|MLPftj6y4:말레이어,7
KOPk1tc0u,나가노마켓 SEOUL,쇼핑,쇼핑 > 전문매장/상가,1,KOPk1tc0u:한국어|ENPk1tc0u:영어|JPPk1tc0u:일본어|CNPk1tc0u:중국어 간체|TCPk1tc0u:중국어 번체|RUPk1tc0u:러시아어|MLPk1tc0u:말레이어,7
KOPggigcc,Eeut,쇼핑,쇼핑 > 전문매장/상가,1,KOPggigcc:한국어|ENPggigcc:영어|JPPggigcc:일본어|CNPggigcc:중국어 간체|TCPggigcc:중국어 번체|RUPggigcc:러시아어|MLPggigcc:말레이어,7
KOPvqiu03,예음레코드,쇼핑,쇼핑 > 전문매장/상가,1,KOPvqiu03:한국어|ENPvqiu03:영어|JPPvqiu03:일본어|CNPvqiu03:중국어 간체|TCPvqiu03:중국어 번체|RUPvqiu03:러시아어|MLPvqiu03:말레이어,7
KOPmjfup7,만물상단 동묘점,쇼핑,쇼핑 > 전문매장/상가,1,KOPmjfup7:한국어|ENPmjfup7:영어|JPPmjfup7:일본어|CNPmjfup7:중국어 간체|TCPmjfup7:중국어 번체|RUPmjfup7:러시아어|MLPmjfup7:말레이어,7
KOPj2hey2,레트로홀릭,쇼핑,쇼핑 > 전문매장/상가,1,KOPj2hey2:한국어|ENPj2hey2:영어|JPPj2hey2:일본어|CNPj2hey2:중국어 간체|TCPj2hey2:중국어 번체|RUPj2hey2:러시아어|MLPj2hey2:말레이어,7
KOP1lzgz5,퍼플가라지 (PURPLE GARAGE ),쇼핑,쇼핑 > 전문매장/상가,1,KOP1lzgz5:한국어|ENP1lzgz5:영어|JPP1lzgz5:일본어|CNP1lzgz5:중국어 간체|TCP1lzgz5:중국어 번체|RUP1lzgz5:러시아어|MLP1lzgz5:말레이어,7
KOP5wmxna,쌤트 (CEMT),쇼핑,쇼핑 > 전문매장/상가,1,KOP5wmxna:한국어|ENP5wmxna:영어|JPP5wmxna:일본어|CNP5wmxna:중국어 간체|TCP5wmxna:중국어 번체|RUP5wmxna:러시아어|MLP5wmxna:말레이어,7
KOPv74tvt,수바코2,쇼핑,쇼핑 > 전문매장/상가,1,KOPv74tvt:한국어|ENPv74tvt:영어|JPPv74tvt:일본어|CNPv74tvt:중국어 간체|TCPv74tvt:중국어 번체|RUPv74tvt:러시아어|MLPv74tvt:말레이어,7
KOP3xm3gd,호코리상점,쇼핑,쇼핑 > 전문매장/상가,1,KOP3xm3gd:한국어|ENP3xm3gd:영어|JPP3xm3gd:일본어|CNP3xm3gd:중국어 간체|TCP3xm3gd:중국어 번체|RUP3xm3gd:러시아어|MLP3xm3gd:말레이어,7
KOPsx4vm0,508shop,쇼핑,쇼핑,2,KOPsx4vm0:한국어|ENPsx4vm0:영어|JPPsx4vm0:일본어|CNPsx4vm0:중국어 간체|TCPsx4vm0:중국어 번체|RUPsx4vm0:러시아어|MLPsx4vm0:말레이어,7
KOP51dofx,남대문꽃종합상가,쇼핑,쇼핑 > 시장,2,KOP51dofx:한국어|ENP51dofx:영어|JPP51dofx:일본어|CNP51dofx:중국어 간체|TCP51dofx:중국어 번체|RUP51dofx:러시아어|MLP51dofx:말레이어,7
KOPxwxy2m,무신사 메가스토어 성수,쇼핑,쇼핑 > 쇼핑몰,2,KOPxwxy2m:한국어|ENPxwxy2m:영어|JPPxwxy2m:일본어|CNPxwxy2m:중국어 간체|TCPxwxy2m:중국어 번체|RUPxwxy2m:러시아어|MLPxwxy2m:말레이어,7
KOPrnh215,the SamE,쇼핑,쇼핑 > 전문매장/상가,2,KOPrnh215:한국어|ENPrnh215:영어|JPPrnh215:일본어|CNPrnh215:중국어 간체|TCPrnh215:중국어 번체|RUPrnh215:러시아어|MLPrnh215:말레이어,7
KOP4ub523,분크 청담 플래그십 스토어,쇼핑,쇼핑 > 전문매장/상가,2,KOP4ub523:한국어|ENP4ub523:영어|JPP4ub523:일본어|CNP4ub523:중국어 간체|TCP4ub523:중국어 번체|RUP4ub523:러시아어|MLP4ub523:말레이어,7
KOPy0dc86,로파서울 (LOFA Seoul),쇼핑,쇼핑 > 전문매장/상가,2,KOPy0dc86:한국어|ENPy0dc86:영어|JPPy0dc86:일본어|CNPy0dc86:중국어 간체|TCPy0dc86:중국어 번체|RUPy0dc86:러시아어|MLPy0dc86:말레이어,7
KOPywt0mt,센티카 한남점,쇼핑,쇼핑 > 전문매장/상가,2,KOPywt0mt:한국어|ENPywt0mt:영어|JPPywt0mt:일본어|CNPywt0mt:중국어 간체|TCPywt0mt:중국어 번체|RUPywt0mt:러시아어|MLPywt0mt:말레이어,7
KOPwjlcvv,센티카 소격점,쇼핑,쇼핑 > 전문매장/상가,2,KOPwjlcvv:한국어|ENPwjlcvv:영어|JPPwjlcvv:일본어|CNPwjlcvv:중국어 간체|TCPwjlcvv:중국어 번체|RUPwjlcvv:러시아어|MLPwjlcvv:말레이어,7
KOPza4e3a,올리브베러 광화문점,쇼핑,쇼핑,2,KOPza4e3a:한국어|ENPza4e3a:영어|JPPza4e3a:일본어|CNPza4e3a:중국어 간체|TCPza4e3a:중국어 번체|RUPza4e3a:러시아어|MLPza4e3a:말레이어,7
KOP42hkoc,굿모닝 제너럴 스토어,쇼핑,쇼핑,2,KOP42hkoc:한국어|ENP42hkoc:영어|JPP42hkoc:일본어|CNP42hkoc:중국어 간체|TCP42hkoc:중국어 번체|RUP42hkoc:러시아어|MLP42hkoc:말레이어,7
KOPfko0nq,어티피컬 용산점 (Atypical Yongsan shop &amp; gallery),쇼핑,쇼핑 > 전문매장/상가,2,KOPfko0nq:한국어|ENPfko0nq:영어|JPPfko0nq:일본어|CNPfko0nq:중국어 간체|TCPfko0nq:중국어 번체|RUPfko0nq:러시아어|MLPfko0nq:말레이어,7
KOP0zmnvi,디어포스트 (dearpost),쇼핑,쇼핑 > 전문매장/상가,2,KOP0zmnvi:한국어|ENP0zmnvi:영어|JPP0zmnvi:일본어|CNP0zmnvi:중국어 간체|TCP0zmnvi:중국어 번체|RUP0zmnvi:러시아어|MLP0zmnvi:말레이어,7
KOPth7w31,엠크라프트 (M CRAFT),쇼핑,쇼핑 > 전문매장/상가,2,KOPth7w31:한국어|ENPth7w31:영어|JPPth7w31:일본어|CNPth7w31:중국어 간체|TCPth7w31:중국어 번체|RUPth7w31:러시아어|MLPth7w31:말레이어,7
KOP3crf5v,로우클래식 미래빌딩점,쇼핑,쇼핑,2,KOP3crf5v:한국어|ENP3crf5v:영어|JPP3crf5v:일본어|CNP3crf5v:중국어 간체|TCP3crf5v:중국어 번체|RUP3crf5v:러시아어|MLP3crf5v:말레이어,7
KOPab5p53,로우클래식 성수점,쇼핑,쇼핑,2,KOPab5p53:한국어|ENPab5p53:영어|JPPab5p53:일본어|CNPab5p53:중국어 간체|TCPab5p53:중국어 번체|RUPab5p53:러시아어|MLPab5p53:말레이어,7
KOP2i6uh8,로우클래식 가로수길점,쇼핑,쇼핑 > 전문매장/상가,2,KOP2i6uh8:한국어|ENP2i6uh8:영어|JPP2i6uh8:일본어|CNP2i6uh8:중국어 간체|TCP2i6uh8:중국어 번체|RUP2i6uh8:러시아어|MLP2i6uh8:말레이어,7
KOPrzx6dz,리뉴드 성수,쇼핑,쇼핑 > 시장,2,KOPrzx6dz:한국어|ENPrzx6dz:영어|JPPrzx6dz:일본어|CNPrzx6dz:중국어 간체|TCPrzx6dz:중국어 번체|RUPrzx6dz:러시아어|MLPrzx6dz:말레이어,7
KOP1p6g0h,로맨틱무브 성수 플래그쉽 스토어,쇼핑,쇼핑 > 전문매장/상가,2,KOP1p6g0h:한국어|ENP1p6g0h:영어|JPP1p6g0h:일본어|CNP1p6g0h:중국어 간체|TCP1p6g0h:중국어 번체|RUP1p6g0h:러시아어|MLP1p6g0h:말레이어,7
KOP4ahe2c,원모어백,쇼핑,쇼핑 > 전문매장/상가,2,KOP4ahe2c:한국어|ENP4ahe2c:영어|JPP4ahe2c:일본어|CNP4ahe2c:중국어 간체|TCP4ahe2c:중국어 번체|RUP4ahe2c:러시아어|MLP4ahe2c:말레이어,7
KOPy3knml,콜리빌리,쇼핑,쇼핑 > 전문매장/상가,2,KOPy3knml:한국어|ENPy3knml:영어|JPPy3knml:일본어|CNPy3knml:중국어 간체|TCPy3knml:중국어 번체|RUPy3knml:러시아어|MLPy3knml:말레이어,7
KOPafkx6w,빈티지유니버스,쇼핑,쇼핑 > 전문매장/상가,3,KOPafkx6w:한국어|ENPafkx6w:영어|JPPafkx6w:일본어|CNPafkx6w:중국어 간체|TCPafkx6w:중국어 번체|RUPafkx6w:러시아어|MLPafkx6w:말레이어,7
KOPm7kjm3,K-Heritage store 덕수궁,쇼핑,쇼핑 > 전문매장/상가,3,KOPm7kjm3:한국어|ENPm7kjm3:영어|JPPm7kjm3:일본어|CNPm7kjm3:중국어 간체|TCPm7kjm3:중국어 번체|RUPm7kjm3:러시아어|MLPm7kjm3:말레이어,7
KOP4sh9je,코스믹맨션 서촌,쇼핑,쇼핑 > 전문매장/상가,3,KOP4sh9je:한국어|ENP4sh9je:영어|JPP4sh9je:일본어|CNP4sh9je:중국어 간체|TCP4sh9je:중국어 번체|RUP4sh9je:러시아어|MLP4sh9je:말레이어,7
KOPncj7nn,포셋 연희,쇼핑,쇼핑 > 전문매장/상가,3,KOPncj7nn:한국어|ENPncj7nn:영어|JPPncj7nn:일본어|CNPncj7nn:중국어 간체|TCPncj7nn:중국어 번체|RUPncj7nn:러시아어|MLPncj7nn:말레이어,7
KOPjx2a9d,비스켓 스튜디오,쇼핑,쇼핑 > 전문매장/상가,3,KOPjx2a9d:한국어|ENPjx2a9d:영어|JPPjx2a9d:일본어|CNPjx2a9d:중국어 간체|TCPjx2a9d:중국어 번체|RUPjx2a9d:러시아어|MLPjx2a9d:말레이어,7
KOP86di0a,헤트라스 성수,쇼핑,쇼핑 > 전문매장/상가,3,KOP86di0a:한국어|ENP86di0a:영어|JPP86di0a:일본어|CNP86di0a:중국어 간체|TCP86di0a:중국어 번체|RUP86di0a:러시아어|MLP86di0a:말레이어,7
KOPi3s4ab,성수 레디영 약국,쇼핑,쇼핑 > 전문매장/상가,3,KOPi3s4ab:한국어|ENPi3s4ab:영어|JPPi3s4ab:일본어|CNPi3s4ab:중국어 간체|TCPi3s4ab:중국어 번체|RUPi3s4ab:러시아어|MLPi3s4ab:말레이어,7
KOPg1mnzj,황학동 만물 시장,쇼핑,쇼핑 > 시장,3,KOPg1mnzj:한국어|ENPg1mnzj:영어|JPPg1mnzj:일본어|CNPg1mnzj:중국어 간체|TCPg1mnzj:중국어 번체|RUPg1mnzj:러시아어|MLPg1mnzj:말레이어,7
KOP7mwbxy,근영악기,쇼핑,쇼핑 > 전문매장/상가,3,KOP7mwbxy:한국어|ENP7mwbxy:영어|JPP7mwbxy:일본어|CNP7mwbxy:중국어 간체|TCP7mwbxy:중국어 번체,5
KOPv184vp,LLEGE,쇼핑,쇼핑 > 전문매장/상가,3,KOPv184vp:한국어|ENPv184vp:영어|JPPv184vp:일본어|CNPv184vp:중국어 간체|TCPv184vp:중국어 번체,5
KOP1upa1m,TWL shop,쇼핑,쇼핑 > 전문매장/상가,3,KOP1upa1m:한국어|ENP1upa1m:영어|JPP1upa1m:일본어|CNP1upa1m:중국어 간체|TCP1upa1m:중국어 번체,5
KOPbo1j5m,오자크래프트,쇼핑,쇼핑 > 전문매장/상가,3,KOPbo1j5m:한국어|ENPbo1j5m:영어|JPPbo1j5m:일본어|CNPbo1j5m:중국어 간체|TCPbo1j5m:중국어 번체,5
KOP1yzr0u,세실 앤 세드릭 Cecile &amp; Cedric,쇼핑,쇼핑 > 전문매장/상가,3,KOP1yzr0u:한국어|ENP1yzr0u:영어|JPP1yzr0u:일본어|CNP1yzr0u:중국어 간체|TCP1yzr0u:중국어 번체,5
KOP5y94vy,GS25 DXLAB점,쇼핑,쇼핑 > 전문매장/상가,3,KOP5y94vy:한국어|ENP5y94vy:영어|JPP5y94vy:일본어|CNP5y94vy:중국어 간체|TCP5y94vy:중국어 번체,5
KOPo4mwrs,종로캐릭터팬시(뉴띵),쇼핑,쇼핑 > 전문매장/상가,3,KOPo4mwrs:한국어|ENPo4mwrs:영어|JPPo4mwrs:일본어|CNPo4mwrs:중국어 간체|TCPo4mwrs:중국어 번체,5
KOPq52hjp,가든뷰,쇼핑,쇼핑 > 전문매장/상가,3,KOPq52hjp:한국어|ENPq52hjp:영어|JPPq52hjp:일본어|CNPq52hjp:중국어 간체|TCPq52hjp:중국어 번체,5
KOPnx3r6c,마이 페이보릿,쇼핑,쇼핑 > 전문매장/상가,3,KOPnx3r6c:한국어|ENPnx3r6c:영어|JPPnx3r6c:일본어|CNPnx3r6c:중국어 간체|TCPnx3r6c:중국어 번체,5
KOPlh08xy,롤드페인트,쇼핑,쇼핑 > 전문매장/상가,3,KOPlh08xy:한국어|ENPlh08xy:영어|JPPlh08xy:일본어|CNPlh08xy:중국어 간체|TCPlh08xy:중국어 번체,5
KOPln64kv,빈티지숍 페이지원,쇼핑,쇼핑 > 전문매장/상가,3,KOPln64kv:한국어|ENPln64kv:영어|JPPln64kv:일본어|CNPln64kv:중국어 간체|TCPln64kv:중국어 번체,5
KOPet9p1i,케이팝 스퀘어 홍대,쇼핑,쇼핑 > 전문매장/상가,3,KOPet9p1i:한국어|ENPet9p1i:영어|JPPet9p1i:일본어|CNPet9p1i:중국어 간체|TCPet9p1i:중국어 번체,5
KOP6ptemj,신세계 더 헤리티지,쇼핑,쇼핑 > 백화점,4,KOP6ptemj:한국어|ENP6ptemj:영어|JPP6ptemj:일본어|CNP6ptemj:중국어 간체|TCP6ptemj:중국어 번체,5
KOPw44mzp,티티에이 t.t.a,쇼핑,쇼핑 > 전문매장/상가,4,KOPw44mzp:한국어|ENPw44mzp:영어|JPPw44mzp:일본어|CNPw44mzp:중국어 간체|TCPw44mzp:중국어 번체|RUPw44mzp:러시아어|MLPw44mzp:말레이어,7
KOP7c8tmq,LOEUVRE 루에브르 한남 플래그십 스토어,쇼핑,쇼핑 > 전문매장/상가,4,KOP7c8tmq:한국어|ENP7c8tmq:영어|JPP7c8tmq:일본어|CNP7c8tmq:중국어 간체|TCP7c8tmq:중국어 번체,5
KOP0nu1y0,NEOTERIA 네오텔리아 한남,쇼핑,쇼핑 > 전문매장/상가,4,KOP0nu1y0:한국어|ENP0nu1y0:영어|JPP0nu1y0:일본어|CNP0nu1y0:중국어 간체|TCP0nu1y0:중국어 번체,5
KOPy0z89u,SISAO 시사오 한남,쇼핑,쇼핑 > 전문매장/상가,4,KOPy0z89u:한국어|ENPy0z89u:영어|JPPy0z89u:일본어|CNPy0z89u:중국어 간체|TCPy0z89u:중국어 번체,5
KOPvvfz6r,선유도 고양이,쇼핑,쇼핑,4,KOPvvfz6r:한국어|ENPvvfz6r:영어|JPPvvfz6r:일본어|CNPvvfz6r:중국어 간체|TCPvvfz6r:중국어 번체,5
KOP01flpb,포인트 오브 뷰 서울,쇼핑,쇼핑 > 전문매장/상가,4,KOP01flpb:한국어|ENP01flpb:영어|JPP01flpb:일본어|CNP01flpb:중국어 간체|TCP01flpb:중국어 번체,5
KOP32m3he,코엑스 물품보관소,쇼핑,쇼핑 > 백화점,4,KOP32m3he:한국어|ENP32m3he:영어|JPP32m3he:일본어|CNP32m3he:중국어 간체|TCP32m3he:중국어 번체,5
KOP64f1uy,양재꽃시장,쇼핑,쇼핑 > 시장,4,KOP64f1uy:한국어|ENP64f1uy:영어|JPP64f1uy:일본어|CNP64f1uy:중국어 간체|TCP64f1uy:중국어 번체|RUP64f1uy:러시아어|MLP64f1uy:말레이어,7
KOP3rjtd6,경동시장,쇼핑,쇼핑 > 시장,4,KOP3rjtd6:한국어|ENP3rjtd6:영어|JPP3rjtd6:일본어|CNP3rjtd6:중국어 간체|TCP3rjtd6:중국어 번체,5
KOPfgv1jj,쿠오카 성수,쇼핑,쇼핑 > 전문매장/상가,4,KOPfgv1jj:한국어|ENPfgv1jj:영어|JPPfgv1jj:일본어|CNPfgv1jj:중국어 간체|TCPfgv1jj:중국어 번체,5
KOPcblu8e,쿠에른,쇼핑,쇼핑 > 전문매장/상가,4,KOPcblu8e:한국어|ENPcblu8e:영어|JPPcblu8e:일본어|CNPcblu8e:중국어 간체|TCPcblu8e:중국어 번체,5
KOPazp76o,키스 서울,쇼핑,쇼핑 > 전문매장/상가,4,KOPazp76o:한국어|ENPazp76o:영어|JPPazp76o:일본어|CNPazp76o:중국어 간체|TCPazp76o:중국어 번체,5
KOPyk4dod,빌라 에르바티움,쇼핑,쇼핑 > 전문매장/상가,4,KOPyk4dod:한국어|ENPyk4dod:영어|JPPyk4dod:일본어|CNPyk4dod:중국어 간체|TCPyk4dod:중국어 번체,5
KOPc8w958,홍대R3 패션거리,쇼핑,쇼핑 > 시장,4,KOPc8w958:한국어|ENPc8w958:영어|JPPc8w958:일본어|CNPc8w958:중국어 간체|TCPc8w958:중국어 번체,5
KOPue1dn6,소품공장,쇼핑,쇼핑 > 시장,4,KOPue1dn6:한국어|ENPue1dn6:영어|JPPue1dn6:일본어|CNPue1dn6:중국어 간체|TCPue1dn6:중국어 번체,5
KOPkbyxzt,위드뮤 AK PLAZA 홍대점,쇼핑,쇼핑 > 시장,4,KOPkbyxzt:한국어|ENPkbyxzt:영어|JPPkbyxzt:일본어|CNPkbyxzt:중국어 간체|TCPkbyxzt:중국어 번체,5
KOPveuat2,더키월드,쇼핑,쇼핑 > 시장,4,KOPveuat2:한국어|ENPveuat2:영어|JPPveuat2:일본어|CNPveuat2:중국어 간체|TCPveuat2:중국어 번체,5
KOPdi0px1,포카부,쇼핑,쇼핑 > 시장,4,KOPdi0px1:한국어|ENPdi0px1:영어|JPPdi0px1:일본어|CNPdi0px1:중국어 간체|TCPdi0px1:중국어 번체,5
KOP86hwqe,새마을시장,쇼핑,쇼핑,4,KOP86hwqe:한국어|ENP86hwqe:영어|JPP86hwqe:일본어|CNP86hwqe:중국어 간체|TCP86hwqe:중국어 번체,5
KOP6x3iur,그랑핸드 도산,쇼핑,쇼핑,5,KOP6x3iur:한국어|ENP6x3iur:영어|JPP6x3iur:일본어|CNP6x3iur:중국어 간체|TCP6x3iur:중국어 번체,5
KOP4rundc,그로브,쇼핑,쇼핑,5,KOP4rundc:한국어|ENP4rundc:영어|JPP4rundc:일본어|CNP4rundc:중국어 간체|TCP4rundc:중국어 번체,5
KOP42q156,10 꼬르소 꼬모 청담점,쇼핑,쇼핑,5,KOP42q156:한국어|ENP42q156:영어|JPP42q156:일본어|CNP42q156:중국어 간체|TCP42q156:중국어 번체,5
KOP7u7jrk,성수 연무장길,쇼핑,쇼핑,5,KOP7u7jrk:한국어|ENP7u7jrk:영어|JPP7u7jrk:일본어|CNP7u7jrk:중국어 간체|TCP7u7jrk:중국어 번체,5
KOPrqbz6d,용산 용리단길,쇼핑,쇼핑,5,KOPrqbz6d:한국어|ENPrqbz6d:영어|JPPrqbz6d:일본어|CNPrqbz6d:중국어 간체|TCPrqbz6d:중국어 번체,5
KOPvxxkpq,아이헤이트먼데이,쇼핑,쇼핑,5,KOPvxxkpq:한국어,1
KOP50i2ql,리피트랩,쇼핑,쇼핑,5,KOP50i2ql:한국어,1
KOPsiyv8i,부루의뜨락,쇼핑,쇼핑,5,KOPsiyv8i:한국어|ENPsiyv8i:영어|JPPsiyv8i:일본어|CNPsiyv8i:중국어 간체|TCPsiyv8i:중국어 번체,5
KOP9ynvir,필름로그 현상소,쇼핑,쇼핑,5,KOP9ynvir:한국어|ENP9ynvir:영어|JPP9ynvir:일본어|CNP9ynvir:중국어 간체|TCP9ynvir:중국어 번체,5
KOP0kjpgo,올라이트 서촌점,쇼핑,쇼핑,5,KOP0kjpgo:한국어|ENP0kjpgo:영어|JPP0kjpgo:일본어|CNP0kjpgo:중국어 간체|TCP0kjpgo:중국어 번체,5
KOPia9uar,어쩌다 책방,쇼핑,쇼핑,5,KOPia9uar:한국어|ENPia9uar:영어|JPPia9uar:일본어|CNPia9uar:중국어 간체|TCPia9uar:중국어 번체,5
KOPsy91f2,글월 연희점,쇼핑,쇼핑 > 전문매장/상가,5,KOPsy91f2:한국어|ENPsy91f2:영어|JPPsy91f2:일본어|CNPsy91f2:중국어 간체|TCPsy91f2:중국어 번체,5
KOP8jtjh5,옵틱프로젝트,쇼핑,쇼핑,5,KOP8jtjh5:한국어|ENP8jtjh5:영어|JPP8jtjh5:일본어|CNP8jtjh5:중국어 간체|TCP8jtjh5:중국어 번체,5
KOPg9q2f1,아셈안경,쇼핑,쇼핑,5,KOPg9q2f1:한국어|ENPg9q2f1:영어|JPPg9q2f1:일본어|CNPg9q2f1:중국어 간체|TCPg9q2f1:중국어 번체,5
KOPc4t2zl,잭슨 카멜레온,쇼핑,쇼핑 > 전문매장/상가,5,KOPc4t2zl:한국어|ENPc4t2zl:영어|JPPc4t2zl:일본어|CNPc4t2zl:중국어 간체|TCPc4t2zl:중국어 번체,5
KOPuw4dco,책보냥,쇼핑,쇼핑 > 전문매장/상가,5,KOPuw4dco:한국어|ENPuw4dco:영어|JPPuw4dco:일본어|CNPuw4dco:중국어 간체|TCPuw4dco:중국어 번체,5
KOPnh3bjr,무신사 스토어 성수@대림창고,쇼핑,쇼핑,5,KOPnh3bjr:한국어|ENPnh3bjr:영어|JPPnh3bjr:일본어|CNPnh3bjr:중국어 간체|TCPnh3bjr:중국어 번체,5
KOP1ny5i7,무신사 엠프티 압구정 베이스먼트,쇼핑,쇼핑,5,KOP1ny5i7:한국어|ENP1ny5i7:영어|JPP1ny5i7:일본어|CNP1ny5i7:중국어 간체|TCP1ny5i7:중국어 번체,5
KOPqyg4ls,마이초이스 서촌,쇼핑,쇼핑,5,KOPqyg4ls:한국어|ENPqyg4ls:영어|JPPqyg4ls:일본어|CNPqyg4ls:중국어 간체|TCPqyg4ls:중국어 번체,5
KOPk0r1d9,모나미스토어 성수점,쇼핑,쇼핑 > 전문매장/상가,5,KOPk0r1d9:한국어|ENPk0r1d9:영어|JPPk0r1d9:일본어|CNPk0r1d9:중국어 간체|TCPk0r1d9:중국어 번체,5
KOPyd4kmy,진저하우스,쇼핑,쇼핑 > 전문매장/상가,6,KOPyd4kmy:한국어|ENPyd4kmy:영어|JPPyd4kmy:일본어|CNPyd4kmy:중국어 간체|TCPyd4kmy:중국어 번체,5
KOP4o6xl3,캘빈클라인 홍대점,쇼핑,쇼핑 > 전문매장/상가,6,KOP4o6xl3:한국어|ENP4o6xl3:영어|JPP4o6xl3:일본어|CNP4o6xl3:중국어 간체|TCP4o6xl3:중국어 번체,5
KOPwlwiuo,파스닙스,쇼핑,쇼핑 > 전문매장/상가,6,KOPwlwiuo:한국어|ENPwlwiuo:영어|JPPwlwiuo:일본어|CNPwlwiuo:중국어 간체|TCPwlwiuo:중국어 번체,5
KOPhs5npl,광성유통,쇼핑,쇼핑,6,KOPhs5npl:한국어|ENPhs5npl:영어|JPPhs5npl:일본어|CNPhs5npl:중국어 간체|TCPhs5npl:중국어 번체,5
KOPv9kv5b,안경박사 본점,쇼핑,쇼핑 > 전문매장/상가,6,KOPv9kv5b:한국어|ENPv9kv5b:영어|JPPv9kv5b:일본어|CNPv9kv5b:중국어 간체|TCPv9kv5b:중국어 번체,5
KOPtw1dyr,박선영전통한복연구실,쇼핑,쇼핑 > 전문매장/상가,6,KOPtw1dyr:한국어|ENPtw1dyr:영어|JPPtw1dyr:일본어|CNPtw1dyr:중국어 간체|TCPtw1dyr:중국어 번체,5
KOPennz8o,캘빈클라인 명동점,쇼핑,쇼핑 > 전문매장/상가,6,KOPennz8o:한국어|ENPennz8o:영어|JPPennz8o:일본어|CNPennz8o:중국어 간체|TCPennz8o:중국어 번체,5
KOPjxvczp,플레이인더박스 더현대서울점,쇼핑,쇼핑 > 전문매장/상가,6,KOPjxvczp:한국어|ENPjxvczp:영어|JPPjxvczp:일본어|CNPjxvczp:중국어 간체|TCPjxvczp:중국어 번체,5
KOPh102m6,스토리지북앤필름 로터리점,쇼핑,쇼핑 > 전문매장/상가,6,KOPh102m6:한국어|ENPh102m6:영어|JPPh102m6:일본어|CNPh102m6:중국어 간체|TCPh102m6:중국어 번체,5
KOPfuliol,모노하 한남,쇼핑,쇼핑 > 전문매장/상가,6,KOPfuliol:한국어|ENPfuliol:영어|JPPfuliol:일본어|CNPfuliol:중국어 간체|TCPfuliol:중국어 번체,5
KOPbj4if3,NR CERAMICS,쇼핑,쇼핑 > 전문매장/상가,6,KOPbj4if3:한국어|ENPbj4if3:영어|JPPbj4if3:일본어|CNPbj4if3:중국어 간체|TCPbj4if3:중국어 번체,5
KOPwnlgos,고요서사,쇼핑,쇼핑 > 전문매장/상가,6,KOPwnlgos:한국어|ENPwnlgos:영어|JPPwnlgos:일본어|CNPwnlgos:중국어 간체|TCPwnlgos:중국어 번체,5
KOPguxwe8,뱅크 홀리데이,쇼핑,쇼핑 > 전문매장/상가,6,KOPguxwe8:한국어|ENPguxwe8:영어|JPPguxwe8:일본어|CNPguxwe8:중국어 간체|TCPguxwe8:중국어 번체,5
KOP4g7mm3,가정식 패브릭,쇼핑,쇼핑 > 전문매장/상가,6,KOP4g7mm3:한국어|ENP4g7mm3:영어|JPP4g7mm3:일본어|CNP4g7mm3:중국어 간체|TCP4g7mm3:중국어 번체,5
KOPxbgr44,소일베이커 정동길,쇼핑,쇼핑 > 전문매장/상가,6,KOPxbgr44:한국어|ENPxbgr44:영어|JPPxbgr44:일본어|CNPxbgr44:중국어 간체|TCPxbgr44:중국어 번체,5
KOP27a0mo,쥬얼파크,쇼핑,쇼핑 > 전문매장/상가,6,KOP27a0mo:한국어|ENP27a0mo:영어|JPP27a0mo:일본어|CNP27a0mo:중국어 간체|TCP27a0mo:중국어 번체,5
KOPlm37m4,부르뎅아동복,쇼핑,쇼핑 > 전문매장/상가,6,KOPlm37m4:한국어|ENPlm37m4:영어|JPPlm37m4:일본어|CNPlm37m4:중국어 간체|TCPlm37m4:중국어 번체,5
KOPl4du7k,포키아동복,쇼핑,쇼핑 > 전문매장/상가,6,KOPl4du7k:한국어|ENPl4du7k:영어|JPPl4du7k:일본어|CNPl4du7k:중국어 간체|TCPl4du7k:중국어 번체,5
KOP0gxkdq,논픽션 한남,쇼핑,쇼핑 > 전문매장/상가,6,KOP0gxkdq:한국어|ENP0gxkdq:영어|JPP0gxkdq:일본어|CNP0gxkdq:중국어 간체|TCP0gxkdq:중국어 번체|RUP0gxkdq:러시아어|MLP0gxkdq:말레이어,7
KOP43to2h,스토리지북앤필름 storage book and film,쇼핑,쇼핑 > 전문매장/상가,6,KOP43to2h:한국어|ENP43to2h:영어|JPP43to2h:일본어|CNP43to2h:중국어 간체|TCP43to2h:중국어 번체,5
KOPbxv0dg,더북소사이어티,쇼핑,쇼핑 > 전문매장/상가,7,KOPbxv0dg:한국어|ENPbxv0dg:영어|JPPbxv0dg:일본어|CNPbxv0dg:중국어 간체|TCPbxv0dg:중국어 번체,5
KOP7xadww,공릉동 도깨비시장,쇼핑,쇼핑 > 시장,7,KOP7xadww:한국어|ENP7xadww:영어|JPP7xadww:일본어|CNP7xadww:중국어 간체|TCP7xadww:중국어 번체|RUP7xadww:러시아어|MLP7xadww:말레이어,7
KOPz1lgm9,지구불시착,쇼핑,쇼핑 > 전문매장/상가,7,KOPz1lgm9:한국어|ENPz1lgm9:영어|JPPz1lgm9:일본어|CNPz1lgm9:중국어 간체|TCPz1lgm9:중국어 번체|RUPz1lgm9:러시아어|MLPz1lgm9:말레이어,7
KOP30tdop,유어마인드,쇼핑,쇼핑 > 전문매장/상가,7,KOP30tdop:한국어|ENP30tdop:영어|JPP30tdop:일본어|CNP30tdop:중국어 간체|TCP30tdop:중국어 번체,5
KOPym8jdx,모자이크 웨스트,쇼핑,쇼핑 > 전문매장/상가,7,KOPym8jdx:한국어|ENPym8jdx:영어|JPPym8jdx:일본어|CNPym8jdx:중국어 간체|TCPym8jdx:중국어 번체|RUPym8jdx:러시아어,6
KOPl7gype,중앙상회,쇼핑,쇼핑 > 전문매장/상가,7,KOPl7gype:한국어|ENPl7gype:영어|JPPl7gype:일본어|CNPl7gype:중국어 간체|TCPl7gype:중국어 번체|RUPl7gype:러시아어,6
KOP8onuvv,백양세탁,쇼핑,쇼핑 > 전문매장/상가,7,KOP8onuvv:한국어|ENP8onuvv:영어|JPP8onuvv:일본어|CNP8onuvv:중국어 간체|TCP8onuvv:중국어 번체|RUP8onuvv:러시아어,6
KOPctswkv,리웍스120(reworks120),쇼핑,쇼핑 > 쇼핑몰,7,KOPctswkv:한국어|RUPctswkv:러시아어|MLPctswkv:말레이어,3
KOP2dr3he,롯데아울렛 서울역점,쇼핑,쇼핑 > 쇼핑몰,7,KOP2dr3he:한국어|ENP2dr3he:영어,2
KOP9mxyig,YUN 한남,쇼핑,쇼핑 > 전문매장/상가,7,KOP9mxyig:한국어,1
KOP3q0sno,때때롯살롱(TETEROTSALON),쇼핑,쇼핑 > 전문매장/상가,7,KOP3q0sno:한국어,1
KOPrvylta,한국술보틀숍,쇼핑,쇼핑,7,KOPrvylta:한국어|ENPrvylta:영어|JPPrvylta:일본어|CNPrvylta:중국어 간체|TCPrvylta:중국어 번체,5
KOPb3kzdm,비앤씨마켓,쇼핑,쇼핑,7,KOPb3kzdm:한국어|ENPb3kzdm:영어|JPPb3kzdm:일본어|CNPb3kzdm:중국어 간체|TCPb3kzdm:중국어 번체,5
KOPc90jlv,위글위글 플래그십스토어 도산점,쇼핑,쇼핑,7,KOPc90jlv:한국어|ENPc90jlv:영어|JPPc90jlv:일본어|CNPc90jlv:중국어 간체|TCPc90jlv:중국어 번체,5
KOPdyjr97,버터 명동점,쇼핑,쇼핑,7,KOPdyjr97:한국어|ENPdyjr97:영어|JPPdyjr97:일본어|CNPdyjr97:중국어 간체|TCPdyjr97:중국어 번체,5
KOPksh9w1,널스밤 (Nursebalm),쇼핑,쇼핑,7,KOPksh9w1:한국어|ENPksh9w1:영어|JPPksh9w1:일본어|CNPksh9w1:중국어 간체|TCPksh9w1:중국어 번체,5
KOP6ubtgx,시소안경원 신촌점,쇼핑,쇼핑,7,KOP6ubtgx:한국어|ENP6ubtgx:영어|JPP6ubtgx:일본어|CNP6ubtgx:중국어 간체|TCP6ubtgx:중국어 번체,5
KOPoigt91,무신사 엠프티,쇼핑,쇼핑 > 전문매장/상가,7,KOPoigt91:한국어|ENPoigt91:영어|JPPoigt91:일본어|CNPoigt91:중국어 간체|TCPoigt91:중국어 번체,5
KOP58m9lc,무신사 테라스 성수,쇼핑,쇼핑 > 전문매장/상가,7,KOP58m9lc:한국어|ENP58m9lc:영어|JPP58m9lc:일본어|CNP58m9lc:중국어 간체|TCP58m9lc:중국어 번체|RUP58m9lc:러시아어|MLP58m9lc:말레이어,7
KOPozt8oi,젠틀몬스터 하우스 도산,쇼핑,쇼핑,7,KOPozt8oi:한국어|ENPozt8oi:영어|JPPozt8oi:일본어|CNPozt8oi:중국어 간체|TCPozt8oi:중국어 번체,5
KOPygkpyt,옴니피플갤러리,쇼핑,쇼핑,8,KOPygkpyt:한국어|ENPygkpyt:영어|JPPygkpyt:일본어|CNPygkpyt:중국어 간체|TCPygkpyt:중국어 번체,5
KOP77xns8,커버낫 홍대 플래그쉽 스토어,쇼핑,쇼핑,8,KOP77xns8:한국어|ENP77xns8:영어|JPP77xns8:일본어|CNP77xns8:중국어 간체|TCP77xns8:중국어 번체,5
KOPjuf6ry,무신사 스탠다드 홍대,쇼핑,쇼핑,8,KOPjuf6ry:한국어|ENPjuf6ry:영어|JPPjuf6ry:일본어|CNPjuf6ry:중국어 간체|TCPjuf6ry:중국어 번체,5
KOPp5guss,무신사 스탠다드 강남,쇼핑,쇼핑,8,KOPp5guss:한국어|ENPp5guss:영어|JPPp5guss:일본어|CNPp5guss:중국어 간체|TCPp5guss:중국어 번체,5
KOP8tfd7i,금복상회,쇼핑,쇼핑 > 전문매장/상가,8,KOP8tfd7i:한국어|ENP8tfd7i:영어|JPP8tfd7i:일본어|CNP8tfd7i:중국어 간체|TCP8tfd7i:중국어 번체,5
KOPgloa3i,이화명주,쇼핑,쇼핑 > 전문매장/상가,8,KOPgloa3i:한국어|ENPgloa3i:영어|JPPgloa3i:일본어|CNPgloa3i:중국어 간체|TCPgloa3i:중국어 번체,5
KOP61vxfa,젬브로스,쇼핑,쇼핑 > 전문매장/상가,8,KOP61vxfa:한국어|ENP61vxfa:영어|JPP61vxfa:일본어|CNP61vxfa:중국어 간체|TCP61vxfa:중국어 번체,5
KOPh55o29,MECLADS 맥클래즈 한남동 편집샵,쇼핑,쇼핑,8,KOPh55o29:한국어|ENPh55o29:영어|JPPh55o29:일본어|CNPh55o29:중국어 간체|TCPh55o29:중국어 번체,5
KOP3iuk2x,대성표구사,쇼핑,쇼핑 > 전문매장/상가,8,KOP3iuk2x:한국어|ENP3iuk2x:영어|JPP3iuk2x:일본어|CNP3iuk2x:중국어 간체|TCP3iuk2x:중국어 번체,5
KOPkv7z3y,이태원북스,쇼핑,쇼핑 > 전문매장/상가,8,KOPkv7z3y:한국어|ENPkv7z3y:영어|JPPkv7z3y:일본어|CNPkv7z3y:중국어 간체|TCPkv7z3y:중국어 번체,5
KOPx2foc9,광야@서울,쇼핑,쇼핑 > 쇼핑몰,8,KOPx2foc9:한국어|ENPx2foc9:영어|JPPx2foc9:일본어|CNPx2foc9:중국어 간체|TCPx2foc9:중국어 번체,5
KOPpp5dae,승진완구,쇼핑,쇼핑 > 대형마트,8,KOPpp5dae:한국어|ENPpp5dae:영어|JPPpp5dae:일본어|CNPpp5dae:중국어 간체|TCPpp5dae:중국어 번체,5
KOP5ietpk,예문사,쇼핑,쇼핑 > 전문매장/상가,8,KOP5ietpk:한국어|ENP5ietpk:영어|JPP5ietpk:일본어|CNP5ietpk:중국어 간체|TCP5ietpk:중국어 번체,5
KOPhujesr,경은상사,쇼핑,쇼핑 > 전문매장/상가,8,KOPhujesr:한국어|ENPhujesr:영어|JPPhujesr:일본어|CNPhujesr:중국어 간체|TCPhujesr:중국어 번체,5
KOPrf5phm,서울레코드,쇼핑,쇼핑 > 전문매장/상가,8,KOPrf5phm:한국어|ENPrf5phm:영어|JPPrf5phm:일본어|CNPrf5phm:중국어 간체|TCPrf5phm:중국어 번체,5
KOPxc7u7g,합덕슈퍼,쇼핑,쇼핑 > 전문매장/상가,8,KOPxc7u7g:한국어|ENPxc7u7g:영어|JPPxc7u7g:일본어|CNPxc7u7g:중국어 간체|TCPxc7u7g:중국어 번체,5
KOPe6lrh6,미도파꽃집,쇼핑,쇼핑 > 전문매장/상가,8,KOPe6lrh6:한국어|ENPe6lrh6:영어|JPPe6lrh6:일본어|CNPe6lrh6:중국어 간체|TCPe6lrh6:중국어 번체,5
KOPald1vp,맨투맨양복점,쇼핑,쇼핑 > 전문매장/상가,8,KOPald1vp:한국어|ENPald1vp:영어|JPPald1vp:일본어|CNPald1vp:중국어 간체|TCPald1vp:중국어 번체,5
KOPb4qyjm,쌍마스튜디오,쇼핑,쇼핑 > 전문매장/상가,8,KOPb4qyjm:한국어|ENPb4qyjm:영어|JPPb4qyjm:일본어|CNPb4qyjm:중국어 간체|TCPb4qyjm:중국어 번체,5
KOPaw1wws,JS슈즈디자인연구소,쇼핑,쇼핑 > 전문매장/상가,8,KOPaw1wws:한국어|ENPaw1wws:영어|JPPaw1wws:일본어|CNPaw1wws:중국어 간체|TCPaw1wws:중국어 번체,5
KOPs40x54,유홍식 수제화 명장 1호,쇼핑,쇼핑 > 전문매장/상가,9,KOPs40x54:한국어|ENPs40x54:영어|JPPs40x54:일본어|CNPs40x54:중국어 간체|TCPs40x54:중국어 번체,5
KOPht2ct9,힐스트링,쇼핑,쇼핑 > 전문매장/상가,9,KOPht2ct9:한국어|ENPht2ct9:영어|JPPht2ct9:일본어|CNPht2ct9:중국어 간체|TCPht2ct9:중국어 번체,5
KOPrs9x47,혜성미용실,쇼핑,쇼핑 > 전문매장/상가,9,KOPrs9x47:한국어|ENPrs9x47:영어|JPPrs9x47:일본어|CNPrs9x47:중국어 간체|TCPrs9x47:중국어 번체,5
KOPqc1t0c,그날이오면,쇼핑,쇼핑 > 전문매장/상가,9,KOPqc1t0c:한국어|ENPqc1t0c:영어|JPPqc1t0c:일본어|CNPqc1t0c:중국어 간체|TCPqc1t0c:중국어 번체,5
KOPr3kbck,자성당약국,쇼핑,쇼핑 > 전문매장/상가,9,KOPr3kbck:한국어,1
KOPpic8xu,엔터식스 패션스트릿 강남점,쇼핑,쇼핑 > 쇼핑몰,9,KOPpic8xu:한국어|ENPpic8xu:영어|JPPpic8xu:일본어|CNPpic8xu:중국어 간체|TCPpic8xu:중국어 번체,5
KOP041995,명동문고 명동성당점,쇼핑,쇼핑 > 전문매장/상가,9,KOP041995:한국어|ENP041995:영어|JPP041995:일본어|CNP041995:중국어 간체|TCP041995:중국어 번체,5
KOP041965,회기역 파전골목,쇼핑,쇼핑,9,KOP041965:한국어|ENP041965:영어|JPP041965:일본어|CNP041965:중국어 간체|TCP041965:중국어 번체,5
KOP041964,청량리 통닭골목,쇼핑,쇼핑,9,KOP041964:한국어|ENP041964:영어|JPP041964:일본어|CNP041964:중국어 간체|TCP041964:중국어 번체,5
KOP041963,청량리 전통시장,쇼핑,쇼핑,9,KOP041963:한국어|ENP041963:영어|JPP041963:일본어|CNP041963:중국어 간체|TCP041963:중국어 번체,5
KOP041950,남대문시장 칼국수골목,쇼핑,쇼핑,9,KOP041950:한국어|ENP041950:영어|JPP041950:일본어|CNP041950:중국어 간체|TCP041950:중국어 번체,5
KOP041949,남대문시장 갈치조림골목,쇼핑,쇼핑,9,KOP041949:한국어|ENP041949:영어|JPP041949:일본어|CNP041949:중국어 간체|TCP041949:중국어 번체,5
KOP041871,하우스 오브 아로마티카,쇼핑,쇼핑,9,KOP041871:한국어|ENP041871:영어|JPP041871:일본어|CNP041871:중국어 간체|TCP041871:중국어 번체,5
KOP041870,아더 스페이스 3.0 플래그십 스토어,쇼핑,쇼핑,9,KOP041870:한국어|ENP041870:영어|JPP041870:일본어|CNP041870:중국어 간체|TCP041870:중국어 번체,5
KOP041868,RECTO(렉토),쇼핑,쇼핑 > 전문매장/상가,9,KOP041868:한국어|ENP041868:영어|JPP041868:일본어|CNP041868:중국어 간체|TCP041868:중국어 번체,5
KOP041854,8DIVISION(에이트디비젼),쇼핑,쇼핑 > 전문매장/상가,9,KOP041854:한국어|ENP041854:영어|JPP041854:일본어|CNP041854:중국어 간체|TCP041854:중국어 번체,5
KOP041787,쌍리단길,쇼핑,쇼핑,9,KOP041787:한국어|ENP041787:영어|JPP041787:일본어|CNP041787:중국어 간체|TCP041787:중국어 번체,5
KOP041785,망리단길,쇼핑,쇼핑,9,KOP041785:한국어|ENP041785:영어|JPP041785:일본어|CNP041785:중국어 간체|TCP041785:중국어 번체,5
KOP041772,웜그레이테일,쇼핑,쇼핑 > 전문매장/상가,9,KOP041772:한국어|ENP041772:영어|JPP041772:일본어|CNP041772:중국어 간체|TCP041772:중국어 번체|RUP041772:러시아어|MLP041772:말레이어,7
KOP038445,설화수 플래그십 스토어,쇼핑,쇼핑 > 전문매장/상가,9,KOP038445:한국어|ENP038445:영어|JPP038445:일본어|CNP038445:중국어 간체|TCP038445:중국어 번체|RUP038445:러시아어|MLP038445:말레이어,7
KOP038400,젠틀몬스터 홍대 플래그십스토어,쇼핑,쇼핑 > 전문매장/상가,10,KOP038400:한국어|ENP038400:영어|JPP038400:일본어|CNP038400:중국어 간체|TCP038400:중국어 번체|RUP038400:러시아어|MLP038400:말레이어,7
KOP038399,아모레 플래그십 스토어 (성수),쇼핑,쇼핑 > 전문매장/상가,10,KOP038399:한국어|ENP038399:영어|JPP038399:일본어|CNP038399:중국어 간체|TCP038399:중국어 번체|RUP038399:러시아어|MLP038399:말레이어,7
KOP038195,서울 중앙시장,쇼핑,쇼핑 > 시장,10,KOP038195:한국어|ENP038195:영어|JPP038195:일본어|CNP038195:중국어 간체|TCP038195:중국어 번체|RUP038195:러시아어|MLP038195:말레이어,7
KOP037951,신흥시장,쇼핑,쇼핑 > 시장,10,KOP037951:한국어|ENP037951:영어|JPP037951:일본어|CNP037951:중국어 간체|TCP037951:중국어 번체|RUP037951:러시아어|MLP037951:말레이어,7
KOP037950,망원시장,쇼핑,쇼핑 > 시장,10,KOP037950:한국어|ENP037950:영어|JPP037950:일본어|CNP037950:중국어 간체|TCP037950:중국어 번체|RUP037950:러시아어|MLP037950:말레이어,7
KOP037934,쌈지길,쇼핑,쇼핑,10,KOP037934:한국어|ENP037934:영어|JPP037934:일본어|CNP037934:중국어 간체|TCP037934:중국어 번체|RUP037934:러시아어|MLP037934:말레이어,7
KOP037815,알맹상점,쇼핑,쇼핑 > 전문매장/상가,10,KOP037815:한국어|ENP037815:영어|JPP037815:일본어|CNP037815:중국어 간체|TCP037815:중국어 번체|RUP037815:러시아어|MLP037815:말레이어,7
KOP037170,더현대서울,쇼핑,쇼핑 > 쇼핑몰,10,KOP037170:한국어|ENP037170:영어|JPP037170:일본어|CNP037170:중국어 간체|TCP037170:중국어 번체|RUP037170:러시아어|MLP037170:말레이어,7
KOP034490,루미에르 붙임머리,쇼핑,쇼핑 > 전문매장/상가,10,KOP034490:한국어|ENP034490:영어|JPP034490:일본어|CNP034490:중국어 간체|TCP034490:중국어 번체|RUP034490:러시아어,6
KOP034459,스타일난다 핑크 호텔 (명동 플래그십 스토어),쇼핑,쇼핑 > 전문매장/상가,10,KOP034459:한국어|ENP034459:영어|JPP034459:일본어|CNP034459:중국어 간체|TCP034459:중국어 번체|RUP034459:러시아어|MLP034459:말레이어,7
KOP033047,가든파이브라이프,쇼핑,쇼핑 > 쇼핑몰,10,KOP033047:한국어,1
KOP031984,제일시장,쇼핑,쇼핑 > 시장,10,KOP031984:한국어|ENP031984:영어|JPP031984:일본어|CNP031984:중국어 간체|TCP031984:중국어 번체|RUP031984:러시아어,6
KOP031944,증산종합시장,쇼핑,쇼핑 > 시장,10,KOP031944:한국어|ENP031944:영어|JPP031944:일본어|CNP031944:중국어 간체|TCP031944:중국어 번체|RUP031944:러시아어|MLP031944:말레이어,7
KOP029716,성우이용원,쇼핑,쇼핑 > 전문매장/상가,10,KOP029716:한국어|ENP029716:영어|JPP029716:일본어|CNP029716:중국어 간체|TCP029716:중국어 번체|RUP029716:러시아어|MLP029716:말레이어,7
KOP029550,커먼그라운드,쇼핑,쇼핑 > 전문매장/상가,10,KOP029550:한국어|ENP029550:영어|JPP029550:일본어|CNP029550:중국어 간체|TCP029550:중국어 번체|RUP029550:러시아어|MLP029550:말레이어,7
KOP029546,고투몰,쇼핑,쇼핑 > 쇼핑몰,10,KOP029546:한국어|ENP029546:영어|JPP029546:일본어|CNP029546:중국어 간체|TCP029546:중국어 번체|RUP029546:러시아어|MLP029546:말레이어,7
KOP029052,이태원 앤틱 가구거리,쇼핑,쇼핑 > 전문매장/상가,10,KOP029052:한국어|ENP029052:영어|JPP029052:일본어|CNP029052:중국어 간체|TCP029052:중국어 번체|RUP029052:러시아어,6
KOP029048,한신옹기,쇼핑,쇼핑 > 전문매장/상가,10,KOP029048:한국어|ENP029048:영어|JPP029048:일본어|CNP029048:중국어 간체|TCP029048:중국어 번체|RUP029048:러시아어,6
KOP028335,공덕시장,쇼핑,쇼핑 > 시장,10,KOP028335:한국어|ENP028335:영어|JPP028335:일본어|CNP028335:중국어 간체|TCP028335:중국어 번체|RUP028335:러시아어,6
KOP028332,홍익문고,쇼핑,쇼핑 > 전문매장/상가,10,KOP028332:한국어|ENP028332:영어|JPP028332:일본어|CNP028332:중국어 간체|TCP028332:중국어 번체|RUP028332:러시아어,6
KOP028255,금남시장,쇼핑,쇼핑 > 시장,11,KOP028255:한국어|ENP028255:영어|JPP028255:일본어|CNP028255:중국어 간체|TCP028255:중국어 번체|RUP028255:러시아어,6
KOP028254,연서시장,쇼핑,쇼핑 > 시장,11,KOP028254:한국어|ENP028254:영어|JPP028254:일본어|CNP028254:중국어 간체|TCP028254:중국어 번체|RUP028254:러시아어|MLP028254:말레이어,7
KOP028253,독립문 영천시장,쇼핑,쇼핑 > 시장,11,KOP028253:한국어|ENP028253:영어|JPP028253:일본어|CNP028253:중국어 간체|TCP028253:중국어 번체|RUP028253:러시아어|MLP028253:말레이어,7
KOP028252,남성사계시장,쇼핑,쇼핑 > 시장,11,KOP028252:한국어|ENP028252:영어|JPP028252:일본어|CNP028252:중국어 간체|TCP028252:중국어 번체|RUP028252:러시아어|MLP028252:말레이어,7
KOP028251,대림중앙시장,쇼핑,쇼핑 > 시장,11,KOP028251:한국어|ENP028251:영어|JPP028251:일본어|CNP028251:중국어 간체|TCP028251:중국어 번체|RUP028251:러시아어|MLP028251:말레이어,7
KOP028052,글벗서점,쇼핑,쇼핑 > 전문매장/상가,11,KOP028052:한국어|ENP028052:영어|JPP028052:일본어|CNP028052:중국어 간체|TCP028052:중국어 번체|RUP028052:러시아어,6
KOP028051,호미화방,쇼핑,쇼핑 > 전문매장/상가,11,KOP028051:한국어|ENP028051:영어|JPP028051:일본어|CNP028051:중국어 간체|TCP028051:중국어 번체|RUP028051:러시아어,6
KOP027649,성수동 수제화 거리,쇼핑,쇼핑 > 전문매장/상가,11,KOP027649:한국어|ENP027649:영어|JPP027649:일본어|CNP027649:중국어 간체|TCP027649:중국어 번체|RUP027649:러시아어|MLP027649:말레이어,7
KOP027304,카카오프렌즈 홍대 플래그십 스토어,쇼핑,쇼핑 > 전문매장/상가,11,KOP027304:한국어|ENP027304:영어|JPP027304:일본어|CNP027304:중국어 간체|TCP027304:중국어 번체|RUP027304:러시아어,6
KOP026965,가락몰,쇼핑,쇼핑 > 시장,11,KOP026965:한국어|ENP026965:영어|JPP026965:일본어|CNP026965:중국어 간체|TCP026965:중국어 번체|RUP026965:러시아어|MLP026965:말레이어,7
KOP026964,평화시장,쇼핑,쇼핑 > 시장,11,KOP026964:한국어|ENP026964:영어|JPP026964:일본어|CNP026964:중국어 간체|TCP026964:중국어 번체|RUP026964:러시아어|MLP026964:말레이어,7
KOP026956,한영양복점,쇼핑,쇼핑 > 전문매장/상가,11,KOP026956:한국어|ENP026956:영어|JPP026956:일본어|CNP026956:중국어 간체|TCP026956:중국어 번체|RUP026956:러시아어|MLP026956:말레이어,7
KOP026955,송림수제화,쇼핑,쇼핑 > 전문매장/상가,11,KOP026955:한국어|ENP026955:영어|JPP026955:일본어|CNP026955:중국어 간체|TCP026955:중국어 번체|RUP026955:러시아어|MLP026955:말레이어,7
KOP026954,박인당,쇼핑,쇼핑 > 전문매장/상가,11,KOP026954:한국어|ENP026954:영어|JPP026954:일본어|CNP026954:중국어 간체|TCP026954:중국어 번체|RUP026954:러시아어|MLP026954:말레이어,7
KOP025931,통인가게,쇼핑,쇼핑 > 전문매장/상가,11,KOP025931:한국어|ENP025931:영어|JPP025931:일본어|CNP025931:중국어 간체|TCP025931:중국어 번체|RUP025931:러시아어,6
KOP025768,팝콘D스퀘어 ( POPCONDSQUARE),쇼핑,쇼핑 > 전문매장/상가,11,KOP025768:한국어|ENP025768:영어|JPP025768:일본어|CNP025768:중국어 간체|TCP025768:중국어 번체,5
KOP025748,씨제이더마켓 제일제당센터점,쇼핑,쇼핑 > 전문매장/상가,11,KOP025748:한국어|ENP025748:영어|JPP025748:일본어|CNP025748:중국어 간체|TCP025748:중국어 번체|RUP025748:러시아어,6
KOP024708,종로양복점,쇼핑,쇼핑 > 전문매장/상가,11,KOP024708:한국어|ENP024708:영어|JPP024708:일본어|CNP024708:중국어 간체|TCP024708:중국어 번체|RUP024708:러시아어|MLP024708:말레이어,7
KOP024703,구하산방,쇼핑,쇼핑 > 전문매장/상가,11,KOP024703:한국어|ENP024703:영어|JPP024703:일본어|CNP024703:중국어 간체|TCP024703:중국어 번체|RUP024703:러시아어|MLP024703:말레이어,7
KOP024463,신세계면세점,쇼핑,쇼핑 > 면세점,11,KOP024463:한국어|ENP024463:영어|JPP024463:일본어|CNP024463:중국어 간체|TCP024463:중국어 번체|RUP024463:러시아어,6
KOP024420,한국관광명품점,쇼핑,쇼핑 > 전문매장/상가,12,KOP024420:한국어|ENP024420:영어|JPP024420:일본어|CNP024420:중국어 간체|TCP024420:중국어 번체|RUP024420:러시아어,6
KOP022993,정샘물 플롭스,쇼핑,쇼핑 > 전문매장/상가,12,KOP022993:한국어|ENP022993:영어|JPP022993:일본어|CNP022993:중국어 간체|TCP022993:중국어 번체,5
KOP021084,포토갤러리사진관,쇼핑,쇼핑 > 전문매장/상가,12,KOP021084:한국어|ENP021084:영어|JPP021084:일본어|CNP021084:중국어 간체|TCP021084:중국어 번체,5
KOP020328,분더샵 청담,쇼핑,쇼핑,12,KOP020328:한국어|ENP020328:영어|JPP020328:일본어|CNP020328:중국어 간체|TCP020328:중국어 번체,5
KOP020152,웰던 플래그십 스토어 (we11done flagship store),쇼핑,쇼핑 > 전문매장/상가,12,KOP020152:한국어|ENP020152:영어|JPP020152:일본어|CNP020152:중국어 간체|TCP020152:중국어 번체|RUP020152:러시아어,6
KOP020070,젠틀몬스터 신사 플래그쉽 스토어,쇼핑,쇼핑 > 전문매장/상가,12,KOP020070:한국어|ENP020070:영어|JPP020070:일본어|CNP020070:중국어 간체|TCP020070:중국어 번체|RUP020070:러시아어,6
KOP020068,컬처앤네이처,쇼핑,쇼핑 > 전문매장/상가,12,KOP020068:한국어|ENP020068:영어|JPP020068:일본어|CNP020068:중국어 간체|TCP020068:중국어 번체|RUP020068:러시아어,6
KOP020048,에이바이봄,쇼핑,쇼핑 > 전문매장/상가,12,KOP020048:한국어|ENP020048:영어|JPP020048:일본어|CNP020048:중국어 간체|TCP020048:중국어 번체|RUP020048:러시아어,6
KOP020034,아티지 (ARTAGE),쇼핑,쇼핑 > 전문매장/상가,12,KOP020034:한국어|ENP020034:영어|JPP020034:일본어|CNP020034:중국어 간체|TCP020034:중국어 번체|RUP020034:러시아어,6
KOP019124,서촌구루루,쇼핑,쇼핑 > 전문매장/상가,12,KOP019124:한국어|ENP019124:영어|JPP019124:일본어|CNP019124:중국어 간체|TCP019124:중국어 번체|RUP019124:러시아어,6
KOP017740,강남역 지하쇼핑센터,쇼핑,쇼핑 > 쇼핑몰,12,KOP017740:한국어|ENP017740:영어|JPP017740:일본어|CNP017740:중국어 간체|TCP017740:중국어 번체|RUP017740:러시아어,6
KOP017598,신세계백화점 본점,쇼핑,쇼핑 > 백화점,12,KOP017598:한국어|ENP017598:영어|JPP017598:일본어|CNP017598:중국어 간체|TCP017598:중국어 번체,5
KOP016352,신라아이파크면세점,쇼핑,쇼핑 > 면세점,12,KOP016352:한국어|ENP016352:영어|JPP016352:일본어|CNP016352:중국어 간체|TCP016352:중국어 번체|RUP016352:러시아어,6
KOP015859,제2롯데월드몰,쇼핑,쇼핑 > 쇼핑몰,12,KOP015859:한국어|ENP015859:영어|JPP015859:일본어|CNP015859:중국어 간체|TCP015859:중국어 번체|RUP015859:러시아어|MLP015859:말레이어,7
KOP015857,엔터식스 왕십리점,쇼핑,쇼핑 > 쇼핑몰,12,KOP015857:한국어|ENP015857:영어|JPP015857:일본어|CNP015857:중국어 간체|TCP015857:중국어 번체|RUP015857:러시아어,6
KOP002106,종로 귀금속 거리,쇼핑,쇼핑 > 전문매장/상가,12,KOP002106:한국어|ENP002106:영어|JPP002106:일본어|CNP002106:중국어 간체|TCP002106:중국어 번체,5
KOP001600,서울풍물시장,쇼핑,쇼핑 > 시장,12,KOP001600:한국어|ENP001600:영어|JPP001600:일본어|CNP001600:중국어 간체|TCP001600:중국어 번체|RUP001600:러시아어|MLP001600:말레이어,7
KOP001356,서울약령시장,쇼핑,쇼핑 > 시장,12,KOP001356:한국어|ENP001356:영어|JPP001356:일본어|CNP001356:중국어 간체|TCP001356:중국어 번체|RUP001356:러시아어|MLP001356:말레이어,7
KOP000559,회현지하쇼핑센터,쇼핑,쇼핑 > 쇼핑몰,12,KOP000559:한국어|ENP000559:영어|JPP000559:일본어|CNP000559:중국어 간체|TCP000559:중국어 번체|RUP000559:러시아어,6
KOP000541,롯데마트  제타플렉스 서울역점,쇼핑,쇼핑 > 대형마트,12,KOP000541:한국어|ENP000541:영어|JPP000541:일본어|CNP000541:중국어 간체|TCP000541:중국어 번체|RUP000541:러시아어,6
KOP000528,소공 지하쇼핑센터,쇼핑,쇼핑 > 쇼핑몰,13,KOP000528:한국어|ENP000528:영어|JPP000528:일본어,3
KOP000521,신라면세점 서울점,쇼핑,쇼핑 > 면세점,13,KOP000521:한국어|ENP000521:영어|JPP000521:일본어|CNP000521:중국어 간체|TCP000521:중국어 번체|RUP000521:러시아어,6
KOP000511,청계5가 지하쇼핑센터,쇼핑,쇼핑 > 쇼핑몰,13,KOP000511:한국어|ENP000511:영어,2
KOP000503,교보 핫트랙스 광화문점,쇼핑,쇼핑 > 전문매장/상가,13,KOP000503:한국어|ENP000503:영어|JPP000503:일본어|CNP000503:중국어 간체|RUP000503:러시아어|MLP000503:말레이어,6
KOP000502,종오지하쇼핑센터,쇼핑,쇼핑 > 쇼핑몰,13,KOP000502:한국어|ENP000502:영어|JPP000502:일본어|RUP000502:러시아어,4
KOP000490,마리오아울렛,쇼핑,쇼핑 > 쇼핑몰,13,KOP000490:한국어|ENP000490:영어|JPP000490:일본어|CNP000490:중국어 간체|TCP000490:중국어 번체|RUP000490:러시아어|MLP000490:말레이어,7
KOP000488,종각지하쇼핑센터,쇼핑,쇼핑 > 쇼핑몰,13,KOP000488:한국어|ENP000488:영어|JPP000488:일본어|RUP000488:러시아어,4
KOP000475,갤러리아 명품관,쇼핑,쇼핑 > 백화점,13,KOP000475:한국어|ENP000475:영어|JPP000475:일본어|CNP000475:중국어 간체|TCP000475:중국어 번체|RUP000475:러시아어,6
KOP000465,제니하우스,쇼핑,쇼핑 > 전문매장/상가,13,KOP000465:한국어|ENP000465:영어|JPP000465:일본어|CNP000465:중국어 간체|TCP000465:중국어 번체|RUP000465:러시아어,6
KOP000419,IFC몰,쇼핑,쇼핑 > 쇼핑몰,13,KOP000419:한국어|ENP000419:영어|JPP000419:일본어|CNP000419:중국어 간체|TCP000419:중국어 번체|RUP000419:러시아어|MLP000419:말레이어,7
KOP000416,두타몰,쇼핑,쇼핑 > 쇼핑몰,13,KOP000416:한국어|ENP000416:영어|JPP000416:일본어|CNP000416:중국어 간체|TCP000416:중국어 번체|RUP000416:러시아어,6
KOP000403,타임스퀘어,쇼핑,쇼핑 > 쇼핑몰,13,KOP000403:한국어|ENP000403:영어|JPP000403:일본어|CNP000403:중국어 간체|TCP000403:중국어 번체|RUP000403:러시아어|MLP000403:말레이어,7
KOP000286,광장시장,쇼핑,쇼핑 > 시장,13,KOP000286:한국어|ENP000286:영어|JPP000286:일본어|CNP000286:중국어 간체|TCP000286:중국어 번체|RUP000286:러시아어|MLP000286:말레이어,7
KOP000281,통인시장,쇼핑,쇼핑 > 시장,13,KOP000281:한국어|ENP000281:영어|JPP000281:일본어|CNP000281:중국어 간체|TCP000281:중국어 번체|RUP000281:러시아어,6
KOP000268,코엑스몰,쇼핑,쇼핑 > 쇼핑몰,13,KOP000268:한국어|ENP000268:영어|JPP000268:일본어|CNP000268:중국어 간체|TCP000268:중국어 번체|RUP000268:러시아어|MLP000268:말레이어,7
KOP000217,롯데백화점 본점,쇼핑,쇼핑 > 백화점,13,KOP000217:한국어|ENP000217:영어|JPP000217:일본어|CNP000217:중국어 간체|TCP000217:중국어 번체|RUP000217:러시아어|MLP000217:말레이어,7
KOP000190,동대문역 창신동 완구 도매 시장,쇼핑,쇼핑 > 시장,13,KOP000190:한국어|ENP000190:영어|JPP000190:일본어|CNP000190:중국어 간체|TCP000190:중국어 번체|RUP000190:러시아어,6
KOP000180,신평화 패션타운,쇼핑,쇼핑 > 쇼핑몰,13,KOP000180:한국어,1
KOP000170,동대문 종합시장,쇼핑,쇼핑 > 시장,13,KOP000170:한국어|ENP000170:영어|JPP000170:일본어|CNP000170:중국어 간체|TCP000170:중국어 번체|RUP000170:러시아어|MLP000170:말레이어,7
KOP000085,남대문시장,쇼핑,쇼핑 > 시장,13,KOP000085:한국어|ENP000085:영어|JPP000085:일본어|CNP000085:중국어 간체|TCP000085:중국어 번체|RUP000085:러시아어|MLP000085:말레이어,7
KOP000067,명동 쇼핑,쇼핑,쇼핑 > 쇼핑몰,14,KOP000067:한국어|ENP000067:영어|JPP000067:일본어|CNP000067:중국어 간체|TCP000067:중국어 번체|RUP000067:러시아어|MLP000067:말레이어,7
KOP000061,동대문 쇼핑타운,쇼핑,쇼핑 > 쇼핑몰,14,KOP000061:한국어|ENP000061:영어|JPP000061:일본어|CNP000061:중국어 간체|TCP000061:중국어 번체|RUP000061:러시아어|MLP000061:말레이어,7
KOP009885,이마트 왕십리점,쇼핑,쇼핑 > 대형마트,14,KOP009885:한국어|ENP009885:영어|JPP009885:일본어|CNP009885:중국어 간체|TCP009885:중국어 번체|RUP009885:러시아어,6
KOP011469,명동관광정보센터,쇼핑,쇼핑,14,KOP011469:한국어|ENP011469:영어|JPP011469:일본어|CNP011469:중국어 간체|TCP011469:중국어 번체|RUP011469:러시아어,6
KOP011781,새김소리,쇼핑,쇼핑 > 전문매장/상가,14,KOP011781:한국어|ENP011781:영어|JPP011781:일본어|CNP011781:중국어 간체|TCP011781:중국어 번체|RUP011781:러시아어,6
KOP011882,정샘물 인스피레이션,쇼핑,쇼핑 > 전문매장/상가,14,KOP011882:한국어|ENP011882:영어|JPP011882:일본어|CNP011882:중국어 간체|TCP011882:중국어 번체|RUP011882:러시아어|MLP011882:말레이어,7
KOP011961,반디인하우스 강남본점,쇼핑,쇼핑 > 전문매장/상가,14,KOP011961:한국어|ENP011961:영어|JPP011961:일본어|CNP011961:중국어 간체|TCP011961:중국어 번체|RUP011961:러시아어|MLP011961:말레이어,7
KOP012015,올리브영 명동 플래그십,쇼핑,쇼핑 > 전문매장/상가,14,KOP012015:한국어|ENP012015:영어|JPP012015:일본어|CNP012015:중국어 간체|TCP012015:중국어 번체|RUP012015:러시아어,6
KOP012775,용산전자랜드,쇼핑,쇼핑 > 전문매장/상가,14,KOP012775:한국어|ENP012775:영어|JPP012775:일본어|CNP012775:중국어 간체|TCP012775:중국어 번체|RUP012775:러시아어,6
KOP009751,에뛰드하우스,쇼핑,쇼핑 > 전문매장/상가,14,KOP009751:한국어|ENP009751:영어|JPP009751:일본어|CNP009751:중국어 간체|TCP009751:중국어 번체|RUP009751:러시아어,6
KOP009730,명동지하쇼핑센터,쇼핑,쇼핑 > 쇼핑몰,14,KOP009730:한국어|ENP009730:영어|JPP009730:일본어|CNP009730:중국어 간체|TCP009730:중국어 번체|RUP009730:러시아어,6
KOP011438,SPAO,쇼핑,쇼핑 > 전문매장/상가,14,KOP011438:한국어|ENP011438:영어|JPP011438:일본어|CNP011438:중국어 간체|TCP011438:중국어 번체|RUP011438:러시아어,6
KOP010467,Addicted,쇼핑,쇼핑 > 전문매장/상가,14,KOP010467:한국어|ENP010467:영어|JPP010467:일본어|CNP010467:중국어 간체|TCP010467:중국어 번체|RUP010467:러시아어,6
KOP011104,메세나폴리스,쇼핑,쇼핑 > 쇼핑몰,14,KOP011104:한국어|ENP011104:영어|JPP011104:일본어|CNP011104:중국어 간체|TCP011104:중국어 번체|RUP011104:러시아어,6
KOP010521,롯데 영플라자 명동점,쇼핑,쇼핑 > 백화점,14,KOP010521:한국어|ENP010521:영어|JPP010521:일본어|CNP010521:중국어 간체|TCP010521:중국어 번체|RUP010521:러시아어,6
KOP009721,낙원악기상가,쇼핑,쇼핑 > 전문매장/상가,14,KOP009721:한국어|ENP009721:영어|JPP009721:일본어|CNP009721:중국어 간체|TCP009721:중국어 번체|RUP009721:러시아어,6
KOP009672,용산전자상가,쇼핑,쇼핑 > 전문매장/상가,14,KOP009672:한국어|ENP009672:영어|JPP009672:일본어|CNP009672:중국어 간체|TCP009672:중국어 번체|RUP009672:러시아어,6
KOP009756,갤러리아백화점 EAST,쇼핑,쇼핑 > 백화점,14,KOP009756:한국어|ENP009756:영어|JPP009756:일본어|CNP009756:중국어 간체|TCP009756:중국어 번체|RUP009756:러시아어,6
KOP009735,센트럴시티,쇼핑,쇼핑 > 쇼핑몰,14,KOP009735:한국어|ENP009735:영어|JPP009735:일본어|CNP009735:중국어 간체|TCP009735:중국어 번체|RUP009735:러시아어,6
KOP009677,동화면세점,쇼핑,쇼핑 > 면세점,14,KOP009677:한국어|ENP009677:영어|JPP009677:일본어|CNP009677:중국어 간체|TCP009677:중국어 번체|RUP009677:러시아어,6
KOP009646,동묘 벼룩시장,쇼핑,쇼핑 > 시장,15,KOP009646:한국어|ENP009646:영어|JPP009646:일본어|CNP009646:중국어 간체|TCP009646:중국어 번체|RUP009646:러시아어,6
KOP009631,방학동 도깨비시장,쇼핑,쇼핑 > 시장,15,KOP009631:한국어|ENP009631:영어|JPP009631:일본어,3
KOP009626,현대백화점 본점,쇼핑,쇼핑 > 백화점,15,KOP009626:한국어|ENP009626:영어|JPP009626:일본어|CNP009626:중국어 간체|TCP009626:중국어 번체|RUP009626:러시아어|MLP009626:말레이어,7
KOP009606,현대백화점 무역센터점,쇼핑,쇼핑 > 백화점,15,KOP009606:한국어|ENP009606:영어|JPP009606:일본어|CNP009606:중국어 간체|TCP009606:중국어 번체|RUP009606:러시아어|MLP009606:말레이어,7
KOP009575,신세계백화점 강남점,쇼핑,쇼핑 > 백화점,15,KOP009575:한국어,1
KOP009547,숭인시장,쇼핑,쇼핑 > 시장,15,KOP009547:한국어,1
KOP009521,롯데백화점 에비뉴엘관,쇼핑,쇼핑 > 백화점,15,KOP009521:한국어,1
KOP009641,롯데면세점 본점,쇼핑,쇼핑 > 면세점,15,KOP009641:한국어|ENP009641:영어|JPP009641:일본어|CNP009641:중국어 간체|TCP009641:중국어 번체|RUP009641:러시아어,6
KOP002270,가리봉로데오,쇼핑,쇼핑 > 쇼핑몰,15,KOP002270:한국어|ENP002270:영어|JPP002270:일본어|CNP002270:중국어 간체|TCP002270:중국어 번체|RUP002270:러시아어,6
KOP002231,테크노마트,쇼핑,쇼핑 > 쇼핑몰,15,KOP002231:한국어|ENP002231:영어|JPP002231:일본어|CNP002231:중국어 간체|TCP002231:중국어 번체|RUP002231:러시아어,6
KOP002141,숭례문 수입상가,쇼핑,쇼핑 > 전문매장/상가,15,KOP002141:한국어,1
KOP001938,회현 중고 LP 상가,쇼핑,쇼핑 > 전문매장/상가,15,KOP001938:한국어|ENP001938:영어|JPP001938:일본어|CNP001938:중국어 간체|TCP001938:중국어 번체|RUP001938:러시아어|MLP001938:말레이어,7
KOP002028,갤러리아백화점 WEST,쇼핑,쇼핑 > 백화점,15,KOP002028:한국어,1
KOP001742,청계천 헌책방 거리,쇼핑,쇼핑 > 전문매장/상가,15,KOP001742:한국어|ENP001742:영어|JPP001742:일본어|CNP001742:중국어 간체|TCP001742:중국어 번체|RUP001742:러시아어,6
KOP001702,아이파크몰,쇼핑,쇼핑 > 쇼핑몰,15,KOP001702:한국어|ENP001702:영어|JPP001702:일본어|CNP001702:중국어 간체|TCP001702:중국어 번체|RUP001702:러시아어,6
KOP009505,노량진 수산시장,쇼핑,쇼핑 > 시장,15,KOP009505:한국어|ENP009505:영어|JPP009505:일본어|CNP009505:중국어 간체|TCP009505:중국어 번체|RUP009505:러시아어,6
KOP001379,답십리 고미술상가,쇼핑,쇼핑 > 전문매장/상가,15,KOP001379:한국어|ENP001379:영어|JPP001379:일본어|CNP001379:중국어 간체|TCP001379:중국어 번체,5
KOPvmf745,리재 서울,숙박,숙박,1,KOPvmf745:한국어|ENPvmf745:영어|JPPvmf745:일본어|CNPvmf745:중국어 간체|TCPvmf745:중국어 번체|RUPvmf745:러시아어|MLPvmf745:말레이어,7
KOP54ay57,수락휴 트리하우스,숙박,숙박,1,KOP54ay57:한국어|ENP54ay57:영어|JPP54ay57:일본어|CNP54ay57:중국어 간체|TCP54ay57:중국어 번체|RUP54ay57:러시아어|MLP54ay57:말레이어,7
KOPrb2d9e,스테이 다반사,숙박,숙박,1,KOPrb2d9e:한국어|ENPrb2d9e:영어|JPPrb2d9e:일본어|CNPrb2d9e:중국어 간체|TCPrb2d9e:중국어 번체,5
KOPx17ry7,호텔 포코 성수,숙박,숙박 > 호텔,1,KOPx17ry7:한국어|ENPx17ry7:영어|JPPx17ry7:일본어|CNPx17ry7:중국어 간체|TCPx17ry7:중국어 번체,5
KOP9dsjmt,안다즈 서울강남,숙박,숙박 > 호텔,1,KOP9dsjmt:한국어|ENP9dsjmt:영어|JPP9dsjmt:일본어|CNP9dsjmt:중국어 간체|TCP9dsjmt:중국어 번체,5
KOP042851,노스텔지어 블루재,숙박,숙박 > 호텔,1,KOP042851:한국어|ENP042851:영어|JPP042851:일본어|CNP042851:중국어 간체|TCP042851:중국어 번체,5
KOP042850,누와,숙박,숙박 > 호텔,1,KOP042850:한국어|ENP042850:영어|JPP042850:일본어|CNP042850:중국어 간체|TCP042850:중국어 번체,5
KOP042849,응정헌,숙박,숙박 > 호텔,1,KOP042849:한국어|ENP042849:영어|JPP042849:일본어|CNP042849:중국어 간체|TCP042849:중국어 번체,5
KOP024551,호텔 카푸치노,숙박,숙박 > 호텔,1,KOP024551:한국어|ENP024551:영어|JPP024551:일본어|CNP024551:중국어 간체|TCP024551:중국어 번체,5
KOP024498,영빈관(신라호텔),숙박,숙박 > 호텔,1,KOP024498:한국어|ENP024498:영어|JPP024498:일본어|CNP024498:중국어 간체|TCP024498:중국어 번체,5
KOP018881,우리집 게스트하우스,숙박,숙박 > 호스텔,1,KOP018881:한국어|ENP018881:영어|JPP018881:일본어|CNP018881:중국어 간체|TCP018881:중국어 번체,5
KOP011869,부티크모나코,숙박,숙박 > 호텔,1,KOP011869:한국어|ENP011869:영어|JPP011869:일본어|CNP011869:중국어 간체|TCP011869:중국어 번체,5
KOP012495,메이필드 호텔,숙박,숙박 > 호텔,1,KOP012495:한국어|ENP012495:영어|JPP012495:일본어|CNP012495:중국어 간체|TCP012495:중국어 번체,5
KOP013049,그랜드 워커힐 서울,숙박,숙박 > 호텔,1,KOP013049:한국어|ENP013049:영어|JPP013049:일본어|CNP013049:중국어 간체|TCP013049:중국어 번체|RUP013049:러시아어,6
KOP011307,콘래드 서울 호텔,숙박,숙박 > 호텔,1,KOP011307:한국어|ENP011307:영어|JPP011307:일본어|CNP011307:중국어 간체|TCP011307:중국어 번체|RUP011307:러시아어,6
KOP010068,남현당 한옥게스트하우스,숙박,숙박,1,KOP010068:한국어|ENP010068:영어|JPP010068:일본어|CNP010068:중국어 간체|TCP010068:중국어 번체,5
KOP009960,하이서울유스호스텔,숙박,숙박 > 호스텔,1,KOP009960:한국어|ENP009960:영어|JPP009960:일본어|CNP009960:중국어 간체|TCP009960:중국어 번체,5
KOP92zc2g,서울 흥천사,역사관광,역사관광 > 종교성지,1,KOP92zc2g:한국어|ENP92zc2g:영어|JPP92zc2g:일본어|CNP92zc2g:중국어 간체|TCP92zc2g:중국어 번체|RUP92zc2g:러시아어|MLP92zc2g:말레이어,7
KOPw9eym0,달마사,역사관광,역사관광 > 종교성지,1,KOPw9eym0:한국어|ENPw9eym0:영어|JPPw9eym0:일본어|CNPw9eym0:중국어 간체|TCPw9eym0:중국어 번체|RUPw9eym0:러시아어|MLPw9eym0:말레이어,7
KOPnje8ve,경교장,역사관광,역사관광 > 역사유적지 > 근대건축물,1,KOPnje8ve:한국어|ENPnje8ve:영어|JPPnje8ve:일본어|CNPnje8ve:중국어 간체|TCPnje8ve:중국어 번체|RUPnje8ve:러시아어|MLPnje8ve:말레이어,7
KOPv4bofj,감사의 정원,역사관광,역사관광,1,KOPv4bofj:한국어|ENPv4bofj:영어,2
KOP0wav1s,종묘돌담길,역사관광,역사관광 > 역사유적지,1,KOP0wav1s:한국어|ENP0wav1s:영어|JPP0wav1s:일본어|CNP0wav1s:중국어 간체|TCP0wav1s:중국어 번체|RUP0wav1s:러시아어|MLP0wav1s:말레이어,7
KOPfk9nxi,경복궁 집옥재,역사관광,역사관광 > 역사유적지,1,KOPfk9nxi:한국어|ENPfk9nxi:영어|JPPfk9nxi:일본어|CNPfk9nxi:중국어 간체|TCPfk9nxi:중국어 번체,5
KOPldz98j,경복궁 돌담길,역사관광,역사관광 > 역사유적지 > 성/문,1,KOPldz98j:한국어|ENPldz98j:영어|JPPldz98j:일본어|CNPldz98j:중국어 간체|TCPldz98j:중국어 번체,5
KOPl8f5md,창덕궁 후원,역사관광,역사관광 > 역사유적지 > 고궁,1,KOPl8f5md:한국어|ENPl8f5md:영어|JPPl8f5md:일본어|CNPl8f5md:중국어 간체|TCPl8f5md:중국어 번체,5
KOPexzzw3,석굴암,역사관광,역사관광 > 종교성지,1,KOPexzzw3:한국어|ENPexzzw3:영어|JPPexzzw3:일본어|CNPexzzw3:중국어 간체|TCPexzzw3:중국어 번체,5
KOPkxi16h,경국사,역사관광,역사관광 > 종교성지,1,KOPkxi16h:한국어|ENPkxi16h:영어|JPPkxi16h:일본어|CNPkxi16h:중국어 간체|TCPkxi16h:중국어 번체,5
KOPjkm9y3,신아기념관,역사관광,역사관광 > 역사유적지 > 근대건축물,1,KOPjkm9y3:한국어|ENPjkm9y3:영어|JPPjkm9y3:일본어|CNPjkm9y3:중국어 간체|TCPjkm9y3:중국어 번체,5
KOPlpqd8k,청전이상범 가옥,역사관광,역사관광 > 역사유적지,1,KOPlpqd8k:한국어|ENPlpqd8k:영어|JPPlpqd8k:일본어|CNPlpqd8k:중국어 간체|TCPlpqd8k:중국어 번체,5
KOPcyd45f,장희빈 우물터,역사관광,역사관광 > 역사유적지 > 사적지,1,KOPcyd45f:한국어|ENPcyd45f:영어|JPPcyd45f:일본어|CNPcyd45f:중국어 간체|TCPcyd45f:중국어 번체,5
KOP041904,중랑망우공간,역사관광,역사관광,1,KOP041904:한국어|ENP041904:영어,2
KOP039629,춘당지,역사관광,역사관광 > 역사유적지 > 고궁,1,KOP039629:한국어|ENP039629:영어|JPP039629:일본어|CNP039629:중국어 간체|TCP039629:중국어 번체|RUP039629:러시아어|MLP039629:말레이어,7
KOP037176,창경궁 대온실,역사관광,역사관광 > 역사유적지 > 고궁,1,KOP037176:한국어|ENP037176:영어|JPP037176:일본어|CNP037176:중국어 간체|TCP037176:중국어 번체|RUP037176:러시아어|MLP037176:말레이어,7
KOP037164,석파정,역사관광,역사관광 > 역사유적지 > 사적지,1,KOP037164:한국어|ENP037164:영어|JPP037164:일본어|CNP037164:중국어 간체|TCP037164:중국어 번체|RUP037164:러시아어|MLP037164:말레이어,7
KOP036843,금선사,역사관광,역사관광 > 종교성지,1,KOP036843:한국어|ENP036843:영어|JPP036843:일본어|CNP036843:중국어 간체|TCP036843:중국어 번체|RUP036843:러시아어|MLP036843:말레이어,7
KOP029766,황학정,역사관광,역사관광 > 역사유적지 > 사적지,1,KOP029766:한국어|ENP029766:영어|JPP029766:일본어|CNP029766:중국어 간체|TCP029766:중국어 번체|RUP029766:러시아어|MLP029766:말레이어,7
KOP029394,절두산순교성지,역사관광,역사관광 > 종교성지,1,KOP029394:한국어|ENP029394:영어|JPP029394:일본어|CNP029394:중국어 간체|TCP029394:중국어 번체|RUP029394:러시아어,6
KOP028339,봉원사,역사관광,역사관광 > 종교성지,2,KOP028339:한국어|ENP028339:영어|JPP028339:일본어|CNP028339:중국어 간체|TCP028339:중국어 번체|RUP028339:러시아어,6
KOP027112,초대길,역사관광,역사관광 > 역사유적지 > 사적지,2,KOP027112:한국어|ENP027112:영어|JPP027112:일본어|CNP027112:중국어 간체|TCP027112:중국어 번체|RUP027112:러시아어,6
KOP023760,숙정문,역사관광,역사관광 > 역사유적지 > 성/문,2,KOP023760:한국어|ENP023760:영어|JPP023760:일본어|CNP023760:중국어 간체|TCP023760:중국어 번체|RUP023760:러시아어|MLP023760:말레이어,7
KOP023759,돈의문 터(옛 서대문),역사관광,역사관광 > 역사유적지 > 성/문,2,KOP023759:한국어|ENP023759:영어|JPP023759:일본어|CNP023759:중국어 간체|TCP023759:중국어 번체|RUP023759:러시아어|MLP023759:말레이어,7
KOP023758,소덕문 터(옛 서소문),역사관광,역사관광 > 역사유적지 > 성/문,2,KOP023758:한국어|ENP023758:영어|JPP023758:일본어|CNP023758:중국어 간체|TCP023758:중국어 번체|RUP023758:러시아어,6
KOP023606,혜화문,역사관광,역사관광 > 역사유적지 > 성/문,2,KOP023606:한국어|ENP023606:영어|JPP023606:일본어|CNP023606:중국어 간체|TCP023606:중국어 번체|RUP023606:러시아어|MLP023606:말레이어,7
KOP023605,광희문,역사관광,역사관광 > 역사유적지 > 성/문,2,KOP023605:한국어|ENP023605:영어|JPP023605:일본어|CNP023605:중국어 간체|TCP023605:중국어 번체|RUP023605:러시아어,6
KOP023563,덕수궁돌담길,역사관광,역사관광 > 역사유적지 > 사적지,2,KOP023563:한국어|ENP023563:영어|JPP023563:일본어|CNP023563:중국어 간체|TCP023563:중국어 번체|RUP023563:러시아어|MLP023563:말레이어,7
KOP022888,숭례문(남대문),역사관광,역사관광 > 역사유적지 > 성/문,2,KOP022888:한국어|ENP022888:영어|JPP022888:일본어|CNP022888:중국어 간체|TCP022888:중국어 번체|RUP022888:러시아어|MLP022888:말레이어,7
KOP021128,백인제가옥,역사관광,역사관광 > 역사유적지 > 사적지,2,KOP021128:한국어|ENP021128:영어|JPP021128:일본어|CNP021128:중국어 간체|TCP021128:중국어 번체|RUP021128:러시아어|MLP021128:말레이어,7
KOP019540,위안부 &#039;기억의 터&#039;,역사관광,역사관광 > 역사유적지 > 사적지,2,KOP019540:한국어|ENP019540:영어|JPP019540:일본어|CNP019540:중국어 간체|TCP019540:중국어 번체|RUP019540:러시아어|MLP019540:말레이어,7
KOP015109,고궁을 찾다,역사관광,역사관광 > 역사유적지,2,KOP015109:한국어|ENP015109:영어|JPP015109:일본어|CNP015109:중국어 간체|TCP015109:중국어 번체|RUP015109:러시아어,6
KOP002299,"태릉, 강릉",역사관광,역사관광 > 역사유적지 > 고분/능,2,KOP002299:한국어|ENP002299:영어|JPP002299:일본어|CNP002299:중국어 간체|TCP002299:중국어 번체|RUP002299:러시아어|MLP002299:말레이어,7
KOP002021,화계사,역사관광,역사관광 > 종교성지,2,KOP002021:한국어|ENP002021:영어|JPP002021:일본어|CNP002021:중국어 간체|TCP002021:중국어 번체|RUP002021:러시아어,6
KOP001999,흥인지문(동대문),역사관광,역사관광 > 역사유적지 > 성/문,2,KOP001999:한국어|ENP001999:영어|JPP001999:일본어|CNP001999:중국어 간체|TCP001999:중국어 번체|RUP001999:러시아어|MLP001999:말레이어,7
KOP001965,국립서울현충원,역사관광,역사관광 > 역사유적지,2,KOP001965:한국어|ENP001965:영어|JPP001965:일본어|CNP001965:중국어 간체|TCP001965:중국어 번체|RUP001965:러시아어|MLP001965:말레이어,7
KOP001776,국립 4.19민주묘지,역사관광,역사관광 > 역사유적지 > 고분/능,2,KOP001776:한국어,1
KOP001421,정동극장,역사관광,역사관광 > 역사유적지 > 근대건축물,2,KOP001421:한국어|ENP001421:영어|JPP001421:일본어|CNP001421:중국어 간체|TCP001421:중국어 번체|RUP001421:러시아어,6
KOP001159,경희궁,역사관광,역사관광 > 역사유적지 > 고궁,2,KOP001159:한국어|ENP001159:영어|JPP001159:일본어|CNP001159:중국어 간체|TCP001159:중국어 번체|RUP001159:러시아어|MLP001159:말레이어,7
KOP001153,양화진외국인선교사묘원,역사관광,역사관광 > 종교성지,2,KOP001153:한국어|ENP001153:영어|JPP001153:일본어|CNP001153:중국어 간체|TCP001153:중국어 번체|RUP001153:러시아어,6
KOP000889,정동길,역사관광,역사관광 > 역사유적지 > 기타역사유적지,3,KOP000889:한국어|ENP000889:영어|JPP000889:일본어|CNP000889:중국어 간체|TCP000889:중국어 번체|RUP000889:러시아어|MLP000889:말레이어,7
KOP000507,종묘,역사관광,역사관광 > 역사유적지 > 고궁,3,KOP000507:한국어|ENP000507:영어|JPP000507:일본어|CNP000507:중국어 간체|TCP000507:중국어 번체|RUP000507:러시아어|MLP000507:말레이어,7
KOP000471,운현궁,역사관광,역사관광 > 역사유적지 > 고궁,3,KOP000471:한국어|ENP000471:영어|JPP000471:일본어|CNP000471:중국어 간체|TCP000471:중국어 번체|RUP000471:러시아어|MLP000471:말레이어,7
KOP000411,봉은사,역사관광,역사관광 > 종교성지,3,KOP000411:한국어|ENP000411:영어|JPP000411:일본어|CNP000411:중국어 간체|TCP000411:중국어 번체|RUP000411:러시아어|MLP000411:말레이어,7
KOP000297,창경궁,역사관광,역사관광 > 역사유적지 > 고궁,3,KOP000297:한국어|ENP000297:영어|JPP000297:일본어|CNP000297:중국어 간체|TCP000297:중국어 번체|RUP000297:러시아어|MLP000297:말레이어,7
KOP000295,창덕궁,역사관광,역사관광 > 역사유적지 > 고궁,3,KOP000295:한국어|ENP000295:영어|JPP000295:일본어|CNP000295:중국어 간체|TCP000295:중국어 번체|RUP000295:러시아어|MLP000295:말레이어,7
KOP000276,남산골 한옥마을,역사관광,역사관광 > 역사유적지 > 기타역사유적지,3,KOP000276:한국어|ENP000276:영어|JPP000276:일본어|CNP000276:중국어 간체|TCP000276:중국어 번체|RUP000276:러시아어|MLP000276:말레이어,7
KOP000090,서울 한양도성,역사관광,역사관광 > 역사유적지 > 성/문,3,KOP000090:한국어|ENP000090:영어|JPP000090:일본어|CNP000090:중국어 간체|TCP000090:중국어 번체|RUP000090:러시아어|MLP000090:말레이어,7
KOP000072,경복궁,역사관광,역사관광 > 역사유적지 > 고궁,3,KOP000072:한국어|ENP000072:영어|JPP000072:일본어|CNP000072:중국어 간체|TCP000072:중국어 번체|RUP000072:러시아어|MLP000072:말레이어,7
KOP010567,송월동 일대,역사관광,역사관광 > 역사유적지 > 사적지,3,KOP010567:한국어|ENP010567:영어|JPP010567:일본어|CNP010567:중국어 간체|TCP010567:중국어 번체|RUP010567:러시아어|MLP010567:말레이어,7
KOP006251,진관사,역사관광,역사관광 > 종교성지,3,KOP006251:한국어|ENP006251:영어|JPP006251:일본어|CNP006251:중국어 간체|TCP006251:중국어 번체|RUP006251:러시아어,6
KOP005240,헌인릉,역사관광,역사관광 > 역사유적지 > 고분/능,3,KOP005240:한국어|ENP005240:영어|JPP005240:일본어|CNP005240:중국어 간체|TCP005240:중국어 번체|RUP005240:러시아어,6
KOP005205,의릉,역사관광,역사관광 > 역사유적지 > 고분/능,3,KOP005205:한국어|ENP005205:영어|JPP005205:일본어|CNP005205:중국어 간체|TCP005205:중국어 번체|RUP005205:러시아어,6
KOP004863,서울중앙성원,역사관광,역사관광 > 종교성지,3,KOP004863:한국어|ENP004863:영어|JPP004863:일본어|CNP004863:중국어 간체|TCP004863:중국어 번체|RUP004863:러시아어|MLP004863:말레이어,7
KOP005015,대각사,역사관광,역사관광 > 종교성지,3,KOP005015:한국어|ENP005015:영어|JPP005015:일본어|CNP005015:중국어 간체|TCP005015:중국어 번체|RUP005015:러시아어,6
KOP004524,영휘원 숭인원(홍릉),역사관광,역사관광 > 역사유적지 > 고분/능,3,KOP004524:한국어|ENP004524:영어|JPP004524:일본어|CNP004524:중국어 간체|TCP004524:중국어 번체|RUP004524:러시아어,6
KOP004513,사육신공원,역사관광,역사관광 > 역사유적지 > 기타역사유적지,3,KOP004513:한국어|ENP004513:영어|JPP004513:일본어|CNP004513:중국어 간체|TCP004513:중국어 번체|RUP004513:러시아어,6
KOP004198,환구단(원구단),역사관광,역사관광 > 역사유적지 > 근대건축물,3,KOP004198:한국어|ENP004198:영어|JPP004198:일본어|CNP004198:중국어 간체|TCP004198:중국어 번체|RUP004198:러시아어|MLP004198:말레이어,7
KOP004101,홍지문 탕춘대성,역사관광,역사관광 > 역사유적지 > 성/문,3,KOP004101:한국어|ENP004101:영어|JPP004101:일본어|CNP004101:중국어 간체|TCP004101:중국어 번체|RUP004101:러시아어,6
KOP004036,명동성당,역사관광,역사관광 > 종교성지,3,KOP004036:한국어|ENP004036:영어|JPP004036:일본어|CNP004036:중국어 간체|TCP004036:중국어 번체|RUP004036:러시아어,6
KOP003629,예술가의 집 (구 서울대학교 본관),역사관광,역사관광 > 역사유적지 > 근대건축물,4,KOP003629:한국어|RUP003629:러시아어,2
KOP003305,봉황각,역사관광,역사관광 > 역사유적지 > 사적지,4,KOP003305:한국어|ENP003305:영어|JPP003305:일본어|CNP003305:중국어 간체|TCP003305:중국어 번체|RUP003305:러시아어,6
KOP003266,창의문,역사관광,역사관광 > 역사유적지 > 성/문,4,KOP003266:한국어|ENP003266:영어|JPP003266:일본어|CNP003266:중국어 간체|TCP003266:중국어 번체|RUP003266:러시아어,6
KOP003176,성균관 명륜당,역사관광,역사관광 > 역사유적지 > 사적지,4,KOP003176:한국어|ENP003176:영어|JPP003176:일본어|CNP003176:중국어 간체|TCP003176:중국어 번체|RUP003176:러시아어,6
KOP002544,방이동 백제고분군,역사관광,역사관광 > 역사유적지 > 고분/능,4,KOP002544:한국어|ENP002544:영어|JPP002544:일본어|CNP002544:중국어 간체|TCP002544:중국어 번체|RUP002544:러시아어,6
KOP002395,세검정,역사관광,역사관광 > 역사유적지 > 사적지,4,KOP002395:한국어|ENP002395:영어|JPP002395:일본어|CNP002395:중국어 간체|TCP002395:중국어 번체|RUP002395:러시아어|MLP002395:말레이어,7
KOP003459,정릉,역사관광,역사관광 > 역사유적지 > 고분/능,4,KOP003459:한국어|ENP003459:영어|JPP003459:일본어|CNP003459:중국어 간체|TCP003459:중국어 번체|RUP003459:러시아어,6
KOP002250,영학정,역사관광,역사관광 > 역사유적지 > 사적지,4,KOP002250:한국어|ENP002250:영어|JPP002250:일본어|CNP002250:중국어 간체|TCP002250:중국어 번체|RUP002250:러시아어,6
KOP002132,정동제일교회,역사관광,역사관광 > 종교성지,4,KOP002132:한국어|ENP002132:영어|JPP002132:일본어|CNP002132:중국어 간체|TCP002132:중국어 번체|RUP002132:러시아어,6
KOP002174,암사동 선사주거지,역사관광,역사관광 > 역사유적지 > 사적지,4,KOP002174:한국어|ENP002174:영어|JPP002174:일본어|CNP002174:중국어 간체|TCP002174:중국어 번체|RUP002174:러시아어,6
KOP002121,삼청동 골목길,역사관광,역사관광 > 역사유적지 > 근대건축물,4,KOP002121:한국어|ENP002121:영어|JPP002121:일본어|CNP002121:중국어 간체|TCP002121:중국어 번체|RUP002121:러시아어|MLP002121:말레이어,7
KOP002046,덕수궁,역사관광,역사관광 > 역사유적지 > 고궁,4,KOP002046:한국어|ENP002046:영어|JPP002046:일본어|CNP002046:중국어 간체|TCP002046:중국어 번체|RUP002046:러시아어|MLP002046:말레이어,7
KOP002010,안동교회 소허당,역사관광,역사관광 > 종교성지,4,KOP002010:한국어|ENP002010:영어|JPP002010:일본어|CNP002010:중국어 간체|TCP002010:중국어 번체|RUP002010:러시아어|MLP002010:말레이어,7
KOP001953,풍납토성,역사관광,역사관광 > 역사유적지 > 성/문,4,KOP001953:한국어|ENP001953:영어|JPP001953:일본어|CNP001953:중국어 간체|TCP001953:중국어 번체|RUP001953:러시아어,6
KOP001932,순라길,역사관광,역사관광 > 역사유적지 > 기타역사유적지,4,KOP001932:한국어|ENP001932:영어|JPP001932:일본어|CNP001932:중국어 간체|TCP001932:중국어 번체|RUP001932:러시아어|MLP001932:말레이어,7
KOP002030,대한성공회서울주교좌성당(서울성공회성당),역사관광,역사관광 > 종교성지,4,KOP002030:한국어|ENP002030:영어|JPP002030:일본어|CNP002030:중국어 간체|TCP002030:중국어 번체|RUP002030:러시아어|MLP002030:말레이어,7
KOP003387,구 공업전습소 본관(구 중앙시험소 청사),역사관광,역사관광 > 역사유적지 > 근대건축물,4,KOP003387:한국어|ENP003387:영어|JPP003387:일본어|CNP003387:중국어 간체|TCP003387:중국어 번체|RUP003387:러시아어|MLP003387:말레이어,7
KOP001904,보신각(상설타종행사),역사관광,역사관광 > 역사유적지 > 기타역사유적지,4,KOP001904:한국어|ENP001904:영어|JPP001904:일본어|CNP001904:중국어 간체|TCP001904:중국어 번체|RUP001904:러시아어|MLP001904:말레이어,7
KOP001862,원효로성당,역사관광,역사관광 > 종교성지,4,KOP001862:한국어|ENP001862:영어|JPP001862:일본어|CNP001862:중국어 간체|TCP001862:중국어 번체|RUP001862:러시아어|MLP001862:말레이어,7
KOP001845,약현성당,역사관광,역사관광 > 종교성지,4,KOP001845:한국어|ENP001845:영어|JPP001845:일본어|CNP001845:중국어 간체|TCP001845:중국어 번체|RUP001845:러시아어,6
KOP001831,서대문형무소역사관,역사관광,역사관광 > 역사유적지 > 근대건축물,5,KOP001831:한국어|ENP001831:영어|JPP001831:일본어|CNP001831:중국어 간체|TCP001831:중국어 번체|RUP001831:러시아어,6
KOP001824,사직단,역사관광,역사관광 > 역사유적지 > 고궁,5,KOP001824:한국어|ENP001824:영어|JPP001824:일본어|CNP001824:중국어 간체|TCP001824:중국어 번체|RUP001824:러시아어,6
KOP003255,길상사,역사관광,역사관광 > 종교성지,5,KOP003255:한국어|ENP003255:영어|JPP003255:일본어|CNP003255:중국어 간체|TCP003255:중국어 번체|RUP003255:러시아어,6
KOP002586,조계사,역사관광,역사관광 > 종교성지,5,KOP002586:한국어|ENP002586:영어|JPP002586:일본어|CNP002586:중국어 간체|TCP002586:중국어 번체|RUP002586:러시아어,6
KOP002435,연세대학교 스팀슨관&amp;언더우드관&amp;아펜젤러관,역사관광,역사관광 > 역사유적지 > 근대건축물,5,KOP002435:한국어|ENP002435:영어|JPP002435:일본어|CNP002435:중국어 간체|TCP002435:중국어 번체|RUP002435:러시아어,6
KOP002372,살곶이다리（전곶교）,역사관광,역사관광 > 역사유적지 > 사적지,5,KOP002372:한국어|ENP002372:영어|JPP002372:일본어|CNP002372:중국어 간체|TCP002372:중국어 번체|RUP002372:러시아어|MLP002372:말레이어,7
KOP001414,선정릉(선릉),역사관광,역사관광 > 역사유적지 > 고분/능,5,KOP001414:한국어|ENP001414:영어|JPP001414:일본어|CNP001414:중국어 간체|TCP001414:중국어 번체|RUP001414:러시아어,6
KOP001399,만해한용운 심우장,역사관광,역사관광 > 역사유적지 > 근대건축물,5,KOP001399:한국어|ENP001399:영어|JPP001399:일본어|CNP001399:중국어 간체|TCP001399:중국어 번체|RUP001399:러시아어|MLP001399:말레이어,7
KOPmagegz,능라도 광화문점,음식,음식 > 한식,1,KOPmagegz:한국어|ENPmagegz:영어|JPPmagegz:일본어|CNPmagegz:중국어 간체|TCPmagegz:중국어 번체|RUPmagegz:러시아어|MLPmagegz:말레이어,7
KOP5loufq,아리수만찬,음식,음식 > 한식,1,KOP5loufq:한국어|ENP5loufq:영어|JPP5loufq:일본어|CNP5loufq:중국어 간체|TCP5loufq:중국어 번체|RUP5loufq:러시아어|MLP5loufq:말레이어,7
KOPqqvqkm,제비다방,음식,음식 > 카페/찻집,1,KOPqqvqkm:한국어|ENPqqvqkm:영어|JPPqqvqkm:일본어|CNPqqvqkm:중국어 간체|TCPqqvqkm:중국어 번체|RUPqqvqkm:러시아어|MLPqqvqkm:말레이어,7
KOP3b9qip,곤밥,음식,음식 > 한식,1,KOP3b9qip:한국어|ENP3b9qip:영어|JPP3b9qip:일본어|CNP3b9qip:중국어 간체|TCP3b9qip:중국어 번체|RUP3b9qip:러시아어|MLP3b9qip:말레이어,7
KOPlgqke4,도덕과 규범 (Doduk&amp;Kyubum),음식,음식 > 카페/찻집,1,KOPlgqke4:한국어|ENPlgqke4:영어|JPPlgqke4:일본어|CNPlgqke4:중국어 간체|TCPlgqke4:중국어 번체|RUPlgqke4:러시아어|MLPlgqke4:말레이어,7
KOPc35r9m,노치 성수 (Cafe noci),음식,음식 > 카페/찻집,1,KOPc35r9m:한국어|ENPc35r9m:영어|JPPc35r9m:일본어|CNPc35r9m:중국어 간체|TCPc35r9m:중국어 번체|RUPc35r9m:러시아어|MLPc35r9m:말레이어,7
KOPsnbimq,피롤츠 커피하우스 용산점,음식,음식 > 카페/찻집,1,KOPsnbimq:한국어|ENPsnbimq:영어|JPPsnbimq:일본어|CNPsnbimq:중국어 간체|TCPsnbimq:중국어 번체|RUPsnbimq:러시아어|MLPsnbimq:말레이어,7
KOPkguc3l,마다밀,음식,음식,1,KOPkguc3l:한국어|ENPkguc3l:영어|JPPkguc3l:일본어|CNPkguc3l:중국어 간체|TCPkguc3l:중국어 번체|RUPkguc3l:러시아어|MLPkguc3l:말레이어,7
KOPj6enzc,고운돈 익선점,음식,음식 > 한식,1,KOPj6enzc:한국어|ENPj6enzc:영어|JPPj6enzc:일본어|CNPj6enzc:중국어 간체|TCPj6enzc:중국어 번체|RUPj6enzc:러시아어|MLPj6enzc:말레이어,7
KOPc6lslm,카페&amp;펍 연무장 던던 동대문점,음식,음식 > 카페/찻집,1,KOPc6lslm:한국어|ENPc6lslm:영어|JPPc6lslm:일본어|CNPc6lslm:중국어 간체|TCPc6lslm:중국어 번체|RUPc6lslm:러시아어|MLPc6lslm:말레이어,7
KOPwahkrc,교촌필방,음식,음식,1,KOPwahkrc:한국어|ENPwahkrc:영어|JPPwahkrc:일본어|CNPwahkrc:중국어 간체|TCPwahkrc:중국어 번체|RUPwahkrc:러시아어|MLPwahkrc:말레이어,7
KOP8rjhve,너마늘 안동갈비,음식,음식 > 한식,1,KOP8rjhve:한국어|ENP8rjhve:영어|JPP8rjhve:일본어|CNP8rjhve:중국어 간체|TCP8rjhve:중국어 번체|RUP8rjhve:러시아어|MLP8rjhve:말레이어,7
KOPzvtw4o,선릉청와대소금구이,음식,음식 > 한식,1,KOPzvtw4o:한국어|ENPzvtw4o:영어|JPPzvtw4o:일본어|CNPzvtw4o:중국어 간체|TCPzvtw4o:중국어 번체|RUPzvtw4o:러시아어|MLPzvtw4o:말레이어,7
KOPyercei,그램그램 압구정크루즈점,음식,음식 > 한식,1,KOPyercei:한국어|ENPyercei:영어|JPPyercei:일본어|CNPyercei:중국어 간체|TCPyercei:중국어 번체|RUPyercei:러시아어|MLPyercei:말레이어,7
KOPivj1sg,메리킹 서울북부점,음식,음식 > 한식,1,KOPivj1sg:한국어|ENPivj1sg:영어|JPPivj1sg:일본어|CNPivj1sg:중국어 간체|TCPivj1sg:중국어 번체|RUPivj1sg:러시아어|MLPivj1sg:말레이어,7
KOPjns5q9,플랑(FLAN),음식,음식 > 카페/찻집,1,KOPjns5q9:한국어|ENPjns5q9:영어|JPPjns5q9:일본어|CNPjns5q9:중국어 간체|TCPjns5q9:중국어 번체|RUPjns5q9:러시아어|MLPjns5q9:말레이어,7
KOP6hb17n,능라도 서초점,음식,음식 > 한식,1,KOP6hb17n:한국어|ENP6hb17n:영어|JPP6hb17n:일본어|CNP6hb17n:중국어 간체|TCP6hb17n:중국어 번체|RUP6hb17n:러시아어|MLP6hb17n:말레이어,7
KOP5biuc6,능라도 명동점,음식,음식 > 한식,1,KOP5biuc6:한국어|ENP5biuc6:영어|JPP5biuc6:일본어|CNP5biuc6:중국어 간체|TCP5biuc6:중국어 번체|RUP5biuc6:러시아어|MLP5biuc6:말레이어,7
KOPtjmzyg,조앤도슨 광화문점,음식,음식 > 카페/찻집,1,KOPtjmzyg:한국어|ENPtjmzyg:영어|JPPtjmzyg:일본어|CNPtjmzyg:중국어 간체|TCPtjmzyg:중국어 번체|RUPtjmzyg:러시아어|MLPtjmzyg:말레이어,7
KOPi6rvj2,무심,음식,음식 > 카페/찻집,1,KOPi6rvj2:한국어|ENPi6rvj2:영어|JPPi6rvj2:일본어|CNPi6rvj2:중국어 간체|TCPi6rvj2:중국어 번체|RUPi6rvj2:러시아어|MLPi6rvj2:말레이어,7
KOPgvi0k6,티비에이비,음식,음식 > 카페/찻집,2,KOPgvi0k6:한국어|ENPgvi0k6:영어|JPPgvi0k6:일본어|CNPgvi0k6:중국어 간체|TCPgvi0k6:중국어 번체|RUPgvi0k6:러시아어|MLPgvi0k6:말레이어,7
KOP2ckakp,이색 카페 &#039;티키룸&#039;,음식,음식 > 카페/찻집,2,KOP2ckakp:한국어|ENP2ckakp:영어|JPP2ckakp:일본어|CNP2ckakp:중국어 간체|TCP2ckakp:중국어 번체|RUP2ckakp:러시아어|MLP2ckakp:말레이어,7
KOPnpz0q2,여기인가 (서촌카페),음식,음식 > 카페/찻집,2,KOPnpz0q2:한국어|ENPnpz0q2:영어|JPPnpz0q2:일본어|CNPnpz0q2:중국어 간체|TCPnpz0q2:중국어 번체|RUPnpz0q2:러시아어|MLPnpz0q2:말레이어,7
KOPz665mn,플레이독스,음식,음식 > 카페/찻집,2,KOPz665mn:한국어|ENPz665mn:영어|JPPz665mn:일본어|CNPz665mn:중국어 간체|TCPz665mn:중국어 번체|RUPz665mn:러시아어|MLPz665mn:말레이어,7
KOPvlhzhw,스모어마켓,음식,음식 > 카페/찻집,2,KOPvlhzhw:한국어|ENPvlhzhw:영어|JPPvlhzhw:일본어|CNPvlhzhw:중국어 간체|TCPvlhzhw:중국어 번체|RUPvlhzhw:러시아어|MLPvlhzhw:말레이어,7
KOPds3v1e,조선초가한끼 마포점,음식,음식 > 한식,2,KOPds3v1e:한국어|ENPds3v1e:영어|JPPds3v1e:일본어|CNPds3v1e:중국어 간체|TCPds3v1e:중국어 번체|RUPds3v1e:러시아어|MLPds3v1e:말레이어,7
KOPdvr9yu,CU 성수 디저트파크점,음식,음식,2,KOPdvr9yu:한국어|ENPdvr9yu:영어|JPPdvr9yu:일본어|CNPdvr9yu:중국어 간체|TCPdvr9yu:중국어 번체|RUPdvr9yu:러시아어|MLPdvr9yu:말레이어,7
KOPhrnovc,한옥국밥 &#039;송암온반&#039;,음식,음식 > 한식,2,KOPhrnovc:한국어|ENPhrnovc:영어|JPPhrnovc:일본어|CNPhrnovc:중국어 간체|TCPhrnovc:중국어 번체|RUPhrnovc:러시아어|MLPhrnovc:말레이어,7
KOPc9eu5r,미동식당,음식,음식 > 주점,2,KOPc9eu5r:한국어|ENPc9eu5r:영어|JPPc9eu5r:일본어|CNPc9eu5r:중국어 간체|TCPc9eu5r:중국어 번체|RUPc9eu5r:러시아어|MLPc9eu5r:말레이어,7
KOPbg0u5h,카페 공명 망원책빵,음식,음식 > 카페/찻집,2,KOPbg0u5h:한국어|ENPbg0u5h:영어|JPPbg0u5h:일본어|CNPbg0u5h:중국어 간체|TCPbg0u5h:중국어 번체|RUPbg0u5h:러시아어|MLPbg0u5h:말레이어,7
KOPmfp5ro,하이브 플레이그라운드,음식,음식 > 카페/찻집,2,KOPmfp5ro:한국어|ENPmfp5ro:영어|JPPmfp5ro:일본어|CNPmfp5ro:중국어 간체|TCPmfp5ro:중국어 번체|RUPmfp5ro:러시아어|MLPmfp5ro:말레이어,7
KOPxq64tq,이화오하나 (梨花Ohana),음식,음식 > 외국식 > 일식,2,KOPxq64tq:한국어|ENPxq64tq:영어|JPPxq64tq:일본어|CNPxq64tq:중국어 간체|TCPxq64tq:중국어 번체|RUPxq64tq:러시아어|MLPxq64tq:말레이어,7
KOP0zvhxx,카페 카카리코,음식,음식 > 카페/찻집,2,KOP0zvhxx:한국어|ENP0zvhxx:영어|JPP0zvhxx:일본어|CNP0zvhxx:중국어 간체|TCP0zvhxx:중국어 번체|RUP0zvhxx:러시아어|MLP0zvhxx:말레이어,7
KOPywjsmm,토속촌삼계탕,음식,음식 > 한식,2,KOPywjsmm:한국어|ENPywjsmm:영어|JPPywjsmm:일본어|CNPywjsmm:중국어 간체|TCPywjsmm:중국어 번체|RUPywjsmm:러시아어|MLPywjsmm:말레이어,7
KOPtvc2cy,헤리티지 클럽 (Heritage Club),음식,음식 > 카페/찻집,2,KOPtvc2cy:한국어|ENPtvc2cy:영어|JPPtvc2cy:일본어|CNPtvc2cy:중국어 간체|TCPtvc2cy:중국어 번체|RUPtvc2cy:러시아어|MLPtvc2cy:말레이어,7
KOP1d5td0,하녹 서순라길점,음식,음식 > 한식,2,KOP1d5td0:한국어|ENP1d5td0:영어|JPP1d5td0:일본어|CNP1d5td0:중국어 간체|TCP1d5td0:중국어 번체|RUP1d5td0:러시아어|MLP1d5td0:말레이어,7
KOPwv6j5f,애슐리퀸즈 던던 동대문점,음식,음식 > 한식,2,KOPwv6j5f:한국어|ENPwv6j5f:영어|JPPwv6j5f:일본어|CNPwv6j5f:중국어 간체|TCPwv6j5f:중국어 번체|RUPwv6j5f:러시아어|MLPwv6j5f:말레이어,7
KOPf0gxy1,애슐리퀸즈 성수낙낙점,음식,음식 > 한식,2,KOPf0gxy1:한국어|ENPf0gxy1:영어|JPPf0gxy1:일본어|CNPf0gxy1:중국어 간체|TCPf0gxy1:중국어 번체|RUPf0gxy1:러시아어|MLPf0gxy1:말레이어,7
KOPt829ij,애슐리퀸즈 홍대점,음식,음식 > 한식,2,KOPt829ij:한국어|ENPt829ij:영어|JPPt829ij:일본어|CNPt829ij:중국어 간체|TCPt829ij:중국어 번체|RUPt829ij:러시아어|MLPt829ij:말레이어,7
KOPuhyzcz,째즈스토리,음식,음식 > 주점,2,KOPuhyzcz:한국어|ENPuhyzcz:영어|JPPuhyzcz:일본어|CNPuhyzcz:중국어 간체|TCPuhyzcz:중국어 번체|RUPuhyzcz:러시아어|MLPuhyzcz:말레이어,7
KOPll1tbp,밥짓고 티우림,음식,음식 > 한식,3,KOPll1tbp:한국어|ENPll1tbp:영어|JPPll1tbp:일본어|CNPll1tbp:중국어 간체|TCPll1tbp:중국어 번체|RUPll1tbp:러시아어|MLPll1tbp:말레이어,7
KOP6sdoro,조셉의 커피나무,음식,음식 > 카페/찻집,3,KOP6sdoro:한국어|ENP6sdoro:영어|JPP6sdoro:일본어|CNP6sdoro:중국어 간체|TCP6sdoro:중국어 번체|RUP6sdoro:러시아어|MLP6sdoro:말레이어,7
KOPpr9v1k,청돈옥 (Cheongdonok),음식,음식 > 한식,3,KOPpr9v1k:한국어|ENPpr9v1k:영어|JPPpr9v1k:일본어|CNPpr9v1k:중국어 간체|TCPpr9v1k:중국어 번체|RUPpr9v1k:러시아어|MLPpr9v1k:말레이어,7
KOPqyikuv,두루미분식 N서울타워점,음식,음식 > 한식,3,KOPqyikuv:한국어|ENPqyikuv:영어|JPPqyikuv:일본어|CNPqyikuv:중국어 간체|TCPqyikuv:중국어 번체|RUPqyikuv:러시아어|MLPqyikuv:말레이어,7
KOPjdhubv,달맞이광장바베큐,음식,음식 > 한식,3,KOPjdhubv:한국어|ENPjdhubv:영어|JPPjdhubv:일본어|CNPjdhubv:중국어 간체|TCPjdhubv:중국어 번체|RUPjdhubv:러시아어|MLPjdhubv:말레이어,7
KOPq5g5y2,문전성시,음식,음식 > 한식,3,KOPq5g5y2:한국어|ENPq5g5y2:영어|JPPq5g5y2:일본어|CNPq5g5y2:중국어 간체|TCPq5g5y2:중국어 번체|RUPq5g5y2:러시아어|MLPq5g5y2:말레이어,7
KOP8ndtkv,무구옥 （MUGUOK）,음식,음식 > 한식,3,KOP8ndtkv:한국어|ENP8ndtkv:영어|JPP8ndtkv:일본어|CNP8ndtkv:중국어 간체|TCP8ndtkv:중국어 번체|RUP8ndtkv:러시아어|MLP8ndtkv:말레이어,7
KOPh7v6i1,팔계집,음식,음식 > 한식,3,KOPh7v6i1:한국어|ENPh7v6i1:영어|JPPh7v6i1:일본어|CNPh7v6i1:중국어 간체|TCPh7v6i1:중국어 번체|RUPh7v6i1:러시아어|MLPh7v6i1:말레이어,7
KOPn176ze,도토리오븐,음식,음식 > 카페/찻집,3,KOPn176ze:한국어|ENPn176ze:영어|JPPn176ze:일본어|CNPn176ze:중국어 간체|TCPn176ze:중국어 번체|RUPn176ze:러시아어|MLPn176ze:말레이어,7
KOPc4ztew,더쌍화,음식,음식 > 카페/찻집,3,KOPc4ztew:한국어|ENPc4ztew:영어|JPPc4ztew:일본어|CNPc4ztew:중국어 간체|TCPc4ztew:중국어 번체|RUPc4ztew:러시아어|MLPc4ztew:말레이어,7
KOPa7mlqm,동작노을카페,음식,음식 > 카페/찻집,3,KOPa7mlqm:한국어|ENPa7mlqm:영어|JPPa7mlqm:일본어|CNPa7mlqm:중국어 간체|TCPa7mlqm:중국어 번체|RUPa7mlqm:러시아어|MLPa7mlqm:말레이어,7
KOPxxcfmq,고래불,음식,음식 > 한식,3,KOPxxcfmq:한국어|ENPxxcfmq:영어|JPPxxcfmq:일본어|CNPxxcfmq:중국어 간체|TCPxxcfmq:중국어 번체|RUPxxcfmq:러시아어|MLPxxcfmq:말레이어,7
KOPsj6nqy,부야스곱창 홍대점,음식,음식 > 한식,3,KOPsj6nqy:한국어|ENPsj6nqy:영어|JPPsj6nqy:일본어|CNPsj6nqy:중국어 간체|TCPsj6nqy:중국어 번체|RUPsj6nqy:러시아어|MLPsj6nqy:말레이어,7
KOP2w1s9w,백팔,음식,음식 > 주점,3,KOP2w1s9w:한국어|ENP2w1s9w:영어|JPP2w1s9w:일본어|CNP2w1s9w:중국어 간체|TCP2w1s9w:중국어 번체|RUP2w1s9w:러시아어|MLP2w1s9w:말레이어,7
KOP14h5v9,언뎁트 (Undebt),음식,음식 > 카페/찻집,3,KOP14h5v9:한국어|ENP14h5v9:영어|JPP14h5v9:일본어|CNP14h5v9:중국어 간체|TCP14h5v9:중국어 번체|RUP14h5v9:러시아어|MLP14h5v9:말레이어,7
KOP7bb6ng,텅 비어있는 삶,음식,음식 > 카페/찻집,3,KOP7bb6ng:한국어|ENP7bb6ng:영어|JPP7bb6ng:일본어|CNP7bb6ng:중국어 간체|TCP7bb6ng:중국어 번체|RUP7bb6ng:러시아어|MLP7bb6ng:말레이어,7
KOP2ms2gs,서촌 스코프,음식,음식 > 카페/찻집,3,KOP2ms2gs:한국어|ENP2ms2gs:영어|JPP2ms2gs:일본어|CNP2ms2gs:중국어 간체|TCP2ms2gs:중국어 번체|RUP2ms2gs:러시아어|MLP2ms2gs:말레이어,7
KOP5l258t,에이치커피로스터스 서촌,음식,음식 > 카페/찻집,3,KOP5l258t:한국어|ENP5l258t:영어|JPP5l258t:일본어|CNP5l258t:중국어 간체|TCP5l258t:중국어 번체|RUP5l258t:러시아어|MLP5l258t:말레이어,7
KOP5xmb4f,스페이스 K 노들,음식,음식 > 카페/찻집,3,KOP5xmb4f:한국어|ENP5xmb4f:영어|JPP5xmb4f:일본어|CNP5xmb4f:중국어 간체|TCP5xmb4f:중국어 번체|RUP5xmb4f:러시아어|MLP5xmb4f:말레이어,7
KOPz2k7k0,수록곡 기록실,음식,음식 > 카페/찻집,3,KOPz2k7k0:한국어|ENPz2k7k0:영어|JPPz2k7k0:일본어|CNPz2k7k0:중국어 간체|TCPz2k7k0:중국어 번체|RUPz2k7k0:러시아어|MLPz2k7k0:말레이어,7
KOPe2b9jp,녹기 전에,음식,음식 > 카페/찻집,4,KOPe2b9jp:한국어|ENPe2b9jp:영어|JPPe2b9jp:일본어|CNPe2b9jp:중국어 간체|TCPe2b9jp:중국어 번체|RUPe2b9jp:러시아어|MLPe2b9jp:말레이어,7
KOP53n6hr,아이오밀 (I.O MEAL),음식,음식 > 외국식 > 일식,4,KOP53n6hr:한국어|ENP53n6hr:영어|JPP53n6hr:일본어|CNP53n6hr:중국어 간체|TCP53n6hr:중국어 번체|RUP53n6hr:러시아어|MLP53n6hr:말레이어,7
KOP6fo4p4,환대커피워크,음식,음식 > 카페/찻집,4,KOP6fo4p4:한국어|ENP6fo4p4:영어|JPP6fo4p4:일본어|CNP6fo4p4:중국어 간체|TCP6fo4p4:중국어 번체|RUP6fo4p4:러시아어|MLP6fo4p4:말레이어,7
KOPpxfou6,루블리(l’oubli),음식,음식 > 주점,4,KOPpxfou6:한국어|ENPpxfou6:영어|JPPpxfou6:일본어|CNPpxfou6:중국어 간체|TCPpxfou6:중국어 번체|RUPpxfou6:러시아어|MLPpxfou6:말레이어,7
KOPtgef38,진청유점,음식,음식 > 한식,4,KOPtgef38:한국어|ENPtgef38:영어|JPPtgef38:일본어|CNPtgef38:중국어 간체|TCPtgef38:중국어 번체|RUPtgef38:러시아어|MLPtgef38:말레이어,7
KOPpl8jdv,고움 (GOUM),음식,음식 > 한식,4,KOPpl8jdv:한국어|ENPpl8jdv:영어|JPPpl8jdv:일본어|CNPpl8jdv:중국어 간체|TCPpl8jdv:중국어 번체|RUPpl8jdv:러시아어|MLPpl8jdv:말레이어,7
KOP0j4zdb,애프터테이스트,음식,음식 > 카페/찻집,4,KOP0j4zdb:한국어|ENP0j4zdb:영어|JPP0j4zdb:일본어|CNP0j4zdb:중국어 간체|TCP0j4zdb:중국어 번체|RUP0j4zdb:러시아어|MLP0j4zdb:말레이어,7
KOP3qxuik,남산기억,음식,음식 > 외국식 > 일식,4,KOP3qxuik:한국어|ENP3qxuik:영어|JPP3qxuik:일본어|CNP3qxuik:중국어 간체|TCP3qxuik:중국어 번체|RUP3qxuik:러시아어|MLP3qxuik:말레이어,7
KOPjmmeg3,서촌다과방,음식,음식 > 카페/찻집,4,KOPjmmeg3:한국어|ENPjmmeg3:영어|JPPjmmeg3:일본어|CNPjmmeg3:중국어 간체|TCPjmmeg3:중국어 번체|RUPjmmeg3:러시아어|MLPjmmeg3:말레이어,7
KOP9cr70y,아이노가든키친,음식,음식 > 한식,4,KOP9cr70y:한국어|ENP9cr70y:영어|JPP9cr70y:일본어|CNP9cr70y:중국어 간체|TCP9cr70y:중국어 번체|RUP9cr70y:러시아어|MLP9cr70y:말레이어,7
KOPoy0arv,테일러커피 서촌 경복궁점,음식,음식 > 카페/찻집,4,KOPoy0arv:한국어|ENPoy0arv:영어|JPPoy0arv:일본어|CNPoy0arv:중국어 간체|TCPoy0arv:중국어 번체|RUPoy0arv:러시아어|MLPoy0arv:말레이어,7
KOPcgf2vx,선채 성수,음식,음식 > 한식,4,KOPcgf2vx:한국어|ENPcgf2vx:영어|JPPcgf2vx:일본어|CNPcgf2vx:중국어 간체|TCPcgf2vx:중국어 번체|RUPcgf2vx:러시아어|MLPcgf2vx:말레이어,7
KOP9v6vt5,목로정원,음식,음식 > 카페/찻집,4,KOP9v6vt5:한국어|ENP9v6vt5:영어|JPP9v6vt5:일본어|CNP9v6vt5:중국어 간체|TCP9v6vt5:중국어 번체|RUP9v6vt5:러시아어|MLP9v6vt5:말레이어,7
KOPtqtwq3,원조 홍두깨 칼국수,음식,음식 > 한식,4,KOPtqtwq3:한국어|ENPtqtwq3:영어|JPPtqtwq3:일본어|CNPtqtwq3:중국어 간체|TCPtqtwq3:중국어 번체|RUPtqtwq3:러시아어|MLPtqtwq3:말레이어,7
KOPizfcys,독립서점 오드쓰북 Odd&#039;s book,음식,음식 > 카페/찻집,4,KOPizfcys:한국어|ENPizfcys:영어|JPPizfcys:일본어|CNPizfcys:중국어 간체|TCPizfcys:중국어 번체|RUPizfcys:러시아어|MLPizfcys:말레이어,7
KOPr8eytr,코페드팔레츠 cofe de palezze,음식,음식 > 카페/찻집,4,KOPr8eytr:한국어|ENPr8eytr:영어|JPPr8eytr:일본어|CNPr8eytr:중국어 간체|TCPr8eytr:중국어 번체|RUPr8eytr:러시아어|MLPr8eytr:말레이어,7
KOPj4uwzp,브릭샌드 신세계면세점 명동점,음식,음식 > 카페/찻집,4,KOPj4uwzp:한국어|ENPj4uwzp:영어|JPPj4uwzp:일본어|CNPj4uwzp:중국어 간체|TCPj4uwzp:중국어 번체|RUPj4uwzp:러시아어|MLPj4uwzp:말레이어,7
KOP8skiqh,브릭샌드 원그로브점,음식,음식 > 카페/찻집,4,KOP8skiqh:한국어|ENP8skiqh:영어|JPP8skiqh:일본어|CNP8skiqh:중국어 간체|TCP8skiqh:중국어 번체|RUP8skiqh:러시아어|MLP8skiqh:말레이어,7
KOP0lonae,브릭샌드 여의도점,음식,음식 > 카페/찻집,4,KOP0lonae:한국어|ENP0lonae:영어|JPP0lonae:일본어|CNP0lonae:중국어 간체|TCP0lonae:중국어 번체|RUP0lonae:러시아어|MLP0lonae:말레이어,7
KOPmayzx5,브릭샌드 그랑서울 종각점,음식,음식 > 카페/찻집,4,KOPmayzx5:한국어|ENPmayzx5:영어|JPPmayzx5:일본어|CNPmayzx5:중국어 간체|TCPmayzx5:중국어 번체|RUPmayzx5:러시아어|MLPmayzx5:말레이어,7
KOP7aevqa,브릭샌드 명동점,음식,음식 > 카페/찻집,5,KOP7aevqa:한국어|ENP7aevqa:영어|JPP7aevqa:일본어|CNP7aevqa:중국어 간체|TCP7aevqa:중국어 번체|RUP7aevqa:러시아어|MLP7aevqa:말레이어,7
KOP7wi581,브릭샌드 성수팩토리,음식,음식 > 카페/찻집,5,KOP7wi581:한국어|ENP7wi581:영어|JPP7wi581:일본어|CNP7wi581:중국어 간체|TCP7wi581:중국어 번체|RUP7wi581:러시아어|MLP7wi581:말레이어,7
KOP0uxe6i,브릭샌드 강남역점,음식,음식 > 카페/찻집,5,KOP0uxe6i:한국어|ENP0uxe6i:영어|JPP0uxe6i:일본어|CNP0uxe6i:중국어 간체|TCP0uxe6i:중국어 번체|RUP0uxe6i:러시아어|MLP0uxe6i:말레이어,7
KOPnylx75,브릭샌드 서울역점,음식,음식 > 카페/찻집,5,KOPnylx75:한국어|ENPnylx75:영어|JPPnylx75:일본어|CNPnylx75:중국어 간체|TCPnylx75:중국어 번체|RUPnylx75:러시아어|MLPnylx75:말레이어,7
KOPn8s2yl,카페 헤이븐,음식,음식 > 카페/찻집,5,KOPn8s2yl:한국어|ENPn8s2yl:영어|JPPn8s2yl:일본어|CNPn8s2yl:중국어 간체|TCPn8s2yl:중국어 번체|RUPn8s2yl:러시아어|MLPn8s2yl:말레이어,7
KOPdn21ou,팔도밀방 강남본점,음식,음식 > 한식,5,KOPdn21ou:한국어|ENPdn21ou:영어|JPPdn21ou:일본어|CNPdn21ou:중국어 간체|TCPdn21ou:중국어 번체|RUPdn21ou:러시아어|MLPdn21ou:말레이어,7
KOPoym5k2,폴브연남,음식,음식 > 카페/찻집,5,KOPoym5k2:한국어|ENPoym5k2:영어|JPPoym5k2:일본어|CNPoym5k2:중국어 간체|TCPoym5k2:중국어 번체|RUPoym5k2:러시아어|MLPoym5k2:말레이어,7
KOPqilmw0,관호 여의도 본점,음식,음식 > 외국식 > 서양식,5,KOPqilmw0:한국어|ENPqilmw0:영어|JPPqilmw0:일본어|CNPqilmw0:중국어 간체|TCPqilmw0:중국어 번체|RUPqilmw0:러시아어|MLPqilmw0:말레이어,7
KOP6w2zfb,케밥인,음식,음식,5,KOP6w2zfb:한국어|ENP6w2zfb:영어|MLP6w2zfb:말레이어,3
KOPgp26ht,스타 사마르칸트,음식,음식,5,KOPgp26ht:한국어|ENPgp26ht:영어|MLPgp26ht:말레이어,3
KOP9gwsjk,사마르칸트 시티,음식,음식,5,KOP9gwsjk:한국어|ENP9gwsjk:영어|MLP9gwsjk:말레이어,3
KOPsmjldi,옐로치킨,음식,음식,5,KOPsmjldi:한국어|ENPsmjldi:영어|MLPsmjldi:말레이어,3
KOPtzl5yx,에베레스트 레스토랑 양재점,음식,음식 > 외국식 > 기타외국식,5,KOPtzl5yx:한국어|ENPtzl5yx:영어|MLPtzl5yx:말레이어,3
KOPz1mnmb,알라딘의 양고기,음식,음식,5,KOPz1mnmb:한국어|ENPz1mnmb:영어|MLPz1mnmb:말레이어,3
KOPe3levx,히말라야 종각점,음식,음식,5,KOPe3levx:한국어|ENPe3levx:영어|MLPe3levx:말레이어,3
KOPc22jm7,플랫오,음식,음식,5,KOPc22jm7:한국어|ENPc22jm7:영어|MLPc22jm7:말레이어,3
KOP3mgvk1,두르가 강남점,음식,음식,5,KOP3mgvk1:한국어|ENP3mgvk1:영어|MLP3mgvk1:말레이어,3
KOPz6bmpi,더마칸 여의도점,음식,음식,5,KOPz6bmpi:한국어|ENPz6bmpi:영어|MLPz6bmpi:말레이어,3
KOP5j7jo8,관호 여의도점,음식,음식,5,KOP5j7jo8:한국어|ENP5j7jo8:영어|MLP5j7jo8:말레이어,3
KOP4aaule,두르가 광화문점,음식,음식,5,KOP4aaule:한국어|ENP4aaule:영어|MLP4aaule:말레이어,3
KOPxaopct,인디아쉐프,음식,음식,6,KOPxaopct:한국어|ENPxaopct:영어|MLPxaopct:말레이어,3
KOP3nhveo,더마칸,음식,음식,6,KOP3nhveo:한국어|ENP3nhveo:영어|MLP3nhveo:말레이어,3
KOPum8opd,보배반점 명동점,음식,음식 > 외국식 > 중식,6,KOPum8opd:한국어|ENPum8opd:영어|JPPum8opd:일본어|CNPum8opd:중국어 간체|TCPum8opd:중국어 번체,5
KOPx6hcb6,6일 닭강정,음식,음식 > 한식,6,KOPx6hcb6:한국어|ENPx6hcb6:영어|JPPx6hcb6:일본어|CNPx6hcb6:중국어 간체|TCPx6hcb6:중국어 번체,5
KOPxsrld7,제일제면소 여의도IFC몰점,음식,음식 > 한식,6,KOPxsrld7:한국어|ENPxsrld7:영어|JPPxsrld7:일본어|CNPxsrld7:중국어 간체|TCPxsrld7:중국어 번체,5
KOPwz3yz2,윤달오리전문점,음식,음식 > 한식,6,KOPwz3yz2:한국어|ENPwz3yz2:영어|MLPwz3yz2:말레이어,3
KOP5c5ze2,먹통낙지전문점,음식,음식,6,KOP5c5ze2:한국어|ENP5c5ze2:영어|MLP5c5ze2:말레이어,3
KOPxuebom,양인환대 홍대점,음식,음식,6,KOPxuebom:한국어|ENPxuebom:영어|MLPxuebom:말레이어,3
KOPeenjav,노작가의 아지트,음식,음식,6,KOPeenjav:한국어|ENPeenjav:영어|MLPeenjav:말레이어,3
KOP07ysk5,서경한우,음식,음식,6,KOP07ysk5:한국어|ENP07ysk5:영어|MLP07ysk5:말레이어,3
KOPgotwff,경송,음식,음식 > 한식,6,KOPgotwff:한국어|ENPgotwff:영어|MLPgotwff:말레이어,3
KOPb1otdc,알트에이,음식,음식 > 외국식 > 중식,6,KOPb1otdc:한국어|ENPb1otdc:영어|MLPb1otdc:말레이어,3
KOP9axuz4,몽크스부처,음식,음식,6,KOP9axuz4:한국어|ENP9axuz4:영어|MLP9axuz4:말레이어,3
KOPve8nho,청담무신,음식,음식 > 외국식 > 퓨전음식,6,KOPve8nho:한국어|ENPve8nho:영어|MLPve8nho:말레이어,3
KOPihy8fc,스왈로 베이커리 카페,음식,음식,6,KOPihy8fc:한국어|ENPihy8fc:영어|MLPihy8fc:말레이어,3
KOP0x9x1n,서울이야,음식,음식,6,KOP0x9x1n:한국어|ENP0x9x1n:영어|MLP0x9x1n:말레이어,3
KOPlvokp2,명동채움 한정식,음식,음식,6,KOPlvokp2:한국어|ENPlvokp2:영어|MLPlvokp2:말레이어,3
KOPzodmu8,캄풍쿠,음식,음식,6,KOPzodmu8:한국어|ENPzodmu8:영어|MLPzodmu8:말레이어,3
KOP658741,고삼이 신촌점,음식,음식,6,KOP658741:한국어|ENP658741:영어|MLP658741:말레이어,3
KOPhebzt0,고삼이 합정직영점,음식,음식,6,KOPhebzt0:한국어|ENPhebzt0:영어|MLPhebzt0:말레이어,3
KOPwiwz0p,명동정,음식,음식,7,KOPwiwz0p:한국어|ENPwiwz0p:영어|MLPwiwz0p:말레이어,3
KOP1u4de7,커리인,음식,음식,7,KOP1u4de7:한국어|ENP1u4de7:영어|MLP1u4de7:말레이어,3
KOPuhxkca,산촌,음식,음식,7,KOPuhxkca:한국어|ENPuhxkca:영어|MLPuhxkca:말레이어,3
KOPu59yj5,함초간장게장,음식,음식,7,KOPu59yj5:한국어|ENPu59yj5:영어|MLPu59yj5:말레이어,3
KOP1kjvs6,소바연구소 신촌본점,음식,음식,7,KOP1kjvs6:한국어|ENP1kjvs6:영어|MLP1kjvs6:말레이어,3
KOPduew8t,카멜스 키친,음식,음식,7,KOPduew8t:한국어|ENPduew8t:영어|MLPduew8t:말레이어,3
KOPa1y51w,르오뇽,음식,음식,7,KOPa1y51w:한국어|ENPa1y51w:영어|MLPa1y51w:말레이어,3
KOPjp7b57,이프타르,음식,음식,7,KOPjp7b57:한국어|ENPjp7b57:영어|MLPjp7b57:말레이어,3
KOPbtqjse,비건식당 공간녹음,음식,음식,7,KOPbtqjse:한국어|ENPbtqjse:영어|MLPbtqjse:말레이어,3
KOPj2iohq,비건인사,음식,음식,7,KOPj2iohq:한국어|ENPj2iohq:영어|MLPj2iohq:말레이어,3
KOPjrjyag,레팍라식당,음식,음식,7,KOPjrjyag:한국어|ENPjrjyag:영어|MLPjrjyag:말레이어,3
KOP7a5mqg,에베레스트 영등포점,음식,음식,7,KOP7a5mqg:한국어|ENP7a5mqg:영어|MLP7a5mqg:말레이어,3
KOPb30c47,점점점점점점,음식,음식,7,KOPb30c47:한국어|ENPb30c47:영어|MLPb30c47:말레이어,3
KOP4tx96n,슬런치 팩토리,음식,음식,7,KOP4tx96n:한국어|ENP4tx96n:영어|MLP4tx96n:말레이어,3
KOP17t00b,써니보울,음식,음식,7,KOP17t00b:한국어|ENP17t00b:영어|MLP17t00b:말레이어,3
KOPxp2u2j,누산타라쿠,음식,음식,7,KOPxp2u2j:한국어|ENPxp2u2j:영어|MLPxp2u2j:말레이어,3
KOPocs07r,체리가든,음식,음식,7,KOPocs07r:한국어|ENPocs07r:영어|MLPocs07r:말레이어,3
KOPq5ghp4,발리홀리데이,음식,음식,7,KOPq5ghp4:한국어|ENPq5ghp4:영어|MLPq5ghp4:말레이어,3
KOP7m82bh,명동충무김밥,음식,음식,7,KOP7m82bh:한국어|ENP7m82bh:영어|MLP7m82bh:말레이어,3
KOPf6pbif,명동부산집,음식,음식,7,KOPf6pbif:한국어|ENPf6pbif:영어|MLPf6pbif:말레이어,3
KOPk2t5h2,부산집 후라이드치킨,음식,음식,8,KOPk2t5h2:한국어|ENPk2t5h2:영어|MLPk2t5h2:말레이어,3
KOPmphdts,부산집 KBBQ,음식,음식,8,KOPmphdts:한국어|ENPmphdts:영어|MLPmphdts:말레이어,3
KOPy6hb65,원할매 소문난 원조 닭한마리,음식,음식,8,KOPy6hb65:한국어|ENPy6hb65:영어|MLPy6hb65:말레이어,3
KOP8n09cj,순미네 행복게장 동대문점,음식,음식,8,KOP8n09cj:한국어|ENP8n09cj:영어|MLP8n09cj:말레이어,3
KOPe0zi3b,별양집,음식,음식,8,KOPe0zi3b:한국어|ENPe0zi3b:영어|MLPe0zi3b:말레이어,3
KOPkfb1he,흑우정 강남역본점,음식,음식,8,KOPkfb1he:한국어|ENPkfb1he:영어|MLPkfb1he:말레이어,3
KOPwpiwpw,부산집 홍대,음식,음식,8,KOPwpiwpw:한국어|ENPwpiwpw:영어|MLPwpiwpw:말레이어,3
KOPwcrlov,플랜트,음식,음식,8,KOPwcrlov:한국어|ENPwcrlov:영어|MLPwcrlov:말레이어,3
KOPhmduvs,금수복국 잠실소피텔점,음식,음식,8,KOPhmduvs:한국어|ENPhmduvs:영어|MLPhmduvs:말레이어,3
KOPh6a7ig,마니스키친,음식,음식,8,KOPh6a7ig:한국어|ENPh6a7ig:영어|MLPh6a7ig:말레이어,3
KOP9ctu0m,맨홀커피 웨스턴 책방,음식,음식 > 카페/찻집,8,KOP9ctu0m:한국어|ENP9ctu0m:영어|JPP9ctu0m:일본어|CNP9ctu0m:중국어 간체|TCP9ctu0m:중국어 번체,5
KOP6j3tuj,어나더사이드,음식,음식 > 카페/찻집,8,KOP6j3tuj:한국어|ENP6j3tuj:영어|JPP6j3tuj:일본어|CNP6j3tuj:중국어 간체|TCP6j3tuj:중국어 번체,5
KOP139gfg,차마시는뜰 차뜰,음식,음식 > 카페/찻집,8,KOP139gfg:한국어|ENP139gfg:영어|JPP139gfg:일본어|CNP139gfg:중국어 간체|TCP139gfg:중국어 번체,5
KOPyvg45v,깅꼬서울,음식,음식 > 카페/찻집,8,KOPyvg45v:한국어|ENPyvg45v:영어|JPPyvg45v:일본어|CNPyvg45v:중국어 간체|TCPyvg45v:중국어 번체,5
KOPsemkjc,라크루뜨 서울 본점,음식,음식 > 카페/찻집,8,KOPsemkjc:한국어|ENPsemkjc:영어|JPPsemkjc:일본어|CNPsemkjc:중국어 간체|TCPsemkjc:중국어 번체,5
KOPjnrt3e,양키스 그릴,음식,음식 > 외국식 > 서양식,8,KOPjnrt3e:한국어|ENPjnrt3e:영어|JPPjnrt3e:일본어|CNPjnrt3e:중국어 간체|TCPjnrt3e:중국어 번체,5
KOPqgrc2c,마리니에르,음식,음식 > 카페/찻집,8,KOPqgrc2c:한국어|ENPqgrc2c:영어|JPPqgrc2c:일본어|CNPqgrc2c:중국어 간체|TCPqgrc2c:중국어 번체,5
KOPcpoeuv,아빠의 양식당,음식,음식,8,KOPcpoeuv:한국어|ENPcpoeuv:영어|MLPcpoeuv:말레이어,3
KOP279de6,러스트 베이커리,음식,음식 > 카페/찻집,8,KOP279de6:한국어|ENP279de6:영어|JPP279de6:일본어|CNP279de6:중국어 간체|TCP279de6:중국어 번체,5
KOP2flbke,홍대닭갈비,음식,음식 > 한식,8,KOP2flbke:한국어|ENP2flbke:영어|JPP2flbke:일본어|CNP2flbke:중국어 간체|TCP2flbke:중국어 번체,5
KOP8ukunx,베이커리 아궁,음식,음식 > 카페/찻집,9,KOP8ukunx:한국어|ENP8ukunx:영어|JPP8ukunx:일본어|CNP8ukunx:중국어 간체|TCP8ukunx:중국어 번체,5
KOPtif74h,캐러벨 이스트아시아 한남점,음식,음식 > 외국식,9,KOPtif74h:한국어|ENPtif74h:영어|JPPtif74h:일본어|CNPtif74h:중국어 간체|TCPtif74h:중국어 번체,5
KOPag9r0c,꼭시넬,음식,음식 > 외국식 > 서양식,9,KOPag9r0c:한국어|ENPag9r0c:영어|JPPag9r0c:일본어|CNPag9r0c:중국어 간체|TCPag9r0c:중국어 번체,5
KOPqgrzkx,에스페란자 로스터즈 홍은본점,음식,음식 > 카페/찻집,9,KOPqgrzkx:한국어|ENPqgrzkx:영어|JPPqgrzkx:일본어|CNPqgrzkx:중국어 간체|TCPqgrzkx:중국어 번체,5
KOPae0c1o,하츠하우스,음식,음식 > 카페/찻집,9,KOPae0c1o:한국어|ENPae0c1o:영어|JPPae0c1o:일본어|CNPae0c1o:중국어 간체|TCPae0c1o:중국어 번체,5
KOP2aitm6,돼지곰탕 하우 성수본점,음식,음식 > 한식,9,KOP2aitm6:한국어|ENP2aitm6:영어|JPP2aitm6:일본어|CNP2aitm6:중국어 간체|TCP2aitm6:중국어 번체,5
KOP7lw301,히트커피로스터스 이태원점,음식,음식 > 카페/찻집,9,KOP7lw301:한국어|ENP7lw301:영어|JPP7lw301:일본어|CNP7lw301:중국어 간체|TCP7lw301:중국어 번체,5
KOPfqfgtk,소브,음식,음식 > 카페/찻집,9,KOPfqfgtk:한국어|ENPfqfgtk:영어|JPPfqfgtk:일본어|CNPfqfgtk:중국어 간체|TCPfqfgtk:중국어 번체,5
KOPcsfluy,카페씨떼,음식,음식 > 카페/찻집,9,KOPcsfluy:한국어|ENPcsfluy:영어|JPPcsfluy:일본어|CNPcsfluy:중국어 간체|TCPcsfluy:중국어 번체|RUPcsfluy:러시아어|MLPcsfluy:말레이어,7
KOPbsho47,로우루프,음식,음식 > 카페/찻집,9,KOPbsho47:한국어|ENPbsho47:영어|JPPbsho47:일본어|CNPbsho47:중국어 간체|TCPbsho47:중국어 번체|RUPbsho47:러시아어|MLPbsho47:말레이어,7
KOPcq5rwf,하우스오브바이닐 망원점,음식,음식 > 카페/찻집,9,KOPcq5rwf:한국어|ENPcq5rwf:영어|JPPcq5rwf:일본어|CNPcq5rwf:중국어 간체|TCPcq5rwf:중국어 번체|RUPcq5rwf:러시아어|MLPcq5rwf:말레이어,7
KOPz7bpwy,카페 키이로,음식,음식 > 카페/찻집,9,KOPz7bpwy:한국어|ENPz7bpwy:영어|JPPz7bpwy:일본어|CNPz7bpwy:중국어 간체|TCPz7bpwy:중국어 번체|RUPz7bpwy:러시아어|MLPz7bpwy:말레이어,7
KOP0p4bkd,파롤앤랑그,음식,음식 > 카페/찻집,9,KOP0p4bkd:한국어|ENP0p4bkd:영어|JPP0p4bkd:일본어|CNP0p4bkd:중국어 간체|TCP0p4bkd:중국어 번체|RUP0p4bkd:러시아어|MLP0p4bkd:말레이어,7
KOPcys3h9,프로토콜 연희점,음식,음식 > 카페/찻집,9,KOPcys3h9:한국어|ENPcys3h9:영어|JPPcys3h9:일본어|CNPcys3h9:중국어 간체|TCPcys3h9:중국어 번체,5
KOPl9hphg,시노라 연희점,음식,음식 > 카페/찻집,9,KOPl9hphg:한국어|ENPl9hphg:영어|CNPl9hphg:중국어 간체|TCPl9hphg:중국어 번체,4
KOPs9xa69,평택 고여사집 냉면,음식,음식 > 한식,9,KOPs9xa69:한국어|ENPs9xa69:영어|JPPs9xa69:일본어|CNPs9xa69:중국어 간체|TCPs9xa69:중국어 번체,5
KOPlh5poa,태조대림감자국,음식,음식 > 한식,9,KOPlh5poa:한국어|ENPlh5poa:영어|JPPlh5poa:일본어|CNPlh5poa:중국어 간체|TCPlh5poa:중국어 번체,5
KOP1k0rxn,코스모스 분식,음식,음식 > 한식,9,KOP1k0rxn:한국어|ENP1k0rxn:영어|JPP1k0rxn:일본어|CNP1k0rxn:중국어 간체|TCP1k0rxn:중국어 번체,5
KOPw216z4,청송본관함흥냉면,음식,음식 > 한식,9,KOPw216z4:한국어|ENPw216z4:영어|JPPw216z4:일본어|CNPw216z4:중국어 간체|TCPw216z4:중국어 번체,5
KOPsknabd,장가구,음식,음식 > 외국식 > 중식,9,KOPsknabd:한국어|ENPsknabd:영어|JPPsknabd:일본어|CNPsknabd:중국어 간체|TCPsknabd:중국어 번체,5
KOPooociy,일등식당,음식,음식 > 한식,10,KOPooociy:한국어|ENPooociy:영어|JPPooociy:일본어|CNPooociy:중국어 간체|TCPooociy:중국어 번체,5
KOPon4w77,원조조박집,음식,음식 > 한식,10,KOPon4w77:한국어|ENPon4w77:영어|JPPon4w77:일본어|CNPon4w77:중국어 간체|TCPon4w77:중국어 번체,5
KOPz0vpvy,역전회관,음식,음식 > 한식,10,KOPz0vpvy:한국어|ENPz0vpvy:영어|JPPz0vpvy:일본어|CNPz0vpvy:중국어 간체|TCPz0vpvy:중국어 번체,5
KOPv5rscz,석교식당,음식,음식 > 한식,10,KOPv5rscz:한국어|ENPv5rscz:영어|JPPv5rscz:일본어|CNPv5rscz:중국어 간체|TCPv5rscz:중국어 번체,5
KOP9a9oj8,서부감자국,음식,음식 > 한식,10,KOP9a9oj8:한국어|ENP9a9oj8:영어|JPP9a9oj8:일본어|CNP9a9oj8:중국어 간체|TCP9a9oj8:중국어 번체,5
KOPe16xkx,목노집,음식,음식 > 한식,10,KOPe16xkx:한국어|ENPe16xkx:영어|JPPe16xkx:일본어|CNPe16xkx:중국어 간체|TCPe16xkx:중국어 번체,5
KOPvr2axw,만포면옥,음식,음식 > 한식,10,KOPvr2axw:한국어|ENPvr2axw:영어|JPPvr2axw:일본어|CNPvr2axw:중국어 간체|TCPvr2axw:중국어 번체,5
KOPg70qkk,고깃집열 강남점,음식,음식 > 한식,10,KOPg70qkk:한국어|ENPg70qkk:영어|JPPg70qkk:일본어|CNPg70qkk:중국어 간체|TCPg70qkk:중국어 번체,5
KOPl2poyj,하니칼국수,음식,음식 > 한식,10,KOPl2poyj:한국어|ENPl2poyj:영어|JPPl2poyj:일본어|CNPl2poyj:중국어 간체|TCPl2poyj:중국어 번체,5
KOPadtomq,낭만LP바 잠실방이점,음식,음식 > 주점,10,KOPadtomq:한국어|ENPadtomq:영어|JPPadtomq:일본어|CNPadtomq:중국어 간체|TCPadtomq:중국어 번체,5
KOP0fbnhd,용기수산,음식,음식 > 한식,10,KOP0fbnhd:한국어|ENP0fbnhd:영어|JPP0fbnhd:일본어|CNP0fbnhd:중국어 간체|TCP0fbnhd:중국어 번체,5
KOP04yoa2,카페 상국,음식,음식 > 카페/찻집,10,KOP04yoa2:한국어|ENP04yoa2:영어|JPP04yoa2:일본어|CNP04yoa2:중국어 간체|TCP04yoa2:중국어 번체,5
KOPl6vvmp,마포옥,음식,음식 > 한식,10,KOPl6vvmp:한국어|ENPl6vvmp:영어|JPPl6vvmp:일본어|CNPl6vvmp:중국어 간체|TCPl6vvmp:중국어 번체,5
KOPvroqkg,굴다리식당,음식,음식 > 한식,10,KOPvroqkg:한국어|JPPvroqkg:일본어|CNPvroqkg:중국어 간체|TCPvroqkg:중국어 번체,4
KOPmqyvu5,한우오마카세 우모크,음식,음식 > 한식,10,KOPmqyvu5:한국어|ENPmqyvu5:영어|JPPmqyvu5:일본어|CNPmqyvu5:중국어 간체|TCPmqyvu5:중국어 번체,5
KOPjjemmk,도정육관,음식,음식 > 한식,10,KOPjjemmk:한국어|ENPjjemmk:영어|JPPjjemmk:일본어|CNPjjemmk:중국어 간체|TCPjjemmk:중국어 번체,5
KOPgm0zwf,동대문 생선구이 골목,음식,음식 > 한식,10,KOPgm0zwf:한국어|ENPgm0zwf:영어|JPPgm0zwf:일본어|CNPgm0zwf:중국어 간체|TCPgm0zwf:중국어 번체,5
KOP6rymuy,켄싱턴 호텔 브로드웨이,음식,음식,10,KOP6rymuy:한국어|ENP6rymuy:영어|JPP6rymuy:일본어|CNP6rymuy:중국어 간체|TCP6rymuy:중국어 번체,5
KOPpb1ta0,켄싱턴 호텔 더 뷰 라운지,음식,음식,10,KOPpb1ta0:한국어|ENPpb1ta0:영어|JPPpb1ta0:일본어|CNPpb1ta0:중국어 간체|TCPpb1ta0:중국어 번체,5
KOP933ykf,레인리포트 레인보우,음식,음식 > 카페/찻집,10,KOP933ykf:한국어|ENP933ykf:영어|JPP933ykf:일본어|CNP933ykf:중국어 간체|TCP933ykf:중국어 번체,5
KOPnqfslm,목석정,음식,음식 > 한식,11,KOPnqfslm:한국어|ENPnqfslm:영어|JPPnqfslm:일본어|CNPnqfslm:중국어 간체|TCPnqfslm:중국어 번체,5
KOPawofnj,강변서재,음식,음식 > 카페/찻집,11,KOPawofnj:한국어|ENPawofnj:영어|JPPawofnj:일본어|CNPawofnj:중국어 간체|TCPawofnj:중국어 번체,5
KOPq0llgd,고봉삼계탕,음식,음식 > 한식,11,KOPq0llgd:한국어|ENPq0llgd:영어|JPPq0llgd:일본어|CNPq0llgd:중국어 간체|TCPq0llgd:중국어 번체,5
KOPhsowxr,올디스타코 을지로 본점,음식,음식 > 외국식 > 기타외국식,11,KOPhsowxr:한국어|ENPhsowxr:영어|JPPhsowxr:일본어|CNPhsowxr:중국어 간체|TCPhsowxr:중국어 번체,5
KOPyiaqhs,커피한약방,음식,음식 > 카페/찻집,11,KOPyiaqhs:한국어|ENPyiaqhs:영어|JPPyiaqhs:일본어|CNPyiaqhs:중국어 간체|TCPyiaqhs:중국어 번체,5
KOP22oa3h,아벨롭 홍대본점,음식,음식 > 카페/찻집,11,KOP22oa3h:한국어|ENP22oa3h:영어|JPP22oa3h:일본어|CNP22oa3h:중국어 간체|TCP22oa3h:중국어 번체,5
KOPb49ucp,오드하우스 오스테리아,음식,음식 > 외국식 > 서양식,11,KOPb49ucp:한국어|ENPb49ucp:영어|JPPb49ucp:일본어|CNPb49ucp:중국어 간체|TCPb49ucp:중국어 번체,5
KOP6ljai9,하우스 오브 신세계 디저트살롱,음식,음식 > 카페/찻집,11,KOP6ljai9:한국어|ENP6ljai9:영어|JPP6ljai9:일본어|CNP6ljai9:중국어 간체|TCP6ljai9:중국어 번체,5
KOP2h7itr,남산술클럽,음식,음식 > 주점,11,KOP2h7itr:한국어|ENP2h7itr:영어|JPP2h7itr:일본어|CNP2h7itr:중국어 간체|TCP2h7itr:중국어 번체|RUP2h7itr:러시아어|MLP2h7itr:말레이어,7
KOP16sl14,빠르크 한남본점,음식,음식 > 한식,11,KOP16sl14:한국어|ENP16sl14:영어|JPP16sl14:일본어|CNP16sl14:중국어 간체|TCP16sl14:중국어 번체|RUP16sl14:러시아어|MLP16sl14:말레이어,7
KOParm2do,방울과꼬막,음식,음식 > 주점,11,KOParm2do:한국어|ENParm2do:영어|JPParm2do:일본어|CNParm2do:중국어 간체|TCParm2do:중국어 번체|RUParm2do:러시아어|MLParm2do:말레이어,7
KOPccztn7,온미관 안국,음식,음식 > 한식,11,KOPccztn7:한국어|ENPccztn7:영어|JPPccztn7:일본어|CNPccztn7:중국어 간체|TCPccztn7:중국어 번체|RUPccztn7:러시아어|MLPccztn7:말레이어,7
KOP8f9it6,포시즌스 호텔 서울 찰스 H.,음식,음식 > 주점,11,KOP8f9it6:한국어|ENP8f9it6:영어|JPP8f9it6:일본어|CNP8f9it6:중국어 간체|TCP8f9it6:중국어 번체|RUP8f9it6:러시아어|MLP8f9it6:말레이어,7
KOPlijnj3,루바브 Rhubarb,음식,음식 > 카페/찻집,11,KOPlijnj3:한국어|ENPlijnj3:영어|JPPlijnj3:일본어|CNPlijnj3:중국어 간체|TCPlijnj3:중국어 번체|RUPlijnj3:러시아어|MLPlijnj3:말레이어,7
KOPtxc8oj,아리계곡 종각점,음식,음식 > 한식,11,KOPtxc8oj:한국어|ENPtxc8oj:영어|JPPtxc8oj:일본어|CNPtxc8oj:중국어 간체|TCPtxc8oj:중국어 번체|RUPtxc8oj:러시아어|MLPtxc8oj:말레이어,7
KOPua3t10,육즙당 광화문점,음식,음식 > 한식,11,KOPua3t10:한국어|ENPua3t10:영어|JPPua3t10:일본어|CNPua3t10:중국어 간체|TCPua3t10:중국어 번체|RUPua3t10:러시아어|MLPua3t10:말레이어,7
KOPlqylq6,태양의토마토라멘,음식,음식 > 외국식 > 일식,11,KOPlqylq6:한국어|ENPlqylq6:영어|JPPlqylq6:일본어|CNPlqylq6:중국어 간체|TCPlqylq6:중국어 번체,5
KOPlpuqtx,동양찻집 수락산점,음식,음식 > 카페/찻집,11,KOPlpuqtx:한국어|ENPlpuqtx:영어|JPPlpuqtx:일본어|CNPlpuqtx:중국어 간체|TCPlpuqtx:중국어 번체,5
KOPqetlda,수락산풍천장어,음식,음식 > 한식,11,KOPqetlda:한국어|ENPqetlda:영어|JPPqetlda:일본어|CNPqetlda:중국어 간체|TCPqetlda:중국어 번체,5
KOPk3ob8d,Summer Lane 서머레인,음식,음식 > 카페/찻집,11,KOPk3ob8d:한국어|ENPk3ob8d:영어|JPPk3ob8d:일본어|CNPk3ob8d:중국어 간체|TCPk3ob8d:중국어 번체,5
KOP9vr5hz,에삐 EPI,음식,음식 > 카페/찻집,12,KOP9vr5hz:한국어|ENP9vr5hz:영어|JPP9vr5hz:일본어|CNP9vr5hz:중국어 간체|TCP9vr5hz:중국어 번체,5
KOPaahwxc,카페 폭포,음식,음식 > 카페/찻집,12,KOPaahwxc:한국어|ENPaahwxc:영어|JPPaahwxc:일본어|CNPaahwxc:중국어 간체|TCPaahwxc:중국어 번체,5
KOPb00dc8,반카페,음식,음식 > 카페/찻집,12,KOPb00dc8:한국어|ENPb00dc8:영어|JPPb00dc8:일본어|CNPb00dc8:중국어 간체|TCPb00dc8:중국어 번체,5
KOPivo4mg,북앤레스트,음식,음식 > 카페/찻집,12,KOPivo4mg:한국어|ENPivo4mg:영어|JPPivo4mg:일본어|CNPivo4mg:중국어 간체|TCPivo4mg:중국어 번체,5
KOP8jtxt1,오버딥 연남,음식,음식 > 카페/찻집,12,KOP8jtxt1:한국어|ENP8jtxt1:영어|JPP8jtxt1:일본어|CNP8jtxt1:중국어 간체|TCP8jtxt1:중국어 번체|RUP8jtxt1:러시아어|MLP8jtxt1:말레이어,7
KOPw87uva,주신당 용산점,음식,음식 > 한식,12,KOPw87uva:한국어|ENPw87uva:영어|JPPw87uva:일본어|CNPw87uva:중국어 간체|TCPw87uva:중국어 번체,5
KOP4pzc2k,더닝,음식,음식 > 카페/찻집,12,KOP4pzc2k:한국어|ENP4pzc2k:영어|JPP4pzc2k:일본어|CNP4pzc2k:중국어 간체|TCP4pzc2k:중국어 번체,5
KOPlsskfb,이태리이층집,음식,음식 > 외국식 > 퓨전음식,12,KOPlsskfb:한국어|ENPlsskfb:영어|JPPlsskfb:일본어|CNPlsskfb:중국어 간체|TCPlsskfb:중국어 번체,5
KOP1gyxbd,봉이전,음식,음식 > 한식,12,KOP1gyxbd:한국어|ENP1gyxbd:영어|JPP1gyxbd:일본어|CNP1gyxbd:중국어 간체|TCP1gyxbd:중국어 번체,5
KOP2lpdrw,도야집,음식,음식 > 한식,12,KOP2lpdrw:한국어|ENP2lpdrw:영어|JPP2lpdrw:일본어|CNP2lpdrw:중국어 간체|TCP2lpdrw:중국어 번체,5
KOP9fsdzk,버뮤다삼각지,음식,음식 > 외국식 > 퓨전음식,12,KOP9fsdzk:한국어|ENP9fsdzk:영어|JPP9fsdzk:일본어|CNP9fsdzk:중국어 간체|TCP9fsdzk:중국어 번체,5
KOPimihui,도토리 용산점,음식,음식 > 카페/찻집,12,KOPimihui:한국어|ENPimihui:영어|JPPimihui:일본어|CNPimihui:중국어 간체|TCPimihui:중국어 번체,5
KOP70l60p,창동 포차거리,음식,음식,12,KOP70l60p:한국어|ENP70l60p:영어|JPP70l60p:일본어|CNP70l60p:중국어 간체|TCP70l60p:중국어 번체,5
KOP9xvv34,용용선생 마라도원,음식,음식 > 외국식 > 중식,12,KOP9xvv34:한국어|ENP9xvv34:영어|JPP9xvv34:일본어|CNP9xvv34:중국어 간체|TCP9xvv34:중국어 번체,5
KOPb3iegs,멕시타이거,음식,음식 > 주점,12,KOPb3iegs:한국어|ENPb3iegs:영어|JPPb3iegs:일본어|CNPb3iegs:중국어 간체|TCPb3iegs:중국어 번체,5
KOP7byvis,카페진정성 한강편 커피하우스,음식,음식 > 카페/찻집,12,KOP7byvis:한국어|ENP7byvis:영어|JPP7byvis:일본어|CNP7byvis:중국어 간체|TCP7byvis:중국어 번체,5
KOP5e5tfq,피크니크 선유도한옥점,음식,음식 > 카페/찻집,12,KOP5e5tfq:한국어|ENP5e5tfq:영어|JPP5e5tfq:일본어|CNP5e5tfq:중국어 간체|TCP5e5tfq:중국어 번체,5
KOPu0txa8,칠갑산,음식,음식 > 한식,12,KOPu0txa8:한국어|ENPu0txa8:영어|JPPu0txa8:일본어|CNPu0txa8:중국어 간체|TCPu0txa8:중국어 번체,5
KOPs6kjzd,에빠,음식,음식 > 카페/찻집,12,KOPs6kjzd:한국어|ENPs6kjzd:영어|JPPs6kjzd:일본어|CNPs6kjzd:중국어 간체|TCPs6kjzd:중국어 번체,5
KOPawn5vl,심퍼티쿠시 용산점,음식,음식 > 외국식 > 서양식,12,KOPawn5vl:한국어|ENPawn5vl:영어|JPPawn5vl:일본어|CNPawn5vl:중국어 간체|TCPawn5vl:중국어 번체,5
KOP8d04ly,현선이네 용산본점,음식,음식 > 한식,13,KOP8d04ly:한국어|ENP8d04ly:영어|JPP8d04ly:일본어|CNP8d04ly:중국어 간체|TCP8d04ly:중국어 번체,5
KOPb7hk2z,마를리,음식,음식 > 카페/찻집,13,KOPb7hk2z:한국어|ENPb7hk2z:영어|JPPb7hk2z:일본어|CNPb7hk2z:중국어 간체|TCPb7hk2z:중국어 번체,5
KOPp1q4s4,한정선 (韓貞仙),음식,음식 > 카페/찻집,13,KOPp1q4s4:한국어|ENPp1q4s4:영어|JPPp1q4s4:일본어|CNPp1q4s4:중국어 간체|TCPp1q4s4:중국어 번체,5
KOPmmx0cv,성수다락,음식,음식 > 외국식 > 서양식,13,KOPmmx0cv:한국어|ENPmmx0cv:영어|JPPmmx0cv:일본어|CNPmmx0cv:중국어 간체|TCPmmx0cv:중국어 번체,5
KOPlj977b,릭십 lick sip,음식,음식,13,KOPlj977b:한국어|ENPlj977b:영어|JPPlj977b:일본어|CNPlj977b:중국어 간체|TCPlj977b:중국어 번체,5
KOPi3j31g,쓰윗 Thweet,음식,음식 > 카페/찻집,13,KOPi3j31g:한국어|ENPi3j31g:영어|JPPi3j31g:일본어|CNPi3j31g:중국어 간체|TCPi3j31g:중국어 번체,5
KOPhzb6qe,삼미정,음식,음식 > 한식,13,KOPhzb6qe:한국어|ENPhzb6qe:영어|JPPhzb6qe:일본어|CNPhzb6qe:중국어 간체|TCPhzb6qe:중국어 번체,5
KOPut7t7t,쎈느 Scene,음식,음식 > 카페/찻집,13,KOPut7t7t:한국어|ENPut7t7t:영어|JPPut7t7t:일본어|CNPut7t7t:중국어 간체|TCPut7t7t:중국어 번체,5
KOPlceoxk,소문난성수감자탕,음식,음식 > 한식,13,KOPlceoxk:한국어|ENPlceoxk:영어|JPPlceoxk:일본어|CNPlceoxk:중국어 간체|TCPlceoxk:중국어 번체,5
KOPcfl4le,초월,음식,음식 > 한식,13,KOPcfl4le:한국어|ENPcfl4le:영어|JPPcfl4le:일본어|CNPcfl4le:중국어 간체|TCPcfl4le:중국어 번체,5
KOPvzz06x,오설록 티하우스 북촌점,음식,음식 > 카페/찻집,13,KOPvzz06x:한국어|ENPvzz06x:영어|JPPvzz06x:일본어|CNPvzz06x:중국어 간체|TCPvzz06x:중국어 번체,5
KOPa5dv4z,기후,음식,음식 > 외국식 > 일식,13,KOPa5dv4z:한국어|ENPa5dv4z:영어|JPPa5dv4z:일본어|CNPa5dv4z:중국어 간체|TCPa5dv4z:중국어 번체,5
KOPhigqcy,룻 root,음식,음식 > 한식,13,KOPhigqcy:한국어|ENPhigqcy:영어|JPPhigqcy:일본어|CNPhigqcy:중국어 간체|TCPhigqcy:중국어 번체,5
KOPn3hblb,스타벅스 경동 1960점,음식,음식 > 카페/찻집,13,KOPn3hblb:한국어|ENPn3hblb:영어|JPPn3hblb:일본어|CNPn3hblb:중국어 간체|TCPn3hblb:중국어 번체,5
KOP0jre6f,예나떡방,음식,음식 > 한식,13,KOP0jre6f:한국어|ENP0jre6f:영어|JPP0jre6f:일본어|CNP0jre6f:중국어 간체|TCP0jre6f:중국어 번체,5
KOP1udv9d,제주미향해장,음식,음식 > 한식,13,KOP1udv9d:한국어|ENP1udv9d:영어|JPP1udv9d:일본어|CNP1udv9d:중국어 간체|TCP1udv9d:중국어 번체,5
KOPgiicr7,훈육,음식,음식 > 한식,13,KOPgiicr7:한국어|ENPgiicr7:영어|JPPgiicr7:일본어|CNPgiicr7:중국어 간체|TCPgiicr7:중국어 번체,5
KOP6wc63b,카페 타자기,음식,음식 > 카페/찻집,13,KOP6wc63b:한국어|ENP6wc63b:영어|JPP6wc63b:일본어|CNP6wc63b:중국어 간체|TCP6wc63b:중국어 번체,5
KOPr0prjx,앤더슨씨,음식,음식 > 카페/찻집,13,KOPr0prjx:한국어|ENPr0prjx:영어|JPPr0prjx:일본어|CNPr0prjx:중국어 간체|TCPr0prjx:중국어 번체,5
KOPcmzo8u,사델스 앳 키스 서울,음식,음식 > 외국식 > 서양식,13,KOPcmzo8u:한국어|ENPcmzo8u:영어|JPPcmzo8u:일본어|CNPcmzo8u:중국어 간체|TCPcmzo8u:중국어 번체,5
KOPxj8t3x,팔판동꼬마김밥 앤 토스트,음식,음식 > 한식,14,KOPxj8t3x:한국어|ENPxj8t3x:영어|JPPxj8t3x:일본어|CNPxj8t3x:중국어 간체|TCPxj8t3x:중국어 번체,5
KOPfru4mc,앤티크커피 연남점,음식,음식 > 카페/찻집,14,KOPfru4mc:한국어|ENPfru4mc:영어|JPPfru4mc:일본어|CNPfru4mc:중국어 간체|TCPfru4mc:중국어 번체,5
KOPqlv92h,인현골방,음식,음식 > 주점,14,KOPqlv92h:한국어|ENPqlv92h:영어|JPPqlv92h:일본어|CNPqlv92h:중국어 간체|TCPqlv92h:중국어 번체,5
KOP6e6431,로이정원,음식,음식 > 주점,14,KOP6e6431:한국어|ENP6e6431:영어|JPP6e6431:일본어|CNP6e6431:중국어 간체|TCP6e6431:중국어 번체,5
KOPhnvr4s,문래포차1422,음식,음식 > 주점,14,KOPhnvr4s:한국어|ENPhnvr4s:영어|JPPhnvr4s:일본어|CNPhnvr4s:중국어 간체|TCPhnvr4s:중국어 번체,5
KOPyooq8u,전주집,음식,음식 > 한식,14,KOPyooq8u:한국어|ENPyooq8u:영어|JPPyooq8u:일본어|CNPyooq8u:중국어 간체|TCPyooq8u:중국어 번체,5
KOP5pwtvb,비틀스피자 연남점,음식,음식 > 외국식 > 서양식,14,KOP5pwtvb:한국어|ENP5pwtvb:영어|JPP5pwtvb:일본어|CNP5pwtvb:중국어 간체|TCP5pwtvb:중국어 번체|RUP5pwtvb:러시아어|MLP5pwtvb:말레이어,7
KOP5lzzfv,도어투도어 압구정점,음식,음식 > 외국식 > 서양식,14,KOP5lzzfv:한국어|ENP5lzzfv:영어|JPP5lzzfv:일본어|CNP5lzzfv:중국어 간체|TCP5lzzfv:중국어 번체|RUP5lzzfv:러시아어|MLP5lzzfv:말레이어,7
KOPuv9y9f,잠두봉더나인,음식,음식,14,KOPuv9y9f:한국어|ENPuv9y9f:영어|JPPuv9y9f:일본어|CNPuv9y9f:중국어 간체|TCPuv9y9f:중국어 번체|RUPuv9y9f:러시아어|MLPuv9y9f:말레이어,7
KOP74gju2,카페 레이어드 연남,음식,음식 > 카페/찻집,14,KOP74gju2:한국어|ENP74gju2:영어|JPP74gju2:일본어|CNP74gju2:중국어 간체|TCP74gju2:중국어 번체,5
KOPedg3r4,히포 브런치하우스,음식,음식 > 카페/찻집,14,KOPedg3r4:한국어|ENPedg3r4:영어|JPPedg3r4:일본어|CNPedg3r4:중국어 간체|TCPedg3r4:중국어 번체,5
KOPxtexu0,자연도소금빵in성수,음식,음식 > 카페/찻집,14,KOPxtexu0:한국어|ENPxtexu0:영어|JPPxtexu0:일본어|CNPxtexu0:중국어 간체|TCPxtexu0:중국어 번체,5
KOPf8jiyc,성수동 대림창고 갤러리,음식,음식 > 카페/찻집,14,KOPf8jiyc:한국어|ENPf8jiyc:영어|JPPf8jiyc:일본어|CNPf8jiyc:중국어 간체|TCPf8jiyc:중국어 번체,5
KOPepypjf,펍휘트니,음식,음식 > 주점,14,KOPepypjf:한국어|ENPepypjf:영어|JPPepypjf:일본어|CNPepypjf:중국어 간체|TCPepypjf:중국어 번체,5
KOPqfkln5,사오월수라상,음식,음식 > 한식,14,KOPqfkln5:한국어|ENPqfkln5:영어|JPPqfkln5:일본어|CNPqfkln5:중국어 간체|TCPqfkln5:중국어 번체,5
KOPyuba0z,1994 SEOUL,음식,음식 > 카페/찻집,14,KOPyuba0z:한국어|JPPyuba0z:일본어,2
KOPanhrla,OMOT 오므오트,음식,음식 > 카페/찻집,14,KOPanhrla:한국어|ENPanhrla:영어|JPPanhrla:일본어|CNPanhrla:중국어 간체|TCPanhrla:중국어 번체,5
KOPyce6us,도수향,음식,음식 > 카페/찻집,14,KOPyce6us:한국어|ENPyce6us:영어|JPPyce6us:일본어|CNPyce6us:중국어 간체|TCPyce6us:중국어 번체,5
KOP55fc5k,차차이테,음식,음식 > 카페/찻집,14,KOP55fc5k:한국어|ENP55fc5k:영어|JPP55fc5k:일본어|CNP55fc5k:중국어 간체|TCP55fc5k:중국어 번체,5
KOPcmmsdo,VIEW376,음식,음식 > 카페/찻집,14,KOPcmmsdo:한국어|ENPcmmsdo:영어|JPPcmmsdo:일본어|CNPcmmsdo:중국어 간체|TCPcmmsdo:중국어 번체,5
KOP4loe2g,신당동 떡볶이 타운,음식,음식,15,KOP4loe2g:한국어|ENP4loe2g:영어|JPP4loe2g:일본어|CNP4loe2g:중국어 간체|TCP4loe2g:중국어 번체,5
KOP13t8a8,카페 그레이랩,음식,음식 > 카페/찻집,15,KOP13t8a8:한국어|ENP13t8a8:영어|JPP13t8a8:일본어|CNP13t8a8:중국어 간체|TCP13t8a8:중국어 번체,5
KOPv0yifm,신이도가,음식,음식 > 카페/찻집,15,KOPv0yifm:한국어|ENPv0yifm:영어,2
KOPqpz1gt,옥류헌릴렉스,음식,음식 > 카페/찻집,15,KOPqpz1gt:한국어|ENPqpz1gt:영어,2
KOP16wk61,구덴구덴,음식,음식,15,KOP16wk61:한국어,1
KOP47h48o,잠수교집 성수 직영점,음식,음식,15,KOP47h48o:한국어|JPP47h48o:일본어,2
KOPynhjms,훼미리손칼국수보쌈,음식,음식,15,KOPynhjms:한국어|JPPynhjms:일본어,2
KOPm10x7q,룸템퍼레이쳐,음식,음식,15,KOPm10x7q:한국어|ENPm10x7q:영어|JPPm10x7q:일본어|CNPm10x7q:중국어 간체|TCPm10x7q:중국어 번체,5
KOPw9b62s,높은산,음식,음식 > 카페/찻집,15,KOPw9b62s:한국어|JPPw9b62s:일본어,2
KOPacklur,밀스,음식,음식,15,KOPacklur:한국어|JPPacklur:일본어,2
KOPmfxylf,계단집,음식,음식 > 카페/찻집,15,KOPmfxylf:한국어|TCPmfxylf:중국어 번체,2
KOPgswh2c,남산산채집,음식,음식,15,KOPgswh2c:한국어|TCPgswh2c:중국어 번체,2
KOPlv7iu0,파일드,음식,음식 > 카페/찻집,15,KOPlv7iu0:한국어|JPPlv7iu0:일본어,2
KOPjnkjzo,아빠호떡,음식,음식,15,KOPjnkjzo:한국어|JPPjnkjzo:일본어,2
KOP32dncy,안동집 손칼국시,음식,음식 > 한식,15,KOP32dncy:한국어|ENP32dncy:영어,2
KOP7dfpv0,포틀러,음식,음식 > 카페/찻집,15,KOP7dfpv0:한국어,1
KOPqf93rc,연희동 국화빵,음식,음식 > 카페/찻집,15,KOPqf93rc:한국어|ENPqf93rc:영어,2
KOP1xysdm,푸드떼,음식,음식 > 카페/찻집,15,KOP1xysdm:한국어,1
KOPabpdl1,적당,음식,음식 > 카페/찻집,15,KOPabpdl1:한국어,1
KOPselb9d,케르반 코엑스몰점,음식,음식,15,KOPselb9d:한국어|ENPselb9d:영어|MLPselb9d:말레이어,3
KOP6g2jb8,루나 아시아,음식,음식,16,KOP6g2jb8:한국어|ENP6g2jb8:영어|MLP6g2jb8:말레이어,3
KOPrct6ro,청화초밥,음식,음식,16,KOPrct6ro:한국어|ENPrct6ro:영어|MLPrct6ro:말레이어,3
KOPs8hcn0,대포찜닭,음식,음식,16,KOPs8hcn0:한국어|ENPs8hcn0:영어|MLPs8hcn0:말레이어,3
KOP1wv054,공릉닭한마리,음식,음식,16,KOP1wv054:한국어|ENP1wv054:영어|MLP1wv054:말레이어,3
KOP7ejzo2,발리인망원,음식,음식,16,KOP7ejzo2:한국어|ENP7ejzo2:영어|MLP7ejzo2:말레이어,3
KOP7ia818,장수한방삼계탕,음식,음식,16,KOP7ia818:한국어|ENP7ia818:영어|MLP7ia818:말레이어,3
KOPafuqeb,명인등심 마포공덕 직영점,음식,음식,16,KOPafuqeb:한국어|ENPafuqeb:영어|MLPafuqeb:말레이어,3
KOP8tpoik,진미소곱창 상암직영점,음식,음식,16,KOP8tpoik:한국어|ENP8tpoik:영어|MLP8tpoik:말레이어,3
KOPtf2mue,진어참치,음식,음식,16,KOPtf2mue:한국어|ENPtf2mue:영어|MLPtf2mue:말레이어,3
KOPckp2iq,아마 홍대점,음식,음식,16,KOPckp2iq:한국어|ENPckp2iq:영어|MLPckp2iq:말레이어,3
KOPxjgsvf,델리인디아,음식,음식,16,KOPxjgsvf:한국어|ENPxjgsvf:영어|MLPxjgsvf:말레이어,3
KOPekx8tt,더 키친 아시아 홍대점,음식,음식,16,KOPekx8tt:한국어|ENPekx8tt:영어|MLPekx8tt:말레이어,3
KOPo3ewu8,백년토종삼계탕 본점,음식,음식,16,KOPo3ewu8:한국어|ENPo3ewu8:영어|MLPo3ewu8:말레이어,3
KOPtjpqcw,신진도간장게장,음식,음식,16,KOPtjpqcw:한국어|ENPtjpqcw:영어|MLPtjpqcw:말레이어,3
KOPuzw7wd,홍대간장게장 홍일품,음식,음식,16,KOPuzw7wd:한국어|ENPuzw7wd:영어|MLPuzw7wd:말레이어,3
KOPstf3z3,코스모스상점 성수,음식,음식,16,KOPstf3z3:한국어|ENPstf3z3:영어|JPPstf3z3:일본어|CNPstf3z3:중국어 간체|TCPstf3z3:중국어 번체|MLPstf3z3:말레이어,6
KOPeuqftn,에베레스트 레스토랑 동대문점,음식,음식,16,KOPeuqftn:한국어|ENPeuqftn:영어|MLPeuqftn:말레이어,3
KOPg9te51,룸비니 레스토랑,음식,음식,16,KOPg9te51:한국어|ENPg9te51:영어|MLPg9te51:말레이어,3
KOPzr5qwr,경성고기꾼,음식,음식,16,KOPzr5qwr:한국어|ENPzr5qwr:영어|MLPzr5qwr:말레이어,3
KOPlfzx4y,참말로좋수닭 273,음식,음식,16,KOPlfzx4y:한국어|ENPlfzx4y:영어|MLPlfzx4y:말레이어,3
KOPk0otw0,초록뜰식당,음식,음식,17,KOPk0otw0:한국어|ENPk0otw0:영어|MLPk0otw0:말레이어,3
KOP96vwnh,타쉬켄트케밥,음식,음식,17,KOP96vwnh:한국어|ENP96vwnh:영어|MLP96vwnh:말레이어,3
KOP9v2gby,사마르칸트,음식,음식,17,KOP9v2gby:한국어|ENP9v2gby:영어|MLP9v2gby:말레이어,3
KOP8ryxxk,탄두르,음식,음식,17,KOP8ryxxk:한국어|ENP8ryxxk:영어|MLP8ryxxk:말레이어,3
KOP65uazy,유목민몽골,음식,음식,17,KOP65uazy:한국어|ENP65uazy:영어|MLP65uazy:말레이어,3
KOP59hywx,동대문 별난오리,음식,음식,17,KOP59hywx:한국어|ENP59hywx:영어|MLP59hywx:말레이어,3
KOPbtu7ax,에베레스트 레스토랑  동대문역사문화공원점,음식,음식,17,KOPbtu7ax:한국어|ENPbtu7ax:영어|MLPbtu7ax:말레이어,3
KOPj578d4,사마리칸트,음식,음식,17,KOPj578d4:한국어|ENPj578d4:영어|MLPj578d4:말레이어,3
KOP3uc5lq,사마르칸트시티,음식,음식,17,KOP3uc5lq:한국어,1
KOPq7kzsy,뿌자2 인도 할랄 음식점,음식,음식,17,KOPq7kzsy:한국어|ENPq7kzsy:영어|MLPq7kzsy:말레이어,3
KOPorrf67,바이두부,음식,음식,17,KOPorrf67:한국어|ENPorrf67:영어|MLPorrf67:말레이어,3
KOP3x803n,아트스시,음식,음식,17,KOP3x803n:한국어|ENP3x803n:영어|MLP3x803n:말레이어,3
KOPos97i1,바바인디아 강남점,음식,음식,17,KOPos97i1:한국어|ENPos97i1:영어|MLPos97i1:말레이어,3
KOPb2avld,대복,음식,음식,17,KOPb2avld:한국어|ENPb2avld:영어|MLPb2avld:말레이어,3
KOPj8x66k,희락갈치,음식,음식,17,KOPj8x66k:한국어|ENPj8x66k:영어|MLPj8x66k:말레이어,3
KOP1ccsum,중앙갈치식당,음식,음식,17,KOP1ccsum:한국어|ENP1ccsum:영어|MLP1ccsum:말레이어,3
KOPx3kk1v,넥타이맨갈치동태,음식,음식,17,KOPx3kk1v:한국어|ENPx3kk1v:영어|MLPx3kk1v:말레이어,3
KOPof2x74,유숙단부자낙지,음식,음식,17,KOPof2x74:한국어|ENPof2x74:영어|MLPof2x74:말레이어,3
KOPlbm8ie,구르카 인도레스토랑,음식,음식,17,KOPlbm8ie:한국어|ENPlbm8ie:영어|MLPlbm8ie:말레이어,3
KOPe30qwg,램캠프,음식,음식,17,KOPe30qwg:한국어|ENPe30qwg:영어|MLPe30qwg:말레이어,3
KOPmp2ukb,매화양꼬치 명동점,음식,음식,18,KOPmp2ukb:한국어|ENPmp2ukb:영어|MLPmp2ukb:말레이어,3
KOP7z17kj,봉추찜닭 명동중앙우체국점,음식,음식 > 한식,18,KOP7z17kj:한국어|ENP7z17kj:영어|MLP7z17kj:말레이어,3
KOP4uv0kz,비건키친,음식,음식,18,KOP4uv0kz:한국어|ENP4uv0kz:영어|JPP4uv0kz:일본어|CNP4uv0kz:중국어 간체|TCP4uv0kz:중국어 번체|MLP4uv0kz:말레이어,6
KOPhfkqu9,페르시안궁전,음식,음식,18,KOPhfkqu9:한국어|ENPhfkqu9:영어|MLPhfkqu9:말레이어,3
KOPdnebwv,니로사 레스토랑,음식,음식,18,KOPdnebwv:한국어|ENPdnebwv:영어|MLPdnebwv:말레이어,3
KOPjl2sos,사프란 레스토랑,음식,음식,18,KOPjl2sos:한국어|ENPjl2sos:영어|MLPjl2sos:말레이어,3
KOP3x8ft8,니르바나,음식,음식,18,KOP3x8ft8:한국어|ENP3x8ft8:영어|MLP3x8ft8:말레이어,3
KOPeab5ni,형제육회 본점,음식,음식,18,KOPeab5ni:한국어|ENPeab5ni:영어|MLPeab5ni:말레이어,3
KOP87zug0,인생횟집 종각본점,음식,음식,18,KOP87zug0:한국어|ENP87zug0:영어|MLP87zug0:말레이어,3
KOPt8a9jd,어사출또 종로3가점,음식,음식,18,KOPt8a9jd:한국어|ENPt8a9jd:영어|MLPt8a9jd:말레이어,3
KOP4vpx7k,사찰음식 전문점 발우공양,음식,음식,18,KOP4vpx7k:한국어|ENP4vpx7k:영어|MLP4vpx7k:말레이어,3
KOPz0vzz8,종로삼계탕,음식,음식,18,KOPz0vzz8:한국어|ENPz0vzz8:영어|MLPz0vzz8:말레이어,3
KOPjju3ll,마지,음식,음식 > 한식,18,KOPjju3ll:한국어|ENPjju3ll:영어|JPPjju3ll:일본어|CNPjju3ll:중국어 간체|TCPjju3ll:중국어 번체|MLPjju3ll:말레이어,6
KOP8q4txd,내림손삼계탕 을지로점,음식,음식,18,KOP8q4txd:한국어|ENP8q4txd:영어|MLP8q4txd:말레이어,3
KOPxpm2kz,킹케밥 이태원점,음식,음식,18,KOPxpm2kz:한국어|ENPxpm2kz:영어|MLPxpm2kz:말레이어,3
KOP9l2ncp,봄베그릴,음식,음식,18,KOP9l2ncp:한국어|ENP9l2ncp:영어|MLP9l2ncp:말레이어,3
KOPwwx8qx,타지팰리스 이태원점,음식,음식,18,KOPwwx8qx:한국어|ENPwwx8qx:영어|MLPwwx8qx:말레이어,3
KOP4mrgkb,케르반 레스토랑,음식,음식,18,KOP4mrgkb:한국어|ENP4mrgkb:영어|MLP4mrgkb:말레이어,3
KOPzupq4t,이드,음식,음식,18,KOPzupq4t:한국어|ENPzupq4t:영어|MLPzupq4t:말레이어,3
KOP3uxdg6,술탄케밥,음식,음식,18,KOP3uxdg6:한국어|ENP3uxdg6:영어|MLP3uxdg6:말레이어,3
KOPq6gjtw,두바이레스토랑,음식,음식,19,KOPq6gjtw:한국어|ENPq6gjtw:영어|MLPq6gjtw:말레이어,3
KOPccpnt7,페트라,음식,음식,19,KOPccpnt7:한국어|ENPccpnt7:영어|MLPccpnt7:말레이어,3
KOPj65aa1,집밥김선생,음식,음식,19,KOPj65aa1:한국어|ENPj65aa1:영어|MLPj65aa1:말레이어,3
KOP0o2u2b,케르반 베이커리&amp;카페,음식,음식,19,KOP0o2u2b:한국어|ENP0o2u2b:영어|MLP0o2u2b:말레이어,3
KOP6pl0le,자프란,음식,음식,19,KOP6pl0le:한국어|ENP6pl0le:영어|MLP6pl0le:말레이어,3
KOP4nropx,이태원키친,음식,음식,19,KOP4nropx:한국어|ENP4nropx:영어|MLP4nropx:말레이어,3
KOP70wlhh,미스터케밥,음식,음식,19,KOP70wlhh:한국어|ENP70wlhh:영어|MLP70wlhh:말레이어,3
KOP14y652,리틀인디아서울,음식,음식,19,KOP14y652:한국어|ENP14y652:영어|MLP14y652:말레이어,3
KOP84pj4v,페트라 팰리스,음식,음식,19,KOP84pj4v:한국어|ENP84pj4v:영어|MLP84pj4v:말레이어,3
KOP13g9zc,엘로치킨,음식,음식,19,KOP13g9zc:한국어,1
KOPf9yq31,"케르반 카페, 디저트&amp;브런치",음식,음식,19,KOPf9yq31:한국어|ENPf9yq31:영어|MLPf9yq31:말레이어,3
KOPvds803,케르반 파미에 스테이션,음식,음식,19,KOPvds803:한국어|ENPvds803:영어|MLPvds803:말레이어,3
KOP27qmwv,뉴델리,음식,음식,19,KOP27qmwv:한국어|ENP27qmwv:영어|MLP27qmwv:말레이어,3
KOPrhifpg,봉추찜닭 압구정로데오점,음식,음식,19,KOPrhifpg:한국어|ENPrhifpg:영어|MLPrhifpg:말레이어,3
KOPe8hu0j,소바마에,음식,음식,19,KOPe8hu0j:한국어|ENPe8hu0j:영어|MLPe8hu0j:말레이어,3
KOPm2229j,팔각도 성수역점,음식,음식,19,KOPm2229j:한국어|ENPm2229j:영어|MLPm2229j:말레이어,3
KOP1hhncm,소바마에 니고,음식,음식,19,KOP1hhncm:한국어|ENP1hhncm:영어|MLP1hhncm:말레이어,3
KOPe28p67,루티드,음식,음식,19,KOPe28p67:한국어|ENPe28p67:영어|JPPe28p67:일본어|CNPe28p67:중국어 간체|TCPe28p67:중국어 번체|MLPe28p67:말레이어,6
KOP4vi2nr,비건네이처,음식,음식,19,KOP4vi2nr:한국어|ENP4vi2nr:영어|JPP4vi2nr:일본어|CNP4vi2nr:중국어 간체|TCP4vi2nr:중국어 번체|MLP4vi2nr:말레이어,6
KOPixhmqp,머노까머나 대학로점,음식,음식,19,KOPixhmqp:한국어|ENPixhmqp:영어|MLPixhmqp:말레이어,3
KOPtbt0il,차니오뎅,음식,음식,20,KOPtbt0il:한국어|ENPtbt0il:영어|MLPtbt0il:말레이어,3
KOPthrlz3,해목 논현점,음식,음식,20,KOPthrlz3:한국어|ENPthrlz3:영어|MLPthrlz3:말레이어,3
KOPtlh2om,한국집 롯데월드몰점,음식,음식,20,KOPtlh2om:한국어|ENPtlh2om:영어|MLPtlh2om:말레이어,3
KOP5kjdbe,더키친아시아 대학로점,음식,음식,20,KOP5kjdbe:한국어|ENP5kjdbe:영어|MLP5kjdbe:말레이어,3
KOPf28lwz,모센즈 스위트 대학로점,음식,음식,20,KOPf28lwz:한국어|ENPf28lwz:영어|MLPf28lwz:말레이어,3
KOPlb7z0z,육전국밥 대학로점,음식,음식,20,KOPlb7z0z:한국어|ENPlb7z0z:영어|MLPlb7z0z:말레이어,3
KOPjdqssm,카무플라주,음식,음식,20,KOPjdqssm:한국어|ENPjdqssm:영어|JPPjdqssm:일본어|CNPjdqssm:중국어 간체|TCPjdqssm:중국어 번체|MLPjdqssm:말레이어,6
KOPdcpjoc,트로이케밥,음식,음식,20,KOPdcpjoc:한국어|ENPdcpjoc:영어|MLPdcpjoc:말레이어,3
KOP3ys04f,더래빗,음식,음식,20,KOP3ys04f:한국어|ENP3ys04f:영어|MLP3ys04f:말레이어,3
KOPycjizf,카페 거북이,음식,음식,20,KOPycjizf:한국어|ENPycjizf:영어|JPPycjizf:일본어|CNPycjizf:중국어 간체|TCPycjizf:중국어 번체|MLPycjizf:말레이어,6
KOPkujjd3,외양간,음식,음식,20,KOPkujjd3:한국어|ENPkujjd3:영어|MLPkujjd3:말레이어,3
KOP9fr8b4,남미플랜트랩,음식,음식,20,KOP9fr8b4:한국어|ENP9fr8b4:영어|MLP9fr8b4:말레이어,3
KOP6in9cu,정동추어탕,음식,음식,20,KOP6in9cu:한국어|ENP6in9cu:영어|JPP6in9cu:일본어|CNP6in9cu:중국어 간체|TCP6in9cu:중국어 번체,5
KOP322q02,프로퍼커피바 2호점,음식,음식 > 카페/찻집,20,KOP322q02:한국어|ENP322q02:영어|JPP322q02:일본어|CNP322q02:중국어 간체|TCP322q02:중국어 번체,5
KOP7mfot9,뽀빠이분식,음식,음식 > 한식,20,KOP7mfot9:한국어|ENP7mfot9:영어|JPP7mfot9:일본어|CNP7mfot9:중국어 간체|TCP7mfot9:중국어 번체,5
KOPizyw07,SAMSAMSAM 롯데월드몰점,음식,음식 > 외국식 > 서양식,20,KOPizyw07:한국어|ENPizyw07:영어|JPPizyw07:일본어|CNPizyw07:중국어 간체|TCPizyw07:중국어 번체,5
KOPhzv6di,팔각도 본점,음식,음식 > 한식,20,KOPhzv6di:한국어|ENPhzv6di:영어|JPPhzv6di:일본어|CNPhzv6di:중국어 간체|TCPhzv6di:중국어 번체,5
KOPtsyhlf,서울래빗,음식,음식,20,KOPtsyhlf:한국어|ENPtsyhlf:영어|JPPtsyhlf:일본어|CNPtsyhlf:중국어 간체|TCPtsyhlf:중국어 번체,5
KOP8g4m6k,연희동 라이라이 본점,음식,음식 > 외국식 > 중식,20,KOP8g4m6k:한국어|ENP8g4m6k:영어|JPP8g4m6k:일본어|CNP8g4m6k:중국어 간체|TCP8g4m6k:중국어 번체,5
KOP1jl6le,앤트러사이트 연희점,음식,음식 > 카페/찻집,20,KOP1jl6le:한국어|ENP1jl6le:영어|JPP1jl6le:일본어|CNP1jl6le:중국어 간체|TCP1jl6le:중국어 번체,5
KOPx6dde3,하우스오브바이닐 연희점,음식,음식 > 카페/찻집,21,KOPx6dde3:한국어|ENPx6dde3:영어|JPPx6dde3:일본어|CNPx6dde3:중국어 간체|TCPx6dde3:중국어 번체,5
KOPhyfzx3,코블러 연희,음식,음식 > 주점,21,KOPhyfzx3:한국어|ENPhyfzx3:영어|JPPhyfzx3:일본어|CNPhyfzx3:중국어 간체|TCPhyfzx3:중국어 번체,5
KOPq08eh1,수도원,음식,음식 > 주점,21,KOPq08eh1:한국어|ENPq08eh1:영어|JPPq08eh1:일본어|CNPq08eh1:중국어 간체|TCPq08eh1:중국어 번체,5
KOPscbjew,커피한약방 혜화점,음식,음식 > 카페/찻집,21,KOPscbjew:한국어|ENPscbjew:영어|JPPscbjew:일본어|CNPscbjew:중국어 간체|TCPscbjew:중국어 번체,5
KOP73ihpx,필요의 방,음식,음식 > 카페/찻집,21,KOP73ihpx:한국어|ENP73ihpx:영어|JPP73ihpx:일본어|CNP73ihpx:중국어 간체|TCP73ihpx:중국어 번체,5
KOP49ib1g,퍼블릭가든,음식,음식 > 카페/찻집,21,KOP49ib1g:한국어|ENP49ib1g:영어|JPP49ib1g:일본어|CNP49ib1g:중국어 간체|TCP49ib1g:중국어 번체,5
KOPoeqke0,피즈소셜클럽,음식,음식 > 카페/찻집,21,KOPoeqke0:한국어|ENPoeqke0:영어|JPPoeqke0:일본어|CNPoeqke0:중국어 간체|TCPoeqke0:중국어 번체,5
KOPyk1w4h,카페사사,음식,음식 > 카페/찻집,21,KOPyk1w4h:한국어|ENPyk1w4h:영어|JPPyk1w4h:일본어|CNPyk1w4h:중국어 간체|TCPyk1w4h:중국어 번체|RUPyk1w4h:러시아어|MLPyk1w4h:말레이어,7
KOP1gia34,카페 트마리,음식,음식 > 카페/찻집,21,KOP1gia34:한국어|ENP1gia34:영어|JPP1gia34:일본어|CNP1gia34:중국어 간체|TCP1gia34:중국어 번체|RUP1gia34:러시아어|MLP1gia34:말레이어,7
KOPtuyu0p,관호 광화문점,음식,음식,21,KOPtuyu0p:한국어|ENPtuyu0p:영어|JPPtuyu0p:일본어|CNPtuyu0p:중국어 간체|TCPtuyu0p:중국어 번체,5
KOP242k4k,별미곱창,음식,음식,21,KOP242k4k:한국어|ENP242k4k:영어|JPP242k4k:일본어|CNP242k4k:중국어 간체|TCP242k4k:중국어 번체,5
KOPl7o63f,데케드,음식,음식 > 카페/찻집,21,KOPl7o63f:한국어|ENPl7o63f:영어|JPPl7o63f:일본어|CNPl7o63f:중국어 간체|TCPl7o63f:중국어 번체,5
KOP680zw5,시노라 서촌점,음식,음식 > 카페/찻집,21,KOP680zw5:한국어|ENP680zw5:영어|JPP680zw5:일본어|CNP680zw5:중국어 간체|TCP680zw5:중국어 번체,5
KOPwdb2fm,Ongoing,음식,음식 > 카페/찻집,21,KOPwdb2fm:한국어|ENPwdb2fm:영어|JPPwdb2fm:일본어|CNPwdb2fm:중국어 간체|TCPwdb2fm:중국어 번체,5
KOPtoxl1r,이도림블로트커피X베이크,음식,음식 > 카페/찻집,21,KOPtoxl1r:한국어|ENPtoxl1r:영어|JPPtoxl1r:일본어|CNPtoxl1r:중국어 간체|TCPtoxl1r:중국어 번체,5
KOP26a8h5,로우키,음식,음식 > 카페/찻집,21,KOP26a8h5:한국어|ENP26a8h5:영어|JPP26a8h5:일본어|CNP26a8h5:중국어 간체|TCP26a8h5:중국어 번체,5
KOPtelk0a,휘뚜루,음식,음식 > 외국식 > 일식,21,KOPtelk0a:한국어|ENPtelk0a:영어|JPPtelk0a:일본어|CNPtelk0a:중국어 간체|TCPtelk0a:중국어 번체,5
KOPk4p7p5,퍼멘츠,음식,음식 > 외국식 > 서양식,21,KOPk4p7p5:한국어|ENPk4p7p5:영어|JPPk4p7p5:일본어|CNPk4p7p5:중국어 간체|TCPk4p7p5:중국어 번체,5
KOPon9z8u,트래버틴,음식,음식 > 카페/찻집,21,KOPon9z8u:한국어|ENPon9z8u:영어|JPPon9z8u:일본어|CNPon9z8u:중국어 간체|TCPon9z8u:중국어 번체,5
KOPzrztmb,모와 MOWa,음식,음식 > 한식,21,KOPzrztmb:한국어|ENPzrztmb:영어|JPPzrztmb:일본어|CNPzrztmb:중국어 간체|TCPzrztmb:중국어 번체,5
KOP60618n,라운지 희움,음식,음식 > 카페/찻집,22,KOP60618n:한국어|ENP60618n:영어|JPP60618n:일본어|CNP60618n:중국어 간체|TCP60618n:중국어 번체,5
KOP90lngm,필담,음식,음식 > 카페/찻집,22,KOP90lngm:한국어|ENP90lngm:영어|JPP90lngm:일본어|CNP90lngm:중국어 간체|TCP90lngm:중국어 번체,5
KOPgqhcyc,HHSS House,음식,음식 > 카페/찻집,22,KOPgqhcyc:한국어|ENPgqhcyc:영어|JPPgqhcyc:일본어|CNPgqhcyc:중국어 간체|TCPgqhcyc:중국어 번체,5
KOP43p481,스태픽스,음식,음식 > 카페/찻집,22,KOP43p481:한국어|ENP43p481:영어|JPP43p481:일본어|CNP43p481:중국어 간체|TCP43p481:중국어 번체,5
KOPog3m2l,통영굴밥,음식,음식 > 한식,22,KOPog3m2l:한국어|ENPog3m2l:영어|JPPog3m2l:일본어|CNPog3m2l:중국어 간체|TCPog3m2l:중국어 번체,5
KOPsv8mse,무에,음식,음식 > 카페/찻집,22,KOPsv8mse:한국어|ENPsv8mse:영어|JPPsv8mse:일본어|CNPsv8mse:중국어 간체|TCPsv8mse:중국어 번체,5
KOP8uf172,법원,음식,음식 > 주점,22,KOP8uf172:한국어|ENP8uf172:영어|JPP8uf172:일본어|CNP8uf172:중국어 간체|TCP8uf172:중국어 번체,5
KOPu891p5,능동미나리,음식,음식 > 한식,22,KOPu891p5:한국어|ENPu891p5:영어|JPPu891p5:일본어|CNPu891p5:중국어 간체|TCPu891p5:중국어 번체|RUPu891p5:러시아어|MLPu891p5:말레이어,7
KOP9uq5ep,진미식당,음식,음식 > 한식,22,KOP9uq5ep:한국어|ENP9uq5ep:영어|JPP9uq5ep:일본어|CNP9uq5ep:중국어 간체|TCP9uq5ep:중국어 번체|RUP9uq5ep:러시아어|MLP9uq5ep:말레이어,7
KOPn3d13h,남도한식정든님고운님,음식,음식 > 한식,22,KOPn3d13h:한국어|ENPn3d13h:영어|JPPn3d13h:일본어|CNPn3d13h:중국어 간체|TCPn3d13h:중국어 번체,5
KOPmpzvsl,손가네닭한마리,음식,음식 > 한식,22,KOPmpzvsl:한국어|ENPmpzvsl:영어|JPPmpzvsl:일본어|CNPmpzvsl:중국어 간체|TCPmpzvsl:중국어 번체,5
KOPwmqzyh,성원전주콩나물국밥,음식,음식 > 한식,22,KOPwmqzyh:한국어|ENPwmqzyh:영어|JPPwmqzyh:일본어|CNPwmqzyh:중국어 간체|TCPwmqzyh:중국어 번체,5
KOPqgbap0,삼청동 수제비,음식,음식 > 한식,22,KOPqgbap0:한국어|ENPqgbap0:영어|JPPqgbap0:일본어|CNPqgbap0:중국어 간체|TCPqgbap0:중국어 번체,5
KOP8wjib6,마복림 할머니집,음식,음식 > 한식,22,KOP8wjib6:한국어|ENP8wjib6:영어|JPP8wjib6:일본어|CNP8wjib6:중국어 간체|TCP8wjib6:중국어 번체,5
KOP1y7wri,가봉루,음식,음식 > 외국식 > 중식,22,KOP1y7wri:한국어|ENP1y7wri:영어|JPP1y7wri:일본어|CNP1y7wri:중국어 간체|TCP1y7wri:중국어 번체,5
KOPtlgzyi,종로 은행나무집,음식,음식 > 한식,22,KOPtlgzyi:한국어|ENPtlgzyi:영어|JPPtlgzyi:일본어|CNPtlgzyi:중국어 간체|TCPtlgzyi:중국어 번체,5
KOPfbg5iy,진고개 동대문점,음식,음식 > 한식,22,KOPfbg5iy:한국어|ENPfbg5iy:영어|JPPfbg5iy:일본어|CNPfbg5iy:중국어 간체,4
KOPqjk39w,커피휘엘 (Coffee Fiel),음식,음식 > 카페/찻집,22,KOPqjk39w:한국어|ENPqjk39w:영어|JPPqjk39w:일본어|CNPqjk39w:중국어 간체|TCPqjk39w:중국어 번체,5
KOP4dqy74,거울한옥 미러룸,음식,음식 > 카페/찻집,22,KOP4dqy74:한국어|ENP4dqy74:영어|JPP4dqy74:일본어|CNP4dqy74:중국어 간체|TCP4dqy74:중국어 번체,5
KOP32nfdl,주신당,음식,음식 > 주점,22,KOP32nfdl:한국어|ENP32nfdl:영어|JPP32nfdl:일본어|CNP32nfdl:중국어 간체|TCP32nfdl:중국어 번체|RUP32nfdl:러시아어|MLP32nfdl:말레이어,7
KOPzplv5k,북해빙수,음식,음식 > 카페/찻집,23,KOPzplv5k:한국어|ENPzplv5k:영어|JPPzplv5k:일본어|CNPzplv5k:중국어 간체|TCPzplv5k:중국어 번체|RUPzplv5k:러시아어|MLPzplv5k:말레이어,7
KOPcjntf2,신당동 천팥죽,음식,음식,23,KOPcjntf2:한국어|ENPcjntf2:영어|JPPcjntf2:일본어|CNPcjntf2:중국어 간체|TCPcjntf2:중국어 번체|RUPcjntf2:러시아어|MLPcjntf2:말레이어,7
KOPhweo21,메일룸,음식,음식 > 카페/찻집,23,KOPhweo21:한국어|ENPhweo21:영어|JPPhweo21:일본어|CNPhweo21:중국어 간체|TCPhweo21:중국어 번체|RUPhweo21:러시아어|MLPhweo21:말레이어,7
KOP0n3w28,ium 1966,음식,음식 > 카페/찻집,23,KOP0n3w28:한국어|ENP0n3w28:영어|JPP0n3w28:일본어|CNP0n3w28:중국어 간체|TCP0n3w28:중국어 번체,5
KOPcb6tez,빈브라더스 커피하우스,음식,음식 > 카페/찻집,23,KOPcb6tez:한국어|ENPcb6tez:영어|JPPcb6tez:일본어|CNPcb6tez:중국어 간체|TCPcb6tez:중국어 번체,5
KOPha9u5l,홍스쭈꾸미 홍대본점,음식,음식 > 한식,23,KOPha9u5l:한국어|ENPha9u5l:영어|JPPha9u5l:일본어|CNPha9u5l:중국어 간체|TCPha9u5l:중국어 번체,5
KOP2iibio,이미 커피,음식,음식 > 카페/찻집,23,KOP2iibio:한국어|ENP2iibio:영어|JPP2iibio:일본어|CNP2iibio:중국어 간체|TCP2iibio:중국어 번체,5
KOPp8qkvk,미로식당,음식,음식 > 주점,23,KOPp8qkvk:한국어|ENPp8qkvk:영어|JPPp8qkvk:일본어|CNPp8qkvk:중국어 간체|TCPp8qkvk:중국어 번체,5
KOPtojamy,목구멍 홍대입구역점,음식,음식 > 한식,23,KOPtojamy:한국어|ENPtojamy:영어|JPPtojamy:일본어|CNPtojamy:중국어 간체|TCPtojamy:중국어 번체,5
KOPpteyc2,호밀밭,음식,음식 > 카페/찻집,23,KOPpteyc2:한국어|ENPpteyc2:영어|JPPpteyc2:일본어|CNPpteyc2:중국어 간체|TCPpteyc2:중국어 번체,5
KOP2l8ccm,설빙,음식,음식 > 카페/찻집,23,KOP2l8ccm:한국어|ENP2l8ccm:영어|JPP2l8ccm:일본어|CNP2l8ccm:중국어 간체|TCP2l8ccm:중국어 번체,5
KOPy7d39v,공간갑,음식,음식 > 카페/찻집,23,KOPy7d39v:한국어|ENPy7d39v:영어|JPPy7d39v:일본어|CNPy7d39v:중국어 간체|TCPy7d39v:중국어 번체,5
KOP469951,아쿠아가든카페,음식,음식 > 카페/찻집,23,KOP469951:한국어|ENP469951:영어|JPP469951:일본어|CNP469951:중국어 간체|TCP469951:중국어 번체,5
KOP5hm4mg,타이티 플래그십스토어,음식,음식 > 카페/찻집,23,KOP5hm4mg:한국어|ENP5hm4mg:영어|JPP5hm4mg:일본어|CNP5hm4mg:중국어 간체|TCP5hm4mg:중국어 번체,5
KOPmysjfo,무교주가 제일제면소,음식,음식 > 한식,23,KOPmysjfo:한국어|ENPmysjfo:영어|JPPmysjfo:일본어|CNPmysjfo:중국어 간체|TCPmysjfo:중국어 번체,5
KOP2zpkee,이오이 서울,음식,음식 > 카페/찻집,23,KOP2zpkee:한국어|ENP2zpkee:영어|JPP2zpkee:일본어|CNP2zpkee:중국어 간체|TCP2zpkee:중국어 번체,5
KOPn2yrca,aff seoul,음식,음식 > 주점,23,KOPn2yrca:한국어|ENPn2yrca:영어|JPPn2yrca:일본어|CNPn2yrca:중국어 간체|TCPn2yrca:중국어 번체,5
KOP8zkyoj,공간,음식,음식 > 주점,23,KOP8zkyoj:한국어|ENP8zkyoj:영어|JPP8zkyoj:일본어|CNP8zkyoj:중국어 간체|TCP8zkyoj:중국어 번체,5
KOPrj7cgo,gaga 가가,음식,음식 > 한식,23,KOPrj7cgo:한국어|ENPrj7cgo:영어|JPPrj7cgo:일본어|CNPrj7cgo:중국어 간체|TCPrj7cgo:중국어 번체,5
KOPp5wevo,무위낙원,음식,음식 > 외국식 > 서양식,23,KOPp5wevo:한국어|ENPp5wevo:영어|JPPp5wevo:일본어|CNPp5wevo:중국어 간체|TCPp5wevo:중국어 번체,5
KOP4fqre4,종로 선비옥,음식,음식 > 한식,24,KOP4fqre4:한국어|ENP4fqre4:영어|JPP4fqre4:일본어|CNP4fqre4:중국어 간체|TCP4fqre4:중국어 번체,5
KOP3lqu3a,한쿡,음식,음식 > 한식,24,KOP3lqu3a:한국어|ENP3lqu3a:영어|JPP3lqu3a:일본어|CNP3lqu3a:중국어 간체|TCP3lqu3a:중국어 번체|RUP3lqu3a:러시아어|MLP3lqu3a:말레이어,7
KOP65v3ex,또또,음식,음식 > 주점,24,KOP65v3ex:한국어|ENP65v3ex:영어|JPP65v3ex:일본어|CNP65v3ex:중국어 간체|TCP65v3ex:중국어 번체,5
KOP1m8l43,Titch,음식,음식 > 카페/찻집,24,KOP1m8l43:한국어|ENP1m8l43:영어|JPP1m8l43:일본어|CNP1m8l43:중국어 간체|TCP1m8l43:중국어 번체,5
KOPa6pul7,퍼스트바이쓰리,음식,음식 > 카페/찻집,24,KOPa6pul7:한국어|ENPa6pul7:영어|JPPa6pul7:일본어|CNPa6pul7:중국어 간체|TCPa6pul7:중국어 번체,5
KOP001j3z,봉이밥 인사동점,음식,음식 > 한식,24,KOP001j3z:한국어|ENP001j3z:영어|JPP001j3z:일본어|CNP001j3z:중국어 간체|TCP001j3z:중국어 번체,5
KOPsh833n,눕카페&amp;피자펍,음식,음식 > 주점,24,KOPsh833n:한국어|ENPsh833n:영어|JPPsh833n:일본어|CNPsh833n:중국어 간체|TCPsh833n:중국어 번체|RUPsh833n:러시아어|MLPsh833n:말레이어,7
KOPs0xzfi,오파토 O&#039;pato,음식,음식 > 카페/찻집,24,KOPs0xzfi:한국어|ENPs0xzfi:영어|JPPs0xzfi:일본어|CNPs0xzfi:중국어 간체|TCPs0xzfi:중국어 번체,5
KOPkjr01v,코타티 해방촌,음식,음식 > 카페/찻집,24,KOPkjr01v:한국어|ENPkjr01v:영어|JPPkjr01v:일본어|CNPkjr01v:중국어 간체|TCPkjr01v:중국어 번체,5
KOPxdu122,업스탠딩 Upstanding coffee,음식,음식 > 카페/찻집,24,KOPxdu122:한국어|ENPxdu122:영어|JPPxdu122:일본어|CNPxdu122:중국어 간체|TCPxdu122:중국어 번체,5
KOPqy4k6o,해방촌닭,음식,음식 > 한식,24,KOPqy4k6o:한국어|ENPqy4k6o:영어|JPPqy4k6o:일본어|CNPqy4k6o:중국어 간체|TCPqy4k6o:중국어 번체,5
KOPymfreb,레이지버거클럽 부암점,음식,음식 > 외국식 > 서양식,24,KOPymfreb:한국어|ENPymfreb:영어|JPPymfreb:일본어|CNPymfreb:중국어 간체|TCPymfreb:중국어 번체,5
KOPne0oy5,클럽 에스프레소,음식,음식 > 카페/찻집,24,KOPne0oy5:한국어|ENPne0oy5:영어|JPPne0oy5:일본어|CNPne0oy5:중국어 간체|TCPne0oy5:중국어 번체,5
KOPmn3qp0,우리술집 다람쥐,음식,음식 > 주점,24,KOPmn3qp0:한국어|ENPmn3qp0:영어|JPPmn3qp0:일본어|CNPmn3qp0:중국어 간체|TCPmn3qp0:중국어 번체,5
KOPnco4fg,이다 (IDA),음식,음식 > 한식,24,KOPnco4fg:한국어|ENPnco4fg:영어|JPPnco4fg:일본어|CNPnco4fg:중국어 간체|TCPnco4fg:중국어 번체|RUPnco4fg:러시아어|MLPnco4fg:말레이어,7
KOPgpaxfy,The Queen’s Guard 퀸즈가드,음식,음식 > 주점,24,KOPgpaxfy:한국어|ENPgpaxfy:영어|JPPgpaxfy:일본어|CNPgpaxfy:중국어 간체|TCPgpaxfy:중국어 번체,5
KOP17930t,파이키,음식,음식 > 카페/찻집,24,KOP17930t:한국어|ENP17930t:영어|JPP17930t:일본어|CNP17930t:중국어 간체|TCP17930t:중국어 번체|RUP17930t:러시아어,6
KOP1v5xop,그문화다방,음식,음식 > 외국식 > 서양식,24,KOP1v5xop:한국어|ENP1v5xop:영어|JPP1v5xop:일본어|CNP1v5xop:중국어 간체|TCP1v5xop:중국어 번체|RUP1v5xop:러시아어,6
KOP0rrpis,파스텔커피웍스,음식,음식 > 카페/찻집,24,KOP0rrpis:한국어|ENP0rrpis:영어|JPP0rrpis:일본어|CNP0rrpis:중국어 간체|TCP0rrpis:중국어 번체|RUP0rrpis:러시아어,6
KOPtbzrcy,우물집,음식,음식 > 한식,24,KOPtbzrcy:한국어|ENPtbzrcy:영어|JPPtbzrcy:일본어|CNPtbzrcy:중국어 간체|TCPtbzrcy:중국어 번체|RUPtbzrcy:러시아어|MLPtbzrcy:말레이어,7
KOPvpkrum,도넛정수,음식,음식 > 카페/찻집,25,KOPvpkrum:한국어|ENPvpkrum:영어|JPPvpkrum:일본어|CNPvpkrum:중국어 간체|TCPvpkrum:중국어 번체|RUPvpkrum:러시아어|MLPvpkrum:말레이어,7
KOPto4v7t,북촌막국수,음식,음식 > 한식,25,KOPto4v7t:한국어|ENPto4v7t:영어|TCPto4v7t:중국어 번체,3
KOPpah30q,비채나,음식,음식 > 한식,25,KOPpah30q:한국어|ENPpah30q:영어|JPPpah30q:일본어|CNPpah30q:중국어 간체|TCPpah30q:중국어 번체,5
KOP9ub5vi,라연,음식,음식 > 한식,25,KOP9ub5vi:한국어|ENP9ub5vi:영어|JPP9ub5vi:일본어|CNP9ub5vi:중국어 간체|TCP9ub5vi:중국어 번체,5
KOP2osya6,NOR,음식,음식 > 외국식 > 퓨전음식,25,KOP2osya6:한국어|ENP2osya6:영어|JPP2osya6:일본어|CNP2osya6:중국어 간체,4
KOPli6c1s,안녕브릭샌드,음식,음식 > 카페/찻집,25,KOPli6c1s:한국어|ENPli6c1s:영어|JPPli6c1s:일본어|CNPli6c1s:중국어 간체|TCPli6c1s:중국어 번체,5
KOPwwadg1,청년밥상문간,음식,음식 > 한식,25,KOPwwadg1:한국어|ENPwwadg1:영어|JPPwwadg1:일본어|CNPwwadg1:중국어 간체|TCPwwadg1:중국어 번체,5
KOPf7618z,꼬숑돈까스,음식,음식 > 외국식 > 일식,25,KOPf7618z:한국어|ENPf7618z:영어|JPPf7618z:일본어|CNPf7618z:중국어 간체|TCPf7618z:중국어 번체,5
KOPek4566,이석덕생면파스타,음식,음식 > 외국식 > 서양식,25,KOPek4566:한국어|ENPek4566:영어|JPPek4566:일본어|CNPek4566:중국어 간체|TCPek4566:중국어 번체,5
KOPc8sicj,연백냉면,음식,음식 > 한식,25,KOPc8sicj:한국어|ENPc8sicj:영어|JPPc8sicj:일본어|CNPc8sicj:중국어 간체|TCPc8sicj:중국어 번체,5
KOPkwz70p,마키노차야 마포점,음식,음식,25,KOPkwz70p:한국어|ENPkwz70p:영어|JPPkwz70p:일본어|CNPkwz70p:중국어 간체|TCPkwz70p:중국어 번체,5
KOPfe2cgj,마키노차야 블랙31 롯데월드타워점,음식,음식,25,KOPfe2cgj:한국어|ENPfe2cgj:영어|JPPfe2cgj:일본어|CNPfe2cgj:중국어 간체|TCPfe2cgj:중국어 번체,5
KOPqjj3mi,프로스트 펍앤그릴 (Prost Pub &amp; Grill),음식,음식 > 주점,25,KOPqjj3mi:한국어|ENPqjj3mi:영어|JPPqjj3mi:일본어|CNPqjj3mi:중국어 간체|TCPqjj3mi:중국어 번체,5
KOPa93gba,글램 라운지 (Glam Lounge),음식,음식 > 외국식 > 기타외국식,25,KOPa93gba:한국어|ENPa93gba:영어|JPPa93gba:일본어|CNPa93gba:중국어 간체|TCPa93gba:중국어 번체,5
KOP50ac4o,칙바이칙 선릉역점,음식,음식 > 외국식 > 서양식,25,KOP50ac4o:한국어|ENP50ac4o:영어|JPP50ac4o:일본어|CNP50ac4o:중국어 간체|TCP50ac4o:중국어 번체,5
KOPaxd90i,한국의집 고호재,음식,음식 > 카페/찻집,25,KOPaxd90i:한국어|ENPaxd90i:영어|JPPaxd90i:일본어|CNPaxd90i:중국어 간체|TCPaxd90i:중국어 번체|RUPaxd90i:러시아어|MLPaxd90i:말레이어,7
KOPu7tg5s,한국의집,음식,음식 > 한식,25,KOPu7tg5s:한국어|ENPu7tg5s:영어|JPPu7tg5s:일본어|CNPu7tg5s:중국어 간체|TCPu7tg5s:중국어 번체,5
KOPxyqzye,런던 베이글 뮤지엄 도산점,음식,음식,25,KOPxyqzye:한국어|ENPxyqzye:영어|JPPxyqzye:일본어|CNPxyqzye:중국어 간체|TCPxyqzye:중국어 번체,5
KOPnrdr6z,제스티살룬 성수,음식,음식 > 외국식 > 서양식,25,KOPnrdr6z:한국어|ENPnrdr6z:영어|JPPnrdr6z:일본어|CNPnrdr6z:중국어 간체|TCPnrdr6z:중국어 번체,5
KOP2h15qg,도산정육 청담본점,음식,음식 > 한식,25,KOP2h15qg:한국어|ENP2h15qg:영어|JPP2h15qg:일본어|CNP2h15qg:중국어 간체|TCP2h15qg:중국어 번체,5
KOPw1qcyf,블그레,음식,음식 > 한식,26,KOPw1qcyf:한국어|ENPw1qcyf:영어|JPPw1qcyf:일본어|CNPw1qcyf:중국어 간체|TCPw1qcyf:중국어 번체,5
KOPcqfhjg,평택쌀상회,음식,음식 > 한식,26,KOPcqfhjg:한국어|ENPcqfhjg:영어|JPPcqfhjg:일본어|CNPcqfhjg:중국어 간체|TCPcqfhjg:중국어 번체,5
KOPtdvr6c,미림분식,음식,음식 > 한식,26,KOPtdvr6c:한국어|ENPtdvr6c:영어|JPPtdvr6c:일본어|CNPtdvr6c:중국어 간체|TCPtdvr6c:중국어 번체,5
KOP8fihkt,신흥상회,음식,음식 > 주점,26,KOP8fihkt:한국어|ENP8fihkt:영어|JPP8fihkt:일본어|CNP8fihkt:중국어 간체|TCP8fihkt:중국어 번체,5
KOP5gojtd,터방내,음식,음식 > 카페/찻집,26,KOP5gojtd:한국어|ENP5gojtd:영어|JPP5gojtd:일본어|CNP5gojtd:중국어 간체|TCP5gojtd:중국어 번체,5
KOPd11wkn,삼우치킨센타,음식,음식 > 한식,26,KOPd11wkn:한국어|ENPd11wkn:영어|JPPd11wkn:일본어|CNPd11wkn:중국어 간체|TCPd11wkn:중국어 번체,5
KOPn88gm7,청기와타운 홍대점,음식,음식 > 한식,26,KOPn88gm7:한국어|ENPn88gm7:영어|JPPn88gm7:일본어|CNPn88gm7:중국어 간체|TCPn88gm7:중국어 번체,5
KOPnm4z3s,연과점 하루,음식,음식 > 카페/찻집,26,KOPnm4z3s:한국어|ENPnm4z3s:영어|JPPnm4z3s:일본어|CNPnm4z3s:중국어 간체|TCPnm4z3s:중국어 번체,5
KOPuel8q4,휘가로,음식,음식 > 주점,26,KOPuel8q4:한국어|ENPuel8q4:영어|JPPuel8q4:일본어|CNPuel8q4:중국어 간체|TCPuel8q4:중국어 번체,5
KOPusfd76,동부고려제과,음식,음식 > 카페/찻집,26,KOPusfd76:한국어|ENPusfd76:영어|JPPusfd76:일본어|CNPusfd76:중국어 간체|TCPusfd76:중국어 번체,5
KOPnownn2,잉꼬네떡볶이,음식,음식 > 한식,26,KOPnownn2:한국어|ENPnownn2:영어|JPPnownn2:일본어|CNPnownn2:중국어 간체|TCPnownn2:중국어 번체,5
KOPi5js4s,명가떡집,음식,음식 > 한식,26,KOPi5js4s:한국어|ENPi5js4s:영어|JPPi5js4s:일본어|CNPi5js4s:중국어 간체|TCPi5js4s:중국어 번체,5
KOPlzuy5x,라플루마앤보헤미안,음식,음식 > 카페/찻집,26,KOPlzuy5x:한국어|ENPlzuy5x:영어|JPPlzuy5x:일본어|CNPlzuy5x:중국어 간체|TCPlzuy5x:중국어 번체,5
KOPc5kegp,봉화묵집,음식,음식 > 한식,26,KOPc5kegp:한국어|ENPc5kegp:영어|JPPc5kegp:일본어|CNPc5kegp:중국어 간체|TCPc5kegp:중국어 번체,5
KOPw01l8t,서우제과,음식,음식 > 한식,26,KOPw01l8t:한국어|ENPw01l8t:영어|JPPw01l8t:일본어|CNPw01l8t:중국어 간체|TCPw01l8t:중국어 번체,5
KOPyubahz,다락,음식,음식,26,KOPyubahz:한국어|ENPyubahz:영어|JPPyubahz:일본어|CNPyubahz:중국어 간체|TCPyubahz:중국어 번체,5
KOPq9l4ap,사하라,음식,음식 > 주점,26,KOPq9l4ap:한국어|ENPq9l4ap:영어|JPPq9l4ap:일본어|CNPq9l4ap:중국어 간체|TCPq9l4ap:중국어 번체,5
KOPc29hhb,애플하우스,음식,음식 > 한식,26,KOPc29hhb:한국어|ENPc29hhb:영어|JPPc29hhb:일본어|CNPc29hhb:중국어 간체|TCPc29hhb:중국어 번체,5
KOPof5zcz,등촌 최월선칼국수,음식,음식 > 한식,26,KOPof5zcz:한국어|ENPof5zcz:영어|JPPof5zcz:일본어|CNPof5zcz:중국어 간체|TCPof5zcz:중국어 번체,5
KOPtcqlcp,공항칼국수,음식,음식 > 한식,26,KOPtcqlcp:한국어|ENPtcqlcp:영어|JPPtcqlcp:일본어|CNPtcqlcp:중국어 간체|TCPtcqlcp:중국어 번체,5
KOP1rnlut,신락원,음식,음식 > 외국식 > 중식,27,KOP1rnlut:한국어|ENP1rnlut:영어|JPP1rnlut:일본어|CNP1rnlut:중국어 간체|TCP1rnlut:중국어 번체,5
KOPmuqfz0,수유어묵공장,음식,음식 > 한식,27,KOPmuqfz0:한국어|ENPmuqfz0:영어|JPPmuqfz0:일본어|CNPmuqfz0:중국어 간체|TCPmuqfz0:중국어 번체,5
KOPou99aq,모퉁이집,음식,음식 > 한식,27,KOPou99aq:한국어|ENPou99aq:영어|JPPou99aq:일본어|CNPou99aq:중국어 간체|TCPou99aq:중국어 번체,5
KOPv423hd,만나당,음식,음식 > 한식,27,KOPv423hd:한국어|ENPv423hd:영어|JPPv423hd:일본어|CNPv423hd:중국어 간체|TCPv423hd:중국어 번체,5
KOP042704,비스트로 멕시 (bistro MEXI),음식,음식 > 외국식 > 서양식,27,KOP042704:한국어|ENP042704:영어|JPP042704:일본어|CNP042704:중국어 간체|TCP042704:중국어 번체,5
KOP042703,술마켓 군자 본점,음식,음식 > 주점,27,KOP042703:한국어|ENP042703:영어|JPP042703:일본어|CNP042703:중국어 간체|TCP042703:중국어 번체,5
KOP042377,[백년가게] 청수장,음식,음식 > 한식,27,KOP042377:한국어|ENP042377:영어|JPP042377:일본어|CNP042377:중국어 간체|TCP042377:중국어 번체|RUP042377:러시아어,6
KOP042376,[백년가게] 섬진강민물장어,음식,음식 > 한식,27,KOP042376:한국어|ENP042376:영어|JPP042376:일본어|CNP042376:중국어 간체|TCP042376:중국어 번체|RUP042376:러시아어,6
KOP042375,함스브로트과자점,음식,음식 > 카페/찻집,27,KOP042375:한국어|ENP042375:영어|JPP042375:일본어|CNP042375:중국어 간체|TCP042375:중국어 번체|RUP042375:러시아어,6
KOP042374,[백년가게] 삼천포식당,음식,음식 > 한식,27,KOP042374:한국어|ENP042374:영어|JPP042374:일본어|CNP042374:중국어 간체|TCP042374:중국어 번체|RUP042374:러시아어,6
KOP042373,[백년가게] 엘리제과자점,음식,음식 > 카페/찻집,27,KOP042373:한국어|ENP042373:영어|JPP042373:일본어|CNP042373:중국어 간체|TCP042373:중국어 번체|RUP042373:러시아어,6
KOP042372,[백년가게] 평양옥,음식,음식 > 한식,27,KOP042372:한국어|ENP042372:영어|JPP042372:일본어|CNP042372:중국어 간체|TCP042372:중국어 번체|RUP042372:러시아어,6
KOP042371,[백년가게] 포도나무,음식,음식 > 한식,27,KOP042371:한국어|ENP042371:영어|JPP042371:일본어|CNP042371:중국어 간체|TCP042371:중국어 번체|RUP042371:러시아어,6
KOP042370,[백년가게] 뚱뚱이할머니집,음식,음식 > 한식,27,KOP042370:한국어|ENP042370:영어|JPP042370:일본어|CNP042370:중국어 간체|TCP042370:중국어 번체|RUP042370:러시아어,6
KOP042369,[백년가게] 르네상스베이커리,음식,음식 > 카페/찻집,27,KOP042369:한국어|ENP042369:영어|JPP042369:일본어|CNP042369:중국어 간체|TCP042369:중국어 번체|RUP042369:러시아어,6
KOP042367,[백년가게] 싸리골,음식,음식 > 한식,27,KOP042367:한국어|ENP042367:영어|JPP042367:일본어|CNP042367:중국어 간체|TCP042367:중국어 번체|RUP042367:러시아어,6
KOP042321,[백년가게] 시골감자국,음식,음식 > 한식,27,KOP042321:한국어|ENP042321:영어|JPP042321:일본어|CNP042321:중국어 간체|TCP042321:중국어 번체|RUP042321:러시아어,6
KOP042317,[백년가게] 진미식당,음식,음식 > 한식,27,KOP042317:한국어|ENP042317:영어|JPP042317:일본어|CNP042317:중국어 간체|TCP042317:중국어 번체|RUP042317:러시아어,6
KOP042312,옛날집낙원아구찜,음식,음식 > 한식,27,KOP042312:한국어|ENP042312:영어|JPP042312:일본어|CNP042312:중국어 간체|TCP042312:중국어 번체|RUP042312:러시아어,6
KOP042309,[백년가게] 종가집,음식,음식 > 한식,27,KOP042309:한국어|ENP042309:영어|JPP042309:일본어|CNP042309:중국어 간체|TCP042309:중국어 번체|RUP042309:러시아어,6
KOP042306,[백년가게] 풍남골뱅이,음식,음식 > 한식,28,KOP042306:한국어|ENP042306:영어|JPP042306:일본어|CNP042306:중국어 간체|TCP042306:중국어 번체|RUP042306:러시아어,6
KOP042268,[백년가게] 송죽장,음식,음식 > 한식,28,KOP042268:한국어|ENP042268:영어|JPP042268:일본어|CNP042268:중국어 간체|TCP042268:중국어 번체|RUP042268:러시아어,6
KOP042267,[백년가게] 고려정,음식,음식 > 한식,28,KOP042267:한국어|ENP042267:영어|JPP042267:일본어|CNP042267:중국어 간체|TCP042267:중국어 번체|RUP042267:러시아어,6
KOP042266,[백년가게] 프랑세즈과자점,음식,음식 > 카페/찻집,28,KOP042266:한국어|ENP042266:영어|JPP042266:일본어|CNP042266:중국어 간체|TCP042266:중국어 번체|RUP042266:러시아어,6
KOP042265,[백년가게] 동흥관,음식,음식 > 외국식 > 중식,28,KOP042265:한국어|ENP042265:영어|JPP042265:일본어|CNP042265:중국어 간체|TCP042265:중국어 번체|RUP042265:러시아어,6
KOP042264,[백년가게] 꾸이꾸이 돼지촌 쭈꾸미,음식,음식 > 한식,28,KOP042264:한국어|ENP042264:영어|JPP042264:일본어|CNP042264:중국어 간체|TCP042264:중국어 번체|RUP042264:러시아어,6
KOP042263,[백년가게] 블랑제리(르팡),음식,음식 > 카페/찻집,28,KOP042263:한국어|ENP042263:영어|JPP042263:일본어|CNP042263:중국어 간체|TCP042263:중국어 번체|RUP042263:러시아어,6
KOP042262,[백년가게] 진성식당,음식,음식 > 한식,28,KOP042262:한국어|ENP042262:영어|JPP042262:일본어|CNP042262:중국어 간체|TCP042262:중국어 번체|RUP042262:러시아어,6
KOP042261,[백년가게] 나주곰탕우정집,음식,음식 > 한식,28,KOP042261:한국어|ENP042261:영어|JPP042261:일본어|CNP042261:중국어 간체|TCP042261:중국어 번체|RUP042261:러시아어,6
KOP042260,[백년가게] 3대 삼계장인,음식,음식 > 한식,28,KOP042260:한국어|ENP042260:영어|JPP042260:일본어|CNP042260:중국어 간체|TCP042260:중국어 번체|RUP042260:러시아어,6
KOP042258,[백년가게] 향호면옥,음식,음식 > 한식,28,KOP042258:한국어|ENP042258:영어|JPP042258:일본어|CNP042258:중국어 간체|TCP042258:중국어 번체|RUP042258:러시아어,6
KOP042257,[백년가게] 민정식당,음식,음식 > 한식,28,KOP042257:한국어|ENP042257:영어|JPP042257:일본어|CNP042257:중국어 간체|TCP042257:중국어 번체|RUP042257:러시아어,6
KOP042254,[백년가게] 장군갈비,음식,음식 > 한식,28,KOP042254:한국어|ENP042254:영어|JPP042254:일본어|CNP042254:중국어 간체|TCP042254:중국어 번체|RUP042254:러시아어,6
KOP042251,[백년가게] 초롱이고모부대찌개,음식,음식 > 한식,28,KOP042251:한국어|ENP042251:영어|JPP042251:일본어|CNP042251:중국어 간체|TCP042251:중국어 번체|RUP042251:러시아어,6
KOP042250,[백년가게] 군산오징어,음식,음식 > 한식,28,KOP042250:한국어|ENP042250:영어|JPP042250:일본어|CNP042250:중국어 간체|TCP042250:중국어 번체|RUP042250:러시아어,6
KOP042103,1인1잔,음식,음식 > 카페/찻집,28,KOP042103:한국어|ENP042103:영어|JPP042103:일본어|CNP042103:중국어 간체|TCP042103:중국어 번체,5
KOP042098,챔프커피 제3작업실,음식,음식 > 카페/찻집,28,KOP042098:한국어|ENP042098:영어|JPP042098:일본어|CNP042098:중국어 간체|TCP042098:중국어 번체,5
KOP041790,펫사운즈,음식,음식 > 주점,28,KOP041790:한국어|ENP041790:영어|JPP041790:일본어|CNP041790:중국어 간체|TCP041790:중국어 번체,5
KOP041789,부기우기,음식,음식 > 주점,28,KOP041789:한국어|ENP041789:영어|JPP041789:일본어|CNP041789:중국어 간체|TCP041789:중국어 번체,5
KOP041766,어필남산,음식,음식 > 외국식 > 서양식,28,KOP041766:한국어|ENP041766:영어|JPP041766:일본어|CNP041766:중국어 간체|TCP041766:중국어 번체|RUP041766:러시아어|MLP041766:말레이어,7
KOP041756,쌍문동커피,음식,음식 > 카페/찻집,29,KOP041756:한국어|ENP041756:영어|JPP041756:일본어|CNP041756:중국어 간체|TCP041756:중국어 번체|RUP041756:러시아어|MLP041756:말레이어,7
KOP041661,라프레플루트,음식,음식 > 카페/찻집,29,KOP041661:한국어|ENP041661:영어|JPP041661:일본어|CNP041661:중국어 간체|TCP041661:중국어 번체,5
KOP041656,3대삼계장인,음식,음식 > 한식,29,KOP041656:한국어|ENP041656:영어|JPP041656:일본어|CNP041656:중국어 간체|TCP041656:중국어 번체,5
KOP040937,연남 5701,음식,음식 > 주점,29,KOP040937:한국어|ENP040937:영어|JPP040937:일본어|CNP040937:중국어 간체|TCP040937:중국어 번체|RUP040937:러시아어|MLP040937:말레이어,7
KOP040936,천년동안도,음식,음식 > 주점,29,KOP040936:한국어|ENP040936:영어|JPP040936:일본어|CNP040936:중국어 간체|TCP040936:중국어 번체|RUP040936:러시아어|MLP040936:말레이어,7
KOP040935,디도 재즈 라운지,음식,음식,29,KOP040935:한국어|ENP040935:영어|JPP040935:일본어|CNP040935:중국어 간체|TCP040935:중국어 번체|RUP040935:러시아어|MLP040935:말레이어,7
KOP040796,알페도,음식,음식 > 카페/찻집,29,KOP040796:한국어|ENP040796:영어|JPP040796:일본어|CNP040796:중국어 간체|TCP040796:중국어 번체|RUP040796:러시아어|MLP040796:말레이어,7
KOP040794,더베이커스테이블 (The Baker&#039;s Table),음식,음식 > 카페/찻집,29,KOP040794:한국어|ENP040794:영어|JPP040794:일본어|CNP040794:중국어 간체|TCP040794:중국어 번체|RUP040794:러시아어|MLP040794:말레이어,7
KOP040675,콜린,음식,음식 > 카페/찻집,29,KOP040675:한국어|ENP040675:영어|JPP040675:일본어|CNP040675:중국어 간체|TCP040675:중국어 번체|RUP040675:러시아어|MLP040675:말레이어,7
KOP039840,카페 꼼마 합정점,음식,음식 > 카페/찻집,29,KOP039840:한국어|ENP039840:영어|JPP039840:일본어|CNP039840:중국어 간체|TCP039840:중국어 번체|RUP039840:러시아어|MLP039840:말레이어,7
KOP039734,광진구 인덱스숍,음식,음식 > 카페/찻집,29,KOP039734:한국어|ENP039734:영어|JPP039734:일본어|CNP039734:중국어 간체|TCP039734:중국어 번체|RUP039734:러시아어|MLP039734:말레이어,7
KOP039732,무네이 카페,음식,음식 > 카페/찻집,29,KOP039732:한국어|ENP039732:영어|JPP039732:일본어|CNP039732:중국어 간체|TCP039732:중국어 번체|RUP039732:러시아어|MLP039732:말레이어,7
KOP039727,더 스팟 패뷸러스,음식,음식 > 카페/찻집,29,KOP039727:한국어|ENP039727:영어|JPP039727:일본어|CNP039727:중국어 간체|TCP039727:중국어 번체|RUP039727:러시아어|MLP039727:말레이어,7
KOP039310,서울 커피 익선점,음식,음식 > 카페/찻집,29,KOP039310:한국어|ENP039310:영어|JPP039310:일본어|CNP039310:중국어 간체|TCP039310:중국어 번체|RUP039310:러시아어|MLP039310:말레이어,7
KOP039309,갤러리소연카페,음식,음식 > 카페/찻집,29,KOP039309:한국어|ENP039309:영어|JPP039309:일본어|CNP039309:중국어 간체|TCP039309:중국어 번체|RUP039309:러시아어|MLP039309:말레이어,7
KOP038870,차만다 서울숲점,음식,음식 > 외국식 > 서양식,29,KOP038870:한국어|ENP038870:영어|JPP038870:일본어|CNP038870:중국어 간체|TCP038870:중국어 번체|RUP038870:러시아어|MLP038870:말레이어,7
KOP038860,듀이커피,음식,음식 > 카페/찻집,29,KOP038860:한국어|ENP038860:영어|JPP038860:일본어|CNP038860:중국어 간체|TCP038860:중국어 번체|RUP038860:러시아어|MLP038860:말레이어,7
KOP038783,카페 하이웨스트 익선점,음식,음식 > 카페/찻집,29,KOP038783:한국어|ENP038783:영어|JPP038783:일본어|CNP038783:중국어 간체|TCP038783:중국어 번체|RUP038783:러시아어|MLP038783:말레이어,7
KOP038570,서촌 대하식당,음식,음식 > 한식,29,KOP038570:한국어|ENP038570:영어|JPP038570:일본어|CNP038570:중국어 간체|TCP038570:중국어 번체|RUP038570:러시아어|MLP038570:말레이어,7
KOP038484,베이스이즈나이스 (base is nice),음식,음식 > 한식,29,KOP038484:한국어|ENP038484:영어|JPP038484:일본어|CNP038484:중국어 간체|TCP038484:중국어 번체|RUP038484:러시아어|MLP038484:말레이어,7
KOP038328,시간을 들이다,음식,음식 > 카페/찻집,30,KOP038328:한국어|ENP038328:영어|JPP038328:일본어|CNP038328:중국어 간체|TCP038328:중국어 번체|RUP038328:러시아어|MLP038328:말레이어,7
KOP038319,리치몬드 과자점 성산본점,음식,음식 > 카페/찻집,30,KOP038319:한국어|ENP038319:영어|CNP038319:중국어 간체|TCP038319:중국어 번체|RUP038319:러시아어|MLP038319:말레이어,6
KOP038318,카페 레이어드 안국점,음식,음식 > 카페/찻집,30,KOP038318:한국어|ENP038318:영어|JPP038318:일본어|CNP038318:중국어 간체|TCP038318:중국어 번체|RUP038318:러시아어|MLP038318:말레이어,7
KOP038027,카페 레이어드 더현대서울점,음식,음식 > 카페/찻집,30,KOP038027:한국어|ENP038027:영어|JPP038027:일본어|CNP038027:중국어 간체|TCP038027:중국어 번체|RUP038027:러시아어|MLP038027:말레이어,7
KOP038024,리치몬드 제과점 더현대서울점,음식,음식 > 카페/찻집,30,KOP038024:한국어|ENP038024:영어|JPP038024:일본어|CNP038024:중국어 간체|TCP038024:중국어 번체|RUP038024:러시아어|MLP038024:말레이어,7
KOP037154,테이블에이,음식,음식 > 카페/찻집,30,KOP037154:한국어|ENP037154:영어|JPP037154:일본어|CNP037154:중국어 간체|TCP037154:중국어 번체|RUP037154:러시아어|MLP037154:말레이어,7
KOP037009,위드달걀빵,음식,음식 > 카페/찻집,30,KOP037009:한국어|ENP037009:영어|JPP037009:일본어|CNP037009:중국어 간체|TCP037009:중국어 번체|RUP037009:러시아어|MLP037009:말레이어,7
KOP036985,한강주조,음식,음식 > 주점,30,KOP036985:한국어|ENP036985:영어|JPP036985:일본어|CNP036985:중국어 간체|TCP036985:중국어 번체|RUP036985:러시아어,6
KOP036858,느린마을 양조장 강남점,음식,음식 > 주점,30,KOP036858:한국어|ENP036858:영어|JPP036858:일본어|CNP036858:중국어 간체|TCP036858:중국어 번체|RUP036858:러시아어,6
KOP034998,깃털,음식,음식 > 주점,30,KOP034998:한국어|ENP034998:영어|JPP034998:일본어|CNP034998:중국어 간체|TCP034998:중국어 번체|RUP034998:러시아어|MLP034998:말레이어,7
KOP034432,바이킹스워프 코엑스점,음식,음식 > 외국식 > 서양식,30,KOP034432:한국어|ENP034432:영어|JPP034432:일본어|CNP034432:중국어 간체|TCP034432:중국어 번체|RUP034432:러시아어|MLP034432:말레이어,7
KOP031015,히말라야 종각점,음식,음식 > 외국식 > 기타외국식,30,KOP031015:한국어|ENP031015:영어|JPP031015:일본어|CNP031015:중국어 간체|TCP031015:중국어 번체|RUP031015:러시아어|MLP031015:말레이어,7
KOP031013,두르가 본점,음식,음식 > 외국식 > 기타외국식,30,KOP031013:한국어|ENP031013:영어|JPP031013:일본어|CNP031013:중국어 간체|TCP031013:중국어 번체|RUP031013:러시아어|MLP031013:말레이어,7
KOP031005,델리인디아,음식,음식 > 외국식,30,KOP031005:한국어|ENP031005:영어|JPP031005:일본어|CNP031005:중국어 간체|TCP031005:중국어 번체|RUP031005:러시아어|MLP031005:말레이어,7
KOP030985,남미플랜트랩,음식,음식 > 외국식 > 퓨전음식,30,KOP030985:한국어|ENP030985:영어|JPP030985:일본어|CNP030985:중국어 간체|TCP030985:중국어 번체|RUP030985:러시아어|MLP030985:말레이어,7
KOP030983,깔리 사당점,음식,음식 > 외국식 > 기타외국식,30,KOP030983:한국어|ENP030983:영어|JPP030983:일본어|CNP030983:중국어 간체|TCP030983:중국어 번체|RUP030983:러시아어|MLP030983:말레이어,7
KOP030957,강가 무교점,음식,음식 > 외국식 > 퓨전음식,30,KOP030957:한국어|ENP030957:영어|JPP030957:일본어|CNP030957:중국어 간체|TCP030957:중국어 번체|RUP030957:러시아어|MLP030957:말레이어,7
KOP030913,스시히로바 삼성동본점,음식,음식 > 외국식 > 일식,30,KOP030913:한국어|ENP030913:영어|JPP030913:일본어|CNP030913:중국어 간체|TCP030913:중국어 번체|RUP030913:러시아어,6
KOP030911,일도씨닭갈비 광화문점,음식,음식 > 한식,30,KOP030911:한국어|ENP030911:영어|JPP030911:일본어|CNP030911:중국어 간체|TCP030911:중국어 번체|RUP030911:러시아어|MLP030911:말레이어,7
KOP030904,루나아시아,음식,음식 > 외국식,30,KOP030904:한국어|ENP030904:영어|JPP030904:일본어|CNP030904:중국어 간체|TCP030904:중국어 번체|RUP030904:러시아어|MLP030904:말레이어,7
KOP030894,꾸스꾸스,음식,음식,31,KOP030894:한국어|ENP030894:영어|JPP030894:일본어|CNP030894:중국어 간체|TCP030894:중국어 번체|RUP030894:러시아어|MLP030894:말레이어,7
KOP030887,깔리,음식,음식 > 외국식 > 기타외국식,31,KOP030887:한국어|ENP030887:영어|JPP030887:일본어|CNP030887:중국어 간체|TCP030887:중국어 번체|RUP030887:러시아어|MLP030887:말레이어,7
KOP030871,발우공양,음식,음식 > 한식,31,KOP030871:한국어|ENP030871:영어|JPP030871:일본어|CNP030871:중국어 간체|TCP030871:중국어 번체|RUP030871:러시아어|MLP030871:말레이어,7
KOP030870,별난오리,음식,음식 > 한식,31,KOP030870:한국어|ENP030870:영어|JPP030870:일본어|CNP030870:중국어 간체|TCP030870:중국어 번체|RUP030870:러시아어|MLP030870:말레이어,7
KOP030866,구르카 인도레스토랑,음식,음식 > 외국식 > 기타외국식,31,KOP030866:한국어|ENP030866:영어|JPP030866:일본어|CNP030866:중국어 간체|TCP030866:중국어 번체|RUP030866:러시아어|MLP030866:말레이어,7
KOP030811,우부래도,음식,음식 > 카페/찻집,31,KOP030811:한국어|ENP030811:영어|JPP030811:일본어|CNP030811:중국어 간체|TCP030811:중국어 번체|RUP030811:러시아어|MLP030811:말레이어,7
KOP030808,함초간장게장,음식,음식 > 한식,31,KOP030808:한국어|ENP030808:영어|JPP030808:일본어|CNP030808:중국어 간체|TCP030808:중국어 번체|RUP030808:러시아어|MLP030808:말레이어,7
KOP030242,설눈,음식,음식 > 한식,31,KOP030242:한국어|ENP030242:영어|JPP030242:일본어|CNP030242:중국어 간체|TCP030242:중국어 번체|RUP030242:러시아어,6
KOP030237,남한강 매운탕,음식,음식 > 한식,31,KOP030237:한국어|ENP030237:영어|JPP030237:일본어|CNP030237:중국어 간체|TCP030237:중국어 번체|RUP030237:러시아어,6
KOP030003,케르반 베이커리,음식,음식 > 카페/찻집,31,KOP030003:한국어|ENP030003:영어|JPP030003:일본어|CNP030003:중국어 간체|TCP030003:중국어 번체|RUP030003:러시아어|MLP030003:말레이어,7
KOP030002,케르반 반포점,음식,음식 > 외국식,31,KOP030002:한국어|ENP030002:영어|JPP030002:일본어|CNP030002:중국어 간체|TCP030002:중국어 번체|RUP030002:러시아어|MLP030002:말레이어,7
KOP029995,케르반 파미에스테이션,음식,음식 > 외국식 > 기타외국식,31,KOP029995:한국어|ENP029995:영어|JPP029995:일본어|CNP029995:중국어 간체|TCP029995:중국어 번체|RUP029995:러시아어,6
KOP029989,할랄가이즈 이태원점,음식,음식 > 외국식 > 기타외국식,31,KOP029989:한국어|ENP029989:영어|JPP029989:일본어|CNP029989:중국어 간체|TCP029989:중국어 번체|RUP029989:러시아어|MLP029989:말레이어,7
KOP029977,케르반 코엑스점,음식,음식 > 외국식 > 기타외국식,31,KOP029977:한국어|ENP029977:영어|JPP029977:일본어|CNP029977:중국어 간체|TCP029977:중국어 번체|RUP029977:러시아어|MLP029977:말레이어,7
KOP029956,PB플러스,음식,음식 > 외국식 > 서양식,31,KOP029956:한국어|ENP029956:영어|JPP029956:일본어|CNP029956:중국어 간체|TCP029956:중국어 번체|RUP029956:러시아어,6
KOP029949,케르반 이태원점,음식,음식 > 외국식 > 기타외국식,31,KOP029949:한국어|ENP029949:영어|JPP029949:일본어|CNP029949:중국어 간체|TCP029949:중국어 번체|RUP029949:러시아어|MLP029949:말레이어,7
KOP029721,김용안과자점,음식,음식 > 카페/찻집,31,KOP029721:한국어|ENP029721:영어|JPP029721:일본어|CNP029721:중국어 간체|TCP029721:중국어 번체|RUP029721:러시아어,6
KOP029552,성수동 갈비골목,음식,음식 > 한식,31,KOP029552:한국어|ENP029552:영어|JPP029552:일본어|CNP029552:중국어 간체|TCP029552:중국어 번체|RUP029552:러시아어,6
KOP029545,파미에스테이션,음식,음식 > 외국식 > 서양식,31,KOP029545:한국어|ENP029545:영어|JPP029545:일본어|CNP029545:중국어 간체|TCP029545:중국어 번체|RUP029545:러시아어,6
KOP029047,장충동 족발골목,음식,음식 > 한식,31,KOP029047:한국어|ENP029047:영어|JPP029047:일본어|CNP029047:중국어 간체|TCP029047:중국어 번체|RUP029047:러시아어,6
KOP029046,신림동 순대타운,음식,음식 > 한식,32,KOP029046:한국어|ENP029046:영어|JPP029046:일본어|CNP029046:중국어 간체|TCP029046:중국어 번체|RUP029046:러시아어,6
KOP028687,샘라이언스,음식,음식 > 주점,32,KOP028687:한국어|ENP028687:영어|JPP028687:일본어|CNP028687:중국어 간체|TCP028687:중국어 번체|RUP028687:러시아어,6
KOP028351,피터팬1978,음식,음식 > 카페/찻집,32,KOP028351:한국어|ENP028351:영어|JPP028351:일본어|CNP028351:중국어 간체|TCP028351:중국어 번체|RUP028351:러시아어,6
KOP028350,스타벅스 이대점,음식,음식 > 카페/찻집,32,KOP028350:한국어|ENP028350:영어|JPP028350:일본어|CNP028350:중국어 간체|TCP028350:중국어 번체|RUP028350:러시아어,6
KOP028337,전골목,음식,음식 > 한식,32,KOP028337:한국어|ENP028337:영어|JPP028337:일본어|CNP028337:중국어 간체|TCP028337:중국어 번체|RUP028337:러시아어,6
KOP028336,족발골목,음식,음식 > 한식,32,KOP028336:한국어|ENP028336:영어|JPP028336:일본어|CNP028336:중국어 간체|TCP028336:중국어 번체|RUP028336:러시아어,6
KOP028329,독수리다방,음식,음식 > 카페/찻집,32,KOP028329:한국어|ENP028329:영어|JPP028329:일본어|CNP028329:중국어 간체|TCP028329:중국어 번체|RUP028329:러시아어,6
KOP028277,피맛골,음식,음식 > 한식,32,KOP028277:한국어|ENP028277:영어|JPP028277:일본어|CNP028277:중국어 간체|TCP028277:중국어 번체|RUP028277:러시아어,6
KOP028053,코끼리분식,음식,음식 > 한식,32,KOP028053:한국어|ENP028053:영어|JPP028053:일본어|CNP028053:중국어 간체|TCP028053:중국어 번체|RUP028053:러시아어,6
KOP028050,경기떡집,음식,음식 > 카페/찻집,32,KOP028050:한국어|ENP028050:영어|JPP028050:일본어|CNP028050:중국어 간체|TCP028050:중국어 번체|RUP028050:러시아어,6
KOP027466,예빈당,음식,음식 > 카페/찻집,32,KOP027466:한국어|ENP027466:영어|JPP027466:일본어|CNP027466:중국어 간체|TCP027466:중국어 번체|RUP027466:러시아어,6
KOP027461,시루케이크,음식,음식 > 카페/찻집,32,KOP027461:한국어|ENP027461:영어|JPP027461:일본어|CNP027461:중국어 간체|TCP027461:중국어 번체|RUP027461:러시아어,6
KOP027458,정애맛담,음식,음식 > 카페/찻집,32,KOP027458:한국어|ENP027458:영어|JPP027458:일본어|CNP027458:중국어 간체|TCP027458:중국어 번체|RUP027458:러시아어,6
KOP027453,로야디,음식,음식 > 카페/찻집,32,KOP027453:한국어|ENP027453:영어|JPP027453:일본어|CNP027453:중국어 간체|TCP027453:중국어 번체|RUP027453:러시아어,6
KOP027234,카페 무자비,음식,음식 > 카페/찻집,32,KOP027234:한국어|ENP027234:영어|JPP027234:일본어|CNP027234:중국어 간체|TCP027234:중국어 번체|RUP027234:러시아어,6
KOP027217,카페 아르무아,음식,음식 > 카페/찻집,32,KOP027217:한국어|ENP027217:영어|JPP027217:일본어|CNP027217:중국어 간체|TCP027217:중국어 번체|RUP027217:러시아어,6
KOP027206,능라밥상,음식,음식 > 한식,32,KOP027206:한국어|ENP027206:영어|JPP027206:일본어|CNP027206:중국어 간체|TCP027206:중국어 번체|RUP027206:러시아어,6
KOP026319,하하&amp;김종국의 401 정육식당,음식,음식 > 한식,32,KOP026319:한국어|ENP026319:영어|JPP026319:일본어|CNP026319:중국어 간체|TCP026319:중국어 번체|RUP026319:러시아어,6
KOP026194,태극당,음식,음식 > 카페/찻집,32,KOP026194:한국어|ENP026194:영어|JPP026194:일본어|CNP026194:중국어 간체|TCP026194:중국어 번체|RUP026194:러시아어,6
KOP026193,순희네 반찬,음식,음식 > 한식,32,KOP026193:한국어|ENP026193:영어|JPP026193:일본어|CNP026193:중국어 간체|TCP026193:중국어 번체|RUP026193:러시아어,6
KOP026192,비원떡집,음식,음식 > 한식,33,KOP026192:한국어|ENP026192:영어|JPP026192:일본어|CNP026192:중국어 간체|TCP026192:중국어 번체|RUP026192:러시아어,6
KOP026190,낙원떡집,음식,음식 > 한식,33,KOP026190:한국어|ENP026190:영어|JPP026190:일본어|CNP026190:중국어 간체|TCP026190:중국어 번체|RUP026190:러시아어,6
KOP026072,두루,음식,음식 > 한식,33,KOP026072:한국어|ENP026072:영어|JPP026072:일본어|CNP026072:중국어 간체|TCP026072:중국어 번체|RUP026072:러시아어,6
KOP025621,스시 카이신,음식,음식 > 외국식 > 일식,33,KOP025621:한국어|ENP025621:영어|JPP025621:일본어|CNP025621:중국어 간체|TCP025621:중국어 번체|RUP025621:러시아어,6
KOP025377,학림다방,음식,음식 > 카페/찻집,33,KOP025377:한국어|ENP025377:영어|JPP025377:일본어|CNP025377:중국어 간체|TCP025377:중국어 번체|RUP025377:러시아어,6
KOP025376,을지다방,음식,음식 > 카페/찻집,33,KOP025376:한국어|ENP025376:영어|JPP025376:일본어|CNP025376:중국어 간체|TCP025376:중국어 번체|RUP025376:러시아어,6
KOP024905,손맛김밥,음식,음식 > 한식,33,KOP024905:한국어|ENP024905:영어|JPP024905:일본어|CNP024905:중국어 간체|TCP024905:중국어 번체|RUP024905:러시아어,6
KOP024904,내자땅콩,음식,음식 > 카페/찻집,33,KOP024904:한국어|ENP024904:영어|JPP024904:일본어|CNP024904:중국어 간체|TCP024904:중국어 번체|RUP024904:러시아어,6
KOP024624,오엔,음식,음식 > 외국식 > 서양식,33,KOP024624:한국어|ENP024624:영어|JPP024624:일본어|CNP024624:중국어 간체|TCP024624:중국어 번체|RUP024624:러시아어,6
KOP024586,[백년가게] 삼원가든,음식,음식 > 한식,33,KOP024586:한국어|ENP024586:영어|JPP024586:일본어|CNP024586:중국어 간체|TCP024586:중국어 번체|RUP024586:러시아어,6
KOP024556,이비스스타일 앰배서더 명동 르스타일 레스토랑&amp;바,음식,음식 > 주점,33,KOP024556:한국어|ENP024556:영어|JPP024556:일본어|CNP024556:중국어 간체|TCP024556:중국어 번체|RUP024556:러시아어,6
KOP024316,아르모니움,음식,음식 > 외국식 > 서양식,33,KOP024316:한국어|ENP024316:영어|JPP024316:일본어|CNP024316:중국어 간체|TCP024316:중국어 번체|RUP024316:러시아어,6
KOP023674,지노스 뉴욕 피자,음식,음식 > 외국식 > 서양식,33,KOP023674:한국어|ENP023674:영어|JPP023674:일본어|CNP023674:중국어 간체|TCP023674:중국어 번체|RUP023674:러시아어,6
KOP023442,뎁짜이,음식,음식 > 외국식 > 기타외국식,33,KOP023442:한국어|ENP023442:영어|JPP023442:일본어|CNP023442:중국어 간체|TCP023442:중국어 번체,5
KOP023339,라메흐꺄도,음식,음식 > 한식,33,KOP023339:한국어|ENP023339:영어|JPP023339:일본어|CNP023339:중국어 간체|TCP023339:중국어 번체|RUP023339:러시아어,6
KOP022996,한남동 한방통닭,음식,음식 > 한식,33,KOP022996:한국어|ENP022996:영어|JPP022996:일본어|CNP022996:중국어 간체|TCP022996:중국어 번체|RUP022996:러시아어,6
KOP022831,솔빈덕핫도그,음식,음식 > 외국식 > 서양식,33,KOP022831:한국어|ENP022831:영어|JPP022831:일본어|CNP022831:중국어 간체|TCP022831:중국어 번체,5
KOP021838,프로간장게장 본점,음식,음식 > 한식,33,KOP021838:한국어|ENP021838:영어|JPP021838:일본어|CNP021838:중국어 간체|TCP021838:중국어 번체,5
KOP020587,어니언,음식,음식 > 카페/찻집,33,KOP020587:한국어|ENP020587:영어|JPP020587:일본어|CNP020587:중국어 간체|TCP020587:중국어 번체,5
KOP020585,앤트러사이트 합정점,음식,음식 > 카페/찻집,33,KOP020585:한국어|ENP020585:영어|JPP020585:일본어|CNP020585:중국어 간체|TCP020585:중국어 번체|RUP020585:러시아어|MLP020585:말레이어,7
KOP020036,BHC 사당점,음식,음식 > 한식,34,KOP020036:한국어|ENP020036:영어|JPP020036:일본어|CNP020036:중국어 간체|TCP020036:중국어 번체|RUP020036:러시아어,6
KOP020006,서촌전통순대국,음식,음식 > 한식,34,KOP020006:한국어|ENP020006:영어|JPP020006:일본어|CNP020006:중국어 간체|TCP020006:중국어 번체|RUP020006:러시아어,6
KOP019657,효자베이커리,음식,음식 > 카페/찻집,34,KOP019657:한국어|ENP019657:영어|JPP019657:일본어|CNP019657:중국어 간체|TCP019657:중국어 번체|RUP019657:러시아어,6
KOP019415,통인시장 기름떡볶이,음식,음식 > 한식,34,KOP019415:한국어|ENP019415:영어|JPP019415:일본어|CNP019415:중국어 간체|TCP019415:중국어 번체,5
KOP019365,갓잇 (God Eat),음식,음식 > 외국식 > 서양식,34,KOP019365:한국어|ENP019365:영어|JPP019365:일본어|CNP019365:중국어 간체|TCP019365:중국어 번체,5
KOP019331,텍사스 데 브라질,음식,음식 > 외국식 > 기타외국식,34,KOP019331:한국어|ENP019331:영어|JPP019331:일본어|CNP019331:중국어 간체|TCP019331:중국어 번체|RUP019331:러시아어,6
KOP018285,수담한정식,음식,음식 > 한식,34,KOP018285:한국어|ENP018285:영어|JPP018285:일본어|CNP018285:중국어 간체|TCP018285:중국어 번체|RUP018285:러시아어,6
KOP018263,이드,음식,음식 > 한식,34,KOP018263:한국어|ENP018263:영어|JPP018263:일본어|CNP018263:중국어 간체|TCP018263:중국어 번체|RUP018263:러시아어|MLP018263:말레이어,7
KOP017695,모던눌랑,음식,음식 > 외국식 > 서양식,34,KOP017695:한국어|ENP017695:영어|JPP017695:일본어|CNP017695:중국어 간체|TCP017695:중국어 번체|RUP017695:러시아어|MLP017695:말레이어,7
KOP015860,좋은세상만들기,음식,음식 > 카페/찻집,34,KOP015860:한국어|ENP015860:영어|JPP015860:일본어|CNP015860:중국어 간체|TCP015860:중국어 번체|RUP015860:러시아어,6
KOP015409,마우스래빗,음식,음식 > 카페/찻집,34,KOP015409:한국어|ENP015409:영어|JPP015409:일본어|CNP015409:중국어 간체|TCP015409:중국어 번체|RUP015409:러시아어|MLP015409:말레이어,7
KOP014445,양촌리 화로숯불구이,음식,음식 > 한식,34,KOP014445:한국어|ENP014445:영어|JPP014445:일본어|CNP014445:중국어 간체|TCP014445:중국어 번체,5
KOP013228,신옛찻집,음식,음식 > 카페/찻집,34,KOP013228:한국어|ENP013228:영어|JPP013228:일본어|CNP013228:중국어 간체|TCP013228:중국어 번체|RUP013228:러시아어,6
KOP013108,서초 남순남순대국,음식,음식 > 한식,34,KOP013108:한국어|ENP013108:영어|JPP013108:일본어|CNP013108:중국어 간체|TCP013108:중국어 번체,5
KOP012851,여의도따로국밥,음식,음식 > 한식,34,KOP012851:한국어|ENP012851:영어|JPP012851:일본어|CNP012851:중국어 간체|TCP012851:중국어 번체,5
KOP012772,세시셀라(도산공원점),음식,음식 > 카페/찻집,34,KOP012772:한국어|ENP012772:영어|JPP012772:일본어|CNP012772:중국어 간체|TCP012772:중국어 번체|RUP012772:러시아어,6
KOP012539,역삼동북어집,음식,음식 > 한식,34,KOP012539:한국어|ENP012539:영어|JPP012539:일본어|CNP012539:중국어 간체|TCP012539:중국어 번체,5
KOP012494,풀향기손칼국수,음식,음식 > 한식,34,KOP012494:한국어|ENP012494:영어|JPP012494:일본어|CNP012494:중국어 간체|TCP012494:중국어 번체,5
KOP012402,무궁화,음식,음식 > 한식,34,KOP012402:한국어|ENP012402:영어|JPP012402:일본어|CNP012402:중국어 간체|TCP012402:중국어 번체,5
KOP012341,란주라미엔,음식,음식 > 외국식 > 중식,34,KOP012341:한국어|ENP012341:영어|JPP012341:일본어|CNP012341:중국어 간체|TCP012341:중국어 번체,5
KOP012340,송파나루,음식,음식 > 한식,35,KOP012340:한국어|ENP012340:영어|JPP012340:일본어|CNP012340:중국어 간체|TCP012340:중국어 번체,5
KOP012137,도향촌,음식,음식 > 카페/찻집,35,KOP012137:한국어|ENP012137:영어|JPP012137:일본어|CNP012137:중국어 간체|TCP012137:중국어 번체,5
KOP012136,도원,음식,음식 > 외국식 > 중식,35,KOP012136:한국어|ENP012136:영어|JPP012136:일본어|CNP012136:중국어 간체|TCP012136:중국어 번체,5
KOP012120,열차집,음식,음식 > 한식,35,KOP012120:한국어|ENP012120:영어|JPP012120:일본어|CNP012120:중국어 간체|TCP012120:중국어 번체,5
KOP012115,양마니(청담점),음식,음식 > 한식,35,KOP012115:한국어|ENP012115:영어|JPP012115:일본어|CNP012115:중국어 간체|TCP012115:중국어 번체,5
KOP012099,대려도,음식,음식 > 외국식 > 중식,35,KOP012099:한국어|ENP012099:영어|JPP012099:일본어|CNP012099:중국어 간체|TCP012099:중국어 번체,5
KOP012013,몰타참치,음식,음식 > 외국식 > 기타외국식,35,KOP012013:한국어|ENP012013:영어|JPP012013:일본어|CNP012013:중국어 간체|TCP012013:중국어 번체,5
KOP011966,양마니,음식,음식 > 한식,35,KOP011966:한국어|ENP011966:영어|JPP011966:일본어|CNP011966:중국어 간체|TCP011966:중국어 번체,5
KOP011934,대동문,음식,음식 > 한식,35,KOP011934:한국어|ENP011934:영어|JPP011934:일본어|CNP011934:중국어 간체|TCP011934:중국어 번체,5
KOP011791,와라쿠,음식,음식 > 주점,35,KOP011791:한국어|ENP011791:영어|JPP011791:일본어|CNP011791:중국어 간체|TCP011791:중국어 번체,5
KOP011756,영천영화식육식당,음식,음식 > 한식,35,KOP011756:한국어|ENP011756:영어|JPP011756:일본어|CNP011756:중국어 간체|TCP011756:중국어 번체,5
KOP011744,마담밍,음식,음식 > 외국식 > 서양식,35,KOP011744:한국어|ENP011744:영어|JPP011744:일본어|CNP011744:중국어 간체|TCP011744:중국어 번체,5
KOP011736,라그릴리아,음식,음식 > 외국식 > 서양식,35,KOP011736:한국어|ENP011736:영어|JPP011736:일본어|CNP011736:중국어 간체|TCP011736:중국어 번체,5
KOP011734,뜨락,음식,음식 > 한식,35,KOP011734:한국어|ENP011734:영어|JPP011734:일본어|CNP011734:중국어 간체|TCP011734:중국어 번체,5
KOP011727,우미각,음식,음식 > 한식,35,KOP011727:한국어|ENP011727:영어|JPP011727:일본어|CNP011727:중국어 간체|TCP011727:중국어 번체|RUP011727:러시아어,6
KOP011717,10꼬르소꼬모카페,음식,음식 > 외국식 > 서양식,35,KOP011717:한국어|ENP011717:영어|JPP011717:일본어|CNP011717:중국어 간체|TCP011717:중국어 번체|RUP011717:러시아어,6
KOP011706,유진식당,음식,음식 > 한식,35,KOP011706:한국어|ENP011706:영어|JPP011706:일본어|CNP011706:중국어 간체|TCP011706:중국어 번체,5
KOP011702,라칸티나,음식,음식 > 외국식 > 서양식,35,KOP011702:한국어|ENP011702:영어|JPP011702:일본어|CNP011702:중국어 간체|TCP011702:중국어 번체|RUP011702:러시아어,6
KOP011691,안집,음식,음식 > 한식,35,KOP011691:한국어|ENP011691:영어|JPP011691:일본어|CNP011691:중국어 간체|TCP011691:중국어 번체,5
KOP011689,성천막국수,음식,음식 > 한식,35,KOP011689:한국어|ENP011689:영어|JPP011689:일본어|CNP011689:중국어 간체|TCP011689:중국어 번체,5
KOP011680,부산아구,음식,음식 > 한식,36,KOP011680:한국어|ENP011680:영어|JPP011680:일본어|CNP011680:중국어 간체|TCP011680:중국어 번체,5
KOP011670,외백,음식,음식 > 외국식 > 중식,36,KOP011670:한국어|ENP011670:영어|JPP011670:일본어|CNP011670:중국어 간체|TCP011670:중국어 번체,5
KOP011668,목련식당,음식,음식 > 한식,36,KOP011668:한국어|ENP011668:영어|JPP011668:일본어|CNP011668:중국어 간체|TCP011668:중국어 번체,5
KOP011643,형제갈비,음식,음식 > 한식,36,KOP011643:한국어|ENP011643:영어|JPP011643:일본어|CNP011643:중국어 간체|TCP011643:중국어 번체,5
KOP011615,두바이,음식,음식 > 외국식 > 기타외국식,36,KOP011615:한국어|ENP011615:영어|JPP011615:일본어|CNP011615:중국어 간체|TCP011615:중국어 번체|RUP011615:러시아어|MLP011615:말레이어,7
KOP011594,오구반점,음식,음식 > 외국식 > 중식,36,KOP011594:한국어|ENP011594:영어|JPP011594:일본어|CNP011594:중국어 간체|TCP011594:중국어 번체,5
KOP011593,이즈미,음식,음식 > 외국식 > 일식,36,KOP011593:한국어|ENP011593:영어|JPP011593:일본어|CNP011593:중국어 간체|TCP011593:중국어 번체,5
KOP011556,파크 하얏트 서울 더라운지,음식,음식 > 주점,36,KOP011556:한국어|ENP011556:영어|JPP011556:일본어|CNP011556:중국어 간체|TCP011556:중국어 번체|RUP011556:러시아어|MLP011556:말레이어,7
KOP011555,리베르떼,음식,음식 > 외국식 > 서양식,36,KOP011555:한국어|ENP011555:영어|JPP011555:일본어|CNP011555:중국어 간체|TCP011555:중국어 번체,5
KOP011529,산모퉁이,음식,음식 > 카페/찻집,36,KOP011529:한국어|ENP011529:영어|JPP011529:일본어|CNP011529:중국어 간체|TCP011529:중국어 번체|RUP011529:러시아어,6
KOP011498,해동복국,음식,음식 > 한식,36,KOP011498:한국어|ENP011498:영어|JPP011498:일본어|CNP011498:중국어 간체|TCP011498:중국어 번체,5
KOP011450,남도식당,음식,음식 > 한식,36,KOP011450:한국어|ENP011450:영어|JPP011450:일본어|CNP011450:중국어 간체|TCP011450:중국어 번체,5
KOP011416,서초장어타운,음식,음식 > 한식,36,KOP011416:한국어|ENP011416:영어|JPP011416:일본어|CNP011416:중국어 간체|TCP011416:중국어 번체,5
KOP011313,봉산옥,음식,음식 > 한식,36,KOP011313:한국어|ENP011313:영어|JPP011313:일본어|CNP011313:중국어 간체|TCP011313:중국어 번체,5
KOP011215,옛골,음식,음식 > 한식,36,KOP011215:한국어|ENP011215:영어|JPP011215:일본어|CNP011215:중국어 간체|TCP011215:중국어 번체,5
KOP011141,일미장어,음식,음식 > 한식,36,KOP011141:한국어|ENP011141:영어|JPP011141:일본어|CNP011141:중국어 간체|TCP011141:중국어 번체,5
KOP011133,마전터,음식,음식 > 한식,36,KOP011133:한국어|ENP011133:영어|JPP011133:일본어|CNP011133:중국어 간체|TCP011133:중국어 번체,5
KOP011091,멘야산다이메,음식,음식 > 외국식 > 일식,36,KOP011091:한국어|ENP011091:영어|JPP011091:일본어|CNP011091:중국어 간체|TCP011091:중국어 번체,5
KOP010709,여수오동도,음식,음식 > 한식,36,KOP010709:한국어|ENP010709:영어|JPP010709:일본어|CNP010709:중국어 간체|TCP010709:중국어 번체,5
KOP010623,보노보노,음식,음식 > 외국식 > 일식,36,KOP010623:한국어|ENP010623:영어|JPP010623:일본어|CNP010623:중국어 간체|TCP010623:중국어 번체,5
KOP010447,강남따로국밥,음식,음식 > 한식,37,KOP010447:한국어|ENP010447:영어|JPP010447:일본어|CNP010447:중국어 간체|TCP010447:중국어 번체,5
KOP010259,온마을,음식,음식 > 한식,37,KOP010259:한국어|ENP010259:영어|JPP010259:일본어|CNP010259:중국어 간체|TCP010259:중국어 번체,5
KOP010200,단풍나무집,음식,음식 > 한식,37,KOP010200:한국어|ENP010200:영어|JPP010200:일본어|CNP010200:중국어 간체|TCP010200:중국어 번체,5
KOP008782,원할머니본가 본점,음식,음식 > 한식,37,KOP008782:한국어|ENP008782:영어|JPP008782:일본어|CNP008782:중국어 간체|TCP008782:중국어 번체,5
KOP008682,허형만의압구정커피집,음식,음식 > 카페/찻집,37,KOP008682:한국어|ENP008682:영어|JPP008682:일본어|CNP008682:중국어 간체|TCP008682:중국어 번체|RUP008682:러시아어,6
KOP008647,할머니현대낙지집,음식,음식 > 한식,37,KOP008647:한국어|ENP008647:영어|JPP008647:일본어|CNP008647:중국어 간체|TCP008647:중국어 번체,5
KOP008646,고려삼계탕,음식,음식 > 한식,37,KOP008646:한국어|ENP008646:영어|JPP008646:일본어|CNP008646:중국어 간체|TCP008646:중국어 번체,5
KOP008613,쯔루하시 후게츠,음식,음식 > 외국식 > 일식,37,KOP008613:한국어|ENP008613:영어|JPP008613:일본어|CNP008613:중국어 간체|TCP008613:중국어 번체,5
KOP008570,명동교자,음식,음식 > 한식,37,KOP008570:한국어|ENP008570:영어|JPP008570:일본어|CNP008570:중국어 간체|TCP008570:중국어 번체,5
KOP008564,사랑방칼국수,음식,음식 > 한식,37,KOP008564:한국어|ENP008564:영어|JPP008564:일본어|CNP008564:중국어 간체|TCP008564:중국어 번체,5
KOP008486,레드마블하우스,음식,음식 > 한식,37,KOP008486:한국어|ENP008486:영어|JPP008486:일본어|CNP008486:중국어 간체|TCP008486:중국어 번체,5
KOP008389,하누소,음식,음식 > 한식,37,KOP008389:한국어|ENP008389:영어|JPP008389:일본어|CNP008389:중국어 간체|TCP008389:중국어 번체,5
KOP008280,차이797,음식,음식 > 외국식 > 중식,37,KOP008280:한국어|ENP008280:영어|JPP008280:일본어|CNP008280:중국어 간체|TCP008280:중국어 번체,5
KOP008147,강남원주추어탕,음식,음식 > 한식,37,KOP008147:한국어|ENP008147:영어|JPP008147:일본어|CNP008147:중국어 간체|TCP008147:중국어 번체,5
KOP008058,일품향,음식,음식 > 외국식 > 중식,37,KOP008058:한국어|ENP008058:영어|JPP008058:일본어|CNP008058:중국어 간체|TCP008058:중국어 번체,5
KOP008008,일품당,음식,음식 > 한식,37,KOP008008:한국어|ENP008008:영어|JPP008008:일본어|CNP008008:중국어 간체|TCP008008:중국어 번체,5
KOP007965,손칼국수감자수제비,음식,음식 > 한식,37,KOP007965:한국어|ENP007965:영어|JPP007965:일본어|CNP007965:중국어 간체|TCP007965:중국어 번체,5
KOP007925,사마리칸트,음식,음식 > 외국식 > 기타외국식,37,KOP007925:한국어|ENP007925:영어|JPP007925:일본어|CNP007925:중국어 간체|TCP007925:중국어 번체|MLP007925:말레이어,6
KOP007906,설매네,음식,음식 > 한식,37,KOP007906:한국어|ENP007906:영어|JPP007906:일본어|CNP007906:중국어 간체|TCP007906:중국어 번체,5
KOP007890,뿌자,음식,음식 > 외국식 > 기타외국식,37,KOP007890:한국어|ENP007890:영어|JPP007890:일본어|CNP007890:중국어 간체|TCP007890:중국어 번체,5
KOP007874,라미띠에,음식,음식 > 외국식 > 서양식,38,KOP007874:한국어|ENP007874:영어|JPP007874:일본어|CNP007874:중국어 간체|TCP007874:중국어 번체,5
KOP007870,설담재설렁탕,음식,음식 > 한식,38,KOP007870:한국어|ENP007870:영어|JPP007870:일본어|CNP007870:중국어 간체|TCP007870:중국어 번체,5
KOP007278,진도울돌목가는길,음식,음식 > 한식,38,KOP007278:한국어|ENP007278:영어|JPP007278:일본어|CNP007278:중국어 간체|TCP007278:중국어 번체,5
KOP006970,조선옥,음식,음식 > 한식,38,KOP006970:한국어|ENP006970:영어|JPP006970:일본어|CNP006970:중국어 간체|TCP006970:중국어 번체,5
KOP006962,강서면옥,음식,음식 > 한식,38,KOP006962:한국어|ENP006962:영어|JPP006962:일본어|CNP006962:중국어 간체|TCP006962:중국어 번체,5
KOP006882,대문,음식,음식 > 한식,38,KOP006882:한국어|ENP006882:영어|JPP006882:일본어|CNP006882:중국어 간체|TCP006882:중국어 번체,5
KOP006830,손칼국수,음식,음식 > 한식,38,KOP006830:한국어|ENP006830:영어|JPP006830:일본어|CNP006830:중국어 간체|TCP006830:중국어 번체,5
KOP006805,자하손만두,음식,음식 > 한식,38,KOP006805:한국어|ENP006805:영어|JPP006805:일본어|CNP006805:중국어 간체|TCP006805:중국어 번체,5
KOP006638,서초갈비,음식,음식 > 한식,38,KOP006638:한국어|ENP006638:영어|JPP006638:일본어|CNP006638:중국어 간체|TCP006638:중국어 번체,5
KOP006631,송림가,음식,음식 > 한식,38,KOP006631:한국어|ENP006631:영어|JPP006631:일본어|CNP006631:중국어 간체|TCP006631:중국어 번체,5
KOP006555,백암왕순대,음식,음식 > 한식,38,KOP006555:한국어|ENP006555:영어|JPP006555:일본어|CNP006555:중국어 간체|TCP006555:중국어 번체,5
KOP006514,백년옥,음식,음식 > 한식,38,KOP006514:한국어|ENP006514:영어|JPP006514:일본어|CNP006514:중국어 간체|TCP006514:중국어 번체,5
KOP006462,반포치킨,음식,음식 > 주점,38,KOP006462:한국어|ENP006462:영어|JPP006462:일본어|CNP006462:중국어 간체|TCP006462:중국어 번체,5
KOP006363,삼정복집,음식,음식 > 한식,38,KOP006363:한국어|ENP006363:영어|JPP006363:일본어|CNP006363:중국어 간체|TCP006363:중국어 번체,5
KOP006156,뉘조,음식,음식 > 한식,38,KOP006156:한국어|ENP006156:영어|JPP006156:일본어|CNP006156:중국어 간체|TCP006156:중국어 번체,5
KOP006066,조개창고,음식,음식 > 주점,38,KOP006066:한국어,1
KOP005832,강강술래(역삼점),음식,음식 > 한식,38,KOP005832:한국어|ENP005832:영어|JPP005832:일본어|CNP005832:중국어 간체|TCP005832:중국어 번체,5
KOP005661,스시조,음식,음식 > 외국식 > 일식,38,KOP005661:한국어|ENP005661:영어|JPP005661:일본어|CNP005661:중국어 간체|TCP005661:중국어 번체,5
KOP005659,쟈니덤플링,음식,음식 > 외국식 > 중식,38,KOP005659:한국어|ENP005659:영어|JPP005659:일본어|CNP005659:중국어 간체|TCP005659:중국어 번체,5
KOP005652,하누소(인사점),음식,음식 > 한식,38,KOP005652:한국어|ENP005652:영어|JPP005652:일본어|CNP005652:중국어 간체|TCP005652:중국어 번체,5
KOP005640,산띠,음식,음식 > 외국식 > 기타외국식,39,KOP005640:한국어|ENP005640:영어|JPP005640:일본어|CNP005640:중국어 간체|TCP005640:중국어 번체,5
KOP005627,갈비명가 이상(본점),음식,음식 > 한식,39,KOP005627:한국어|ENP005627:영어|JPP005627:일본어|CNP005627:중국어 간체|TCP005627:중국어 번체,5
KOP005614,하동관,음식,음식 > 한식,39,KOP005614:한국어|ENP005614:영어|JPP005614:일본어|CNP005614:중국어 간체|TCP005614:중국어 번체,5
KOP005598,홍능갈비집,음식,음식 > 한식,39,KOP005598:한국어|ENP005598:영어|JPP005598:일본어|CNP005598:중국어 간체|TCP005598:중국어 번체,5
KOP005524,벽제갈비 타워팰리스점,음식,음식 > 한식,39,KOP005524:한국어|ENP005524:영어|JPP005524:일본어|CNP005524:중국어 간체|TCP005524:중국어 번체|RUP005524:러시아어,6
KOP005504,큰기와집,음식,음식 > 한식,39,KOP005504:한국어|ENP005504:영어|JPP005504:일본어|CNP005504:중국어 간체|TCP005504:중국어 번체,5
KOP005433,새벽집,음식,음식 > 한식,39,KOP005433:한국어|ENP005433:영어|JPP005433:일본어|CNP005433:중국어 간체|TCP005433:중국어 번체,5
KOP005413,진주집 여의도점,음식,음식 > 한식,39,KOP005413:한국어|ENP005413:영어|JPP005413:일본어|CNP005413:중국어 간체|TCP005413:중국어 번체,5
KOP005228,명동함흥면옥,음식,음식 > 한식,39,KOP005228:한국어|ENP005228:영어|JPP005228:일본어|CNP005228:중국어 간체|TCP005228:중국어 번체,5
KOP005201,한성칼국수,음식,음식 > 한식,39,KOP005201:한국어|ENP005201:영어|JPP005201:일본어|CNP005201:중국어 간체|TCP005201:중국어 번체,5
KOP005079,봉피양(방이점),음식,음식 > 한식,39,KOP005079:한국어|ENP005079:영어|JPP005079:일본어|CNP005079:중국어 간체|TCP005079:중국어 번체,5
KOP005067,저스트스테이크,음식,음식 > 외국식 > 서양식,39,KOP005067:한국어|ENP005067:영어|JPP005067:일본어|CNP005067:중국어 간체|TCP005067:중국어 번체,5
KOP005049,이남장(삼성동점),음식,음식 > 한식,39,KOP005049:한국어|ENP005049:영어|JPP005049:일본어|CNP005049:중국어 간체|TCP005049:중국어 번체,5
KOP005001,쉐플로,음식,음식 > 외국식 > 서양식,39,KOP005001:한국어|ENP005001:영어|JPP005001:일본어|CNP005001:중국어 간체|TCP005001:중국어 번체|RUP005001:러시아어,6
KOP004951,로씨니,음식,음식 > 외국식 > 서양식,39,KOP004951:한국어|ENP004951:영어|JPP004951:일본어|CNP004951:중국어 간체|TCP004951:중국어 번체,5
KOP004826,이태원숯불구이,음식,음식 > 한식,39,KOP004826:한국어|ENP004826:영어|JPP004826:일본어|CNP004826:중국어 간체|TCP004826:중국어 번체,5
KOP004771,명품잔치국수,음식,음식 > 한식,39,KOP004771:한국어|ENP004771:영어|JPP004771:일본어|CNP004771:중국어 간체|TCP004771:중국어 번체,5
KOP004698,오우가,음식,음식 > 한식,39,KOP004698:한국어|ENP004698:영어|JPP004698:일본어|CNP004698:중국어 간체|TCP004698:중국어 번체,5
KOP004671,신성각,음식,음식 > 외국식 > 중식,39,KOP004671:한국어|ENP004671:영어|JPP004671:일본어|CNP004671:중국어 간체|TCP004671:중국어 번체,5
KOP004668,우랑 청담점,음식,음식 > 외국식 > 일식,39,KOP004668:한국어|ENP004668:영어|JPP004668:일본어|CNP004668:중국어 간체|TCP004668:중국어 번체,5
KOP004661,부산양곱창,음식,음식 > 한식,40,KOP004661:한국어|ENP004661:영어|JPP004661:일본어|CNP004661:중국어 간체|TCP004661:중국어 번체|RUP004661:러시아어,6
KOP004651,손가네곰국수,음식,음식 > 한식,40,KOP004651:한국어|ENP004651:영어|JPP004651:일본어|CNP004651:중국어 간체|TCP004651:중국어 번체,5
KOP004641,신미식당,음식,음식 > 한식,40,KOP004641:한국어|ENP004641:영어|JPP004641:일본어|CNP004641:중국어 간체|TCP004641:중국어 번체|RUP004641:러시아어,6
KOP004626,신흥정육식당,음식,음식 > 한식,40,KOP004626:한국어|ENP004626:영어|JPP004626:일본어|CNP004626:중국어 간체|TCP004626:중국어 번체,5
KOP004608,금홍,음식,음식 > 외국식 > 중식,40,KOP004608:한국어|ENP004608:영어|JPP004608:일본어|CNP004608:중국어 간체|TCP004608:중국어 번체,5
KOP004596,행화촌,음식,음식 > 외국식 > 중식,40,KOP004596:한국어|ENP004596:영어|JPP004596:일본어|CNP004596:중국어 간체|TCP004596:중국어 번체,5
KOP004591,피양콩할마니,음식,음식 > 한식,40,KOP004591:한국어|ENP004591:영어|JPP004591:일본어|CNP004591:중국어 간체|TCP004591:중국어 번체,5
KOP004537,청진옥,음식,음식 > 한식,40,KOP004537:한국어|ENP004537:영어|JPP004537:일본어|CNP004537:중국어 간체|TCP004537:중국어 번체,5
KOP004536,황톳길,음식,음식 > 한식,40,KOP004536:한국어|ENP004536:영어|JPP004536:일본어|CNP004536:중국어 간체|TCP004536:중국어 번체,5
KOP004475,백리향,음식,음식 > 외국식 > 중식,40,KOP004475:한국어|ENP004475:영어|JPP004475:일본어|CNP004475:중국어 간체|TCP004475:중국어 번체,5
KOP004428,더 그린테이블,음식,음식 > 외국식 > 서양식,40,KOP004428:한국어|ENP004428:영어|JPP004428:일본어|CNP004428:중국어 간체|TCP004428:중국어 번체|RUP004428:러시아어,6
KOP004406,필경재,음식,음식 > 한식,40,KOP004406:한국어|ENP004406:영어|JPP004406:일본어|CNP004406:중국어 간체|TCP004406:중국어 번체|RUP004406:러시아어,6
KOP004355,자인뭉티기,음식,음식 > 한식,40,KOP004355:한국어|ENP004355:영어|JPP004355:일본어|CNP004355:중국어 간체|TCP004355:중국어 번체,5
KOP004324,현대칼국수,음식,음식 > 한식,40,KOP004324:한국어|ENP004324:영어|JPP004324:일본어|CNP004324:중국어 간체|TCP004324:중국어 번체,5
KOP004320,원대구탕(삼각지역),음식,음식 > 한식,40,KOP004320:한국어|ENP004320:영어|JPP004320:일본어|CNP004320:중국어 간체|TCP004320:중국어 번체,5
KOP004273,오장동흥남집,음식,음식 > 한식,40,KOP004273:한국어|ENP004273:영어|JPP004273:일본어|CNP004273:중국어 간체|TCP004273:중국어 번체,5
KOP004240,을밀대,음식,음식 > 한식,40,KOP004240:한국어|ENP004240:영어|JPP004240:일본어|CNP004240:중국어 간체|TCP004240:중국어 번체,5
KOP004227,연희동칼국수,음식,음식 > 한식,40,KOP004227:한국어|ENP004227:영어|JPP004227:일본어|CNP004227:중국어 간체|TCP004227:중국어 번체,5
KOP004225,다락정,음식,음식 > 한식,40,KOP004225:한국어|ENP004225:영어|JPP004225:일본어|CNP004225:중국어 간체|TCP004225:중국어 번체,5
KOP004175,송림원,음식,음식 > 외국식 > 중식,40,KOP004175:한국어|ENP004175:영어|JPP004175:일본어|CNP004175:중국어 간체|TCP004175:중국어 번체,5
KOP004143,소호정,음식,음식 > 한식,41,KOP004143:한국어|ENP004143:영어|JPP004143:일본어|CNP004143:중국어 간체|TCP004143:중국어 번체,5
KOP003729,부일갈비,음식,음식 > 한식,41,KOP003729:한국어|ENP003729:영어|JPP003729:일본어|CNP003729:중국어 간체|TCP003729:중국어 번체,5
KOP003630,비원손칼국수,음식,음식 > 한식,41,KOP003630:한국어|ENP003630:영어|JPP003630:일본어|CNP003630:중국어 간체|TCP003630:중국어 번체,5
KOP003603,레트로오븐,음식,음식 > 카페/찻집,41,KOP003603:한국어|ENP003603:영어|JPP003603:일본어|CNP003603:중국어 간체|TCP003603:중국어 번체|RUP003603:러시아어,6
KOP003496,황생가칼국수,음식,음식 > 한식,41,KOP003496:한국어|ENP003496:영어|JPP003496:일본어|CNP003496:중국어 간체|TCP003496:중국어 번체,5
KOP003188,아따블르,음식,음식 > 외국식 > 서양식,41,KOP003188:한국어|ENP003188:영어|JPP003188:일본어|CNP003188:중국어 간체|TCP003188:중국어 번체,5
KOP003084,곽경찬의 시골밥상,음식,음식 > 한식,41,KOP003084:한국어|ENP003084:영어|JPP003084:일본어|CNP003084:중국어 간체|TCP003084:중국어 번체,5
KOP002876,미성옥,음식,음식 > 한식,41,KOP002876:한국어|ENP002876:영어|JPP002876:일본어|CNP002876:중국어 간체|TCP002876:중국어 번체|RUP002876:러시아어,6
KOP002714,채선당(신내점),음식,음식 > 한식,41,KOP002714:한국어|ENP002714:영어|JPP002714:일본어|CNP002714:중국어 간체|TCP002714:중국어 번체|RUP002714:러시아어,6
KOP002713,램랜드,음식,음식 > 한식,41,KOP002713:한국어|ENP002713:영어|JPP002713:일본어|CNP002713:중국어 간체|TCP002713:중국어 번체,5
KOP002629,충무로 부산복집 (오금역),음식,음식 > 한식,41,KOP002629:한국어|ENP002629:영어|JPP002629:일본어|CNP002629:중국어 간체|TCP002629:중국어 번체,5
KOP002619,도봉산갈비,음식,음식 > 한식,41,KOP002619:한국어|ENP002619:영어|JPP002619:일본어|CNP002619:중국어 간체|TCP002619:중국어 번체,5
KOP002597,[백년가게] 참누렁소,음식,음식 > 한식,41,KOP002597:한국어|ENP002597:영어|JPP002597:일본어|CNP002597:중국어 간체|TCP002597:중국어 번체|RUP002597:러시아어,6
KOP002528,삼일정육식당,음식,음식 > 한식,41,KOP002528:한국어|ENP002528:영어|JPP002528:일본어|CNP002528:중국어 간체|TCP002528:중국어 번체,5
KOP002514,목포자매집,음식,음식 > 한식,41,KOP002514:한국어|ENP002514:영어|JPP002514:일본어|CNP002514:중국어 간체|TCP002514:중국어 번체,5
KOP002505,놀부유황오리진흙구이(잠실점),음식,음식 > 한식,41,KOP002505:한국어|ENP002505:영어|JPP002505:일본어|CNP002505:중국어 간체|TCP002505:중국어 번체,5
KOP002495,대장장이화덕피자집,음식,음식 > 외국식 > 서양식,41,KOP002495:한국어|ENP002495:영어|JPP002495:일본어|CNP002495:중국어 간체|TCP002495:중국어 번체,5
KOP002486,팔선,음식,음식 > 외국식 > 중식,41,KOP002486:한국어|ENP002486:영어|JPP002486:일본어|CNP002486:중국어 간체|TCP002486:중국어 번체,5
KOP002463,쌍다리돼지불백,음식,음식 > 한식,41,KOP002463:한국어|ENP002463:영어|JPP002463:일본어|CNP002463:중국어 간체|TCP002463:중국어 번체,5
KOP002436,부민옥,음식,음식 > 한식,41,KOP002436:한국어|ENP002436:영어|JPP002436:일본어|CNP002436:중국어 간체|TCP002436:중국어 번체,5
KOP002396,벽제갈비,음식,음식 > 한식,42,KOP002396:한국어|ENP002396:영어|JPP002396:일본어|CNP002396:중국어 간체|TCP002396:중국어 번체,5
KOP002375,루나바인,음식,음식 > 한식,42,KOP002375:한국어|ENP002375:영어|JPP002375:일본어|CNP002375:중국어 간체|TCP002375:중국어 번체|RUP002375:러시아어,6
KOP001739,슬런치 팩토리,음식,음식 > 외국식 > 퓨전음식,42,KOP001739:한국어|ENP001739:영어|JPP001739:일본어|CNP001739:중국어 간체|TCP001739:중국어 번체|RUP001739:러시아어,6
KOP001714,최대감네,음식,음식 > 한식,42,KOP001714:한국어|ENP001714:영어|JPP001714:일본어|CNP001714:중국어 간체|TCP001714:중국어 번체,5
KOP001670,오세계향,음식,음식 > 한식,42,KOP001670:한국어|ENP001670:영어|JPP001670:일본어|CNP001670:중국어 간체|TCP001670:중국어 번체|RUP001670:러시아어,6
KOP001668,해주냉면,음식,음식 > 한식,42,KOP001668:한국어|ENP001668:영어|JPP001668:일본어|CNP001668:중국어 간체|TCP001668:중국어 번체,5
KOP001657,이닝,음식,음식 > 외국식 > 중식,42,KOP001657:한국어|ENP001657:영어|JPP001657:일본어|CNP001657:중국어 간체|TCP001657:중국어 번체,5
KOP001641,오미가(신사점),음식,음식 > 한식,42,KOP001641:한국어|ENP001641:영어|JPP001641:일본어|CNP001641:중국어 간체|TCP001641:중국어 번체,5
KOP001629,송죽헌,음식,음식 > 한식,42,KOP001629:한국어|ENP001629:영어|JPP001629:일본어|CNP001629:중국어 간체|TCP001629:중국어 번체,5
KOP001611,단미그린비,음식,음식 > 한식,42,KOP001611:한국어|ENP001611:영어|JPP001611:일본어|CNP001611:중국어 간체|TCP001611:중국어 번체,5
KOP001598,대방골,음식,음식 > 한식,42,KOP001598:한국어|ENP001598:영어|JPP001598:일본어|CNP001598:중국어 간체|TCP001598:중국어 번체,5
KOP001543,평양면옥(논현점),음식,음식 > 한식,42,KOP001543:한국어|ENP001543:영어|JPP001543:일본어|CNP001543:중국어 간체|TCP001543:중국어 번체,5
KOP001509,타코아미고,음식,음식 > 외국식 > 기타외국식,42,KOP001509:한국어|ENP001509:영어|JPP001509:일본어|CNP001509:중국어 간체|TCP001509:중국어 번체,5
KOP001505,버드나무집,음식,음식 > 한식,42,KOP001505:한국어|ENP001505:영어|JPP001505:일본어|CNP001505:중국어 간체|TCP001505:중국어 번체,5
KOP001465,장추 민물장어,음식,음식 > 한식,42,KOP001465:한국어|ENP001465:영어|JPP001465:일본어|CNP001465:중국어 간체|TCP001465:중국어 번체,5
KOP001457,그릴아지사이,음식,음식 > 외국식 > 일식,42,KOP001457:한국어|ENP001457:영어|JPP001457:일본어|CNP001457:중국어 간체|TCP001457:중국어 번체,5
KOP001272,풍월당,음식,음식 > 카페/찻집,42,KOP001272:한국어|ENP001272:영어|JPP001272:일본어|CNP001272:중국어 간체|TCP001272:중국어 번체|RUP001272:러시아어,6
KOP001268,씨네 드 쉐프,음식,음식 > 외국식 > 서양식,42,KOP001268:한국어|JPP001268:일본어|TCP001268:중국어 번체,3
KOP001252,프레스카 29,음식,음식 > 카페/찻집,42,KOP001252:한국어|ENP001252:영어|JPP001252:일본어|CNP001252:중국어 간체|TCP001252:중국어 번체|RUP001252:러시아어,6
KOP001211,로마네꽁띠,음식,음식 > 외국식 > 서양식,42,KOP001211:한국어|ENP001211:영어|JPP001211:일본어|CNP001211:중국어 간체|TCP001211:중국어 번체|RUP001211:러시아어,6
KOP001154,올댓재즈,음식,음식 > 주점,43,KOP001154:한국어|ENP001154:영어|JPP001154:일본어|CNP001154:중국어 간체|TCP001154:중국어 번체|RUP001154:러시아어,6
KOP001142,에반스,음식,음식 > 주점,43,KOP001142:한국어|ENP001142:영어|JPP001142:일본어|CNP001142:중국어 간체|TCP001142:중국어 번체|RUP001142:러시아어,6
KOP001077,기욤,음식,음식 > 카페/찻집,43,KOP001077:한국어|ENP001077:영어|JPP001077:일본어|CNP001077:중국어 간체|TCP001077:중국어 번체,5
KOP001064,더블린테라스,음식,음식 > 주점,43,KOP001064:한국어|ENP001064:영어|JPP001064:일본어|CNP001064:중국어 간체|TCP001064:중국어 번체|RUP001064:러시아어,6
KOP001056,고센인코퍼레이티드,음식,음식 > 카페/찻집,43,KOP001056:한국어|ENP001056:영어|JPP001056:일본어|CNP001056:중국어 간체|TCP001056:중국어 번체|RUP001056:러시아어,6
KOP000979,수연산방,음식,음식 > 카페/찻집,43,KOP000979:한국어|ENP000979:영어|JPP000979:일본어|CNP000979:중국어 간체|TCP000979:중국어 번체,5
KOP000542,뀌쏭82,음식,음식 > 외국식 > 서양식,43,KOP000542:한국어|ENP000542:영어|JPP000542:일본어|CNP000542:중국어 간체|TCP000542:중국어 번체,5
KOP000512,산호,음식,음식 > 한식,43,KOP000512:한국어|ENP000512:영어|JPP000512:일본어|CNP000512:중국어 간체|TCP000512:중국어 번체,5
KOP000446,난향,음식,음식 > 외국식 > 중식,43,KOP000446:한국어|ENP000446:영어|JPP000446:일본어|CNP000446:중국어 간체|TCP000446:중국어 번체,5
KOP000441,울프강 스테이크 하우스,음식,음식 > 외국식 > 서양식,43,KOP000441:한국어|ENP000441:영어|JPP000441:일본어|CNP000441:중국어 간체|TCP000441:중국어 번체,5
KOP000383,해랑,음식,음식 > 한식,43,KOP000383:한국어|ENP000383:영어|JPP000383:일본어|CNP000383:중국어 간체|TCP000383:중국어 번체,5
KOP012801,유림면,음식,음식 > 한식,43,KOP012801:한국어|ENP012801:영어|JPP012801:일본어|CNP012801:중국어 간체|TCP012801:중국어 번체,5
KOP011944,오다리집,음식,음식 > 한식,43,KOP011944:한국어|ENP011944:영어|JPP011944:일본어|CNP011944:중국어 간체|TCP011944:중국어 번체,5
KOP012076,음악의 숲,음식,음식 > 카페/찻집,43,KOP012076:한국어|ENP012076:영어|JPP012076:일본어|CNP012076:중국어 간체|TCP012076:중국어 번체,5
KOP012148,서강8경,음식,음식 > 외국식 > 서양식,43,KOP012148:한국어|ENP012148:영어|JPP012148:일본어|CNP012148:중국어 간체|TCP012148:중국어 번체|RUP012148:러시아어,6
KOP012278,놋그릇가지런히 놋이,음식,음식 > 카페/찻집,43,KOP012278:한국어|ENP012278:영어|JPP012278:일본어|CNP012278:중국어 간체|TCP012278:중국어 번체|RUP012278:러시아어,6
KOP012289,서강껍데기,음식,음식 > 한식,43,KOP012289:한국어|ENP012289:영어|JPP012289:일본어|CNP012289:중국어 간체|TCP012289:중국어 번체,5
KOP012557,카페 로쏘,음식,음식 > 한식,43,KOP012557:한국어|ENP012557:영어|JPP012557:일본어|CNP012557:중국어 간체|TCP012557:중국어 번체,5
KOP012568,오목집,음식,음식 > 한식,43,KOP012568:한국어|ENP012568:영어|JPP012568:일본어|CNP012568:중국어 간체|TCP012568:중국어 번체,5
KOP011268,켄싱턴 호텔 뉴욕뉴욕,음식,음식 > 외국식 > 서양식,43,KOP011268:한국어|ENP011268:영어|JPP011268:일본어|CNP011268:중국어 간체|TCP011268:중국어 번체,5
KOP011191,클럽 NB2,음식,음식 > 주점,44,KOP011191:한국어|ENP011191:영어|JPP011191:일본어|CNP011191:중국어 간체|TCP011191:중국어 번체,5
KOP011051,삼거리포차,음식,음식 > 주점,44,KOP011051:한국어|ENP011051:영어|JPP011051:일본어|CNP011051:중국어 간체|TCP011051:중국어 번체|RUP011051:러시아어,6
KOP011005,마복림 할머니 막내 아들네 떡볶이,음식,음식 > 한식,44,KOP011005:한국어|ENP011005:영어|JPP011005:일본어|CNP011005:중국어 간체|TCP011005:중국어 번체,5
KOP014630,원조할머니떡볶이집,음식,음식 > 한식,44,KOP014630:한국어|ENP014630:영어|JPP014630:일본어|CNP014630:중국어 간체|TCP014630:중국어 번체,5
KOP014620,라룬비올렛,음식,음식 > 외국식 > 서양식,44,KOP014620:한국어|ENP014620:영어|JPP014620:일본어|CNP014620:중국어 간체|TCP014620:중국어 번체|RUP014620:러시아어,6
KOP014615,모녀김밥,음식,음식 > 한식,44,KOP014615:한국어|ENP014615:영어|JPP014615:일본어|CNP014615:중국어 간체|TCP014615:중국어 번체,5
KOP014605,인사동 항아리수제비,음식,음식 > 한식,44,KOP014605:한국어|ENP014605:영어|JPP014605:일본어|CNP014605:중국어 간체|TCP014605:중국어 번체,5
KOP014610,순희네빈대떡,음식,음식 > 한식,44,KOP014610:한국어|ENP014610:영어|JPP014610:일본어|CNP014610:중국어 간체|TCP014610:중국어 번체|RUP014610:러시아어,6
KOP014555,김영모과자점,음식,음식 > 카페/찻집,44,KOP014555:한국어|ENP014555:영어|JPP014555:일본어|CNP014555:중국어 간체|TCP014555:중국어 번체,5
KOP014585,트라토리아모로,음식,음식 > 외국식 > 서양식,44,KOP014585:한국어|ENP014585:영어|JPP014585:일본어|CNP014585:중국어 간체|TCP014585:중국어 번체|RUP014585:러시아어,6
KOP014498,따뚱,음식,음식 > 외국식 > 중식,44,KOP014498:한국어|ENP014498:영어|JPP014498:일본어|CNP014498:중국어 간체|TCP014498:중국어 번체,5
KOP014508,중국,음식,음식 > 외국식 > 중식,44,KOP014508:한국어|ENP014508:영어|JPP014508:일본어|CNP014508:중국어 간체|TCP014508:중국어 번체|RUP014508:러시아어,6
KOP014695,만수의정원,음식,음식 > 한식,44,KOP014695:한국어|ENP014695:영어|JPP014695:일본어|CNP014695:중국어 간체|TCP014695:중국어 번체|RUP014695:러시아어,6
KOP014831,콩지POT지,음식,음식 > 외국식 > 서양식,44,KOP014831:한국어|ENP014831:영어|JPP014831:일본어|CNP014831:중국어 간체|TCP014831:중국어 번체,5
KOP014746,골드피쉬 딤섬퀴진,음식,음식 > 외국식 > 중식,44,KOP014746:한국어|ENP014746:영어|JPP014746:일본어|CNP014746:중국어 간체|TCP014746:중국어 번체|RUP014746:러시아어,6
KOP014518,산촌,음식,음식 > 한식,44,KOP014518:한국어|ENP014518:영어|JPP014518:일본어|CNP014518:중국어 간체|TCP014518:중국어 번체|RUP014518:러시아어|MLP014518:말레이어,7
KOP014523,부흥동태,음식,음식 > 한식,44,KOP014523:한국어|ENP014523:영어|JPP014523:일본어|CNP014523:중국어 간체|TCP014523:중국어 번체|RUP014523:러시아어,6
KOP014736,언양불고기,음식,음식 > 한식,44,KOP014736:한국어|ENP014736:영어|JPP014736:일본어|CNP014736:중국어 간체|TCP014736:중국어 번체|RUP014736:러시아어,6
KOP014741,언노운다이너,음식,음식 > 외국식 > 서양식,44,KOP014741:한국어|ENP014741:영어|JPP014741:일본어|CNP014741:중국어 간체|TCP014741:중국어 번체|RUP014741:러시아어,6
KOP014763,목멱산방,음식,음식 > 한식,44,KOP014763:한국어|ENP014763:영어|JPP014763:일본어|CNP014763:중국어 간체|TCP014763:중국어 번체,5
KOP014790,구스토타코,음식,음식 > 외국식 > 서양식,45,KOP014790:한국어|ENP014790:영어|JPP014790:일본어|CNP014790:중국어 간체|TCP014790:중국어 번체,5
KOP014926,한남북엇국,음식,음식 > 한식,45,KOP014926:한국어|ENP014926:영어|JPP014926:일본어|CNP014926:중국어 간체|TCP014926:중국어 번체|RUP014926:러시아어,6
KOP014936,사프란,음식,음식 > 외국식 > 기타외국식,45,KOP014936:한국어|ENP014936:영어|JPP014936:일본어|CNP014936:중국어 간체|TCP014936:중국어 번체,5
KOP014778,라세느,음식,음식 > 외국식 > 서양식,45,KOP014778:한국어|JPP014778:일본어|CNP014778:중국어 간체|TCP014778:중국어 번체,4
KOP014877,줄라이,음식,음식 > 외국식 > 서양식,45,KOP014877:한국어|ENP014877:영어|JPP014877:일본어|CNP014877:중국어 간체|TCP014877:중국어 번체,5
KOP014893,성산왕갈비,음식,음식 > 한식,45,KOP014893:한국어|ENP014893:영어|JPP014893:일본어|CNP014893:중국어 간체|TCP014893:중국어 번체|RUP014893:러시아어,6
KOP014430,닭진미,음식,음식 > 한식,45,KOP014430:한국어|ENP014430:영어|JPP014430:일본어|CNP014430:중국어 간체|TCP014430:중국어 번체,5
KOP014436,부원면옥,음식,음식 > 한식,45,KOP014436:한국어|ENP014436:영어|JPP014436:일본어|CNP014436:중국어 간체|TCP014436:중국어 번체,5
KOP014488,커피투어,음식,음식 > 카페/찻집,45,KOP014488:한국어|ENP014488:영어|JPP014488:일본어|CNP014488:중국어 간체|TCP014488:중국어 번체,5
KOP014705,차이린,음식,음식 > 외국식 > 중식,45,KOP014705:한국어|ENP014705:영어|JPP014705:일본어|CNP014705:중국어 간체|TCP014705:중국어 번체|RUP014705:러시아어,6
KOP014354,나인스게이트그릴,음식,음식 > 외국식 > 서양식,45,KOP014354:한국어|ENP014354:영어|JPP014354:일본어|CNP014354:중국어 간체|TCP014354:중국어 번체|RUP014354:러시아어,6
KOP014359,동경식당,음식,음식 > 외국식 > 일식,45,KOP014359:한국어|ENP014359:영어|JPP014359:일본어|CNP014359:중국어 간체|TCP014359:중국어 번체|RUP014359:러시아어,6
KOP014323,동경전통육개장,음식,음식 > 한식,45,KOP014323:한국어|ENP014323:영어|JPP014323:일본어|CNP014323:중국어 간체|TCP014323:중국어 번체,5
KOP014376,안동뭉티기와 투뿔구이,음식,음식 > 한식,45,KOP014376:한국어|ENP014376:영어|JPP014376:일본어|CNP014376:중국어 간체|TCP014376:중국어 번체|RUP014376:러시아어,6
KOP014415,오월의종,음식,음식 > 카페/찻집,45,KOP014415:한국어|ENP014415:영어|JPP014415:일본어|CNP014415:중국어 간체|TCP014415:중국어 번체,5
KOP014288,슈치쿠,음식,음식 > 외국식 > 일식,45,KOP014288:한국어|ENP014288:영어|JPP014288:일본어|CNP014288:중국어 간체|TCP014288:중국어 번체,5
KOP014333,포항식당,음식,음식 > 한식,45,KOP014333:한국어|ENP014333:영어|JPP014333:일본어|CNP014333:중국어 간체|TCP014333:중국어 번체,5
KOP014210,아야진생태찌개,음식,음식 > 한식,45,KOP014210:한국어|ENP014210:영어|JPP014210:일본어|CNP014210:중국어 간체|TCP014210:중국어 번체,5
KOP014165,옴,음식,음식 > 외국식 > 기타외국식,45,KOP014165:한국어|ENP014165:영어|JPP014165:일본어|CNP014165:중국어 간체|TCP014165:중국어 번체,5
KOP014205,더킹스,음식,음식 > 외국식 > 퓨전음식,45,KOP014205:한국어|ENP014205:영어|JPP014205:일본어|CNP014205:중국어 간체|TCP014205:중국어 번체,5
KOP013974,삼각정,음식,음식 > 한식,46,KOP013974:한국어|ENP013974:영어|JPP013974:일본어|CNP013974:중국어 간체|TCP013974:중국어 번체,5
KOP013899,브루스리,음식,음식 > 외국식 > 중식,46,KOP013899:한국어|ENP013899:영어|JPP013899:일본어|CNP013899:중국어 간체|TCP013899:중국어 번체,5
KOP013859,파올로데마리아,음식,음식 > 외국식 > 서양식,46,KOP013859:한국어|ENP013859:영어|JPP013859:일본어|CNP013859:중국어 간체|TCP013859:중국어 번체,5
KOP013944,팬케이크오리지널스토리,음식,음식 > 카페/찻집,46,KOP013944:한국어|ENP013944:영어|JPP013944:일본어|CNP013944:중국어 간체|TCP013944:중국어 번체|RUP013944:러시아어,6
KOP013716,동빙고,음식,음식 > 카페/찻집,46,KOP013716:한국어|ENP013716:영어|JPP013716:일본어|CNP013716:중국어 간체|TCP013716:중국어 번체|RUP013716:러시아어,6
KOP013832,스퀘어가든,음식,음식 > 카페/찻집,46,KOP013832:한국어|ENP013832:영어|JPP013832:일본어|CNP013832:중국어 간체|TCP013832:중국어 번체,5
KOP013711,이노시시,음식,음식 > 주점,46,KOP013711:한국어|ENP013711:영어|JPP013711:일본어|CNP013711:중국어 간체|TCP013711:중국어 번체|RUP013711:러시아어,6
KOP014100,정동국시,음식,음식 > 한식,46,KOP014100:한국어|ENP014100:영어|JPP014100:일본어|CNP014100:중국어 간체|TCP014100:중국어 번체,5
KOP014236,흥진옥,음식,음식 > 한식,46,KOP014236:한국어|ENP014236:영어|JPP014236:일본어|CNP014236:중국어 간체|TCP014236:중국어 번체,5
KOP013929,부산갈비,음식,음식 > 한식,46,KOP013929:한국어|ENP013929:영어|JPP013929:일본어|CNP013929:중국어 간체|TCP013929:중국어 번체,5
KOP014034,소공죽집,음식,음식 > 한식,46,KOP014034:한국어|ENP014034:영어|JPP014034:일본어|CNP014034:중국어 간체|TCP014034:중국어 번체|RUP014034:러시아어,6
KOP013746,술탄케밥,음식,음식 > 외국식 > 기타외국식,46,KOP013746:한국어|ENP013746:영어|JPP013746:일본어|CNP013746:중국어 간체|TCP013746:중국어 번체|RUP013746:러시아어|MLP013746:말레이어,7
KOP014185,영동족발,음식,음식 > 한식,46,KOP014185:한국어|ENP014185:영어|JPP014185:일본어|CNP014185:중국어 간체|TCP014185:중국어 번체,5
KOP014039,몽중헌,음식,음식 > 외국식 > 중식,46,KOP014039:한국어|ENP014039:영어|JPP014039:일본어|CNP014039:중국어 간체|TCP014039:중국어 번체,5
KOP013964,만족오향족발,음식,음식 > 한식,46,KOP013964:한국어|ENP013964:영어|JPP013964:일본어|CNP013964:중국어 간체|TCP013964:중국어 번체,5
KOP013934,MK2,음식,음식 > 카페/찻집,46,KOP013934:한국어|ENP013934:영어|JPP013934:일본어|CNP013934:중국어 간체|TCP013934:중국어 번체,5
KOP013843,벨라프라하,음식,음식 > 카페/찻집,46,KOP013843:한국어|ENP013843:영어|JPP013843:일본어|CNP013843:중국어 간체|TCP013843:중국어 번체,5
KOP013751,지대방,음식,음식 > 카페/찻집,46,KOP013751:한국어|ENP013751:영어|JPP013751:일본어|CNP013751:중국어 간체|TCP013751:중국어 번체,5
KOP013671,당고집,음식,음식 > 카페/찻집,46,KOP013671:한국어|ENP013671:영어|JPP013671:일본어|CNP013671:중국어 간체|TCP013671:중국어 번체,5
KOP014283,삼학도,음식,음식 > 한식,46,KOP014283:한국어|ENP014283:영어|JPP014283:일본어|CNP014283:중국어 간체|TCP014283:중국어 번체,5
KOP014115,나무사이로,음식,음식 > 카페/찻집,47,KOP014115:한국어|ENP014115:영어|JPP014115:일본어|CNP014115:중국어 간체|TCP014115:중국어 번체|RUP014115:러시아어,6
KOP013994,레오니다스초콜릿카페,음식,음식 > 카페/찻집,47,KOP013994:한국어|ENP013994:영어|JPP013994:일본어|CNP013994:중국어 간체|TCP013994:중국어 번체,5
KOP013756,품서울,음식,음식 > 한식,47,KOP013756:한국어|ENP013756:영어|JPP013756:일본어|CNP013756:중국어 간체|TCP013756:중국어 번체,5
KOP013661,명동곰돌이,음식,음식 > 한식,47,KOP013661:한국어|ENP013661:영어|JPP013661:일본어|CNP013661:중국어 간체|TCP013661:중국어 번체,5
KOP013696,주,음식,음식 > 외국식 > 중식,47,KOP013696:한국어|ENP013696:영어|JPP013696:일본어|CNP013696:중국어 간체|TCP013696:중국어 번체|RUP013696:러시아어,6
KOP013854,장수식당,음식,음식 > 한식,47,KOP013854:한국어|ENP013854:영어|JPP013854:일본어|CNP013854:중국어 간체|TCP013854:중국어 번체,5
KOP013894,여자만,음식,음식 > 한식,47,KOP013894:한국어|ENP013894:영어|JPP013894:일본어|CNP013894:중국어 간체|TCP013894:중국어 번체,5
KOP013706,까치네,음식,음식 > 한식,47,KOP013706:한국어|ENP013706:영어|JPP013706:일본어|CNP013706:중국어 간체|TCP013706:중국어 번체,5
KOP013741,은주정,음식,음식 > 한식,47,KOP013741:한국어|ENP013741:영어|JPP013741:일본어|CNP013741:중국어 간체|TCP013741:중국어 번체,5
KOP013807,덕원꼬리곰탕방치탕,음식,음식 > 한식,47,KOP013807:한국어|ENP013807:영어|JPP013807:일본어|CNP013807:중국어 간체|TCP013807:중국어 번체,5
KOP013626,일상,음식,음식 > 카페/찻집,47,KOP013626:한국어|ENP013626:영어|JPP013626:일본어|CNP013626:중국어 간체|TCP013626:중국어 번체,5
KOP014145,반짝반짝빛나는,음식,음식 > 카페/찻집,47,KOP014145:한국어|ENP014145:영어|JPP014145:일본어|CNP014145:중국어 간체|TCP014145:중국어 번체,5
KOP013989,잼배옥,음식,음식 > 한식,47,KOP013989:한국어|ENP013989:영어|JPP013989:일본어|CNP013989:중국어 간체|TCP013989:중국어 번체,5
KOP013884,두오모,음식,음식 > 외국식 > 서양식,47,KOP013884:한국어|JPP013884:일본어|TCP013884:중국어 번체,3
KOP013827,신계치,음식,음식 > 한식,47,KOP013827:한국어|ENP013827:영어|JPP013827:일본어|CNP013827:중국어 간체|TCP013827:중국어 번체,5
KOP013656,어반가든,음식,음식 > 외국식 > 서양식,47,KOP013656:한국어|ENP013656:영어|JPP013656:일본어|CNP013656:중국어 간체|TCP013656:중국어 번체,5
KOP013761,한강치킨,음식,음식 > 주점,47,KOP013761:한국어|ENP013761:영어|JPP013761:일본어|CNP013761:중국어 간체|TCP013761:중국어 번체,5
KOP013646,할머니칼국수,음식,음식 > 한식,47,KOP013646:한국어|ENP013646:영어|JPP013646:일본어|CNP013646:중국어 간체|TCP013646:중국어 번체,5
KOP013636,홍연,음식,음식 > 외국식 > 중식,47,KOP013636:한국어|ENP013636:영어|JPP013636:일본어|CNP013636:중국어 간체|TCP013636:중국어 번체,5
KOP013614,장수원,음식,음식,47,KOP013614:한국어|ENP013614:영어|JPP013614:일본어|CNP013614:중국어 간체|TCP013614:중국어 번체,5
KOP013619,안성또순이,음식,음식 > 한식,48,KOP013619:한국어|ENP013619:영어|JPP013619:일본어|CNP013619:중국어 간체|TCP013619:중국어 번체,5
KOP013599,틈새라면,음식,음식 > 한식,48,KOP013599:한국어|ENP013599:영어|JPP013599:일본어|CNP013599:중국어 간체|TCP013599:중국어 번체,5
KOP013554,외고집설렁탕,음식,음식 > 한식,48,KOP013554:한국어|ENP013554:영어|JPP013554:일본어|CNP013554:중국어 간체|TCP013554:중국어 번체,5
KOP013534,패션파이브,음식,음식 > 카페/찻집,48,KOP013534:한국어|ENP013534:영어|JPP013534:일본어|CNP013534:중국어 간체|TCP013534:중국어 번체,5
KOP013504,타지펠리스,음식,음식 > 외국식 > 기타외국식,48,KOP013504:한국어|ENP013504:영어|JPP013504:일본어|CNP013504:중국어 간체|TCP013504:중국어 번체|RUP013504:러시아어|MLP013504:말레이어,7
KOP013494,섭지코지,음식,음식 > 한식,48,KOP013494:한국어|ENP013494:영어|JPP013494:일본어|CNP013494:중국어 간체|TCP013494:중국어 번체,5
KOP013766,프리모바치오바치,음식,음식 > 외국식 > 서양식,48,KOP013766:한국어|ENP013766:영어|JPP013766:일본어|CNP013766:중국어 간체|TCP013766:중국어 번체,5
KOP013319,청송옥,음식,음식,48,KOP013319:한국어|ENP013319:영어|JPP013319:일본어|CNP013319:중국어 간체|TCP013319:중국어 번체,5
KOP013218,까델루뽀,음식,음식 > 외국식 > 서양식,48,KOP013218:한국어|ENP013218:영어|JPP013218:일본어|CNP013218:중국어 간체|TCP013218:중국어 번체,5
KOP013139,서대문곱창,음식,음식 > 한식,48,KOP013139:한국어|ENP013139:영어|JPP013139:일본어|CNP013139:중국어 간체|TCP013139:중국어 번체,5
KOP013244,호수삼계탕,음식,음식 > 한식,48,KOP013244:한국어|ENP013244:영어|JPP013244:일본어|CNP013244:중국어 간체|TCP013244:중국어 번체,5
KOP013223,엔그릴,음식,음식 > 외국식 > 서양식,48,KOP013223:한국어|ENP013223:영어|JPP013223:일본어|CNP013223:중국어 간체|TCP013223:중국어 번체,5
KOP013234,눈나무집,음식,음식,48,KOP013234:한국어|ENP013234:영어|JPP013234:일본어|CNP013234:중국어 간체|TCP013234:중국어 번체,5
KOP013239,라스텔라,음식,음식 > 외국식 > 서양식,48,KOP013239:한국어|ENP013239:영어|JPP013239:일본어|CNP013239:중국어 간체|TCP013239:중국어 번체,5
KOP013208,목포집,음식,음식 > 한식,48,KOP013208:한국어|ENP013208:영어|JPP013208:일본어|CNP013208:중국어 간체|TCP013208:중국어 번체,5
KOP013078,명륜손칼국수,음식,음식 > 한식,48,KOP013078:한국어|ENP013078:영어|JPP013078:일본어|CNP013078:중국어 간체|TCP013078:중국어 번체,5
KOP013083,평안도만두집,음식,음식 > 한식,48,KOP013083:한국어|ENP013083:영어|JPP013083:일본어|CNP013083:중국어 간체|TCP013083:중국어 번체,5
KOP013183,베이징코야,음식,음식 > 외국식 > 중식,48,KOP013183:한국어|ENP013183:영어|JPP013183:일본어|CNP013183:중국어 간체|TCP013183:중국어 번체,5
KOP013003,황우양곱창,음식,음식 > 한식,48,KOP013003:한국어|ENP013003:영어|JPP013003:일본어|CNP013003:중국어 간체|TCP013003:중국어 번체,5
KOP013055,희락,음식,음식 > 한식,48,KOP013055:한국어|ENP013055:영어|JPP013055:일본어|CNP013055:중국어 간체|TCP013055:중국어 번체,5
KOP013364,페르시안궁전,음식,음식 > 외국식 > 기타외국식,49,KOP013364:한국어|ENP013364:영어|JPP013364:일본어|CNP013364:중국어 간체|TCP013364:중국어 번체|RUP013364:러시아어|MLP013364:말레이어,7
KOP013454,평안도 족발집,음식,음식 > 한식,49,KOP013454:한국어|ENP013454:영어|JPP013454:일본어|CNP013454:중국어 간체|TCP013454:중국어 번체,5
KOP013324,타셴,음식,음식 > 카페/찻집,49,KOP013324:한국어|ENP013324:영어|JPP013324:일본어|CNP013324:중국어 간체|TCP013324:중국어 번체,5
KOP013354,타워차이,음식,음식 > 외국식 > 중식,49,KOP013354:한국어|ENP013354:영어|JPP013354:일본어|CNP013354:중국어 간체|TCP013354:중국어 번체,5
KOP013119,충무로쭈꾸미불고기,음식,음식 > 한식,49,KOP013119:한국어|ENP013119:영어|JPP013119:일본어|CNP013119:중국어 간체|TCP013119:중국어 번체,5
KOP013250,차마시는뜰,음식,음식 > 카페/찻집,49,KOP013250:한국어|ENP013250:영어|JPP013250:일본어|CNP013250:중국어 간체|TCP013250:중국어 번체,5
KOP013260,참나무숯불에닭이만나는순간(희래),음식,음식 > 한식,49,KOP013260:한국어|ENP013260:영어|JPP013260:일본어|CNP013260:중국어 간체|TCP013260:중국어 번체,5
KOP013061,은호식당,음식,음식 > 한식,49,KOP013061:한국어|ENP013061:영어|JPP013061:일본어|CNP013061:중국어 간체|TCP013061:중국어 번체|RUP013061:러시아어,6
KOP012986,와세다야,음식,음식 > 외국식 > 일식,49,KOP012986:한국어|ENP012986:영어|JPP012986:일본어|CNP012986:중국어 간체|TCP012986:중국어 번체|RUP012986:러시아어,6
KOP013044,은성집,음식,음식 > 한식,49,KOP013044:한국어|ENP013044:영어|JPP013044:일본어|CNP013044:중국어 간체|TCP013044:중국어 번체,5
KOP012838,안동장,음식,음식 > 외국식 > 중식,49,KOP012838:한국어|ENP012838:영어|JPP012838:일본어|CNP012838:중국어 간체|TCP012838:중국어 번체,5
KOP013459,선천집,음식,음식 > 한식,49,KOP013459:한국어|ENP013459:영어|JPP013459:일본어|CNP013459:중국어 간체|TCP013459:중국어 번체|RUP013459:러시아어,6
KOP013339,삼호복집,음식,음식 > 한식,49,KOP013339:한국어|ENP013339:영어|JPP013339:일본어|CNP013339:중국어 간체|TCP013339:중국어 번체|RUP013339:러시아어,6
KOP013134,파크루안 역삼점,음식,음식 > 외국식 > 퓨전음식,49,KOP013134:한국어|ENP013134:영어|JPP013134:일본어|CNP013134:중국어 간체|TCP013134:중국어 번체|RUP013134:러시아어,6
KOP013275,마포나루,음식,음식 > 한식,49,KOP013275:한국어|ENP013275:영어|JPP013275:일본어|CNP013275:중국어 간체|TCP013275:중국어 번체|RUP013275:러시아어,6
KOP013280,막내회센타,음식,음식 > 한식,49,KOP013280:한국어|ENP013280:영어|JPP013280:일본어|CNP013280:중국어 간체|TCP013280:중국어 번체|RUP013280:러시아어,6
KOP013129,깃대봉냉면,음식,음식 > 한식,49,KOP013129:한국어|ENP013129:영어|JPP013129:일본어|CNP013129:중국어 간체|TCP013129:중국어 번체|RUP013129:러시아어,6
KOP013036,꽁시면관,음식,음식 > 외국식 > 중식,49,KOP013036:한국어|ENP013036:영어|JPP013036:일본어|CNP013036:중국어 간체|TCP013036:중국어 번체|RUP013036:러시아어,6
KOP013124,문타로,음식,음식 > 주점,49,KOP013124:한국어|ENP013124:영어|JPP013124:일본어|CNP013124:중국어 간체|TCP013124:중국어 번체|RUP013124:러시아어,6
KOP012739,혜화칼국수,음식,음식 > 한식,49,KOP012739:한국어|ENP012739:영어|JPP012739:일본어|CNP012739:중국어 간체|TCP012739:중국어 번체|RUP012739:러시아어,6
KOP012734,한강생태,음식,음식 > 한식,50,KOP012734:한국어|ENP012734:영어|JPP012734:일본어|CNP012734:중국어 간체|TCP012734:중국어 번체|RUP012734:러시아어,6
KOP013409,필동면옥,음식,음식 > 한식,50,KOP013409:한국어|ENP013409:영어|JPP013409:일본어|CNP013409:중국어 간체|TCP013409:중국어 번체,5
KOP013171,파주옥,음식,음식 > 한식,50,KOP013171:한국어|ENP013171:영어|JPP013171:일본어|CNP013171:중국어 간체|TCP013171:중국어 번체,5
KOP013176,평래옥,음식,음식 > 한식,50,KOP013176:한국어|ENP013176:영어|JPP013176:일본어|CNP013176:중국어 간체|TCP013176:중국어 번체,5
KOP013389,평양면옥,음식,음식 > 한식,50,KOP013389:한국어|ENP013389:영어|JPP013389:일본어|CNP013389:중국어 간체|TCP013389:중국어 번체,5
KOP013394,평양집,음식,음식 > 한식,50,KOP013394:한국어|ENP013394:영어|JPP013394:일본어|CNP013394:중국어 간체|TCP013394:중국어 번체,5
KOP013161,티앙팡오후의홍차,음식,음식 > 카페/찻집,50,KOP013161:한국어|ENP013161:영어|JPP013161:일본어|CNP013161:중국어 간체|TCP013161:중국어 번체|RUP013161:러시아어,6
KOP013151,타지,음식,음식 > 외국식 > 기타외국식,50,KOP013151:한국어|ENP013151:영어|JPP013151:일본어|CNP013151:중국어 간체|TCP013151:중국어 번체,5
KOP012909,카나디안랍스터,음식,음식 > 외국식 > 서양식,50,KOP012909:한국어|ENP012909:영어|JPP012909:일본어|CNP012909:중국어 간체|TCP012909:중국어 번체|RUP012909:러시아어,6
KOP012884,청,음식,음식 > 외국식 > 중식,50,KOP012884:한국어|ENP012884:영어|JPP012884:일본어|CNP012884:중국어 간체|TCP012884:중국어 번체,5
KOP012894,청수정,음식,음식 > 한식,50,KOP012894:한국어|ENP012894:영어|JPP012894:일본어|CNP012894:중국어 간체|TCP012894:중국어 번체,5
KOP012701,차크라,음식,음식 > 외국식 > 기타외국식,50,KOP012701:한국어|ENP012701:영어|JPP012701:일본어|CNP012701:중국어 간체|TCP012701:중국어 번체|RUP012701:러시아어,6
KOP012627,진어참치,음식,음식 > 외국식 > 일식,50,KOP012627:한국어|ENP012627:영어|JPP012627:일본어|CNP012627:중국어 간체|TCP012627:중국어 번체,5
KOP012654,진주회관,음식,음식 > 한식,50,KOP012654:한국어|ENP012654:영어|JPP012654:일본어|CNP012654:중국어 간체|TCP012654:중국어 번체,5
KOP012460,소선재,음식,음식 > 한식,50,KOP012460:한국어|ENP012460:영어|JPP012460:일본어|CNP012460:중국어 간체|TCP012460:중국어 번체,5
KOP012478,조금,음식,음식 > 외국식 > 일식,50,KOP012478:한국어|ENP012478:영어|JPP012478:일본어|CNP012478:중국어 간체|TCP012478:중국어 번체,5
KOP012846,[백년가게] 이문설렁탕,음식,음식 > 한식,50,KOP012846:한국어|ENP012846:영어|JPP012846:일본어|CNP012846:중국어 간체|TCP012846:중국어 번체|RUP012846:러시아어,6
KOP012633,왕성식당,음식,음식 > 한식,50,KOP012633:한국어|ENP012633:영어|JPP012633:일본어|CNP012633:중국어 간체|TCP012633:중국어 번체|RUP012633:러시아어,6
KOP012680,우리밀국시,음식,음식 > 한식,50,KOP012680:한국어|ENP012680:영어|JPP012680:일본어|CNP012680:중국어 간체|TCP012680:중국어 번체,5
KOP012727,우정낙지,음식,음식 > 한식,50,KOP012727:한국어|ENP012727:영어|JPP012727:일본어|CNP012727:중국어 간체|TCP012727:중국어 번체,5
KOP012488,오장동함흥냉면,음식,음식 > 한식,51,KOP012488:한국어|ENP012488:영어|JPP012488:일본어|CNP012488:중국어 간체|TCP012488:중국어 번체,5
KOP012577,완차이,음식,음식 > 외국식 > 중식,51,KOP012577:한국어|ENP012577:영어|JPP012577:일본어|CNP012577:중국어 간체|TCP012577:중국어 번체,5
KOP012454,오수흑두부,음식,음식 > 한식,51,KOP012454:한국어|ENP012454:영어|JPP012454:일본어|CNP012454:중국어 간체|TCP012454:중국어 번체,5
KOP012335,영락골뱅이,음식,음식 > 한식,51,KOP012335:한국어|ENP012335:영어|JPP012335:일본어|CNP012335:중국어 간체|TCP012335:중국어 번체,5
KOP012371,영양센터,음식,음식 > 한식,51,KOP012371:한국어|ENP012371:영어|JPP012371:일본어|CNP012371:중국어 간체|TCP012371:중국어 번체,5
KOP012404,영춘옥,음식,음식 > 한식,51,KOP012404:한국어|ENP012404:영어|JPP012404:일본어|CNP012404:중국어 간체|TCP012404:중국어 번체,5
KOP012430,명동부대찌개,음식,음식 > 한식,51,KOP012430:한국어|ENP012430:영어|JPP012430:일본어|CNP012430:중국어 간체|TCP012430:중국어 번체,5
KOP012294,영덕회식당,음식,음식 > 한식,51,KOP012294:한국어|ENP012294:영어|JPP012294:일본어|CNP012294:중국어 간체|TCP012294:중국어 번체,5
KOP012163,앵콜칼국수,음식,음식 > 한식,51,KOP012163:한국어|ENP012163:영어|JPP012163:일본어|CNP012163:중국어 간체|TCP012163:중국어 번체,5
KOP012059,송죽,음식,음식 > 한식,51,KOP012059:한국어|ENP012059:영어|JPP012059:일본어|CNP012059:중국어 간체|TCP012059:중국어 번체,5
KOP012030,송옥,음식,음식 > 한식,51,KOP012030:한국어|ENP012030:영어|JPP012030:일본어|CNP012030:중국어 간체|TCP012030:중국어 번체,5
KOP012350,속초생태집,음식,음식 > 한식,51,KOP012350:한국어|ENP012350:영어|JPP012350:일본어|CNP012350:중국어 간체|TCP012350:중국어 번체|RUP012350:러시아어,6
KOP012396,송백식당,음식,음식 > 한식,51,KOP012396:한국어|ENP012396:영어|JPP012396:일본어|CNP012396:중국어 간체|TCP012396:중국어 번체,5
KOP012316,소문난집추어탕(소문난 해장국),음식,음식 > 한식,51,KOP012316:한국어|ENP012316:영어|JPP012316:일본어|CNP012316:중국어 간체|TCP012316:중국어 번체,5
KOP012284,서린낙지,음식,음식 > 한식,51,KOP012284:한국어|ENP012284:영어|JPP012284:일본어|CNP012284:중국어 간체|TCP012284:중국어 번체,5
KOP012203,샘밭막국수,음식,음식 > 한식,51,KOP012203:한국어|ENP012203:영어|JPP012203:일본어|CNP012203:중국어 간체|TCP012203:중국어 번체|RUP012203:러시아어,6
KOP012268,풍요람,음식,음식 > 한식,51,KOP012268:한국어|ENP012268:영어|JPP012268:일본어|CNP012268:중국어 간체|TCP012268:중국어 번체|RUP012268:러시아어,6
KOP012103,삼오쭈꾸미,음식,음식 > 한식,51,KOP012103:한국어|ENP012103:영어|JPP012103:일본어|CNP012103:중국어 간체|TCP012103:중국어 번체,5
KOP011936,비하인드,음식,음식 > 카페/찻집,51,KOP011936:한국어|ENP011936:영어|JPP011936:일본어|CNP011936:중국어 간체|TCP011936:중국어 번체,5
KOP011956,뽐모도로,음식,음식 > 외국식 > 서양식,51,KOP011956:한국어|ENP011956:영어|JPP011956:일본어|CNP011956:중국어 간체|TCP011956:중국어 번체,5
KOP011974,사동면옥,음식,음식 > 한식,52,KOP011974:한국어|ENP011974:영어|JPP011974:일본어|CNP011974:중국어 간체|TCP011974:중국어 번체,5
KOP012041,산동교자,음식,음식 > 외국식 > 중식,52,KOP012041:한국어|ENP012041:영어|JPP012041:일본어|CNP012041:중국어 간체|TCP012041:중국어 번체|RUP012041:러시아어,6
KOP011853,부산갈매기,음식,음식 > 한식,52,KOP011853:한국어|ENP011853:영어|JPP011853:일본어|CNP011853:중국어 간체|TCP011853:중국어 번체,5
KOP011877,부산식당,음식,음식 > 한식,52,KOP011877:한국어|ENP011877:영어|JPP011877:일본어|CNP011877:중국어 간체|TCP011877:중국어 번체,5
KOP011912,불이아,음식,음식 > 외국식 > 중식,52,KOP011912:한국어|ENP011912:영어|JPP011912:일본어|CNP011912:중국어 간체|TCP011912:중국어 번체,5
KOP011802,보건옥,음식,음식 > 한식,52,KOP011802:한국어|ENP011802:영어|JPP011802:일본어|CNP011802:중국어 간체|TCP011802:중국어 번체,5
KOP010868,미진,음식,음식 > 한식,52,KOP010868:한국어|ENP010868:영어|JPP010868:일본어|CNP010868:중국어 간체|TCP010868:중국어 번체,5
KOP010843,명동돈가스,음식,음식 > 한식,52,KOP010843:한국어|ENP010843:영어|JPP010843:일본어|CNP010843:중국어 간체|TCP010843:중국어 번체,5
KOP010848,무교동북어국집,음식,음식 > 한식,52,KOP010848:한국어|ENP010848:영어|JPP010848:일본어|CNP010848:중국어 간체|TCP010848:중국어 번체,5
KOP010828,막내횟집,음식,음식 > 한식,52,KOP010828:한국어|ENP010828:영어|JPP010828:일본어|CNP010828:중국어 간체|TCP010828:중국어 번체,5
KOP010813,리틀사이공,음식,음식 > 외국식 > 기타외국식,52,KOP010813:한국어|ENP010813:영어|JPP010813:일본어|CNP010813:중국어 간체|TCP010813:중국어 번체,5
KOP010793,라칼라스,음식,음식 > 외국식 > 서양식,52,KOP010793:한국어|ENP010793:영어|JPP010793:일본어|CNP010793:중국어 간체|TCP010793:중국어 번체,5
KOP010798,라쿠치나,음식,음식 > 외국식 > 서양식,52,KOP010798:한국어|ENP010798:영어|JPP010798:일본어|CNP010798:중국어 간체|TCP010798:중국어 번체,5
KOP010803,램하우스,음식,음식 > 한식,52,KOP010803:한국어|ENP010803:영어|JPP010803:일본어|CNP010803:중국어 간체|TCP010803:중국어 번체,5
KOP010778,된장예술툇마루,음식,음식 > 한식,52,KOP010778:한국어|ENP010778:영어|JPP010778:일본어|CNP010778:중국어 간체|TCP010778:중국어 번체,5
KOP010764,동강,음식,음식 > 외국식 > 중식,52,KOP010764:한국어|ENP010764:영어|JPP010764:일본어|CNP010764:중국어 간체|TCP010764:중국어 번체,5
KOP010754,더레스토랑,음식,음식 > 외국식 > 서양식,52,KOP010754:한국어|ENP010754:영어|JPP010754:일본어|CNP010754:중국어 간체|TCP010754:중국어 번체,5
KOP010733,남매집,음식,음식 > 한식,52,KOP010733:한국어|ENP010733:영어|JPP010733:일본어|CNP010733:중국어 간체|TCP010733:중국어 번체,5
KOP010728,나마스테,음식,음식 > 외국식 > 기타외국식,52,KOP010728:한국어|ENP010728:영어|JPP010728:일본어|CNP010728:중국어 간체|TCP010728:중국어 번체,5
KOP011538,커피친구,음식,음식 > 카페/찻집,52,KOP011538:한국어|ENP011538:영어|JPP011538:일본어|CNP011538:중국어 간체|TCP011538:중국어 번체,5
KOP011093,국화정원,음식,음식 > 한식,53,KOP011093:한국어|ENP011093:영어|JPP011093:일본어|CNP011093:중국어 간체|TCP011093:중국어 번체,5
KOP011155,궁,음식,음식 > 한식,53,KOP011155:한국어|ENP011155:영어|JPP011155:일본어|CNP011155:중국어 간체|TCP011155:중국어 번체,5
KOP010933,광화문집,음식,음식 > 한식,53,KOP010933:한국어|ENP010933:영어|JPP010933:일본어|CNP010933:중국어 간체|TCP010933:중국어 번체,5
KOP011062,국시집,음식,음식 > 한식,53,KOP011062:한국어|ENP011062:영어|JPP011062:일본어|CNP011062:중국어 간체|TCP011062:중국어 번체,5
KOP010878,경인미술관 전통다원,음식,음식 > 카페/찻집,53,KOP010878:한국어|ENP010878:영어|JPP010878:일본어|CNP010878:중국어 간체|TCP010878:중국어 번체,5
KOP010893,고바우,음식,음식 > 한식,53,KOP010893:한국어|ENP010893:영어|JPP010893:일본어|CNP010893:중국어 간체|TCP010893:중국어 번체,5
KOP010694,갯마을,음식,음식 > 한식,53,KOP010694:한국어|ENP010694:영어|JPP010694:일본어|CNP010694:중국어 간체|TCP010694:중국어 번체,5
KOP010608,가미분식,음식,음식 > 한식,53,KOP010608:한국어|ENP010608:영어|JPP010608:일본어|CNP010608:중국어 간체|TCP010608:중국어 번체,5
KOP010577,부다스벨리,음식,음식 > 외국식 > 기타외국식,53,KOP010577:한국어|ENP010577:영어|JPP010577:일본어|CNP010577:중국어 간체|TCP010577:중국어 번체,5
KOP010312,용금옥,음식,음식 > 한식,53,KOP010312:한국어|ENP010312:영어|JPP010312:일본어|CNP010312:중국어 간체|TCP010312:중국어 번체,5
KOP010294,정감어린,음식,음식 > 한식,53,KOP010294:한국어|ENP010294:영어|JPP010294:일본어|CNP010294:중국어 간체|TCP010294:중국어 번체|RUP010294:러시아어,6
KOP007850,진사댁,음식,음식 > 한식,53,KOP007850:한국어|ENP007850:영어|JPP007850:일본어|CNP007850:중국어 간체|TCP007850:중국어 번체,5
KOP009490,아리랑,음식,음식 > 한식,53,KOP009490:한국어|ENP009490:영어|JPP009490:일본어|CNP009490:중국어 간체|TCP009490:중국어 번체,5
KOP007430,하나로회관,음식,음식 > 한식,53,KOP007430:한국어|ENP007430:영어|JPP007430:일본어|CNP007430:중국어 간체|TCP007430:중국어 번체,5
KOP007290,삼청각,음식,음식 > 한식,53,KOP007290:한국어|ENP007290:영어|JPP007290:일본어|CNP007290:중국어 간체|TCP007290:중국어 번체|RUP007290:러시아어,6
KOP007221,갈비명가이상(길음신관),음식,음식 > 한식,53,KOP007221:한국어|ENP007221:영어|JPP007221:일본어|CNP007221:중국어 간체|TCP007221:중국어 번체,5
KOP007211,왕가,음식,음식 > 한식,53,KOP007211:한국어|ENP007211:영어|JPP007211:일본어|CNP007211:중국어 간체|TCP007211:중국어 번체,5
KOP007196,의정부평양면옥,음식,음식 > 한식,53,KOP007196:한국어|ENP007196:영어|JPP007196:일본어|CNP007196:중국어 간체|TCP007196:중국어 번체|RUP007196:러시아어,6
KOP007190,참설농탕,음식,음식 > 한식,53,KOP007190:한국어|ENP007190:영어|JPP007190:일본어|CNP007190:중국어 간체|TCP007190:중국어 번체,5
KOP007175,오선채,음식,음식 > 한식,53,KOP007175:한국어|ENP007175:영어|JPP007175:일본어|CNP007175:중국어 간체|TCP007175:중국어 번체,5
KOP007165,서석대,음식,음식 > 한식,54,KOP007165:한국어|ENP007165:영어|JPP007165:일본어|CNP007165:중국어 간체|TCP007165:중국어 번체,5
KOP007145,두레미담(서울대점),음식,음식 > 한식,54,KOP007145:한국어|ENP007145:영어|JPP007145:일본어|CNP007145:중국어 간체|TCP007145:중국어 번체,5
KOP007180,수빈떡갈비,음식,음식 > 한식,54,KOP007180:한국어|ENP007180:영어|JPP007180:일본어|CNP007180:중국어 간체|TCP007180:중국어 번체,5
KOP007170,[백년가게] 역전회관,음식,음식 > 한식,54,KOP007170:한국어|ENP007170:영어|JPP007170:일본어|CNP007170:중국어 간체|TCP007170:중국어 번체|RUP007170:러시아어,6
KOP007160,마포옥,음식,음식 > 한식,54,KOP007160:한국어|ENP007160:영어|JPP007160:일본어|CNP007160:중국어 간체|TCP007160:중국어 번체,5
KOP007461,돈수백,음식,음식 > 한식,54,KOP007461:한국어|ENP007461:영어|JPP007461:일본어|CNP007461:중국어 간체|TCP007461:중국어 번체,5
KOP007130,극락돈 회기점,음식,음식 > 한식,54,KOP007130:한국어|ENP007130:영어|JPP007130:일본어|CNP007130:중국어 간체|TCP007130:중국어 번체,5
KOP007088,부림정 숯불갈비,음식,음식 > 한식,54,KOP007088:한국어|ENP007088:영어|JPP007088:일본어|CNP007088:중국어 간체|TCP007088:중국어 번체,5
KOP007069,광장동가온,음식,음식 > 한식,54,KOP007069:한국어|ENP007069:영어|JPP007069:일본어|CNP007069:중국어 간체|TCP007069:중국어 번체,5
KOP007059,고모네원조콩탕황태탕,음식,음식 > 한식,54,KOP007059:한국어|ENP007059:영어|JPP007059:일본어|CNP007059:중국어 간체|TCP007059:중국어 번체,5
KOP006785,길손,음식,음식 > 주점,54,KOP006785:한국어|ENP006785:영어|JPP006785:일본어|CNP006785:중국어 간체|TCP006785:중국어 번체,5
KOP006917,평가옥(양재점),음식,음식 > 한식,54,KOP006917:한국어|ENP006917:영어|JPP006917:일본어|CNP006917:중국어 간체|TCP006917:중국어 번체,5
KOP007436,불이아(강남점),음식,음식 > 외국식 > 중식,54,KOP007436:한국어|ENP007436:영어|JPP007436:일본어|CNP007436:중국어 간체|TCP007436:중국어 번체,5
KOP007244,마리모,음식,음식 > 주점,54,KOP007244:한국어|ENP007244:영어|JPP007244:일본어|CNP007244:중국어 간체|TCP007244:중국어 번체,5
KOP007306,금강바베큐치킨,음식,음식 > 한식,54,KOP007306:한국어|ENP007306:영어|JPP007306:일본어|CNP007306:중국어 간체|TCP007306:중국어 번체,5
KOP006582,단풍나무집(이태원점),음식,음식 > 한식,54,KOP006582:한국어|ENP006582:영어|JPP006582:일본어|CNP006582:중국어 간체|TCP006582:중국어 번체,5
KOP006341,한우집위,음식,음식 > 한식,54,KOP006341:한국어|ENP006341:영어|JPP006341:일본어|CNP006341:중국어 간체|TCP006341:중국어 번체,5
KOP006392,여의도양지탕,음식,음식 > 한식,54,KOP006392:한국어|ENP006392:영어|CNP006392:중국어 간체|TCP006392:중국어 번체,4
KOP007280,가미우동,음식,음식 > 외국식 > 일식,54,KOP007280:한국어|ENP007280:영어|JPP007280:일본어|CNP007280:중국어 간체|TCP007280:중국어 번체,5
KOP006987,황소집,음식,음식 > 한식,54,KOP006987:한국어|ENP006987:영어|JPP006987:일본어|CNP006987:중국어 간체|TCP006987:중국어 번체,5
KOP006678,아티제 삼성타운점,음식,음식 > 카페/찻집,55,KOP006678:한국어|ENP006678:영어|JPP006678:일본어|CNP006678:중국어 간체|TCP006678:중국어 번체,5
KOP006520,장사랑,음식,음식 > 한식,55,KOP006520:한국어|ENP006520:영어|JPP006520:일본어|CNP006520:중국어 간체|TCP006520:중국어 번체,5
KOP006262,전주설렁탕,음식,음식 > 한식,55,KOP006262:한국어|ENP006262:영어|JPP006262:일본어|CNP006262:중국어 간체|TCP006262:중국어 번체|RUP006262:러시아어,6
KOP007029,플로리안,음식,음식 > 카페/찻집,55,KOP007029:한국어|ENP007029:영어|JPP007029:일본어|CNP007029:중국어 간체|TCP007029:중국어 번체|RUP007029:러시아어,6
KOP006806,감촌,음식,음식 > 한식,55,KOP006806:한국어|ENP006806:영어|JPP006806:일본어|CNP006806:중국어 간체|TCP006806:중국어 번체,5
KOP006843,대련집,음식,음식 > 한식,55,KOP006843:한국어|ENP006843:영어|JPP006843:일본어|CNP006843:중국어 간체|TCP006843:중국어 번체,5
KOP006848,명화당,음식,음식 > 한식,55,KOP006848:한국어|ENP006848:영어|JPP006848:일본어|CNP006848:중국어 간체|TCP006848:중국어 번체,5
KOP006853,첨벙아구찜,음식,음식 > 한식,55,KOP006853:한국어|ENP006853:영어|JPP006853:일본어|CNP006853:중국어 간체|TCP006853:중국어 번체,5
KOP007019,늘푸른목장,음식,음식 > 한식,55,KOP007019:한국어|ENP007019:영어|JPP007019:일본어|CNP007019:중국어 간체|TCP007019:중국어 번체,5
KOP006661,폴앤폴리나,음식,음식 > 카페/찻집,55,KOP006661:한국어|ENP006661:영어|JPP006661:일본어|CNP006661:중국어 간체|TCP006661:중국어 번체|RUP006661:러시아어,6
KOP006205,마츠에라멘,음식,음식 > 외국식 > 일식,55,KOP006205:한국어|ENP006205:영어|JPP006205:일본어|CNP006205:중국어 간체|TCP006205:중국어 번체,5
KOP006289,흑돈가,음식,음식 > 한식,55,KOP006289:한국어|ENP006289:영어|JPP006289:일본어|CNP006289:중국어 간체|TCP006289:중국어 번체,5
KOP006294,나리의집,음식,음식,55,KOP006294:한국어|ENP006294:영어|JPP006294:일본어|CNP006294:중국어 간체|TCP006294:중국어 번체,5
KOP006299,만발,음식,음식 > 한식,55,KOP006299:한국어|ENP006299:영어|JPP006299:일본어|CNP006299:중국어 간체|TCP006299:중국어 번체,5
KOP006304,신안촌,음식,음식 > 한식,55,KOP006304:한국어|ENP006304:영어|JPP006304:일본어|CNP006304:중국어 간체|TCP006304:중국어 번체,5
KOP005970,한추,음식,음식 > 한식,55,KOP005970:한국어|ENP005970:영어|JPP005970:일본어|CNP005970:중국어 간체|TCP005970:중국어 번체,5
KOP006859,스탠딩커피,음식,음식 > 카페/찻집,55,KOP006859:한국어|ENP006859:영어|JPP006859:일본어|CNP006859:중국어 간체|TCP006859:중국어 번체,5
KOP006818,사발,음식,음식 > 한식,55,KOP006818:한국어|ENP006818:영어|JPP006818:일본어|CNP006818:중국어 간체|TCP006818:중국어 번체|RUP006818:러시아어,6
KOP006746,텀블러비어,음식,음식 > 주점,55,KOP006746:한국어|ENP006746:영어|JPP006746:일본어|CNP006746:중국어 간체|TCP006746:중국어 번체|RUP006746:러시아어,6
KOP006381,마미청국장,음식,음식 > 한식,55,KOP006381:한국어|ENP006381:영어|JPP006381:일본어|CNP006381:중국어 간체|TCP006381:중국어 번체,5
KOP006236,산들해,음식,음식 > 한식,56,KOP006236:한국어|ENP006236:영어|JPP006236:일본어|CNP006236:중국어 간체|TCP006236:중국어 번체,5
KOP006113,란나타이,음식,음식 > 외국식 > 기타외국식,56,KOP006113:한국어|ENP006113:영어|JPP006113:일본어|CNP006113:중국어 간체|TCP006113:중국어 번체,5
KOP006134,가람국시,음식,음식 > 한식,56,KOP006134:한국어|ENP006134:영어|JPP006134:일본어|CNP006134:중국어 간체|TCP006134:중국어 번체,5
KOP006026,세림,음식,음식 > 한식,56,KOP006026:한국어|ENP006026:영어|JPP006026:일본어|CNP006026:중국어 간체|TCP006026:중국어 번체,5
KOP006613,나폴레옹과자점,음식,음식 > 카페/찻집,56,KOP006613:한국어|ENP006613:영어|JPP006613:일본어|CNP006613:중국어 간체|TCP006613:중국어 번체,5
KOP006775,주빌리쇼콜라띠에,음식,음식 > 카페/찻집,56,KOP006775:한국어|ENP006775:영어|JPP006775:일본어|CNP006775:중국어 간체|TCP006775:중국어 번체,5
KOP006455,철철복집,음식,음식 > 한식,56,KOP006455:한국어|ENP006455:영어|JPP006455:일본어|CNP006455:중국어 간체|TCP006455:중국어 번체,5
KOP006284,동표골뱅이,음식,음식 > 한식,56,KOP006284:한국어|ENP006284:영어|JPP006284:일본어|CNP006284:중국어 간체|TCP006284:중국어 번체|RUP006284:러시아어,6
KOP006407,함평면옥,음식,음식 > 한식,56,KOP006407:한국어|ENP006407:영어|JPP006407:일본어|CNP006407:중국어 간체|TCP006407:중국어 번체,5
KOP006182,텐카이,음식,음식 > 외국식 > 일식,56,KOP006182:한국어|ENP006182:영어|JPP006182:일본어|CNP006182:중국어 간체|TCP006182:중국어 번체,5
KOP006215,진아춘 광화문점,음식,음식 > 외국식 > 중식,56,KOP006215:한국어|ENP006215:영어|JPP006215:일본어|CNP006215:중국어 간체|TCP006215:중국어 번체,5
KOP006157,창고43,음식,음식 > 한식,56,KOP006157:한국어|ENP006157:영어|JPP006157:일본어|CNP006157:중국어 간체|TCP006157:중국어 번체,5
KOP006118,황태본가,음식,음식 > 한식,56,KOP006118:한국어|ENP006118:영어|JPP006118:일본어|CNP006118:중국어 간체|TCP006118:중국어 번체,5
KOP005983,싱카이 역삼점,음식,음식 > 외국식 > 일식,56,KOP005983:한국어|ENP005983:영어|JPP005983:일본어|CNP005983:중국어 간체|TCP005983:중국어 번체,5
KOP006473,도이치하우스,음식,음식 > 주점,56,KOP006473:한국어|ENP006473:영어|JPP006473:일본어|CNP006473:중국어 간체|TCP006473:중국어 번체,5
KOP006509,동아냉면,음식,음식 > 한식,56,KOP006509:한국어|ENP006509:영어|JPP006509:일본어|CNP006509:중국어 간체|TCP006509:중국어 번체,5
KOP006587,두가헌,음식,음식 > 외국식 > 서양식,56,KOP006587:한국어|ENP006587:영어|JPP006587:일본어|CNP006587:중국어 간체|TCP006587:중국어 번체,5
KOP006438,내고향식당,음식,음식 > 한식,56,KOP006438:한국어|ENP006438:영어|JPP006438:일본어|CNP006438:중국어 간체|TCP006438:중국어 번체,5
KOP006334,홈수끼 (Home Sukki),음식,음식 > 외국식 > 기타외국식,56,KOP006334:한국어|ENP006334:영어|JPP006334:일본어|CNP006334:중국어 간체|TCP006334:중국어 번체,5
KOP006397,개화,음식,음식 > 외국식 > 중식,56,KOP006397:한국어|ENP006397:영어|JPP006397:일본어|CNP006397:중국어 간체|TCP006397:중국어 번체,5
KOP006277,한스케익,음식,음식 > 카페/찻집,57,KOP006277:한국어|ENP006277:영어|JPP006277:일본어|CNP006277:중국어 간체|TCP006277:중국어 번체|RUP006277:러시아어,6
KOP006052,충무김밥,음식,음식 > 한식,57,KOP006052:한국어|ENP006052:영어|JPP006052:일본어|CNP006052:중국어 간체|TCP006052:중국어 번체,5
KOP006102,충무상회,음식,음식 > 한식,57,KOP006102:한국어|ENP006102:영어|JPP006102:일본어|CNP006102:중국어 간체|TCP006102:중국어 번체,5
KOP006891,워킹온더클라우드,음식,음식 > 외국식 > 서양식,57,KOP006891:한국어|ENP006891:영어|JPP006891:일본어|CNP006891:중국어 간체|TCP006891:중국어 번체,5
KOP006790,열해,음식,음식 > 외국식 > 일식,57,KOP006790:한국어|ENP006790:영어|JPP006790:일본어|CNP006790:중국어 간체|TCP006790:중국어 번체,5
KOP006539,아카사카,음식,음식 > 외국식 > 일식,57,KOP006539:한국어|ENP006539:영어|JPP006539:일본어|CNP006539:중국어 간체|TCP006539:중국어 번체,5
KOP006324,서글렁탕,음식,음식 > 한식,57,KOP006324:한국어|ENP006324:영어|JPP006324:일본어|CNP006324:중국어 간체|TCP006324:중국어 번체,5
KOP006357,성북동누룽지백숙,음식,음식 > 한식,57,KOP006357:한국어|ENP006357:영어|JPP006357:일본어|CNP006357:중국어 간체|TCP006357:중국어 번체,5
KOP006386,성북동돼지갈비집,음식,음식 > 한식,57,KOP006386:한국어|ENP006386:영어|JPP006386:일본어|CNP006386:중국어 간체|TCP006386:중국어 번체,5
KOP006425,송아저씨빈대떡,음식,음식 > 한식,57,KOP006425:한국어|ENP006425:영어|JPP006425:일본어|CNP006425:중국어 간체,4
KOP006210,부산복집,음식,음식 > 한식,57,KOP006210:한국어|ENP006210:영어|JPP006210:일본어|CNP006210:중국어 간체|TCP006210:중국어 번체,5
KOP006241,비양도,음식,음식 > 외국식 > 일식,57,KOP006241:한국어|ENP006241:영어|JPP006241:일본어|CNP006241:중국어 간체|TCP006241:중국어 번체,5
KOP006096,바다식당,음식,음식 > 한식,57,KOP006096:한국어|ENP006096:영어|JPP006096:일본어|CNP006096:중국어 간체|TCP006096:중국어 번체,5
KOP006151,백제삼계탕,음식,음식 > 한식,57,KOP006151:한국어|ENP006151:영어|JPP006151:일본어|CNP006151:중국어 간체|TCP006151:중국어 번체,5
KOP006042,무등산,음식,음식 > 한식,57,KOP006042:한국어|ENP006042:영어|JPP006042:일본어|CNP006042:중국어 간체|TCP006042:중국어 번체,5
KOP006072,문화옥,음식,음식 > 한식,57,KOP006072:한국어|ENP006072:영어|JPP006072:일본어|CNP006072:중국어 간체|TCP006072:중국어 번체,5
KOP006014,리북손만두,음식,음식 > 한식,57,KOP006014:한국어|ENP006014:영어|JPP006014:일본어|CNP006014:중국어 간체|TCP006014:중국어 번체,5
KOP005341,전주청국장집,음식,음식 > 한식,57,KOP005341:한국어|ENP005341:영어|JPP005341:일본어|CNP005341:중국어 간체|TCP005341:중국어 번체,5
KOP005422,정식당,음식,음식 > 한식,57,KOP005422:한국어|ENP005422:영어|JPP005422:일본어|CNP005422:중국어 간체|TCP005422:중국어 번체,5
KOP005496,청담골,음식,음식 > 한식,57,KOP005496:한국어|ENP005496:영어|JPP005496:일본어|CNP005496:중국어 간체|TCP005496:중국어 번체,5
KOP005525,카페먼데이투선데이,음식,음식 > 외국식 > 서양식,58,KOP005525:한국어|ENP005525:영어|JPP005525:일본어|CNP005525:중국어 간체|TCP005525:중국어 번체,5
KOP005560,케익하우스윈 (윈제과점),음식,음식 > 카페/찻집,58,KOP005560:한국어|ENP005560:영어|JPP005560:일본어|CNP005560:중국어 간체|TCP005560:중국어 번체,5
KOP005776,콰이19,음식,음식 > 외국식 > 중식,58,KOP005776:한국어|ENP005776:영어|JPP005776:일본어|CNP005776:중국어 간체|TCP005776:중국어 번체,5
KOP004961,여수동촌,음식,음식 > 한식,58,KOP004961:한국어|ENP004961:영어|JPP004961:일본어|CNP004961:중국어 간체|TCP004961:중국어 번체,5
KOP004984,영동설렁탕,음식,음식 > 한식,58,KOP004984:한국어|ENP004984:영어|JPP004984:일본어|CNP004984:중국어 간체|TCP004984:중국어 번체,5
KOP004876,야마모토스시,음식,음식 > 외국식 > 일식,58,KOP004876:한국어|ENP004876:영어|JPP004876:일본어|CNP004876:중국어 간체|TCP004876:중국어 번체,5
KOP005385,뱃고동,음식,음식 > 한식,58,KOP005385:한국어|ENP005385:영어|JPP005385:일본어|CNP005385:중국어 간체|TCP005385:중국어 번체,5
KOP005593,비스트로드욘트빌,음식,음식 > 외국식 > 서양식,58,KOP005593:한국어|ENP005593:영어|JPP005593:일본어|CNP005593:중국어 간체|TCP005593:중국어 번체,5
KOP004869,만두집,음식,음식 > 한식,58,KOP004869:한국어|ENP004869:영어|JPP004869:일본어|CNP004869:중국어 간체|TCP004869:중국어 번체,5
KOP004978,목로,음식,음식 > 한식,58,KOP004978:한국어|ENP004978:영어|JPP004978:일본어|CNP004978:중국어 간체|TCP004978:중국어 번체,5
KOP005182,미피아체,음식,음식 > 외국식 > 서양식,58,KOP005182:한국어|ENP005182:영어|JPP005182:일본어|CNP005182:중국어 간체|TCP005182:중국어 번체|RUP005182:러시아어,6
KOP005599,마당,음식,음식 > 카페/찻집,58,KOP005599:한국어|ENP005599:영어|JPP005599:일본어|CNP005599:중국어 간체|TCP005599:중국어 번체,5
KOP005679,마오,음식,음식 > 외국식 > 중식,58,KOP005679:한국어|ENP005679:영어|JPP005679:일본어|CNP005679:중국어 간체|TCP005679:중국어 번체,5
KOP005757,마포숯불갈비,음식,음식 > 한식,58,KOP005757:한국어|ENP005757:영어|JPP005757:일본어|CNP005757:중국어 간체|TCP005757:중국어 번체,5
KOP005571,리샨,음식,음식 > 외국식 > 기타외국식,58,KOP005571:한국어|ENP005571:영어|JPP005571:일본어|CNP005571:중국어 간체|TCP005571:중국어 번체,5
KOP004710,고향집,음식,음식 > 한식,58,KOP004710:한국어|ENP004710:영어|JPP004710:일본어|CNP004710:중국어 간체|TCP004710:중국어 번체,5
KOP004828,구스테이크528,음식,음식 > 외국식 > 서양식,58,KOP004828:한국어|ENP004828:영어|JPP004828:일본어|CNP004828:중국어 간체|TCP004828:중국어 번체|RUP004828:러시아어,6
KOP004858,굴비마을,음식,음식 > 한식,58,KOP004858:한국어|ENP004858:영어|JPP004858:일본어|CNP004858:중국어 간체|TCP004858:중국어 번체,5
KOP004897,그랑씨엘,음식,음식 > 외국식 > 서양식,58,KOP004897:한국어|ENP004897:영어|JPP004897:일본어|CNP004897:중국어 간체|TCP004897:중국어 번체,5
KOP004934,금성스테이크,음식,음식 > 한식,58,KOP004934:한국어|ENP004934:영어|JPP004934:일본어|CNP004934:중국어 간체|TCP004934:중국어 번체,5
KOP005470,파파호,음식,음식 > 외국식 > 기타외국식,59,KOP005470:한국어|ENP005470:영어|JPP005470:일본어|CNP005470:중국어 간체|TCP005470:중국어 번체|RUP005470:러시아어,6
KOP005069,삼성원조양곱창,음식,음식 > 한식,59,KOP005069:한국어|ENP005069:영어|JPP005069:일본어|CNP005069:중국어 간체|TCP005069:중국어 번체|RUP005069:러시아어,6
KOP005391,청담복집,음식,음식 > 한식,59,KOP005391:한국어|ENP005391:영어|JPP005391:일본어|CNP005391:중국어 간체|TCP005391:중국어 번체,5
KOP004836,마노디셰프,음식,음식 > 외국식 > 서양식,59,KOP004836:한국어|ENP004836:영어|JPP004836:일본어|CNP004836:중국어 간체|TCP004836:중국어 번체,5
KOP004966,비타민카페&amp;펍,음식,음식 > 주점,59,KOP004966:한국어|ENP004966:영어|JPP004966:일본어|CNP004966:중국어 간체|TCP004966:중국어 번체|RUP004966:러시아어,6
KOP005770,레스쁘아 뒤 이부,음식,음식 > 외국식 > 서양식,59,KOP005770:한국어|ENP005770:영어|JPP005770:일본어|CNP005770:중국어 간체|TCP005770:중국어 번체|RUP005770:러시아어,6
KOP005115,그란구스또,음식,음식 > 외국식 > 서양식,59,KOP005115:한국어|ENP005115:영어|JPP005115:일본어|CNP005115:중국어 간체|TCP005115:중국어 번체|RUP005115:러시아어,6
KOP005151,기소야,음식,음식 > 외국식 > 일식,59,KOP005151:한국어|ENP005151:영어|JPP005151:일본어|CNP005151:중국어 간체|TCP005151:중국어 번체,5
KOP005217,까발로비안코,음식,음식 > 외국식 > 서양식,59,KOP005217:한국어|ENP005217:영어|JPP005217:일본어|CNP005217:중국어 간체|TCP005217:중국어 번체|RUP005217:러시아어,6
KOP005292,꽃지,음식,음식 > 한식,59,KOP005292:한국어|ENP005292:영어|JPP005292:일본어|CNP005292:중국어 간체|TCP005292:중국어 번체,5
KOP005408,대치정육식당,음식,음식 > 한식,59,KOP005408:한국어|ENP005408:영어|JPP005408:일본어|CNP005408:중국어 간체|TCP005408:중국어 번체,5
KOP005515,두꺼비정육점식당,음식,음식 > 한식,59,KOP005515:한국어|ENP005515:영어|JPP005515:일본어|CNP005515:중국어 간체|TCP005515:중국어 번체,5
KOP004407,비꼴로,음식,음식 > 외국식 > 서양식,59,KOP004407:한국어|ENP004407:영어|JPP004407:일본어|CNP004407:중국어 간체|TCP004407:중국어 번체,5
KOP004813,포탈라,음식,음식 > 외국식 > 기타외국식,59,KOP004813:한국어|ENP004813:영어|JPP004813:일본어|CNP004813:중국어 간체|TCP004813:중국어 번체|MLP004813:말레이어,6
KOP004851,헤르지아,음식,음식 > 외국식 > 서양식,59,KOP004851:한국어|ENP004851:영어|JPP004851:일본어|CNP004851:중국어 간체|TCP004851:중국어 번체,5
KOP004148,만복림,음식,음식 > 외국식 > 중식,59,KOP004148:한국어|ENP004148:영어|JPP004148:일본어|CNP004148:중국어 간체|TCP004148:중국어 번체,5
KOP004176,디마떼오,음식,음식 > 외국식 > 서양식,59,KOP004176:한국어|ENP004176:영어|JPP004176:일본어|CNP004176:중국어 간체|TCP004176:중국어 번체|RUP004176:러시아어,6
KOP004309,동북화과왕,음식,음식 > 외국식 > 중식,59,KOP004309:한국어|ENP004309:영어|JPP004309:일본어|CNP004309:중국어 간체|TCP004309:중국어 번체,5
KOP004547,청일집,음식,음식 > 한식,59,KOP004547:한국어|ENP004547:영어|JPP004547:일본어|CNP004547:중국어 간체|TCP004547:중국어 번체|RUP004547:러시아어,6
KOP004018,하코야 역삼세무서점,음식,음식 > 외국식 > 일식,59,KOP004018:한국어|ENP004018:영어|JPP004018:일본어|CNP004018:중국어 간체|TCP004018:중국어 번체|RUP004018:러시아어,6
KOP004372,목란,음식,음식 > 외국식 > 중식,60,KOP004372:한국어|ENP004372:영어|JPP004372:일본어|CNP004372:중국어 간체|TCP004372:중국어 번체,5
KOP004069,시실리,음식,음식 > 카페/찻집,60,KOP004069:한국어|ENP004069:영어|JPP004069:일본어|CNP004069:중국어 간체|TCP004069:중국어 번체|RUP004069:러시아어,6
KOP003766,와인나라,음식,음식,60,KOP003766:한국어|ENP003766:영어|JPP003766:일본어|CNP003766:중국어 간체|TCP003766:중국어 번체|RUP003766:러시아어,6
KOP003537,맘마키키,음식,음식 > 주점,60,KOP003537:한국어|ENP003537:영어|JPP003537:일본어|CNP003537:중국어 간체|TCP003537:중국어 번체,5
KOP003624,무샤,음식,음식 > 주점,60,KOP003624:한국어|ENP003624:영어|JPP003624:일본어|CNP003624:중국어 간체|TCP003624:중국어 번체,5
KOP004169,뚜르뒤뱅,음식,음식 > 주점,60,KOP004169:한국어|ENP004169:영어|JPP004169:일본어|CNP004169:중국어 간체|TCP004169:중국어 번체,5
KOP004220,라싸브어,음식,음식 > 외국식 > 서양식,60,KOP004220:한국어|ENP004220:영어|JPP004220:일본어|CNP004220:중국어 간체|TCP004220:중국어 번체,5
KOP004367,로즈힐,음식,음식 > 한식,60,KOP004367:한국어|ENP004367:영어|JPP004367:일본어|CNP004367:중국어 간체|TCP004367:중국어 번체,5
KOP003754,남서울민물장어,음식,음식 > 한식,60,KOP003754:한국어|ENP003754:영어|JPP003754:일본어|CNP003754:중국어 간체|TCP003754:중국어 번체,5
KOP003780,노들강,음식,음식 > 한식,60,KOP003780:한국어|ENP003780:영어|JPP003780:일본어|CNP003780:중국어 간체|TCP003780:중국어 번체,5
KOP004041,대우부대찌개,음식,음식 > 한식,60,KOP004041:한국어|ENP004041:영어|JPP004041:일본어|CNP004041:중국어 간체|TCP004041:중국어 번체,5
KOP004113,더블린,음식,음식 > 주점,60,KOP004113:한국어|ENP004113:영어|JPP004113:일본어|CNP004113:중국어 간체|TCP004113:중국어 번체,5
KOP004447,강남교자,음식,음식 > 한식,60,KOP004447:한국어|ENP004447:영어|JPP004447:일본어|CNP004447:중국어 간체|TCP004447:중국어 번체,5
KOP003865,마차횟집,음식,음식 > 한식,60,KOP003865:한국어|ENP003865:영어|JPP003865:일본어|CNP003865:중국어 간체|TCP003865:중국어 번체,5
KOP004122,스시겐,음식,음식 > 외국식 > 일식,60,KOP004122:한국어|ENP004122:영어|JPP004122:일본어|CNP004122:중국어 간체|TCP004122:중국어 번체,5
KOP003542,미우미우,음식,음식 > 한식,60,KOP003542:한국어|ENP003542:영어|JPP003542:일본어|CNP003542:중국어 간체|TCP003542:중국어 번체,5
KOP003558,도림,음식,음식 > 외국식 > 중식,60,KOP003558:한국어|ENP003558:영어|JPP003558:일본어|CNP003558:중국어 간체|TCP003558:중국어 번체,5
KOP003563,알라딘의양고기,음식,음식 > 외국식 > 기타외국식,60,KOP003563:한국어|ENP003563:영어|JPP003563:일본어|CNP003563:중국어 간체|TCP003563:중국어 번체|RUP003563:러시아어|MLP003563:말레이어,7
KOP003578,어양,음식,음식 > 외국식 > 중식,60,KOP003578:한국어|ENP003578:영어|JPP003578:일본어|CNP003578:중국어 간체|TCP003578:중국어 번체,5
KOP003803,오발탄,음식,음식 > 한식,60,KOP003803:한국어|ENP003803:영어|JPP003803:일본어|CNP003803:중국어 간체|TCP003803:중국어 번체,5
KOP004053,웨스턴차이나,음식,음식 > 외국식 > 중식,61,KOP004053:한국어|ENP004053:영어|JPP004053:일본어|CNP004053:중국어 간체|TCP004053:중국어 번체,5
KOP004085,이쯔모,음식,음식 > 주점,61,KOP004085:한국어|ENP004085:영어|JPP004085:일본어|CNP004085:중국어 간체|TCP004085:중국어 번체,5
KOP004214,된장예술과술,음식,음식 > 한식,61,KOP004214:한국어|ENP004214:영어|JPP004214:일본어|CNP004214:중국어 간체|TCP004214:중국어 번체,5
KOP003422,너비집,음식,음식 > 한식,61,KOP003422:한국어|ENP003422:영어|JPP003422:일본어|CNP003422:중국어 간체|TCP003422:중국어 번체|RUP003422:러시아어,6
KOP003428,아리아께,음식,음식 > 외국식 > 일식,61,KOP003428:한국어|ENP003428:영어|JPP003428:일본어|CNP003428:중국어 간체|TCP003428:중국어 번체|RUP003428:러시아어,6
KOP003526,딸기골분식,음식,음식 > 한식,61,KOP003526:한국어|ENP003526:영어|JPP003526:일본어|CNP003526:중국어 간체|TCP003526:중국어 번체,5
KOP003612,라본느타르트,음식,음식 > 카페/찻집,61,KOP003612:한국어|ENP003612:영어|JPP003612:일본어|CNP003612:중국어 간체|TCP003612:중국어 번체,5
KOP003657,춘천집닭갈비막국수,음식,음식 > 한식,61,KOP003657:한국어|ENP003657:영어|JPP003657:일본어|CNP003657:중국어 간체|TCP003657:중국어 번체,5
KOP003707,니와,음식,음식 > 주점,61,KOP003707:한국어|ENP003707:영어|JPP003707:일본어|CNP003707:중국어 간체|TCP003707:중국어 번체|RUP003707:러시아어,6
KOP003748,봉산집,음식,음식 > 한식,61,KOP003748:한국어|ENP003748:영어|JPP003748:일본어|CNP003748:중국어 간체|TCP003748:중국어 번체|RUP003748:러시아어,6
KOP002753,장원북어국,음식,음식 > 한식,61,KOP002753:한국어|ENP002753:영어|JPP002753:일본어|CNP002753:중국어 간체|TCP002753:중국어 번체|RUP002753:러시아어,6
KOP002836,주빈,음식,음식 > 카페/찻집,61,KOP002836:한국어|ENP002836:영어|JPP002836:일본어|CNP002836:중국어 간체|TCP002836:중국어 번체|RUP002836:러시아어,6
KOP003016,진진만두,음식,음식 > 한식,61,KOP003016:한국어|ENP003016:영어|JPP003016:일본어|CNP003016:중국어 간체|TCP003016:중국어 번체,5
KOP003250,파낙스,음식,음식 > 한식,61,KOP003250:한국어|ENP003250:영어|JPP003250:일본어|CNP003250:중국어 간체|TCP003250:중국어 번체|RUP003250:러시아어,6
KOP003481,희정식당,음식,음식 > 한식,61,KOP003481:한국어|ENP003481:영어|JPP003481:일본어|CNP003481:중국어 간체|TCP003481:중국어 번체|RUP003481:러시아어,6
KOP003645,아지겐,음식,음식 > 외국식 > 일식,61,KOP003645:한국어|ENP003645:영어|JPP003645:일본어|CNP003645:중국어 간체|TCP003645:중국어 번체,5
KOP002592,하쯔호,음식,음식 > 외국식 > 일식,61,KOP002592:한국어|ENP002592:영어|JPP002592:일본어|CNP002592:중국어 간체|TCP002592:중국어 번체,5
KOP003367,수정생태,음식,음식 > 한식,61,KOP003367:한국어|ENP003367:영어|JPP003367:일본어|CNP003367:중국어 간체|TCP003367:중국어 번체|RUP003367:러시아어,6
KOP003401,대여,음식,음식 > 한식,61,KOP003401:한국어|ENP003401:영어|JPP003401:일본어|CNP003401:중국어 간체|TCP003401:중국어 번체,5
KOP003439,소도,음식,음식 > 외국식 > 일식,61,KOP003439:한국어|ENP003439:영어|JPP003439:일본어|CNP003439:중국어 간체|TCP003439:중국어 번체|RUP003439:러시아어,6
KOP003469,마도,음식,음식 > 외국식 > 일식,62,KOP003469:한국어|ENP003469:영어|JPP003469:일본어|CNP003469:중국어 간체|TCP003469:중국어 번체,5
KOP003475,성민촌,음식,음식 > 한식,62,KOP003475:한국어|ENP003475:영어|JPP003475:일본어|CNP003475:중국어 간체,4
KOP004486,스시미치루,음식,음식 > 외국식 > 일식,62,KOP004486:한국어|ENP004486:영어|JPP004486:일본어|CNP004486:중국어 간체|TCP004486:중국어 번체,5
KOP004518,백원,음식,음식 > 외국식 > 중식,62,KOP004518:한국어|ENP004518:영어|JPP004518:일본어|CNP004518:중국어 간체|TCP004518:중국어 번체,5
KOP004585,서궁,음식,음식 > 외국식 > 중식,62,KOP004585:한국어|ENP004585:영어|JPP004585:일본어|CNP004585:중국어 간체|RUP004585:러시아어,5
KOP003130,한일관,음식,음식 > 한식,62,KOP003130:한국어|ENP003130:영어|JPP003130:일본어|CNP003130:중국어 간체|TCP003130:중국어 번체|RUP003130:러시아어,6
KOP003272,가양칼국수버섯매운탕,음식,음식 > 한식,62,KOP003272:한국어|ENP003272:영어|JPP003272:일본어|CNP003272:중국어 간체|TCP003272:중국어 번체,5
KOP003346,구마산,음식,음식 > 한식,62,KOP003346:한국어|ENP003346:영어|JPP003346:일본어|CNP003346:중국어 간체|TCP003346:중국어 번체,5
KOP003362,이승남의꽃과빵,음식,음식 > 카페/찻집,62,KOP003362:한국어|ENP003362:영어|JPP003362:일본어|CNP003362:중국어 간체|TCP003362:중국어 번체,5
KOP003416,진동둔횟집,음식,음식 > 한식,62,KOP003416:한국어|ENP003416:영어|JPP003416:일본어|CNP003416:중국어 간체|TCP003416:중국어 번체,5
KOP003072,스페인클럽,음식,음식 > 외국식 > 서양식,62,KOP003072:한국어|ENP003072:영어|JPP003072:일본어|CNP003072:중국어 간체|TCP003072:중국어 번체|RUP003072:러시아어,6
KOP002686,미엘,음식,음식 > 외국식 > 서양식,62,KOP002686:한국어|ENP002686:영어|JPP002686:일본어|CNP002686:중국어 간체|TCP002686:중국어 번체,5
KOP002995,삼호짱뚱이,음식,음식 > 한식,62,KOP002995:한국어|ENP002995:영어|JPP002995:일본어|CNP002995:중국어 간체|TCP002995:중국어 번체,5
KOP003003,개화옥,음식,음식 > 한식,62,KOP003003:한국어|ENP003003:영어|JPP003003:일본어|CNP003003:중국어 간체|TCP003003:중국어 번체,5
KOP003280,지화자,음식,음식 > 한식,62,KOP003280:한국어|ENP003280:영어|JPP003280:일본어|CNP003280:중국어 간체|TCP003280:중국어 번체|RUP003280:러시아어,6
KOP003207,우래옥,음식,음식 > 한식,62,KOP003207:한국어|ENP003207:영어|JPP003207:일본어|CNP003207:중국어 간체|TCP003207:중국어 번체|RUP003207:러시아어,6
KOP003160,남포면옥(중구),음식,음식 > 한식,62,KOP003160:한국어|ENP003160:영어|JPP003160:일본어|CNP003160:중국어 간체|TCP003160:중국어 번체,5
KOP003118,남문토방,음식,음식 > 한식,62,KOP003118:한국어|ENP003118:영어|JPP003118:일본어|CNP003118:중국어 간체|TCP003118:중국어 번체|RUP003118:러시아어,6
KOP003048,곰국시집,음식,음식 > 한식,62,KOP003048:한국어|ENP003048:영어|JPP003048:일본어|CNP003048:중국어 간체|TCP003048:중국어 번체,5
KOP002791,석파랑,음식,음식 > 한식,62,KOP002791:한국어|ENP002791:영어|JPP002791:일본어|CNP002791:중국어 간체|TCP002791:중국어 번체|RUP002791:러시아어,6
KOP002745,북악정(이상갈비),음식,음식 > 한식,63,KOP002745:한국어|ENP002745:영어|JPP002745:일본어|CNP002745:중국어 간체|TCP002745:중국어 번체,5
KOP002700,컨퍼런스하우스달개비,음식,음식 > 한식,63,KOP002700:한국어|ENP002700:영어|JPP002700:일본어|CNP002700:중국어 간체|TCP002700:중국어 번체,5
KOP002659,궁나라냉면묵밥,음식,음식 > 한식,63,KOP002659:한국어|ENP002659:영어|JPP002659:일본어|CNP002659:중국어 간체|TCP002659:중국어 번체,5
KOP002537,태림산채정식,음식,음식 > 한식,63,KOP002537:한국어|ENP002537:영어|JPP002537:일본어|CNP002537:중국어 간체|TCP002537:중국어 번체,5
KOP002498,강강술래(상계점),음식,음식 > 한식,63,KOP002498:한국어|ENP002498:영어|JPP002498:일본어|CNP002498:중국어 간체|TCP002498:중국어 번체,5
KOP002412,광양불고기,음식,음식 > 한식,63,KOP002412:한국어|ENP002412:영어|JPP002412:일본어|CNP002412:중국어 간체|TCP002412:중국어 번체,5
KOP003148,봉래헌(메이필드호텔),음식,음식 > 한식,63,KOP003148:한국어|ENP003148:영어|JPP003148:일본어|CNP003148:중국어 간체|TCP003148:중국어 번체|RUP003148:러시아어,6
KOP003077,낙원(메이필드호텔),음식,음식 > 한식,63,KOP003077:한국어|ENP003077:영어|JPP003077:일본어|CNP003077:중국어 간체,4
KOP002981,신가예촌,음식,음식 > 한식,63,KOP002981:한국어|ENP002981:영어|JPP002981:일본어|CNP002981:중국어 간체|TCP002981:중국어 번체,5
KOP002861,노랑저고리 (강남점),음식,음식 > 한식,63,KOP002861:한국어|ENP002861:영어|JPP002861:일본어|CNP002861:중국어 간체|TCP002861:중국어 번체,5
KOP002772,강강술래(신림본동점),음식,음식,63,KOP002772:한국어|ENP002772:영어|JPP002772:일본어|CNP002772:중국어 간체|RUP002772:러시아어,5
KOP002693,해초록,음식,음식 > 한식,63,KOP002693:한국어|ENP002693:영어|JPP002693:일본어|CNP002693:중국어 간체|TCP002693:중국어 번체,5
KOP002632,한우리(본점),음식,음식 > 한식,63,KOP002632:한국어|ENP002632:영어|JPP002632:일본어|CNP002632:중국어 간체|TCP002632:중국어 번체,5
KOP002521,상락원,음식,음식 > 한식,63,KOP002521:한국어|ENP002521:영어|JPP002521:일본어|CNP002521:중국어 간체|TCP002521:중국어 번체,5
KOP002488,[백년가게] 삼원가든,음식,음식 > 한식,63,KOP002488:한국어|ENP002488:영어|JPP002488:일본어|CNP002488:중국어 간체|TCP002488:중국어 번체|RUP002488:러시아어,6
KOP002422,사리원,음식,음식 > 한식,63,KOP002422:한국어|ENP002422:영어|JPP002422:일본어|CNP002422:중국어 간체|TCP002422:중국어 번체,5
KOP014272,논현포차골목,음식,음식 > 주점,63,KOP014272:한국어,1
KOPylc4hg,초안산수국동산,자연관광,자연관광 > 자연공원,1,KOPylc4hg:한국어|ENPylc4hg:영어|JPPylc4hg:일본어|CNPylc4hg:중국어 간체|TCPylc4hg:중국어 번체|RUPylc4hg:러시아어|MLPylc4hg:말레이어,7
KOPtte3ed,용왕산 스카이워크,자연관광,자연관광 > 자연공원,1,KOPtte3ed:한국어|ENPtte3ed:영어|JPPtte3ed:일본어|CNPtte3ed:중국어 간체|TCPtte3ed:중국어 번체|RUPtte3ed:러시아어|MLPtte3ed:말레이어,7
KOP3pm9nc,북한산 체험형 숲속쉼터,자연관광,자연관광 > 자연공원,1,KOP3pm9nc:한국어|ENP3pm9nc:영어|JPP3pm9nc:일본어|CNP3pm9nc:중국어 간체|TCP3pm9nc:중국어 번체|RUP3pm9nc:러시아어|MLP3pm9nc:말레이어,7
KOPtr2tsi,서달산,자연관광,자연관광 > 자연경관(산),1,KOPtr2tsi:한국어|ENPtr2tsi:영어|JPPtr2tsi:일본어|CNPtr2tsi:중국어 간체|TCPtr2tsi:중국어 번체|RUPtr2tsi:러시아어|MLPtr2tsi:말레이어,7
KOPyia5so,연희숲속쉼터,자연관광,자연관광 > 자연공원,1,KOPyia5so:한국어|ENPyia5so:영어|JPPyia5so:일본어|CNPyia5so:중국어 간체|TCPyia5so:중국어 번체|RUPyia5so:러시아어|MLPyia5so:말레이어,7
KOP0aa7qh,송정제방길,자연관광,자연관광 > 자연경관(하천),1,KOP0aa7qh:한국어|ENP0aa7qh:영어|JPP0aa7qh:일본어|CNP0aa7qh:중국어 간체|TCP0aa7qh:중국어 번체,5
KOP5nlj26,남산 하늘숲길,자연관광,자연관광,1,KOP5nlj26:한국어|ENP5nlj26:영어|JPP5nlj26:일본어|CNP5nlj26:중국어 간체|TCP5nlj26:중국어 번체,5
KOPda1e2c,수락산 벽운계곡,자연관광,자연관광 > 자연경관(하천),1,KOPda1e2c:한국어|ENPda1e2c:영어|JPPda1e2c:일본어|CNPda1e2c:중국어 간체|TCPda1e2c:중국어 번체,5
KOPctphmy,용산 어린이정원,자연관광,자연관광 > 자연공원,1,KOPctphmy:한국어|ENPctphmy:영어|JPPctphmy:일본어|CNPctphmy:중국어 간체|TCPctphmy:중국어 번체,5
KOP9l9dhu,초안산근린공원 맨발 황톳길,자연관광,자연관광 > 자연공원,1,KOP9l9dhu:한국어|ENP9l9dhu:영어|JPP9l9dhu:일본어|CNP9l9dhu:중국어 간체|TCP9l9dhu:중국어 번체,5
KOP9jn7zj,남산 둘레길,자연관광,자연관광 > 자연경관(산),1,KOP9jn7zj:한국어|ENP9jn7zj:영어|JPP9jn7zj:일본어|CNP9jn7zj:중국어 간체|TCP9jn7zj:중국어 번체,5
KOPxjlehm,안양천,자연관광,자연관광 > 자연경관(하천),1,KOPxjlehm:한국어|ENPxjlehm:영어|JPPxjlehm:일본어|CNPxjlehm:중국어 간체|TCPxjlehm:중국어 번체,5
KOPkxys7x,응봉산,자연관광,자연관광 > 자연경관(산),1,KOPkxys7x:한국어|ENPkxys7x:영어|JPPkxys7x:일본어|CNPkxys7x:중국어 간체|TCPkxys7x:중국어 번체,5
KOP0l726f,밤섬,자연관광,자연관광 > 자연공원,1,KOP0l726f:한국어|ENP0l726f:영어|JPP0l726f:일본어|CNP0l726f:중국어 간체|TCP0l726f:중국어 번체,5
KOPi8pv19,경춘선숲길,자연관광,자연관광 > 자연공원,1,KOPi8pv19:한국어|ENPi8pv19:영어|JPPi8pv19:일본어|CNPi8pv19:중국어 간체|TCPi8pv19:중국어 번체|RUPi8pv19:러시아어|MLPi8pv19:말레이어,7
KOP2xzi3t,서대문 홍제폭포,자연관광,자연관광 > 자연경관(하천),1,KOP2xzi3t:한국어|ENP2xzi3t:영어|JPP2xzi3t:일본어|CNP2xzi3t:중국어 간체|TCP2xzi3t:중국어 번체,5
KOPjxg13l,마포새빛문화숲,자연관광,자연관광 > 자연공원,1,KOPjxg13l:한국어|ENPjxg13l:영어|JPPjxg13l:일본어|CNPjxg13l:중국어 간체|TCPjxg13l:중국어 번체|RUPjxg13l:러시아어,6
KOPhyd9ee,서촌한옥마을,자연관광,자연관광,1,KOPhyd9ee:한국어|ENPhyd9ee:영어|JPPhyd9ee:일본어|CNPhyd9ee:중국어 간체|TCPhyd9ee:중국어 번체,5
KOPbdyynw,뚝섬한강공원,자연관광,자연관광 > 자연공원,1,KOPbdyynw:한국어|ENPbdyynw:영어|JPPbdyynw:일본어|CNPbdyynw:중국어 간체|TCPbdyynw:중국어 번체,5
KOPsgywus,서초꽃마당,자연관광,자연관광 > 자연공원,1,KOPsgywus:한국어|ENPsgywus:영어|JPPsgywus:일본어|TCPsgywus:중국어 번체|RUPsgywus:러시아어|MLPsgywus:말레이어,6
KOPv3l77y,청계산 수변공원,자연관광,자연관광 > 자연공원,2,KOPv3l77y:한국어|ENPv3l77y:영어|JPPv3l77y:일본어|CNPv3l77y:중국어 간체|TCPv3l77y:중국어 번체|RUPv3l77y:러시아어|MLPv3l77y:말레이어,7
KOP042170,어린이대공원 꿈마루,자연관광,자연관광,2,KOP042170:한국어|ENP042170:영어,2
KOP040795,용산공원 부분개방부지,자연관광,자연관광,2,KOP040795:한국어|ENP040795:영어|JPP040795:일본어|CNP040795:중국어 간체|TCP040795:중국어 번체|RUP040795:러시아어|MLP040795:말레이어,7
KOP039306,인왕산 야경,자연관광,자연관광 > 자연경관(산),2,KOP039306:한국어|ENP039306:영어|JPP039306:일본어|CNP039306:중국어 간체|TCP039306:중국어 번체|RUP039306:러시아어|MLP039306:말레이어,7
KOP039305,용마산,자연관광,자연관광,2,KOP039305:한국어|ENP039305:영어|JPP039305:일본어|CNP039305:중국어 간체|TCP039305:중국어 번체|RUP039305:러시아어|MLP039305:말레이어,7
KOP038786,응봉산 야경,자연관광,자연관광 > 자연경관(산),2,KOP038786:한국어|ENP038786:영어|JPP038786:일본어|CNP038786:중국어 간체|TCP038786:중국어 번체|RUP038786:러시아어|MLP038786:말레이어,7
KOP038785,응봉산 팔각정,자연관광,자연관광 > 자연경관(산),2,KOP038785:한국어|ENP038785:영어|JPP038785:일본어|CNP038785:중국어 간체|TCP038785:중국어 번체|RUP038785:러시아어|MLP038785:말레이어,7
KOP038069,서울로 수생식물원,자연관광,자연관광 > 자연공원,2,KOP038069:한국어|ENP038069:영어|JPP038069:일본어|CNP038069:중국어 간체|TCP038069:중국어 번체|RUP038069:러시아어,6
KOP037952,수성동계곡,자연관광,자연관광 > 자연경관(산),2,KOP037952:한국어|ENP037952:영어|JPP037952:일본어|CNP037952:중국어 간체|TCP037952:중국어 번체,5
KOP037532,지양산,자연관광,자연관광 > 자연경관(산),2,KOP037532:한국어|ENP037532:영어|JPP037532:일본어|CNP037532:중국어 간체|TCP037532:중국어 번체|RUP037532:러시아어|MLP037532:말레이어,7
KOP037529,백련산,자연관광,자연관광 > 자연경관(산),2,KOP037529:한국어|ENP037529:영어|JPP037529:일본어|CNP037529:중국어 간체|TCP037529:중국어 번체|RUP037529:러시아어|MLP037529:말레이어,7
KOP037364,안산,자연관광,자연관광 > 자연경관(산),2,KOP037364:한국어|ENP037364:영어|JPP037364:일본어|CNP037364:중국어 간체|TCP037364:중국어 번체|RUP037364:러시아어|MLP037364:말레이어,7
KOP035307,중랑캠핑숲,자연관광,자연관광 > 자연경관(산),2,KOP035307:한국어|ENP035307:영어|JPP035307:일본어|CNP035307:중국어 간체|TCP035307:중국어 번체|RUP035307:러시아어|MLP035307:말레이어,7
KOP032823,개화산,자연관광,자연관광 > 자연경관(산),2,KOP032823:한국어|ENP032823:영어|JPP032823:일본어|CNP032823:중국어 간체|TCP032823:중국어 번체|RUP032823:러시아어|MLP032823:말레이어,7
KOP031922,노들섬,자연관광,자연관광,2,KOP031922:한국어|ENP031922:영어|JPP031922:일본어|CNP031922:중국어 간체|TCP031922:중국어 번체|RUP031922:러시아어|MLP031922:말레이어,7
KOP029802,삼천사계곡,자연관광,자연관광 > 자연경관(산),2,KOP029802:한국어|ENP029802:영어|JPP029802:일본어|CNP029802:중국어 간체|TCP029802:중국어 번체|RUP029802:러시아어|MLP029802:말레이어,7
KOP029800,진관사계곡,자연관광,자연관광 > 자연경관(산),2,KOP029800:한국어|ENP029800:영어|JPP029800:일본어|CNP029800:중국어 간체|TCP029800:중국어 번체|RUP029800:러시아어|MLP029800:말레이어,7
KOP029798,우이동계곡,자연관광,자연관광 > 자연경관(산),2,KOP029798:한국어|ENP029798:영어|JPP029798:일본어|CNP029798:중국어 간체|TCP029798:중국어 번체|RUP029798:러시아어|MLP029798:말레이어,7
KOP029797,백사실계곡,자연관광,자연관광 > 자연경관(산),2,KOP029797:한국어|ENP029797:영어|JPP029797:일본어|CNP029797:중국어 간체|TCP029797:중국어 번체|RUP029797:러시아어|MLP029797:말레이어,7
KOP029796,푸른수목원,자연관광,자연관광 > 자연공원,2,KOP029796:한국어|ENP029796:영어|JPP029796:일본어|CNP029796:중국어 간체|TCP029796:중국어 번체|RUP029796:러시아어|MLP029796:말레이어,7
KOP028658,소월길,자연관광,자연관광 > 자연경관(산),3,KOP028658:한국어|ENP028658:영어|JPP028658:일본어|CNP028658:중국어 간체|TCP028658:중국어 번체|RUP028658:러시아어|MLP028658:말레이어,7
KOP028656,백범광장공원,자연관광,자연관광,3,KOP028656:한국어|ENP028656:영어|JPP028656:일본어|CNP028656:중국어 간체|TCP028656:중국어 번체|RUP028656:러시아어|MLP028656:말레이어,7
KOP027690,봉산,자연관광,자연관광 > 자연경관(산),3,KOP027690:한국어|ENP027690:영어|JPP027690:일본어|CNP027690:중국어 간체|TCP027690:중국어 번체|RUP027690:러시아어|MLP027690:말레이어,7
KOP027689,아차산,자연관광,자연관광 > 자연경관(산),3,KOP027689:한국어|ENP027689:영어|JPP027689:일본어|CNP027689:중국어 간체|TCP027689:중국어 번체|RUP027689:러시아어|MLP027689:말레이어,7
KOP027688,서래섬,자연관광,자연관광 > 자연경관(하천),3,KOP027688:한국어|ENP027688:영어|JPP027688:일본어|CNP027688:중국어 간체|TCP027688:중국어 번체|RUP027688:러시아어|MLP027688:말레이어,7
KOP027397,서울식물원,자연관광,자연관광 > 자연공원,3,KOP027397:한국어|ENP027397:영어|JPP027397:일본어|CNP027397:중국어 간체|TCP027397:중국어 번체|RUP027397:러시아어|MLP027397:말레이어,7
KOP027296,망우산 사색의 길,자연관광,자연관광 > 자연경관(산),3,KOP027296:한국어|ENP027296:영어|JPP027296:일본어|CNP027296:중국어 간체|TCP027296:중국어 번체|RUP027296:러시아어|MLP027296:말레이어,7
KOP016327,선유도 야경,자연관광,자연관광 > 자연경관(하천),3,KOP016327:한국어|ENP016327:영어|JPP016327:일본어|CNP016327:중국어 간체|TCP016327:중국어 번체,5
KOP016326,매봉산 야경,자연관광,자연관광 > 자연경관(산),3,KOP016326:한국어|ENP016326:영어|JPP016326:일본어|CNP016326:중국어 간체|TCP016326:중국어 번체|RUP016326:러시아어|MLP016326:말레이어,7
KOP016324,북악산 야경,자연관광,자연관광 > 자연경관(산),3,KOP016324:한국어|ENP016324:영어|JPP016324:일본어|CNP016324:중국어 간체|TCP016324:중국어 번체|RUP016324:러시아어|MLP016324:말레이어,7
KOP015873,서울 둘레길 코스 안내,자연관광,자연관광 > 자연경관(산),3,KOP015873:한국어|RUP015873:러시아어,2
KOP015765,용양봉저정공원,자연관광,자연관광 > 자연공원,3,KOP015765:한국어|ENP015765:영어|JPP015765:일본어|CNP015765:중국어 간체|TCP015765:중국어 번체,5
KOP015060,한강,자연관광,자연관광 > 자연경관(하천),3,KOP015060:한국어|ENP015060:영어|JPP015060:일본어|CNP015060:중국어 간체|TCP015060:중국어 번체|RUP015060:러시아어|MLP015060:말레이어,7
KOP002257,불광천,자연관광,자연관광 > 자연경관(하천),3,KOP002257:한국어|ENP002257:영어|JPP002257:일본어|CNP002257:중국어 간체|TCP002257:중국어 번체|RUP002257:러시아어|MLP002257:말레이어,7
KOP002029,홍릉시험림(홍릉숲),자연관광,자연관광 > 자연공원,3,KOP002029:한국어|ENP002029:영어|JPP002029:일본어|CNP002029:중국어 간체|TCP002029:중국어 번체|RUP002029:러시아어|MLP002029:말레이어,7
KOP001306,용산가족공원,자연관광,자연관광 > 자연공원,3,KOP001306:한국어|ENP001306:영어|JPP001306:일본어|CNP001306:중국어 간체|TCP001306:중국어 번체|MLP001306:말레이어,6
KOP000369,북한산국립공원,자연관광,자연관광 > 자연공원,3,KOP000369:한국어|ENP000369:영어|JPP000369:일본어|CNP000369:중국어 간체|TCP000369:중국어 번체|RUP000369:러시아어|MLP000369:말레이어,7
KOP000034,청계천,자연관광,자연관광 > 자연경관(하천),3,KOP000034:한국어|ENP000034:영어|JPP000034:일본어|CNP000034:중국어 간체|TCP000034:중국어 번체|RUP000034:러시아어|MLP000034:말레이어,7
KOP011395,뚝섬유원지,자연관광,자연관광 > 자연경관(하천),3,KOP011395:한국어|ENP011395:영어|JPP011395:일본어|CNP011395:중국어 간체|TCP011395:중국어 번체|RUP011395:러시아어|MLP011395:말레이어,7
KOP009998,"한강공원, 난지캠핑장",자연관광,자연관광 > 자연공원,3,KOP009998:한국어|ENP009998:영어|JPP009998:일본어|CNP009998:중국어 간체|TCP009998:중국어 번체,5
KOP009991,노을공원 캠핑장,자연관광,자연관광,4,KOP009991:한국어|ENP009991:영어,2
KOP004398,관악산,자연관광,자연관광 > 자연경관(산),4,KOP004398:한국어|ENP004398:영어|JPP004398:일본어|CNP004398:중국어 간체|TCP004398:중국어 번체|RUP004398:러시아어|MLP004398:말레이어,7
KOP003840,인왕산,자연관광,자연관광 > 자연경관(산),4,KOP003840:한국어|ENP003840:영어|JPP003840:일본어|CNP003840:중국어 간체|TCP003840:중국어 번체|RUP003840:러시아어|MLP003840:말레이어,7
KOP003828,불암산,자연관광,자연관광 > 자연경관(산),4,KOP003828:한국어|ENP003828:영어|JPP003828:일본어|CNP003828:중국어 간체|TCP003828:중국어 번체|RUP003828:러시아어|MLP003828:말레이어,7
KOP003796,백악(북악)산 (서울 한양도성),자연관광,자연관광 > 자연경관(산),4,KOP003796:한국어|ENP003796:영어|JPP003796:일본어|CNP003796:중국어 간체|TCP003796:중국어 번체|RUP003796:러시아어|MLP003796:말레이어,7
KOP003598,도봉산,자연관광,자연관광 > 자연경관(산),4,KOP003598:한국어|ENP003598:영어|JPP003598:일본어|CNP003598:중국어 간체|TCP003598:중국어 번체|RUP003598:러시아어|MLP003598:말레이어,7
KOP003165,수락산,자연관광,자연관광 > 자연경관(산),4,KOP003165:한국어|ENP003165:영어|JPP003165:일본어|CNP003165:중국어 간체|TCP003165:중국어 번체|RUP003165:러시아어|MLP003165:말레이어,7
KOP002429,양재천&amp;탄천,자연관광,자연관광 > 자연경관(하천),4,KOP002429:한국어|ENP002429:영어|JPP002429:일본어|CNP002429:중국어 간체|TCP002429:중국어 번체|RUP002429:러시아어|MLP002429:말레이어,7
KOP002300,불광천 해담는다리,자연관광,자연관광 > 자연경관(하천),4,KOP002300:한국어|ENP002300:영어|JPP002300:일본어|CNP002300:중국어 간체|TCP002300:중국어 번체|RUP002300:러시아어|MLP002300:말레이어,7
KOP002287,홍제천,자연관광,자연관광 > 자연경관(하천),4,KOP002287:한국어|ENP002287:영어|JPP002287:일본어|CNP002287:중국어 간체|TCP002287:중국어 번체|RUP002287:러시아어,6
KOP001981,중랑천 제방,자연관광,자연관광,4,KOP001981:한국어|ENP001981:영어|JPP001981:일본어|CNP001981:중국어 간체|TCP001981:중국어 번체,5
KOPw0625e,포터림,체험관광,체험관광 > 공예체험,1,KOPw0625e:한국어|ENPw0625e:영어|JPPw0625e:일본어|CNPw0625e:중국어 간체|TCPw0625e:중국어 번체|RUPw0625e:러시아어|MLPw0625e:말레이어,7
KOPsdmz8m,한강레져스포츠,체험관광,체험관광 > 기타체험,1,KOPsdmz8m:한국어|ENPsdmz8m:영어|JPPsdmz8m:일본어|CNPsdmz8m:중국어 간체|TCPsdmz8m:중국어 번체|RUPsdmz8m:러시아어|MLPsdmz8m:말레이어,7
KOPuuvdzi,아르테파인 용산(모터사이클 렌탈샵) / Artefine Yongsan(Motorcycle Rental shop),체험관광,체험관광 > 기타체험,1,KOPuuvdzi:한국어|ENPuuvdzi:영어|JPPuuvdzi:일본어|CNPuuvdzi:중국어 간체|TCPuuvdzi:중국어 번체|RUPuuvdzi:러시아어|MLPuuvdzi:말레이어,7
KOPuz5pe1,한강유람선 이랜드크루즈,체험관광,체험관광 > 기타체험,1,KOPuz5pe1:한국어|ENPuz5pe1:영어|JPPuz5pe1:일본어|CNPuz5pe1:중국어 간체|TCPuz5pe1:중국어 번체|RUPuz5pe1:러시아어|MLPuz5pe1:말레이어,7
KOP7q4h12,노원기차마을,체험관광,체험관광 > 기타체험,1,KOP7q4h12:한국어|ENP7q4h12:영어|JPP7q4h12:일본어|CNP7q4h12:중국어 간체|TCP7q4h12:중국어 번체|RUP7q4h12:러시아어|MLP7q4h12:말레이어,7
KOP98vqxc,Color Signal (컬러시그널),체험관광,체험관광 > 기타체험,1,KOP98vqxc:한국어|ENP98vqxc:영어|JPP98vqxc:일본어|CNP98vqxc:중국어 간체|TCP98vqxc:중국어 번체|RUP98vqxc:러시아어|MLP98vqxc:말레이어,7
KOPh6ancr,한국패션심리연구원 (Korea Fashion Psychology Institute),체험관광,체험관광 > 기타체험,1,KOPh6ancr:한국어|ENPh6ancr:영어|JPPh6ancr:일본어|CNPh6ancr:중국어 간체|TCPh6ancr:중국어 번체|RUPh6ancr:러시아어|MLPh6ancr:말레이어,7
KOPaijkqu,명동 퍼스널컬러&amp; 메이크업 컬러홀릭,체험관광,체험관광 > 웰니스관광,1,KOPaijkqu:한국어|ENPaijkqu:영어|JPPaijkqu:일본어|CNPaijkqu:중국어 간체|TCPaijkqu:중국어 번체|RUPaijkqu:러시아어|MLPaijkqu:말레이어,7
KOPhd6ywx,아델라인 주얼리 스튜디오 (Adellain Jewelry Studio),체험관광,체험관광 > 웰니스관광,1,KOPhd6ywx:한국어|ENPhd6ywx:영어|JPPhd6ywx:일본어|CNPhd6ywx:중국어 간체|TCPhd6ywx:중국어 번체|RUPhd6ywx:러시아어|MLPhd6ywx:말레이어,7
KOPsbsko1,A:muu Hair (명동 에이뮤 헤어),체험관광,체험관광 > 웰니스관광,1,KOPsbsko1:한국어|ENPsbsko1:영어|JPPsbsko1:일본어|CNPsbsko1:중국어 간체|TCPsbsko1:중국어 번체|RUPsbsko1:러시아어|MLPsbsko1:말레이어,7
KOPf78gji,런닝맨 체험관 인사동점,체험관광,체험관광 > 기타체험,1,KOPf78gji:한국어|ENPf78gji:영어|JPPf78gji:일본어|CNPf78gji:중국어 간체|TCPf78gji:중국어 번체|RUPf78gji:러시아어|MLPf78gji:말레이어,7
KOPkq5ji1,영카이브 서촌점,체험관광,체험관광 > 기타체험,1,KOPkq5ji1:한국어|ENPkq5ji1:영어|JPPkq5ji1:일본어|CNPkq5ji1:중국어 간체|TCPkq5ji1:중국어 번체|RUPkq5ji1:러시아어|MLPkq5ji1:말레이어,7
KOPg992ys,내 친구 서울 서울갤러리 (Seoul Gallery),체험관광,체험관광 > 기타체험,1,KOPg992ys:한국어|ENPg992ys:영어|JPPg992ys:일본어|CNPg992ys:중국어 간체|TCPg992ys:중국어 번체,5
KOPcztazx,루이 비통 비저너리 저니 서울,체험관광,체험관광 > 기타체험,1,KOPcztazx:한국어|ENPcztazx:영어|JPPcztazx:일본어|CNPcztazx:중국어 간체|TCPcztazx:중국어 번체,5
KOPwygusk,로렐 스튜디오,체험관광,체험관광 > 웰니스관광,1,KOPwygusk:한국어|ENPwygusk:영어|JPPwygusk:일본어|CNPwygusk:중국어 간체|TCPwygusk:중국어 번체,5
KOPi88tyg,베뉴지아쿠아24,체험관광,체험관광 > 웰니스관광,1,KOPi88tyg:한국어|ENPi88tyg:영어|JPPi88tyg:일본어|CNPi88tyg:중국어 간체|TCPi88tyg:중국어 번체,5
KOPic1sqq,편강 율 플래그십&amp;티하우스,체험관광,체험관광 > 기타체험,1,KOPic1sqq:한국어|ENPic1sqq:영어|JPPic1sqq:일본어|CNPic1sqq:중국어 간체|TCPic1sqq:중국어 번체,5
KOPiwuy53,설렘캔들,체험관광,체험관광 > 공예체험,1,KOPiwuy53:한국어|ENPiwuy53:영어|JPPiwuy53:일본어|CNPiwuy53:중국어 간체|TCPiwuy53:중국어 번체,5
KOP0chi2z,복스파,체험관광,체험관광 > 웰니스관광,1,KOP0chi2z:한국어|ENP0chi2z:영어|JPP0chi2z:일본어|CNP0chi2z:중국어 간체|TCP0chi2z:중국어 번체,5
KOPfg2lhj,컬러홀릭 퍼스널컬러 진단 이미지 연구소,체험관광,체험관광 > 기타체험,1,KOPfg2lhj:한국어|ENPfg2lhj:영어|JPPfg2lhj:일본어|CNPfg2lhj:중국어 간체|TCPfg2lhj:중국어 번체,5
KOPnhju8i,다락방,체험관광,체험관광 > 전통체험,2,KOPnhju8i:한국어|ENPnhju8i:영어|JPPnhju8i:일본어|CNPnhju8i:중국어 간체|TCPnhju8i:중국어 번체,5
KOP59q6hd,여성전용 1인 세신샵 담다,체험관광,체험관광 > 웰니스관광,2,KOP59q6hd:한국어|JPP59q6hd:일본어|CNP59q6hd:중국어 간체|TCP59q6hd:중국어 번체,4
KOP0pzgtj,국제선센터 템플스테이,체험관광,체험관광 > 산사체험,2,KOP0pzgtj:한국어|ENP0pzgtj:영어|JPP0pzgtj:일본어|CNP0pzgtj:중국어 간체|TCP0pzgtj:중국어 번체|RUP0pzgtj:러시아어|MLP0pzgtj:말레이어,7
KOPz0djo8,프린트카페 안국역점,체험관광,체험관광 > 기타체험,2,KOPz0djo8:한국어|ENPz0djo8:영어|JPPz0djo8:일본어|CNPz0djo8:중국어 간체|TCPz0djo8:중국어 번체,5
KOP0cezb3,성수 셀프 포토부스,체험관광,체험관광 > 기타체험,2,KOP0cezb3:한국어|ENP0cezb3:영어|JPP0cezb3:일본어|CNP0cezb3:중국어 간체|TCP0cezb3:중국어 번체,5
KOPerc3q8,나비잠 안마의자 광화문시그니처점,체험관광,체험관광 > 기타체험,2,KOPerc3q8:한국어|ENPerc3q8:영어|JPPerc3q8:일본어|CNPerc3q8:중국어 간체|TCPerc3q8:중국어 번체,5
KOP3kiw23,나도 명상 한번 해볼까?,체험관광,체험관광 > 산사체험,2,KOP3kiw23:한국어|ENP3kiw23:영어|JPP3kiw23:일본어|CNP3kiw23:중국어 간체|TCP3kiw23:중국어 번체,5
KOPe60s5s,딜리센트 향수&amp;캔들공방,체험관광,체험관광 > 기타체험,2,KOPe60s5s:한국어|ENPe60s5s:영어|JPPe60s5s:일본어|CNPe60s5s:중국어 간체|TCPe60s5s:중국어 번체,5
KOPil6eky,레터링주얼리랩,체험관광,체험관광 > 공예체험,2,KOPil6eky:한국어|ENPil6eky:영어|JPPil6eky:일본어|CNPil6eky:중국어 간체|TCPil6eky:중국어 번체,5
KOPfj804w,스튜디오 코스모스,체험관광,체험관광 > 기타체험,2,KOPfj804w:한국어|ENPfj804w:영어|JPPfj804w:일본어|CNPfj804w:중국어 간체|TCPfj804w:중국어 번체,5
KOPgu3ezw,강풀 만화 거리 투어,체험관광,체험관광 > 기타체험,2,KOPgu3ezw:한국어|ENPgu3ezw:영어|JPPgu3ezw:일본어|CNPgu3ezw:중국어 간체|TCPgu3ezw:중국어 번체,5
KOP0jakmu,파크하비오 워터킹덤 워터파크&amp;찜질스파,체험관광,체험관광 > 웰니스관광,2,KOP0jakmu:한국어|ENP0jakmu:영어|JPP0jakmu:일본어|CNP0jakmu:중국어 간체|TCP0jakmu:중국어 번체|RUP0jakmu:러시아어|MLP0jakmu:말레이어,7
KOPccgonx,스파고결,체험관광,체험관광 > 웰니스관광,2,KOPccgonx:한국어|ENPccgonx:영어|JPPccgonx:일본어|CNPccgonx:중국어 간체|TCPccgonx:중국어 번체,5
KOP8qrjci,희섬,체험관광,체험관광 > 전통체험,2,KOP8qrjci:한국어|ENP8qrjci:영어|JPP8qrjci:일본어|CNP8qrjci:중국어 간체|TCP8qrjci:중국어 번체|RUP8qrjci:러시아어|MLP8qrjci:말레이어,7
KOP8j6kof,뷰티플레이 홍대점,체험관광,체험관광 > 기타체험,2,KOP8j6kof:한국어|ENP8j6kof:영어|JPP8j6kof:일본어|CNP8j6kof:중국어 간체|TCP8j6kof:중국어 번체,5
KOPpz1oh8,"더봄 : 퍼스널컬러,메이크업 명동",체험관광,체험관광 > 기타체험,2,KOPpz1oh8:한국어|ENPpz1oh8:영어|JPPpz1oh8:일본어|CNPpz1oh8:중국어 간체|TCPpz1oh8:중국어 번체,5
KOPuqpj4a,녹사평 육교,체험관광,체험관광,2,KOPuqpj4a:한국어|CNPuqpj4a:중국어 간체,2
KOPlwvkl4,한강초교앞보도육교,체험관광,체험관광,2,KOPlwvkl4:한국어|CNPlwvkl4:중국어 간체,2
KOP4b0nj3,서울서초글램핑청계산장,체험관광,체험관광,2,KOP4b0nj3:한국어|ENP4b0nj3:영어,2
KOP512i62,북한산둘레캠프,체험관광,체험관광,2,KOP512i62:한국어|ENP512i62:영어,2
KOPa2rvwq,손기정문화도서관,체험관광,체험관광,3,KOPa2rvwq:한국어|TCPa2rvwq:중국어 번체,2
KOPk1cyet,통의동 보안여관,체험관광,체험관광 > 기타체험,3,KOPk1cyet:한국어|ENPk1cyet:영어|JPPk1cyet:일본어|CNPk1cyet:중국어 간체|TCPk1cyet:중국어 번체|MLPk1cyet:말레이어,6
KOPpr4e29,채그로,체험관광,체험관광 > 기타체험,3,KOPpr4e29:한국어|ENPpr4e29:영어|JPPpr4e29:일본어|CNPpr4e29:중국어 간체|TCPpr4e29:중국어 번체|MLPpr4e29:말레이어,6
KOP9qf7aa,ㅎㄷ카페(홍대카페),체험관광,체험관광,3,KOP9qf7aa:한국어|ENP9qf7aa:영어|JPP9qf7aa:일본어|CNP9qf7aa:중국어 간체|TCP9qf7aa:중국어 번체|MLP9qf7aa:말레이어,6
KOP76fq4a,단오풍정 한옥점,체험관광,체험관광 > 웰니스관광,3,KOP76fq4a:한국어|JPP76fq4a:일본어,2
KOP8bplee,강남실탄사격장 송파하비오호텔,체험관광,체험관광,3,KOP8bplee:한국어|ENP8bplee:영어|JPP8bplee:일본어|CNP8bplee:중국어 간체|TCP8bplee:중국어 번체,5
KOPi8afi4,SEOUL CULTURE LOUNGE 서울컬쳐라운지,체험관광,체험관광 > 전통체험,3,KOPi8afi4:한국어|ENPi8afi4:영어|JPPi8afi4:일본어|CNPi8afi4:중국어 간체|TCPi8afi4:중국어 번체,5
KOPp8olr5,아리랑 하우스,체험관광,체험관광 > 기타체험,3,KOPp8olr5:한국어|ENPp8olr5:영어|JPPp8olr5:일본어|CNPp8olr5:중국어 간체|TCPp8olr5:중국어 번체|RUPp8olr5:러시아어|MLPp8olr5:말레이어,7
KOP6lxyy0,한식문화공간이음,체험관광,체험관광 > 전통체험,3,KOP6lxyy0:한국어|ENP6lxyy0:영어|JPP6lxyy0:일본어|CNP6lxyy0:중국어 간체|TCP6lxyy0:중국어 번체,5
KOP2ikgt3,채율,체험관광,체험관광 > 전통체험,3,KOP2ikgt3:한국어|ENP2ikgt3:영어|RUP2ikgt3:러시아어|MLP2ikgt3:말레이어,4
KOP4rwpvy,시범사우나,체험관광,체험관광,3,KOP4rwpvy:한국어|ENP4rwpvy:영어|JPP4rwpvy:일본어|CNP4rwpvy:중국어 간체|TCP4rwpvy:중국어 번체,5
KOPmil2we,매일온천,체험관광,체험관광,3,KOPmil2we:한국어|ENPmil2we:영어|JPPmil2we:일본어|CNPmil2we:중국어 간체|TCPmil2we:중국어 번체,5
KOPwi2gw4,닥터포헤어 케어랩,체험관광,체험관광 > 웰니스관광,3,KOPwi2gw4:한국어|ENPwi2gw4:영어|JPPwi2gw4:일본어|CNPwi2gw4:중국어 간체|TCPwi2gw4:중국어 번체,5
KOPwdn7lf,월드케이팝센터,체험관광,체험관광 > 기타체험,3,KOPwdn7lf:한국어|ENPwdn7lf:영어|JPPwdn7lf:일본어|CNPwdn7lf:중국어 간체|TCPwdn7lf:중국어 번체,5
KOP75ls3r,서울김치문화체험관,체험관광,체험관광 > 전통체험,3,KOP75ls3r:한국어|ENP75ls3r:영어|JPP75ls3r:일본어|CNP75ls3r:중국어 간체|TCP75ls3r:중국어 번체,5
KOPou8ab9,미스맥 서촌한옥스튜디오,체험관광,체험관광 > 기타체험,3,KOPou8ab9:한국어|ENPou8ab9:영어|JPPou8ab9:일본어|CNPou8ab9:중국어 간체|TCPou8ab9:중국어 번체,5
KOP3wv0j4,K-pop Recording HEMA studio,체험관광,체험관광 > 기타체험,3,KOP3wv0j4:한국어|ENP3wv0j4:영어|JPP3wv0j4:일본어|CNP3wv0j4:중국어 간체|TCP3wv0j4:중국어 번체,5
KOP5dtalk,아다모스튜디오,체험관광,체험관광 > 산업관광,3,KOP5dtalk:한국어|ENP5dtalk:영어|JPP5dtalk:일본어|CNP5dtalk:중국어 간체|TCP5dtalk:중국어 번체,5
KOP56qewe,설화철물,체험관광,체험관광 > 산업관광,3,KOP56qewe:한국어|ENP56qewe:영어|JPP56qewe:일본어|CNP56qewe:중국어 간체|TCP56qewe:중국어 번체,5
KOPoflaca,학사당구장,체험관광,체험관광 > 기타체험,3,KOPoflaca:한국어|ENPoflaca:영어|JPPoflaca:일본어|CNPoflaca:중국어 간체|TCPoflaca:중국어 번체,5
KOPoqlgy2,엘부림양복점,체험관광,체험관광 > 공예체험,4,KOPoqlgy2:한국어|ENPoqlgy2:영어|JPPoqlgy2:일본어|CNPoqlgy2:중국어 간체|TCPoqlgy2:중국어 번체,5
KOP851vd2,삼양탕,체험관광,체험관광 > 전통체험,4,KOP851vd2:한국어|ENP851vd2:영어|JPP851vd2:일본어|CNP851vd2:중국어 간체|TCP851vd2:중국어 번체,5
KOP1vsos3,서울스튜디오,체험관광,체험관광 > 공예체험,4,KOP1vsos3:한국어|ENP1vsos3:영어|JPP1vsos3:일본어|CNP1vsos3:중국어 간체|TCP1vsos3:중국어 번체,5
KOPnel0nx,상신당,체험관광,체험관광 > 전통체험,4,KOPnel0nx:한국어|ENPnel0nx:영어|JPPnel0nx:일본어|CNPnel0nx:중국어 간체|TCPnel0nx:중국어 번체,5
KOP037043,ONDO STUDIO,체험관광,체험관광 > 공예체험,4,KOP037043:한국어|ENP037043:영어|JPP037043:일본어|CNP037043:중국어 간체|TCP037043:중국어 번체|RUP037043:러시아어|MLP037043:말레이어,7
KOP034361,세라듀 도자기공방,체험관광,체험관광 > 공예체험,4,KOP034361:한국어|ENP034361:영어|JPP034361:일본어|CNP034361:중국어 간체|TCP034361:중국어 번체|RUP034361:러시아어|MLP034361:말레이어,7
KOP034359,세빛섬 튜브스터,체험관광,체험관광,4,KOP034359:한국어|ENP034359:영어|CNP034359:중국어 간체|TCP034359:중국어 번체|MLP034359:말레이어,5
KOP029767,국궁전시관,체험관광,체험관광 > 전통체험,4,KOP029767:한국어|ENP029767:영어|JPP029767:일본어|CNP029767:중국어 간체|TCP029767:중국어 번체|RUP029767:러시아어,6
KOP028457,더리버 마리나,체험관광,체험관광 > 기타체험,4,KOP028457:한국어|ENP028457:영어|JPP028457:일본어|CNP028457:중국어 간체|TCP028457:중국어 번체,5
KOP028456,더리버,체험관광,체험관광 > 기타체험,4,KOP028456:한국어|JPP028456:일본어|CNP028456:중국어 간체|TCP028456:중국어 번체,4
KOP028278,청계천 판잣집 체험관,체험관광,체험관광 > 공예체험,4,KOP028278:한국어|ENP028278:영어|JPP028278:일본어|CNP028278:중국어 간체|TCP028278:중국어 번체|RUP028278:러시아어,6
KOP028037,비스타 워커힐 서울,체험관광,체험관광 > 웰니스관광,4,KOP028037:한국어|ENP028037:영어|JPP028037:일본어|CNP028037:중국어 간체|TCP028037:중국어 번체,5
KOP028036,봉일온천,체험관광,체험관광 > 기타체험,4,KOP028036:한국어|ENP028036:영어|JPP028036:일본어|CNP028036:중국어 간체|TCP028036:중국어 번체,5
KOP028035,우리유황온천,체험관광,체험관광 > 웰니스관광,4,KOP028035:한국어|ENP028035:영어|JPP028035:일본어|CNP028035:중국어 간체|TCP028035:중국어 번체,5
KOP027997,그날 그 한복,체험관광,체험관광 > 전통체험,4,KOP027997:한국어|ENP027997:영어|JPP027997:일본어|CNP027997:중국어 간체|TCP027997:중국어 번체,5
KOP027813,북촌목공예공방,체험관광,체험관광 > 공예체험,4,KOP027813:한국어|ENP027813:영어|JPP027813:일본어|CNP027813:중국어 간체|TCP027813:중국어 번체,5
KOP027812,가원공방,체험관광,체험관광 > 공예체험,4,KOP027812:한국어|ENP027812:영어|JPP027812:일본어|CNP027812:중국어 간체|TCP027812:중국어 번체,5
KOP025927,명신당필방,체험관광,체험관광 > 전통체험,4,KOP025927:한국어|ENP025927:영어|JPP025927:일본어|CNP025927:중국어 간체|TCP025927:중국어 번체,5
KOP023602,서울시50플러스 남부캠퍼스,체험관광,체험관광 > 산업관광,4,KOP023602:한국어|ENP023602:영어|JPP023602:일본어|CNP023602:중국어 간체|TCP023602:중국어 번체,5
KOP023571,서울창업허브,체험관광,체험관광 > 산업관광,4,KOP023571:한국어|ENP023571:영어|JPP023571:일본어|CNP023571:중국어 간체|TCP023571:중국어 번체|RUP023571:러시아어,6
KOP023564,서울 AI 허브,체험관광,체험관광 > 산업관광,5,KOP023564:한국어|ENP023564:영어|JPP023564:일본어|CNP023564:중국어 간체|TCP023564:중국어 번체,5
KOP023538,서울바이오허브,체험관광,체험관광 > 산업관광,5,KOP023538:한국어|ENP023538:영어|JPP023538:일본어|CNP023538:중국어 간체|TCP023538:중국어 번체,5
KOP023518,서울새활용플라자,체험관광,체험관광 > 산업관광,5,KOP023518:한국어|ENP023518:영어|JPP023518:일본어|CNP023518:중국어 간체|TCP023518:중국어 번체|RUP023518:러시아어,6
KOP022047,주얼리복합문화공간 스페이스42,체험관광,체험관광 > 공예체험,5,KOP022047:한국어|ENP022047:영어|JPP022047:일본어|CNP022047:중국어 간체|TCP022047:중국어 번체,5
KOP021288,다이나믹 메이즈,체험관광,체험관광 > 기타체험,5,KOP021288:한국어|ENP021288:영어|JPP021288:일본어|CNP021288:중국어 간체|TCP021288:중국어 번체,5
KOP020257,카몽(KAMONG),체험관광,체험관광 > 산업관광,5,KOP020257:한국어|ENP020257:영어|JPP020257:일본어|CNP020257:중국어 간체|TCP020257:중국어 번체|RUP020257:러시아어|MLP020257:말레이어,7
KOP020076,삼해소주가,체험관광,체험관광 > 전통체험,5,KOP020076:한국어|ENP020076:영어|JPP020076:일본어|CNP020076:중국어 간체|TCP020076:중국어 번체,5
KOP019558,템플스테이 통합정보센터,체험관광,체험관광 > 산사체험,5,KOP019558:한국어|ENP019558:영어|JPP019558:일본어|CNP019558:중국어 간체|TCP019558:중국어 번체|RUP019558:러시아어,6
KOP018916,북촌문화센터,체험관광,체험관광 > 전통체험,5,KOP018916:한국어|ENP018916:영어|JPP018916:일본어|CNP018916:중국어 간체|TCP018916:중국어 번체,5
KOP018903,전통혼례보공방,체험관광,체험관광 > 공예체험,5,KOP018903:한국어|ENP018903:영어|JPP018903:일본어|CNP018903:중국어 간체|TCP018903:중국어 번체,5
KOP018902,전통공예체험관,체험관광,체험관광 > 공예체험,5,KOP018902:한국어|ENP018902:영어|JPP018902:일본어|CNP018902:중국어 간체|TCP018902:중국어 번체,5
KOP018898,동림매듭공방,체험관광,체험관광 > 공예체험,5,KOP018898:한국어|ENP018898:영어|JPP018898:일본어|CNP018898:중국어 간체|TCP018898:중국어 번체,5
KOP018897,금박연,체험관광,체험관광 > 공예체험,5,KOP018897:한국어|ENP018897:영어|JPP018897:일본어|CNP018897:중국어 간체|TCP018897:중국어 번체,5
KOP018892,북촌단청공방,체험관광,체험관광 > 공예체험,5,KOP018892:한국어|ENP018892:영어|JPP018892:일본어|CNP018892:중국어 간체|TCP018892:중국어 번체,5
KOP018891,심화숙 한지공방,체험관광,체험관광 > 공예체험,5,KOP018891:한국어|ENP018891:영어|JPP018891:일본어|CNP018891:중국어 간체|TCP018891:중국어 번체,5
KOP015855,여의도 KBS,체험관광,체험관광 > 산업관광,5,KOP015855:한국어|ENP015855:영어|JPP015855:일본어|CNP015855:중국어 간체|TCP015855:중국어 번체,5
KOP015847,뷰티블르바드,체험관광,체험관광 > 웰니스관광,5,KOP015847:한국어|ENP015847:영어|JPP015847:일본어|CNP015847:중국어 간체|TCP015847:중국어 번체|RUP015847:러시아어,6
KOP015408,리얼케이팝댄스(REAL K-POP DANCE),체험관광,체험관광 > 산업관광,5,KOP015408:한국어|ENP015408:영어|JPP015408:일본어|CNP015408:중국어 간체|TCP015408:중국어 번체,5
KOP002052,하늘물빛 (전통 천연 염색 연구소),체험관광,체험관광 > 공예체험,5,KOP002052:한국어|ENP002052:영어|JPP002052:일본어|CNP002052:중국어 간체|TCP002052:중국어 번체,5
KOP001459,리기태전통연공방,체험관광,체험관광 > 전통체험,5,KOP001459:한국어|ENP001459:영어|JPP001459:일본어|CNP001459:중국어 간체|TCP001459:중국어 번체,5
KOP001422,서울 무형유산 교육전시장,체험관광,체험관광 > 전통체험,6,KOP001422:한국어|ENP001422:영어|JPP001422:일본어|CNP001422:중국어 간체|TCP001422:중국어 번체,5
KOP001183,락고재,체험관광,체험관광 > 전통체험,6,KOP001183:한국어|ENP001183:영어|JPP001183:일본어|CNP001183:중국어 간체|TCP001183:중국어 번체|MLP001183:말레이어,6
KOP011840,온고푸드커뮤니케이션,체험관광,체험관광 > 기타체험,6,KOP011840:한국어|ENP011840:영어|JPP011840:일본어|CNP011840:중국어 간체|TCP011840:중국어 번체|RUP011840:러시아어,6
KOP012323,롤링코리아,체험관광,체험관광 > 산업관광,6,KOP012323:한국어|ENP012323:영어|JPP012323:일본어|CNP012323:중국어 간체|TCP012323:중국어 번체,5
KOP012592,사단법인 전통문화원,체험관광,체험관광 > 전통체험,6,KOP012592:한국어|ENP012592:영어|JPP012592:일본어|CNP012592:중국어 간체|TCP012592:중국어 번체|RUP012592:러시아어,6
KOP011669,서울상상나라,체험관광,체험관광,6,KOP011669:한국어|ENP011669:영어|JPP011669:일본어|CNP011669:중국어 간체|TCP011669:중국어 번체,5
KOP011369,KBS홀,체험관광,체험관광 > 산업관광,6,KOP011369:한국어|ENP011369:영어|JPP011369:일본어|CNP011369:중국어 간체|TCP011369:중국어 번체|RUP011369:러시아어,6
KOP011180,서울마리나 클럽 &amp; 요트,체험관광,체험관광 > 기타체험,6,KOP011180:한국어|ENP011180:영어|JPP011180:일본어|CNP011180:중국어 간체|TCP011180:중국어 번체|RUP011180:러시아어,6
KOP011169,YG 엔터테인먼트,체험관광,체험관광 > 산업관광,6,KOP011169:한국어|ENP011169:영어|JPP011169:일본어|CNP011169:중국어 간체|TCP011169:중국어 번체,5
KOP010883,스파더엘,체험관광,체험관광 > 웰니스관광,6,KOP010883:한국어|ENP010883:영어|JPP010883:일본어|CNP010883:중국어 간체|TCP010883:중국어 번체,5
KOP010289,나무엑터스,체험관광,체험관광 > 산업관광,6,KOP010289:한국어|ENP010289:영어|JPP010289:일본어|CNP010289:중국어 간체|TCP010289:중국어 번체,5
KOP011359,씨제스사옥,체험관광,체험관광 > 산업관광,6,KOP011359:한국어|ENP011359:영어|JPP011359:일본어|CNP011359:중국어 간체|TCP011359:중국어 번체,5
KOP011314,FNC 사옥,체험관광,체험관광 > 산업관광,6,KOP011314:한국어|ENP011314:영어|JPP011314:일본어|CNP011314:중국어 간체|TCP011314:중국어 번체,5
KOP011250,JYP엔터테인먼트,체험관광,체험관광 > 산업관광,6,KOP011250:한국어|ENP011250:영어|JPP011250:일본어|CNP011250:중국어 간체|TCP011250:중국어 번체,5
KOP006491,한국문화의집 코우스(KOUS),체험관광,체험관광 > 전통체험,6,KOP006491:한국어|ENP006491:영어|JPP006491:일본어|CNP006491:중국어 간체|TCP006491:중국어 번체,5
KOP006364,쌈지길 체험공방,체험관광,체험관광 > 공예체험,6,KOP006364:한국어|ENP006364:영어|JPP006364:일본어|CNP006364:중국어 간체|TCP006364:중국어 번체|RUP006364:러시아어,6
KOP004996,청원산방,체험관광,체험관광 > 공예체험,6,KOP004996:한국어|ENP004996:영어|JPP004996:일본어|CNP004996:중국어 간체|TCP004996:중국어 번체|RUP004996:러시아어|MLP004996:말레이어,7
KOP005580,이종남 자연염색연구소,체험관광,체험관광 > 공예체험,6,KOP005580:한국어|ENP005580:영어|JPP005580:일본어|CNP005580:중국어 간체|TCP005580:중국어 번체,5
KOP005246,KBS 견학홀,체험관광,체험관광 > 산업관광,6,KOP005246:한국어|ENP005246:영어|JPP005246:일본어|CNP005246:중국어 간체|TCP005246:중국어 번체|RUP005246:러시아어,6
KOP009746,스파레이,체험관광,체험관광 > 웰니스관광,6,KOP009746:한국어|ENP009746:영어|JPP009746:일본어|CNP009746:중국어 간체|TCP009746:중국어 번체,5
KOP009576,강변스파랜드 (Riverside Spa Land),체험관광,체험관광 > 웰니스관광,7,KOP009576:한국어|ENP009576:영어|JPP009576:일본어|CNP009576:중국어 간체|TCP009576:중국어 번체,5
KOP001994,궁중음식연구원,체험관광,체험관광 > 전통체험,7,KOP001994:한국어|ENP001994:영어|JPP001994:일본어|CNP001994:중국어 간체|TCP001994:중국어 번체|RUP001994:러시아어|MLP001994:말레이어,7
KOP003399,금현국악원,체험관광,체험관광 > 전통체험,7,KOP003399:한국어|ENP003399:영어|JPP003399:일본어|CNP003399:중국어 간체|TCP003399:중국어 번체,5
KOP001544,예지원,체험관광,체험관광 > 전통체험,7,KOP001544:한국어|ENP001544:영어|JPP001544:일본어|CNP001544:중국어 간체|TCP001544:중국어 번체,5
KOPf9k9vs,2026 구미라면축제,축제/공연/행사,축제/공연/행사,1,KOPf9k9vs:한국어,1
KOPijtjsv,제18회 강릉 커피 축제,축제/공연/행사,축제/공연/행사,1,KOPijtjsv:한국어|ENPijtjsv:영어,2
KOP8m1ey6,서울라이트 DDP 2026 가을,축제/공연/행사,축제/공연/행사,1,KOP8m1ey6:한국어|ENP8m1ey6:영어|JPP8m1ey6:일본어|CNP8m1ey6:중국어 간체|TCP8m1ey6:중국어 번체|RUP8m1ey6:러시아어,6
KOPhsonp9,2026 제51회 정선아리랑제,축제/공연/행사,축제/공연/행사,1,KOPhsonp9:한국어|ENPhsonp9:영어,2
KOPnkdu41,K-LOCAL BREW JOURNEY 2026 : 무빙브루어리 by 통영愛 온나,축제/공연/행사,축제/공연/행사,1,KOPnkdu41:한국어|ENPnkdu41:영어|JPPnkdu41:일본어|CNPnkdu41:중국어 간체|TCPnkdu41:중국어 번체|RUPnkdu41:러시아어,6
KOPaecwqv,HELLO SEOUL (더현대 서울 쇼핑 페스타),축제/공연/행사,축제/공연/행사,1,KOPaecwqv:한국어|ENPaecwqv:영어|JPPaecwqv:일본어|CNPaecwqv:중국어 간체|TCPaecwqv:중국어 번체|RUPaecwqv:러시아어,6
KOP92ex3j,2026 안동국제탈춤페스티벌,축제/공연/행사,축제/공연/행사,1,KOP92ex3j:한국어|ENP92ex3j:영어,2
KOPpt87df,명량대첩축제,축제/공연/행사,축제/공연/행사,1,KOPpt87df:한국어,1
KOP3s3hrx,2026 여수세계섬박람회,축제/공연/행사,축제/공연/행사,1,KOP3s3hrx:한국어|ENP3s3hrx:영어,2
KOPptkfz1,2027 S/S 서울패션위크,축제/공연/행사,축제/공연/행사,1,KOPptkfz1:한국어|ENPptkfz1:영어|JPPptkfz1:일본어|CNPptkfz1:중국어 간체|TCPptkfz1:중국어 번체|RUPptkfz1:러시아어,6
KOPun82v3,한화와 함께하는 서울세계불꽃축제 2026,축제/공연/행사,축제/공연/행사,1,KOPun82v3:한국어|ENPun82v3:영어|JPPun82v3:일본어|CNPun82v3:중국어 간체|TCPun82v3:중국어 번체|RUPun82v3:러시아어,6
KOPwqkvqs,2026 서울국제작가축제,축제/공연/행사,축제/공연/행사,1,KOPwqkvqs:한국어|ENPwqkvqs:영어|JPPwqkvqs:일본어|CNPwqkvqs:중국어 간체|TCPwqkvqs:중국어 번체|RUPwqkvqs:러시아어,6
KOPbr2z6a,DDP 디자인마이애미 서울 2026 (Design Miami Seoul),축제/공연/행사,축제/공연/행사,1,KOPbr2z6a:한국어|ENPbr2z6a:영어|JPPbr2z6a:일본어|CNPbr2z6a:중국어 간체|TCPbr2z6a:중국어 번체|RUPbr2z6a:러시아어,6
KOPd2rqmc,2026 DDP 디자인 북페어,축제/공연/행사,축제/공연/행사,1,KOPd2rqmc:한국어|ENPd2rqmc:영어|JPPd2rqmc:일본어|CNPd2rqmc:중국어 간체|TCPd2rqmc:중국어 번체|RUPd2rqmc:러시아어,6
KOP6t7xg8,뷰티풀라이프인서울(BLS),축제/공연/행사,축제/공연/행사,1,KOP6t7xg8:한국어|ENP6t7xg8:영어|JPP6t7xg8:일본어|CNP6t7xg8:중국어 간체|TCP6t7xg8:중국어 번체|RUP6t7xg8:러시아어,6
KOPne4zl0,서초-한강 아트투어,축제/공연/행사,축제/공연/행사,1,KOPne4zl0:한국어|ENPne4zl0:영어|JPPne4zl0:일본어|CNPne4zl0:중국어 간체|TCPne4zl0:중국어 번체|RUPne4zl0:러시아어,6
KOPjm3hw1,2026 서울어텀페스타,축제/공연/행사,축제/공연/행사,1,KOPjm3hw1:한국어|ENPjm3hw1:영어|JPPjm3hw1:일본어|CNPjm3hw1:중국어 간체|TCPjm3hw1:중국어 번체|RUPjm3hw1:러시아어,6
KOPqn2nrl,DDP 바캉스: 뮤직 페스티벌,축제/공연/행사,축제/공연/행사,1,KOPqn2nrl:한국어|ENPqn2nrl:영어|JPPqn2nrl:일본어|CNPqn2nrl:중국어 간체|TCPqn2nrl:중국어 번체|RUPqn2nrl:러시아어,6
KOPz4etr5,2026 서울썸머비치,축제/공연/행사,축제/공연/행사,1,KOPz4etr5:한국어|ENPz4etr5:영어|JPPz4etr5:일본어|CNPz4etr5:중국어 간체|TCPz4etr5:중국어 번체|RUPz4etr5:러시아어,6
KOPl5u8ht,제3회 의성 썸머 뮤직 페스타,축제/공연/행사,축제/공연/행사,1,KOPl5u8ht:한국어|ENPl5u8ht:영어,2
KOPgnazd1,제 28회 봉화은어축제,축제/공연/행사,축제/공연/행사,2,KOPgnazd1:한국어|ENPgnazd1:영어,2
KOPu7606j,용산아트홀,축제/공연/행사,축제/공연/행사 > 공연,2,KOPu7606j:한국어|ENPu7606j:영어|JPPu7606j:일본어|CNPu7606j:중국어 간체|TCPu7606j:중국어 번체|RUPu7606j:러시아어|MLPu7606j:말레이어,7
KOPocnv9w,2026 여우락 페스티벌,축제/공연/행사,축제/공연/행사,2,KOPocnv9w:한국어|ENPocnv9w:영어|JPPocnv9w:일본어|CNPocnv9w:중국어 간체|TCPocnv9w:중국어 번체|RUPocnv9w:러시아어,6
KOP4p11lw,로컬트립 [맛:잇다],축제/공연/행사,축제/공연/행사,2,KOP4p11lw:한국어|ENP4p11lw:영어|JPP4p11lw:일본어|CNP4p11lw:중국어 간체|TCP4p11lw:중국어 번체|RUP4p11lw:러시아어,6
KOPhhpmd3,2026 남산 서머 페스티벌,축제/공연/행사,축제/공연/행사,2,KOPhhpmd3:한국어|ENPhhpmd3:영어|JPPhhpmd3:일본어|CNPhhpmd3:중국어 간체|TCPhhpmd3:중국어 번체|RUPhhpmd3:러시아어,6
KOPzqncck,2026 돈화문 전통생활문화축제,축제/공연/행사,축제/공연/행사,2,KOPzqncck:한국어|ENPzqncck:영어|JPPzqncck:일본어|CNPzqncck:중국어 간체|TCPzqncck:중국어 번체|RUPzqncck:러시아어,6
KOP9byb55,GAME AiCON Seoul 2026,축제/공연/행사,축제/공연/행사,2,KOP9byb55:한국어|ENP9byb55:영어,2
KOPif3oia,2026 서울관광 푸드 페스티벌(Picnic on the Bridge),축제/공연/행사,축제/공연/행사,2,KOPif3oia:한국어|ENPif3oia:영어|JPPif3oia:일본어|CNPif3oia:중국어 간체|TCPif3oia:중국어 번체|RUPif3oia:러시아어,6
KOP8s9qmk,2026 N서울타워 글로벌 나이트 워크(Global Night Walk),축제/공연/행사,축제/공연/행사,2,KOP8s9qmk:한국어|ENP8s9qmk:영어|JPP8s9qmk:일본어|CNP8s9qmk:중국어 간체|TCP8s9qmk:중국어 번체|RUP8s9qmk:러시아어,6
KOPd5mmfg,2026 서울시 태권도 공연,축제/공연/행사,축제/공연/행사,2,KOPd5mmfg:한국어|ENPd5mmfg:영어|JPPd5mmfg:일본어|CNPd5mmfg:중국어 간체|TCPd5mmfg:중국어 번체|RUPd5mmfg:러시아어,6
KOPgldnt3,2026 제18회 중랑 서울 장미 축제,축제/공연/행사,축제/공연/행사,2,KOPgldnt3:한국어|ENPgldnt3:영어,2
KOPcrjas7,포켓몬 시크릿 포레스트,축제/공연/행사,축제/공연/행사,2,KOPcrjas7:한국어|ENPcrjas7:영어|JPPcrjas7:일본어|CNPcrjas7:중국어 간체|TCPcrjas7:중국어 번체|RUPcrjas7:러시아어,6
KOPtliyds,2026 중앙아시아 봄맞이축제,축제/공연/행사,축제/공연/행사,2,KOPtliyds:한국어|ENPtliyds:영어|JPPtliyds:일본어|CNPtliyds:중국어 간체|TCPtliyds:중국어 번체|RUPtliyds:러시아어,6
KOPljv9ur,서울일러스트레이션페어V.21,축제/공연/행사,축제/공연/행사,2,KOPljv9ur:한국어|ENPljv9ur:영어|JPPljv9ur:일본어|CNPljv9ur:중국어 간체|TCPljv9ur:중국어 번체|RUPljv9ur:러시아어,6
KOP21bumo,한강플플 어드벤처,축제/공연/행사,축제/공연/행사,2,KOP21bumo:한국어|ENP21bumo:영어|JPP21bumo:일본어|CNP21bumo:중국어 간체|TCP21bumo:중국어 번체|RUP21bumo:러시아어,6
KOP3odb31,2026년 제3회 가락몰 전국빵지자랑,축제/공연/행사,축제/공연/행사,2,KOP3odb31:한국어|ENP3odb31:영어|JPP3odb31:일본어|CNP3odb31:중국어 간체|TCP3odb31:중국어 번체|RUP3odb31:러시아어,6
KOPoj0mnj,2026 창덕궁 달빛기행,축제/공연/행사,축제/공연/행사,2,KOPoj0mnj:한국어|ENPoj0mnj:영어|JPPoj0mnj:일본어|CNPoj0mnj:중국어 간체|TCPoj0mnj:중국어 번체|RUPoj0mnj:러시아어,6
KOP47mbp7,2026 서울국제정원박람회,축제/공연/행사,축제/공연/행사,2,KOP47mbp7:한국어|ENP47mbp7:영어|JPP47mbp7:일본어|CNP47mbp7:중국어 간체|TCP47mbp7:중국어 번체|RUP47mbp7:러시아어,6
KOPvro3vg,2026 서울야외도서관,축제/공연/행사,축제/공연/행사,2,KOPvro3vg:한국어|ENPvro3vg:영어|JPPvro3vg:일본어|CNPvro3vg:중국어 간체|TCPvro3vg:중국어 번체|RUPvro3vg:러시아어,6
KOPw5jg9e,2026 남산골 전통체험 : 예술가의 시간,축제/공연/행사,축제/공연/행사,2,KOPw5jg9e:한국어|ENPw5jg9e:영어|JPPw5jg9e:일본어|CNPw5jg9e:중국어 간체|TCPw5jg9e:중국어 번체|RUPw5jg9e:러시아어,6
KOPo2z8p6,DDP 어린이 디자인 페스티벌 : DDP 랜드,축제/공연/행사,축제/공연/행사,3,KOPo2z8p6:한국어|ENPo2z8p6:영어|JPPo2z8p6:일본어|CNPo2z8p6:중국어 간체|TCPo2z8p6:중국어 번체|RUPo2z8p6:러시아어,6
KOPdbivac,제3회 쉬엄쉬엄 한강 3종 축제,축제/공연/행사,축제/공연/행사,3,KOPdbivac:한국어|ENPdbivac:영어|JPPdbivac:일본어|CNPdbivac:중국어 간체|TCPdbivac:중국어 번체|RUPdbivac:러시아어,6
KOPziwyow,2026 서울세계도시문화축제,축제/공연/행사,축제/공연/행사,3,KOPziwyow:한국어|ENPziwyow:영어|JPPziwyow:일본어|CNPziwyow:중국어 간체|TCPziwyow:중국어 번체|RUPziwyow:러시아어,6
KOP24j3ps,2026 연등회(Lotus Lantern Festival),축제/공연/행사,축제/공연/행사,3,KOP24j3ps:한국어|ENP24j3ps:영어|JPP24j3ps:일본어|CNP24j3ps:중국어 간체|TCP24j3ps:중국어 번체,5
KOPuh1x78,서울스프링페스티벌 2026,축제/공연/행사,축제/공연/행사,3,KOPuh1x78:한국어|ENPuh1x78:영어|JPPuh1x78:일본어|CNPuh1x78:중국어 간체|TCPuh1x78:중국어 번체,5
KOPcfxsrm,2026 쉬엄쉬엄모닝,축제/공연/행사,축제/공연/행사,3,KOPcfxsrm:한국어|ENPcfxsrm:영어|JPPcfxsrm:일본어|CNPcfxsrm:중국어 간체|TCPcfxsrm:중국어 번체,5
KOPmrj46s,서울라이트 DDP 2025 겨울,축제/공연/행사,축제/공연/행사,3,KOPmrj46s:한국어|ENPmrj46s:영어|JPPmrj46s:일본어|CNPmrj46s:중국어 간체|TCPmrj46s:중국어 번체,5
KOPjiue7j,K-BRAND GLOW FACTORY,축제/공연/행사,축제/공연/행사,3,KOPjiue7j:한국어|ENPjiue7j:영어|JPPjiue7j:일본어|CNPjiue7j:중국어 간체|TCPjiue7j:중국어 번체,5
KOPuf5jqb,2025-2026 서울광장 스케이트장,축제/공연/행사,축제/공연/행사,3,KOPuf5jqb:한국어|ENPuf5jqb:영어|JPPuf5jqb:일본어|CNPuf5jqb:중국어 간체|TCPuf5jqb:중국어 번체,5
KOPl2d30r,2025 강남 미디어 윈터페스타,축제/공연/행사,축제/공연/행사,3,KOPl2d30r:한국어|ENPl2d30r:영어|JPPl2d30r:일본어|CNPl2d30r:중국어 간체|TCPl2d30r:중국어 번체|RUPl2d30r:러시아어,6
KOP91xruo,K-Pop Festival Night,축제/공연/행사,축제/공연/행사,3,KOP91xruo:한국어|ENP91xruo:영어|JPP91xruo:일본어|CNP91xruo:중국어 간체|TCP91xruo:중국어 번체,5
KOPublb1r,케이팝 데몬 헌터스 서울 공식 팝업,축제/공연/행사,축제/공연/행사,3,KOPublb1r:한국어|ENPublb1r:영어|JPPublb1r:일본어|CNPublb1r:중국어 간체|TCPublb1r:중국어 번체|RUPublb1r:러시아어,6
KOP5p75y1,2025 BUKCHON HUNTERS TOUR,축제/공연/행사,축제/공연/행사,3,KOP5p75y1:한국어|ENP5p75y1:영어|JPP5p75y1:일본어|CNP5p75y1:중국어 간체|TCP5p75y1:중국어 번체|RUP5p75y1:러시아어,6
KOPel0vjp,서울 하이킹 위크 2025,축제/공연/행사,축제/공연/행사,3,KOPel0vjp:한국어|ENPel0vjp:영어|CNPel0vjp:중국어 간체|TCPel0vjp:중국어 번체,4
KOP90yndo,2025 서울뮤직페스티벌,축제/공연/행사,축제/공연/행사,3,KOP90yndo:한국어|ENP90yndo:영어,2
KOPe517qj,서울 투어 마불,축제/공연/행사,축제/공연/행사,3,KOPe517qj:한국어|ENPe517qj:영어|JPPe517qj:일본어|CNPe517qj:중국어 간체|TCPe517qj:중국어 번체,5
KOP5bs8hr,2025 서울빛초롱축제,축제/공연/행사,축제/공연/행사,3,KOP5bs8hr:한국어|ENP5bs8hr:영어|JPP5bs8hr:일본어|CNP5bs8hr:중국어 간체|TCP5bs8hr:중국어 번체|RUP5bs8hr:러시아어,6
KOPlyiwjs,2025 광화문 마켓,축제/공연/행사,축제/공연/행사,3,KOPlyiwjs:한국어|ENPlyiwjs:영어|JPPlyiwjs:일본어|CNPlyiwjs:중국어 간체|TCPlyiwjs:중국어 번체|RUPlyiwjs:러시아어,6
KOPju3txc,똥깡아지 메주 팝업스토어 &#039;메주네 집앞 농장&#039;,축제/공연/행사,축제/공연/행사,3,KOPju3txc:한국어|ENPju3txc:영어|JPPju3txc:일본어|CNPju3txc:중국어 간체|TCPju3txc:중국어 번체,5
KOPi27lxi,2025 한국장단음악축제 &lt;장단유희&gt;,축제/공연/행사,축제/공연/행사,3,KOPi27lxi:한국어|ENPi27lxi:영어|JPPi27lxi:일본어|CNPi27lxi:중국어 간체|TCPi27lxi:중국어 번체,5
KOPabat1g,2025 서울뷰티트래블위크,축제/공연/행사,축제/공연/행사,4,KOPabat1g:한국어|ENPabat1g:영어|JPPabat1g:일본어|CNPabat1g:중국어 간체|TCPabat1g:중국어 번체|RUPabat1g:러시아어,6
KOPxzfzdq,서울디자인위크 x 서울디자인페스티벌 SEOUL DESIGN SPOT,축제/공연/행사,축제/공연/행사,4,KOPxzfzdq:한국어|ENPxzfzdq:영어|JPPxzfzdq:일본어|CNPxzfzdq:중국어 간체|TCPxzfzdq:중국어 번체,5
KOPd4iz7q,비짓서울클럽(Visit Seoul Club),축제/공연/행사,축제/공연/행사,4,KOPd4iz7q:한국어|ENPd4iz7q:영어,2
KOPo8zg3e,2025 서울라이트 한강 빛섬축제,축제/공연/행사,축제/공연/행사,4,KOPo8zg3e:한국어|ENPo8zg3e:영어,2
KOP7oh7m6,서울거리예술축제2025,축제/공연/행사,축제/공연/행사,4,KOP7oh7m6:한국어|ENP7oh7m6:영어,2
KOPowahwd,2025 서울어텀페스타,축제/공연/행사,축제/공연/행사,4,KOPowahwd:한국어|ENPowahwd:영어,2
KOPiypjiu,서울세계불꽃축제 2025,축제/공연/행사,축제/공연/행사,4,KOPiypjiu:한국어|ENPiypjiu:영어,2
KOP7dhgbq,DDP 가을축제 : 디자인 라운지,축제/공연/행사,축제/공연/행사,4,KOP7dhgbq:한국어|ENP7dhgbq:영어,2
KOPwouw6k,제2회 가락옥토버페스트 미식야행,축제/공연/행사,축제/공연/행사,4,KOPwouw6k:한국어|ENPwouw6k:영어|JPPwouw6k:일본어|CNPwouw6k:중국어 간체|TCPwouw6k:중국어 번체|RUPwouw6k:러시아어,6
KOP17x9y2,2025 문경사과축제,축제/공연/행사,축제/공연/행사,4,KOP17x9y2:한국어,1
KOPli8otb,Seoul Blossom,축제/공연/행사,축제/공연/행사,4,KOPli8otb:한국어|ENPli8otb:영어|JPPli8otb:일본어|CNPli8otb:중국어 간체|TCPli8otb:중국어 번체,5
KOPupk10b,2025 서울패션페스타,축제/공연/행사,축제/공연/행사,4,KOPupk10b:한국어|ENPupk10b:영어|JPPupk10b:일본어|CNPupk10b:중국어 간체|TCPupk10b:중국어 번체,5
KOP5buaxv,2025 서울 헌터스 페스티벌,축제/공연/행사,축제/공연/행사,4,KOP5buaxv:한국어|ENP5buaxv:영어,2
KOP7o2zqn,글로벌 아트&amp;테크 축제: 퓨추라캔버스 2025 (FuturaCanvas 2025),축제/공연/행사,축제/공연/행사,4,KOP7o2zqn:한국어|ENP7o2zqn:영어|JPP7o2zqn:일본어|CNP7o2zqn:중국어 간체|TCP7o2zqn:중국어 번체|RUP7o2zqn:러시아어,6
KOPm9xt2z,2025 서울 익스트림 스포츠 페스티벌,축제/공연/행사,축제/공연/행사,4,KOPm9xt2z:한국어|ENPm9xt2z:영어,2
KOPrgdodv,로컬트립 목금토,축제/공연/행사,축제/공연/행사,4,KOPrgdodv:한국어|ENPrgdodv:영어|JPPrgdodv:일본어|CNPrgdodv:중국어 간체|TCPrgdodv:중국어 번체|RUPrgdodv:러시아어,6
KOPmq7d4n,웰컴 올 이태원 온스테이지,축제/공연/행사,축제/공연/행사,4,KOPmq7d4n:한국어|ENPmq7d4n:영어|JPPmq7d4n:일본어|CNPmq7d4n:중국어 간체|TCPmq7d4n:중국어 번체,5
KOPpw022t,2025 천호자전거거리 가을바람  라이딩 챌린지,축제/공연/행사,축제/공연/행사,4,KOPpw022t:한국어|ENPpw022t:영어|JPPpw022t:일본어|CNPpw022t:중국어 간체|TCPpw022t:중국어 번체,5
KOP9rin2d,2025 누구나 세종썸머페스티벌,축제/공연/행사,축제/공연/행사,4,KOP9rin2d:한국어|ENP9rin2d:영어|JPP9rin2d:일본어|CNP9rin2d:중국어 간체|TCP9rin2d:중국어 번체,5
KOPuxr3lm,2025 케미스트릿 팝업,축제/공연/행사,축제/공연/행사,4,KOPuxr3lm:한국어|ENPuxr3lm:영어|JPPuxr3lm:일본어|CNPuxr3lm:중국어 간체|TCPuxr3lm:중국어 번체,5
KOP5cs9sl,남산골 회혼례 《백년해로》 Traditional wedding event : Enduring Love,축제/공연/행사,축제/공연/행사,5,KOP5cs9sl:한국어|ENP5cs9sl:영어|JPP5cs9sl:일본어|CNP5cs9sl:중국어 간체|TCP5cs9sl:중국어 번체,5
KOPqugxsa,문학주간 2025 《도움―닿기》,축제/공연/행사,축제/공연/행사,5,KOPqugxsa:한국어|ENPqugxsa:영어|JPPqugxsa:일본어|CNPqugxsa:중국어 간체|TCPqugxsa:중국어 번체,5
KOPmqluhg,서울 스마트라이프위크 (SLW) 2025,축제/공연/행사,축제/공연/행사,5,KOPmqluhg:한국어|JPPmqluhg:일본어|CNPmqluhg:중국어 간체|TCPmqluhg:중국어 번체|RUPmqluhg:러시아어,5
KOP18eliy,DDP 건축투어,축제/공연/행사,축제/공연/행사,5,KOP18eliy:한국어|ENP18eliy:영어|JPP18eliy:일본어|CNP18eliy:중국어 간체|TCP18eliy:중국어 번체,5
KOP8x43k3,서울라이트 DDP 2025 여름,축제/공연/행사,축제/공연/행사,5,KOP8x43k3:한국어|ENP8x43k3:영어|JPP8x43k3:일본어|CNP8x43k3:중국어 간체|TCP8x43k3:중국어 번체|RUP8x43k3:러시아어,6
KOP4jbe7i,2025 계룡군문화축제,축제/공연/행사,축제/공연/행사,5,KOP4jbe7i:한국어,1
KOP6i1745,DDP 여름축제 : 디자인 홀리데이,축제/공연/행사,축제/공연/행사,5,KOP6i1745:한국어|ENP6i1745:영어|JPP6i1745:일본어|CNP6i1745:중국어 간체|TCP6i1745:중국어 번체,5
KOPjyzo8y,제22회 서울국제실험영화페스티벌 EXiS 2025,축제/공연/행사,축제/공연/행사,5,KOPjyzo8y:한국어|ENPjyzo8y:영어|JPPjyzo8y:일본어|CNPjyzo8y:중국어 간체|TCPjyzo8y:중국어 번체,5
KOPp76rr1,서울야외도서관 : 책읽는 맑은냇가,축제/공연/행사,축제/공연/행사,5,KOPp76rr1:한국어|ENPp76rr1:영어|JPPp76rr1:일본어|CNPp76rr1:중국어 간체|TCPp76rr1:중국어 번체|RUPp76rr1:러시아어,6
KOPb3jzj8,2025 서울썸머비치 (SEOUL SUMMER BEACH),축제/공연/행사,축제/공연/행사,5,KOPb3jzj8:한국어|ENPb3jzj8:영어|JPPb3jzj8:일본어|CNPb3jzj8:중국어 간체|TCPb3jzj8:중국어 번체,5
KOPsi8g44,2025 서울국제작가축제 &lt;보 이 는 것 보 다 (  )&gt;,축제/공연/행사,축제/공연/행사,5,KOPsi8g44:한국어|ENPsi8g44:영어|JPPsi8g44:일본어|CNPsi8g44:중국어 간체|TCPsi8g44:중국어 번체,5
KOP5up1as,K콘텐츠 서울여행주간 : 소울스팟을 찾아라! K-CONTENTS SEOUL TRAVEL WEEK: FIND YOUR SOUL SPOT!,축제/공연/행사,축제/공연/행사,5,KOP5up1as:한국어|ENP5up1as:영어|JPP5up1as:일본어|CNP5up1as:중국어 간체|TCP5up1as:중국어 번체,5
KOPij9ftj,2025 서울시향 얍 판 츠베덴과 아우구스틴 하델리히 ①,축제/공연/행사,축제/공연/행사 > 공연,5,KOPij9ftj:한국어,1
KOPrjc7fx,2025 서울시향 얍 판 츠베덴과 김봄소리 ②,축제/공연/행사,축제/공연/행사 > 공연,5,KOPrjc7fx:한국어,1
KOP6sf3h8,2025 서울시향 얍 판 츠베덴과 김봄소리 ①,축제/공연/행사,축제/공연/행사 > 공연,5,KOP6sf3h8:한국어,1
KOPwku0fa,2025 안동국제탈춤페스티벌,축제/공연/행사,축제/공연/행사,5,KOPwku0fa:한국어|ENPwku0fa:영어,2
KOPcxbf7c,제28회 보령머드축제,축제/공연/행사,축제/공연/행사,5,KOPcxbf7c:한국어|ENPcxbf7c:영어,2
KOP1hx4ns,제18회 세계태권도문화엑스포,축제/공연/행사,축제/공연/행사,5,KOP1hx4ns:한국어|ENP1hx4ns:영어,2
KOP5vd27p,2025 서울시향 얍 판 츠베덴과 박재홍 ②,축제/공연/행사,축제/공연/행사 > 공연,5,KOP5vd27p:한국어,1
KOPqrmqev,2025 서울시향 얍 판 츠베덴과 박재홍 ①,축제/공연/행사,축제/공연/행사 > 공연,5,KOPqrmqev:한국어,1
KOPsomli7,2025 서울시향 윤한결의 모차르트와 슈트라우스,축제/공연/행사,축제/공연/행사 > 공연,6,KOPsomli7:한국어,1
KOPwtynql,2025 서울시향 림스키코르사코프 &#039;셰에라자드&#039; ②,축제/공연/행사,축제/공연/행사 > 공연,6,KOPwtynql:한국어,1
KOPzvf3tr,2025 서울시향 브람스와 리하르트 슈트라우스,축제/공연/행사,축제/공연/행사 > 공연,6,KOPzvf3tr:한국어,1
KOPq5t7lx,2025 서울시향 임지영의 베토벤 바이올린 협주곡,축제/공연/행사,축제/공연/행사 > 공연,6,KOPq5t7lx:한국어,1
KOP22ryfp,2025 서울시향 에드워드 가드너와 제임스 에네스 ②,축제/공연/행사,축제/공연/행사 > 공연,6,KOP22ryfp:한국어,1
KOPy8syrk,2025 서울시향 얍 판 츠베덴과 아우구스틴 하델리히 ②,축제/공연/행사,축제/공연/행사 > 공연,6,KOPy8syrk:한국어,1
KOPkwom23,2025 서울시향 에드워드 가드너와 제임스 에네스 ①,축제/공연/행사,축제/공연/행사 > 공연,6,KOPkwom23:한국어,1
KOPdrtub1,풍납 조각페스티벌,축제/공연/행사,축제/공연/행사,6,KOPdrtub1:한국어|ENPdrtub1:영어|JPPdrtub1:일본어|CNPdrtub1:중국어 간체|TCPdrtub1:중국어 번체,5
KOPs42gr9,가락몰 야외음악회 가락테이블콘서트,축제/공연/행사,축제/공연/행사,6,KOPs42gr9:한국어|ENPs42gr9:영어|JPPs42gr9:일본어|CNPs42gr9:중국어 간체|TCPs42gr9:중국어 번체,5
KOPwna114,가락몰 야외도서관 가락서가,축제/공연/행사,축제/공연/행사,6,KOPwna114:한국어|ENPwna114:영어|JPPwna114:일본어|CNPwna114:중국어 간체|TCPwna114:중국어 번체,5
KOPbmsovc,서울국악축제,축제/공연/행사,축제/공연/행사,6,KOPbmsovc:한국어|ENPbmsovc:영어,2
KOPw9m49o,2025년도 상반기 혼례 시연 &lt;여름빛 한옥에서 보내온 청첩장&gt;,축제/공연/행사,축제/공연/행사,6,KOPw9m49o:한국어|ENPw9m49o:영어,2
KOPbnvhzx,호호재 서울,축제/공연/행사,축제/공연/행사 > 행사 > 전시회,6,KOPbnvhzx:한국어|ENPbnvhzx:영어|JPPbnvhzx:일본어|CNPbnvhzx:중국어 간체|TCPbnvhzx:중국어 번체,5
KOP7mh35y,2025 서울관광 푸드 페스티벌(Picnic on the Bridge),축제/공연/행사,축제/공연/행사,6,KOP7mh35y:한국어|ENP7mh35y:영어,2
KOP67bnxw,K-패션&amp;뷰티 코칭스테이션,축제/공연/행사,축제/공연/행사,6,KOP67bnxw:한국어|ENP67bnxw:영어|JPP67bnxw:일본어|CNP67bnxw:중국어 간체|TCP67bnxw:중국어 번체,5
KOPt7q4fa,서울썸머바이브,축제/공연/행사,축제/공연/행사,6,KOPt7q4fa:한국어|ENPt7q4fa:영어|JPPt7q4fa:일본어|CNPt7q4fa:중국어 간체|TCPt7q4fa:중국어 번체,5
KOPvfdcgs,2025 서울시 태권도 상설공연,축제/공연/행사,축제/공연/행사,6,KOPvfdcgs:한국어|ENPvfdcgs:영어|JPPvfdcgs:일본어|CNPvfdcgs:중국어 간체|TCPvfdcgs:중국어 번체|RUPvfdcgs:러시아어,6
KOPperudz,2025 서울스프링페스타,축제/공연/행사,축제/공연/행사,6,KOPperudz:한국어|ENPperudz:영어|JPPperudz:일본어|CNPperudz:중국어 간체|TCPperudz:중국어 번체,5
KOP2l80dq,2025 서울세계도시문화축제,축제/공연/행사,축제/공연/행사,6,KOP2l80dq:한국어|ENP2l80dq:영어|JPP2l80dq:일본어|CNP2l80dq:중국어 간체|TCP2l80dq:중국어 번체,5
KOPrjv9l2,제17회 중랑 서울 장미 축제,축제/공연/행사,축제/공연/행사,6,KOPrjv9l2:한국어|ENPrjv9l2:영어|JPPrjv9l2:일본어|CNPrjv9l2:중국어 간체|TCPrjv9l2:중국어 번체|RUPrjv9l2:러시아어,6
KOPeqs95r,어반브레이크 2025,축제/공연/행사,축제/공연/행사,7,KOPeqs95r:한국어|ENPeqs95r:영어|JPPeqs95r:일본어|CNPeqs95r:중국어 간체|TCPeqs95r:중국어 번체,5
KOPvvwvnl,2025 서울식물원 해봄축제,축제/공연/행사,축제/공연/행사,7,KOPvvwvnl:한국어|ENPvvwvnl:영어|JPPvvwvnl:일본어|CNPvvwvnl:중국어 간체|TCPvvwvnl:중국어 번체,5
KOPvks6fk,제2회 전국빵지자랑,축제/공연/행사,축제/공연/행사,7,KOPvks6fk:한국어|ENPvks6fk:영어|JPPvks6fk:일본어|CNPvks6fk:중국어 간체|TCPvks6fk:중국어 번체,5
KOPosw1ub,한강야경투어,축제/공연/행사,축제/공연/행사,7,KOPosw1ub:한국어|ENPosw1ub:영어|JPPosw1ub:일본어|CNPosw1ub:중국어 간체|TCPosw1ub:중국어 번체,5
KOPvaxs41,2025 DDP 봄축제: 디자인 테마파크,축제/공연/행사,축제/공연/행사,7,KOPvaxs41:한국어|ENPvaxs41:영어|JPPvaxs41:일본어|CNPvaxs41:중국어 간체|TCPvaxs41:중국어 번체,5
KOPh9mvb4,2025 문화가 흐르는 노들 예술섬 &lt;노들노을스테이지: 봄날의 K-비트&gt;,축제/공연/행사,축제/공연/행사,7,KOPh9mvb4:한국어|ENPh9mvb4:영어|JPPh9mvb4:일본어|CNPh9mvb4:중국어 간체|TCPh9mvb4:중국어 번체,5
KOPt9arya,2025 한강 드론 라이트 쇼,축제/공연/행사,축제/공연/행사,7,KOPt9arya:한국어|ENPt9arya:영어|JPPt9arya:일본어|CNPt9arya:중국어 간체|TCPt9arya:중국어 번체,5
KOP9ydqnq,뮤지컬 &lt;팬텀&gt; 10주년 기념 공연,축제/공연/행사,축제/공연/행사 > 공연,7,KOP9ydqnq:한국어|ENP9ydqnq:영어|JPP9ydqnq:일본어|CNP9ydqnq:중국어 간체|TCP9ydqnq:중국어 번체,5
KOPh8bdsu,2025 동대문구 봄꽃축제,축제/공연/행사,축제/공연/행사,7,KOPh8bdsu:한국어,1
KOPvw7jhb,2025 양재천 벚꽃 등(燈) 축제,축제/공연/행사,축제/공연/행사,7,KOPvw7jhb:한국어|ENPvw7jhb:영어|JPPvw7jhb:일본어|CNPvw7jhb:중국어 간체|TCPvw7jhb:중국어 번체,5
KOPd0i6z8,2025 호수벚꽃축제,축제/공연/행사,축제/공연/행사,7,KOPd0i6z8:한국어,1
KOPi94zwj,2025 영등포 여의도 봄꽃축제,축제/공연/행사,축제/공연/행사,7,KOPi94zwj:한국어|ENPi94zwj:영어|JPPi94zwj:일본어|CNPi94zwj:중국어 간체|TCPi94zwj:중국어 번체,5
KOPgo8tq8,서울가든페스타,축제/공연/행사,축제/공연/행사,7,KOPgo8tq8:한국어|ENPgo8tq8:영어|JPPgo8tq8:일본어|CNPgo8tq8:중국어 간체|TCPgo8tq8:중국어 번체,5
KOPp0yq43,2025 서울대공원 벚꽃축제,축제/공연/행사,축제/공연/행사,7,KOPp0yq43:한국어,1
KOPwo6zsy,2025 서울국제정원박람회,축제/공연/행사,축제/공연/행사,7,KOPwo6zsy:한국어|ENPwo6zsy:영어|JPPwo6zsy:일본어|CNPwo6zsy:중국어 간체|TCPwo6zsy:중국어 번체|RUPwo6zsy:러시아어,6
KOPwray9z,제 7회 대한민국맥주박람회,축제/공연/행사,축제/공연/행사,7,KOPwray9z:한국어|ENPwray9z:영어|JPPwray9z:일본어|CNPwray9z:중국어 간체|TCPwray9z:중국어 번체,5
KOPj691jr,2025 천호자전거거리 벚꽃라이딩챌린지,축제/공연/행사,축제/공연/행사,7,KOPj691jr:한국어|ENPj691jr:영어|JPPj691jr:일본어|CNPj691jr:중국어 간체|TCPj691jr:중국어 번체,5
KOPqxfa1a,2025 서울 AI 페스타,축제/공연/행사,축제/공연/행사,7,KOPqxfa1a:한국어|ENPqxfa1a:영어,2
KOP1x90yb,제2회 쉬엄쉬엄 한강 3종 축제,축제/공연/행사,축제/공연/행사,7,KOP1x90yb:한국어|ENP1x90yb:영어|JPP1x90yb:일본어,3
KOP0f1okn,2024 서울광장 스케이트장,축제/공연/행사,축제/공연/행사,7,KOP0f1okn:한국어|ENP0f1okn:영어|JPP0f1okn:일본어|CNP0f1okn:중국어 간체|TCP0f1okn:중국어 번체,5
KOPxn55dm,관악별빛산책,축제/공연/행사,축제/공연/행사,8,KOPxn55dm:한국어|ENPxn55dm:영어|JPPxn55dm:일본어|CNPxn55dm:중국어 간체|TCPxn55dm:중국어 번체,5
KOPdmxe9f,2024 서울빛초롱축제,축제/공연/행사,축제/공연/행사,8,KOPdmxe9f:한국어,1
KOPa6e8w5,2024 크리스마스 Wonderful Showtime,축제/공연/행사,축제/공연/행사,8,KOPa6e8w5:한국어|ENPa6e8w5:영어|JPPa6e8w5:일본어|CNPa6e8w5:중국어 간체|TCPa6e8w5:중국어 번체,5
KOPo90hvw,2024 DDP 디자인마켓,축제/공연/행사,축제/공연/행사,8,KOPo90hvw:한국어|ENPo90hvw:영어|JPPo90hvw:일본어|CNPo90hvw:중국어 간체|TCPo90hvw:중국어 번체,5
KOPjcupa6,2024 남산골 세시울림 &lt;동지섣달&gt;,축제/공연/행사,축제/공연/행사,8,KOPjcupa6:한국어|ENPjcupa6:영어|JPPjcupa6:일본어|CNPjcupa6:중국어 간체|TCPjcupa6:중국어 번체,5
KOP6mjk9h,K-BEAUTY 100-UP 팝업스토어,축제/공연/행사,축제/공연/행사,8,KOP6mjk9h:한국어|ENP6mjk9h:영어|JPP6mjk9h:일본어|CNP6mjk9h:중국어 간체|TCP6mjk9h:중국어 번체,5
KOPxcm3vg,2024 한강페스티벌 겨울,축제/공연/행사,축제/공연/행사,8,KOPxcm3vg:한국어|ENPxcm3vg:영어|JPPxcm3vg:일본어|CNPxcm3vg:중국어 간체|TCPxcm3vg:중국어 번체,5
KOPza8zf4,서울라이트 광화문,축제/공연/행사,축제/공연/행사,8,KOPza8zf4:한국어|ENPza8zf4:영어|JPPza8zf4:일본어|CNPza8zf4:중국어 간체|TCPza8zf4:중국어 번체,5
KOP8hdw8f,서울라이트 DDP 2024 겨울,축제/공연/행사,축제/공연/행사,8,KOP8hdw8f:한국어|ENP8hdw8f:영어|JPP8hdw8f:일본어|CNP8hdw8f:중국어 간체|TCP8hdw8f:중국어 번체,5
KOPhoqolx,&#039;K-POP &amp; FOOD&#039; TOUR in SINCHON,축제/공연/행사,축제/공연/행사,8,KOPhoqolx:한국어|ENPhoqolx:영어|JPPhoqolx:일본어|CNPhoqolx:중국어 간체|TCPhoqolx:중국어 번체,5
KOPbxy1hw,Lotte World Happy Christmas Parade,축제/공연/행사,축제/공연/행사,8,KOPbxy1hw:한국어|ENPbxy1hw:영어|JPPbxy1hw:일본어|CNPbxy1hw:중국어 간체|TCPbxy1hw:중국어 번체|RUPbxy1hw:러시아어,6
KOPuakjav,Burning Beaver 2024,축제/공연/행사,축제/공연/행사,8,KOPuakjav:한국어|ENPuakjav:영어|JPPuakjav:일본어|CNPuakjav:중국어 간체|TCPuakjav:중국어 번체,5
KOPnjhfip,어제의 이야기 오늘의 소리 내일의 기억,축제/공연/행사,축제/공연/행사,8,KOPnjhfip:한국어|ENPnjhfip:영어|JPPnjhfip:일본어|CNPnjhfip:중국어 간체|TCPnjhfip:중국어 번체,5
KOPurjpne,2024 서울윈터페스타,축제/공연/행사,축제/공연/행사,8,KOPurjpne:한국어|ENPurjpne:영어|JPPurjpne:일본어|CNPurjpne:중국어 간체|TCPurjpne:중국어 번체,5
KOPlvxzu1,&#039;K-POP &amp; FOOD&#039; TOUR in SINCHON,축제/공연/행사,축제/공연/행사,8,KOPlvxzu1:한국어|ENPlvxzu1:영어|JPPlvxzu1:일본어|CNPlvxzu1:중국어 간체|TCPlvxzu1:중국어 번체,5
KOPx9le3r,2024 광화문 마켓,축제/공연/행사,축제/공연/행사,8,KOPx9le3r:한국어|ENPx9le3r:영어|JPPx9le3r:일본어|CNPx9le3r:중국어 간체|TCPx9le3r:중국어 번체,5
KOPszqghv,2024 서울미식주간,축제/공연/행사,축제/공연/행사,8,KOPszqghv:한국어|ENPszqghv:영어|JPPszqghv:일본어|CNPszqghv:중국어 간체|TCPszqghv:중국어 번체,5
KOPewc7n6,서울 라이프스타일 투어 엔터테이너 주간,축제/공연/행사,축제/공연/행사,8,KOPewc7n6:한국어|ENPewc7n6:영어|JPPewc7n6:일본어|CNPewc7n6:중국어 간체|TCPewc7n6:중국어 번체,5
KOPxltb2s,"호수의 가을과 겨울, 그리고 루미나리에",축제/공연/행사,축제/공연/행사,8,KOPxltb2s:한국어|ENPxltb2s:영어|JPPxltb2s:일본어|CNPxltb2s:중국어 간체|TCPxltb2s:중국어 번체|RUPxltb2s:러시아어,6
KOP4beh85,2024 서울 익스트림스포츠 페스티벌,축제/공연/행사,축제/공연/행사,8,KOP4beh85:한국어|ENP4beh85:영어|JPP4beh85:일본어|CNP4beh85:중국어 간체|TCP4beh85:중국어 번체,5
KOP8434up,백인제가옥 &#039;북촌음악회-추상&#039;,축제/공연/행사,축제/공연/행사,9,KOP8434up:한국어|ENP8434up:영어|JPP8434up:일본어|CNP8434up:중국어 간체|TCP8434up:중국어 번체,5
KOPp015xr,신세계백화점 2024 크리스마스 라이츠,축제/공연/행사,축제/공연/행사,9,KOPp015xr:한국어|ENPp015xr:영어|JPPp015xr:일본어|CNPp015xr:중국어 간체|TCPp015xr:중국어 번체|RUPp015xr:러시아어,6
KOP540sb3,가락옥토버페스트 캠핑축제,축제/공연/행사,축제/공연/행사,9,KOP540sb3:한국어|ENP540sb3:영어|JPP540sb3:일본어|CNP540sb3:중국어 간체|TCP540sb3:중국어 번체,5
KOP3ntu1y,서울 라이프스타일 투어 트렌드세터 주간,축제/공연/행사,축제/공연/행사,9,KOP3ntu1y:한국어|ENP3ntu1y:영어|JPP3ntu1y:일본어|CNP3ntu1y:중국어 간체|TCP3ntu1y:중국어 번체,5
KOPj42m2g,2024 서울라이트 한강 빛섬축제,축제/공연/행사,축제/공연/행사,9,KOPj42m2g:한국어|ENPj42m2g:영어|JPPj42m2g:일본어|CNPj42m2g:중국어 간체|TCPj42m2g:중국어 번체,5
KOPd4djgn,2024 서울국제공연예술제 SPAF,축제/공연/행사,축제/공연/행사,9,KOPd4djgn:한국어|ENPd4djgn:영어|JPPd4djgn:일본어|CNPd4djgn:중국어 간체|TCPd4djgn:중국어 번체,5
KOPwkpe4p,서울세계불꽃축제 2024,축제/공연/행사,축제/공연/행사,9,KOPwkpe4p:한국어|ENPwkpe4p:영어|JPPwkpe4p:일본어|CNPwkpe4p:중국어 간체|TCPwkpe4p:중국어 번체,5
KOP7uoiws,2024 서울함 페스티벌 가을편,축제/공연/행사,축제/공연/행사,9,KOP7uoiws:한국어|ENP7uoiws:영어|JPP7uoiws:일본어|CNP7uoiws:중국어 간체|TCP7uoiws:중국어 번체,5
KOPzk2gs0,2024 한강 종이비행기 축제,축제/공연/행사,축제/공연/행사,9,KOPzk2gs0:한국어|ENPzk2gs0:영어|JPPzk2gs0:일본어|CNPzk2gs0:중국어 간체|TCPzk2gs0:중국어 번체,5
KOPouzrxk,2024 남산골 전통혼례 시연 &lt;혼인잔치: 가을편&gt;,축제/공연/행사,축제/공연/행사,9,KOPouzrxk:한국어|ENPouzrxk:영어|JPPouzrxk:일본어|CNPouzrxk:중국어 간체|TCPouzrxk:중국어 번체,5
KOPyd76o6,한가위 한마당,축제/공연/행사,축제/공연/행사,9,KOPyd76o6:한국어|ENPyd76o6:영어|JPPyd76o6:일본어|CNPyd76o6:중국어 간체|TCPyd76o6:중국어 번체,5
KOPf4csis,2024 책읽는 한강공원,축제/공연/행사,축제/공연/행사,9,KOPf4csis:한국어|ENPf4csis:영어|JPPf4csis:일본어|CNPf4csis:중국어 간체|TCPf4csis:중국어 번체,5
KOP4w6gle,2024 운현궁 한가위 민속한마당,축제/공연/행사,축제/공연/행사,9,KOP4w6gle:한국어|ENP4w6gle:영어|JPP4w6gle:일본어|CNP4w6gle:중국어 간체|TCP4w6gle:중국어 번체,5
KOPtbp8wo,2024 ZEROBASEONE THE FIRST TOUR ［TIMELESS WORLD］ IN SEOUL,축제/공연/행사,축제/공연/행사 > 공연,9,KOPtbp8wo:한국어|JPPtbp8wo:일본어,2
KOPi1d597,2024 남산골 한가위축제: 삼삼오락,축제/공연/행사,축제/공연/행사,9,KOPi1d597:한국어|ENPi1d597:영어|JPPi1d597:일본어|CNPi1d597:중국어 간체|TCPi1d597:중국어 번체,5
KOP34zv8u,2024 서울뷰티트래블위크,축제/공연/행사,축제/공연/행사,9,KOP34zv8u:한국어|ENP34zv8u:영어|JPP34zv8u:일본어|CNP34zv8u:중국어 간체|TCP34zv8u:중국어 번체,5
KOPdr6nn0,강남아트 2024,축제/공연/행사,축제/공연/행사,9,KOPdr6nn0:한국어|JPPdr6nn0:일본어|CNPdr6nn0:중국어 간체|TCPdr6nn0:중국어 번체,4
KOP0ix3cs,음악이 보인다 과학이 들린다,축제/공연/행사,축제/공연/행사,9,KOP0ix3cs:한국어|ENP0ix3cs:영어|JPP0ix3cs:일본어|CNP0ix3cs:중국어 간체|TCP0ix3cs:중국어 번체,5
KOPughngc,2024 창덕궁 달빛기행,축제/공연/행사,축제/공연/행사,9,KOPughngc:한국어|ENPughngc:영어|JPPughngc:일본어|CNPughngc:중국어 간체|TCPughngc:중국어 번체,5
KOPug150d,2024 제로플(ZERO+) 뚝섬나눔장터,축제/공연/행사,축제/공연/행사,9,KOPug150d:한국어|ENPug150d:영어|JPPug150d:일본어|CNPug150d:중국어 간체|TCPug150d:중국어 번체,5
KOP668j32,Kiaf SEOUL 2024,축제/공연/행사,축제/공연/행사,10,KOP668j32:한국어|ENP668j32:영어|JPP668j32:일본어|CNP668j32:중국어 간체|TCP668j32:중국어 번체,5
KOP2pvupp,DDP 디자인&amp;아트,축제/공연/행사,축제/공연/행사,10,KOP2pvupp:한국어|ENP2pvupp:영어|JPP2pvupp:일본어|CNP2pvupp:중국어 간체|TCP2pvupp:중국어 번체,5
KOP9cyuk4,2024 제6회 서울국악축제,축제/공연/행사,축제/공연/행사,10,KOP9cyuk4:한국어|ENP9cyuk4:영어|JPP9cyuk4:일본어|CNP9cyuk4:중국어 간체|TCP9cyuk4:중국어 번체,5
KOP6veyy2,2024 서울 국제 주얼리&amp;액세서리 쇼,축제/공연/행사,축제/공연/행사,10,KOP6veyy2:한국어|ENP6veyy2:영어|JPP6veyy2:일본어|CNP6veyy2:중국어 간체|TCP6veyy2:중국어 번체,5
KOPq3vy8l,2024 밤의 수문장,축제/공연/행사,축제/공연/행사,10,KOPq3vy8l:한국어|ENPq3vy8l:영어|JPPq3vy8l:일본어|CNPq3vy8l:중국어 간체|TCPq3vy8l:중국어 번체,5
KOPqsxdzp,글로벌 아트&amp;테크 축제_FuturaCanvas #0,축제/공연/행사,축제/공연/행사,10,KOPqsxdzp:한국어|ENPqsxdzp:영어|JPPqsxdzp:일본어|CNPqsxdzp:중국어 간체|TCPqsxdzp:중국어 번체|RUPqsxdzp:러시아어,6
KOPwam7wq,한일축제한마당 2024 in Seoul,축제/공연/행사,축제/공연/행사,10,KOPwam7wq:한국어|JPPwam7wq:일본어,2
KOP09c5od,서울라이트 DDP 2024 가을 “퓨처로그 Future Log”,축제/공연/행사,축제/공연/행사,10,KOP09c5od:한국어|ENP09c5od:영어|JPP09c5od:일본어|CNP09c5od:중국어 간체|TCP09c5od:중국어 번체,5
KOPlggwoh,[예술품은 매력정원] 어반스케치로 함께하는 미술이 펼쳐지는 정원,축제/공연/행사,축제/공연/행사,10,KOPlggwoh:한국어|ENPlggwoh:영어|JPPlggwoh:일본어|CNPlggwoh:중국어 간체|TCPlggwoh:중국어 번체,5
KOPe11y5c,2024 문화가 흐르는 서울광장,축제/공연/행사,축제/공연/행사,10,KOPe11y5c:한국어|ENPe11y5c:영어|JPPe11y5c:일본어|CNPe11y5c:중국어 간체|TCPe11y5c:중국어 번체,5
KOPrz1ia1,2024 서울 버스커 페스티벌,축제/공연/행사,축제/공연/행사,10,KOPrz1ia1:한국어|ENPrz1ia1:영어|JPPrz1ia1:일본어|CNPrz1ia1:중국어 간체|TCPrz1ia1:중국어 번체,5
KOPr3z23y,문학주간 2024  &lt;스핀오프&gt;,축제/공연/행사,축제/공연/행사,10,KOPr3z23y:한국어|ENPr3z23y:영어|JPPr3z23y:일본어|CNPr3z23y:중국어 간체|TCPr3z23y:중국어 번체,5
KOPm3o5t9,2024 서대문독립축제,축제/공연/행사,축제/공연/행사,10,KOPm3o5t9:한국어|ENPm3o5t9:영어|JPPm3o5t9:일본어|CNPm3o5t9:중국어 간체|TCPm3o5t9:중국어 번체,5
KOPokabjm,2024 서울거리공연 구석구석 라이브,축제/공연/행사,축제/공연/행사,10,KOPokabjm:한국어|ENPokabjm:영어|JPPokabjm:일본어|CNPokabjm:중국어 간체|TCPokabjm:중국어 번체,5
KOPvvk5xk,2024 신촌글로벌대학문화축제(SWYFT),축제/공연/행사,축제/공연/행사,10,KOPvvk5xk:한국어|ENPvvk5xk:영어|JPPvvk5xk:일본어|CNPvvk5xk:중국어 간체|TCPvvk5xk:중국어 번체,5
KOPt9sp7g,2024 서울썸머비치,축제/공연/행사,축제/공연/행사,10,KOPt9sp7g:한국어|ENPt9sp7g:영어|JPPt9sp7g:일본어|CNPt9sp7g:중국어 간체|TCPt9sp7g:중국어 번체,5
KOP34w5l3,남산봉수의식 등 전통문화행사,축제/공연/행사,축제/공연/행사,10,KOP34w5l3:한국어|ENP34w5l3:영어|JPP34w5l3:일본어|CNP34w5l3:중국어 간체|TCP34w5l3:중국어 번체,5
KOPy0v1xv,K-푸드 페스티벌 넉넉,축제/공연/행사,축제/공연/행사,10,KOPy0v1xv:한국어|ENPy0v1xv:영어|JPPy0v1xv:일본어|CNPy0v1xv:중국어 간체|TCPy0v1xv:중국어 번체,5
KOPmplk7i,DDP 여름축제: 디자인 바이브,축제/공연/행사,축제/공연/행사,10,KOPmplk7i:한국어|ENPmplk7i:영어|JPPmplk7i:일본어|CNPmplk7i:중국어 간체|TCPmplk7i:중국어 번체,5
KOP7t6vhu,서울야외도서관: 책읽는 맑은냇가,축제/공연/행사,축제/공연/행사,10,KOP7t6vhu:한국어|ENP7t6vhu:영어|JPP7t6vhu:일본어|CNP7t6vhu:중국어 간체|TCP7t6vhu:중국어 번체,5
KOP2ibx5g,서울야외도서관: 광화문 책마당,축제/공연/행사,축제/공연/행사,11,KOP2ibx5g:한국어|ENP2ibx5g:영어|JPP2ibx5g:일본어|CNP2ibx5g:중국어 간체|TCP2ibx5g:중국어 번체,5
KOPx6r366,서울야외도서관: 책읽는 서울광장,축제/공연/행사,축제/공연/행사,11,KOPx6r366:한국어|ENPx6r366:영어|JPPx6r366:일본어|CNPx6r366:중국어 간체|TCPx6r366:중국어 번체|RUPx6r366:러시아어,6
KOP55wi0c,아시아프 ASYAAF,축제/공연/행사,축제/공연/행사,11,KOP55wi0c:한국어|ENP55wi0c:영어|JPP55wi0c:일본어|CNP55wi0c:중국어 간체|TCP55wi0c:중국어 번체,5
KOPl388rc,2024 한강여름페스티벌,축제/공연/행사,축제/공연/행사,11,KOPl388rc:한국어|ENPl388rc:영어|JPPl388rc:일본어|CNPl388rc:중국어 간체|TCPl388rc:중국어 번체,5
KOP79fs02,제21회 서울국제실험영화페스티벌 EXiS2024,축제/공연/행사,축제/공연/행사,11,KOP79fs02:한국어|ENP79fs02:영어|JPP79fs02:일본어|CNP79fs02:중국어 간체|TCP79fs02:중국어 번체,5
KOPh2y3bi,서울프린지페스티벌2024,축제/공연/행사,축제/공연/행사,11,KOPh2y3bi:한국어|ENPh2y3bi:영어|JPPh2y3bi:일본어|CNPh2y3bi:중국어 간체|TCPh2y3bi:중국어 번체|RUPh2y3bi:러시아어,6
KOPfa8ilz,2024 한강수영장·물놀이장 개장,축제/공연/행사,축제/공연/행사,11,KOPfa8ilz:한국어|ENPfa8ilz:영어|JPPfa8ilz:일본어|CNPfa8ilz:중국어 간체|TCPfa8ilz:중국어 번체|RUPfa8ilz:러시아어,6
KOPtl0733,2024 한여름의 과학관,축제/공연/행사,축제/공연/행사,11,KOPtl0733:한국어|ENPtl0733:영어|JPPtl0733:일본어|CNPtl0733:중국어 간체|TCPtl0733:중국어 번체,5
KOP2u2r2h,한강무소음DJ 파티,축제/공연/행사,축제/공연/행사,11,KOP2u2r2h:한국어|ENP2u2r2h:영어|JPP2u2r2h:일본어|CNP2u2r2h:중국어 간체|TCP2u2r2h:중국어 번체|RUP2u2r2h:러시아어,6
KOP3lfvr5,K-푸드페스타 in 서울 2024,축제/공연/행사,축제/공연/행사,11,KOP3lfvr5:한국어|ENP3lfvr5:영어|JPP3lfvr5:일본어|CNP3lfvr5:중국어 간체|TCP3lfvr5:중국어 번체|RUP3lfvr5:러시아어,6
KOPkyfuzd,남산 국악의 밤,축제/공연/행사,축제/공연/행사,11,KOPkyfuzd:한국어|ENPkyfuzd:영어|JPPkyfuzd:일본어|CNPkyfuzd:중국어 간체|TCPkyfuzd:중국어 번체|RUPkyfuzd:러시아어,6
KOP2wsdrm,2024 남산골 한옥마을 태권도 상설공연,축제/공연/행사,축제/공연/행사,11,KOP2wsdrm:한국어|ENP2wsdrm:영어|JPP2wsdrm:일본어|CNP2wsdrm:중국어 간체|TCP2wsdrm:중국어 번체,5
KOPyanjke,2024 실내악축제,축제/공연/행사,축제/공연/행사,11,KOPyanjke:한국어|ENPyanjke:영어|JPPyanjke:일본어|CNPyanjke:중국어 간체|TCPyanjke:중국어 번체|RUPyanjke:러시아어,6
KOP7gsazt,한강역사탐방,축제/공연/행사,축제/공연/행사,11,KOP7gsazt:한국어|ENP7gsazt:영어|JPP7gsazt:일본어|CNP7gsazt:중국어 간체|TCP7gsazt:중국어 번체,5
KOPir0xf7,2024 메이커 페어 서울,축제/공연/행사,축제/공연/행사,11,KOPir0xf7:한국어|ENPir0xf7:영어|JPPir0xf7:일본어|CNPir0xf7:중국어 간체|TCPir0xf7:중국어 번체|RUPir0xf7:러시아어,6
KOP4i0vkb,2024 서울국제도서전,축제/공연/행사,축제/공연/행사,11,KOP4i0vkb:한국어|ENP4i0vkb:영어|JPP4i0vkb:일본어|CNP4i0vkb:중국어 간체|TCP4i0vkb:중국어 번체,5
KOPcpqr6v,위클리 클래식 페스티벌,축제/공연/행사,축제/공연/행사,11,KOPcpqr6v:한국어|ENPcpqr6v:영어|JPPcpqr6v:일본어|CNPcpqr6v:중국어 간체|TCPcpqr6v:중국어 번체,5
KOPojy0pl,서울K-가족축제,축제/공연/행사,축제/공연/행사,11,KOPojy0pl:한국어|ENPojy0pl:영어|JPPojy0pl:일본어|CNPojy0pl:중국어 간체|TCPojy0pl:중국어 번체,5
KOP5e2vd2,2024 프랑스 거리음악축제,축제/공연/행사,축제/공연/행사,11,KOP5e2vd2:한국어|ENP5e2vd2:영어|JPP5e2vd2:일본어|CNP5e2vd2:중국어 간체|TCP5e2vd2:중국어 번체,5
KOPogtmed,2024 보드게임콘,축제/공연/행사,축제/공연/행사,11,KOPogtmed:한국어|ENPogtmed:영어|JPPogtmed:일본어|CNPogtmed:중국어 간체|TCPogtmed:중국어 번체,5
KOPzmyq0x,아시테지 국제여름축제,축제/공연/행사,축제/공연/행사,12,KOPzmyq0x:한국어|ENPzmyq0x:영어|JPPzmyq0x:일본어|CNPzmyq0x:중국어 간체|TCPzmyq0x:중국어 번체|RUPzmyq0x:러시아어,6
KOP2baond,2024 서울식품유통대전,축제/공연/행사,축제/공연/행사,12,KOP2baond:한국어,1
KOP75wu2z,2024 서울국제작가축제  &lt;입자와 파동&gt;,축제/공연/행사,축제/공연/행사,12,KOP75wu2z:한국어|ENP75wu2z:영어|JPP75wu2z:일본어|CNP75wu2z:중국어 간체|TCP75wu2z:중국어 번체,5
KOPfq3jd6,2024 유기농데이,축제/공연/행사,축제/공연/행사,12,KOPfq3jd6:한국어|ENPfq3jd6:영어|JPPfq3jd6:일본어|CNPfq3jd6:중국어 간체|TCPfq3jd6:중국어 번체,5
KOPak7n80,2024 정동야행,축제/공연/행사,축제/공연/행사,12,KOPak7n80:한국어|ENPak7n80:영어|JPPak7n80:일본어|CNPak7n80:중국어 간체|TCPak7n80:중국어 번체,5
KOPjmzriz,2024 서울드럼페스티벌,축제/공연/행사,축제/공연/행사,12,KOPjmzriz:한국어|ENPjmzriz:영어|JPPjmzriz:일본어|CNPjmzriz:중국어 간체|TCPjmzriz:중국어 번체,5
KOPuaffrd,2024 중앙아시아 봄맞이축제,축제/공연/행사,축제/공연/행사,12,KOPuaffrd:한국어|ENPuaffrd:영어|JPPuaffrd:일본어|CNPuaffrd:중국어 간체|TCPuaffrd:중국어 번체,5
KOP2edonl,중랑 서울장미축제,축제/공연/행사,축제/공연/행사,12,KOP2edonl:한국어|ENP2edonl:영어|JPP2edonl:일본어|CNP2edonl:중국어 간체|TCP2edonl:중국어 번체,5
KOP41j6yy,서울비댄스페스티벌(B.DANCE SEOUL),축제/공연/행사,축제/공연/행사,12,KOP41j6yy:한국어|ENP41j6yy:영어|JPP41j6yy:일본어|CNP41j6yy:중국어 간체|TCP41j6yy:중국어 번체,5
KOPwkfim8,서울페스타 2024,축제/공연/행사,축제/공연/행사,12,KOPwkfim8:한국어|ENPwkfim8:영어|JPPwkfim8:일본어|CNPwkfim8:중국어 간체|TCPwkfim8:중국어 번체,5
KOP9rq48q,서울시립과학관 2024 사이언스 페스티벌,축제/공연/행사,축제/공연/행사,12,KOP9rq48q:한국어|ENP9rq48q:영어|JPP9rq48q:일본어|CNP9rq48q:중국어 간체|TCP9rq48q:중국어 번체,5
KOPuxl99i,제10회 한국축제&amp;여행박람회 (K-Festival 2024),축제/공연/행사,축제/공연/행사,12,KOPuxl99i:한국어|ENPuxl99i:영어|JPPuxl99i:일본어|CNPuxl99i:중국어 간체|TCPuxl99i:중국어 번체,5
KOP6gju6o,DDP 봄축제: 디자인 동물원,축제/공연/행사,축제/공연/행사,12,KOP6gju6o:한국어|ENP6gju6o:영어|JPP6gju6o:일본어|CNP6gju6o:중국어 간체|TCP6gju6o:중국어 번체,5
KOP69sepr,돈화문음악극축제,축제/공연/행사,축제/공연/행사,12,KOP69sepr:한국어|ENP69sepr:영어|JPP69sepr:일본어|CNP69sepr:중국어 간체|TCP69sepr:중국어 번체,5
KOPzdxr30,BLOSSOM TOWER,축제/공연/행사,축제/공연/행사,12,KOPzdxr30:한국어|ENPzdxr30:영어|JPPzdxr30:일본어|CNPzdxr30:중국어 간체|TCPzdxr30:중국어 번체,5
KOP2k22mv,[동대문문화재단] 2024 제45회 선농대제,축제/공연/행사,축제/공연/행사,12,KOP2k22mv:한국어|ENP2k22mv:영어|JPP2k22mv:일본어|CNP2k22mv:중국어 간체|TCP2k22mv:중국어 번체,5
KOP20wj5b,도서관의 날. 도서관 주간,축제/공연/행사,축제/공연/행사,12,KOP20wj5b:한국어|ENP20wj5b:영어|JPP20wj5b:일본어|CNP20wj5b:중국어 간체|TCP20wj5b:중국어 번체,5
KOP6bkw6e,2024년 경복궁 별빛야행,축제/공연/행사,축제/공연/행사,12,KOP6bkw6e:한국어|ENP6bkw6e:영어|JPP6bkw6e:일본어|CNP6bkw6e:중국어 간체|TCP6bkw6e:중국어 번체,5
KOPm4anqb,창덕궁 달빛기행,축제/공연/행사,축제/공연/행사,12,KOPm4anqb:한국어|ENPm4anqb:영어|JPPm4anqb:일본어|CNPm4anqb:중국어 간체|RUPm4anqb:러시아어,5
KOPbilbir,2024 봄 궁중문화축전,축제/공연/행사,축제/공연/행사,12,KOPbilbir:한국어|ENPbilbir:영어|JPPbilbir:일본어|CNPbilbir:중국어 간체|TCPbilbir:중국어 번체,5
KOPi72wli,2024 서울스프링실내악축제,축제/공연/행사,축제/공연/행사,13,KOPi72wli:한국어|ENPi72wli:영어|JPPi72wli:일본어|CNPi72wli:중국어 간체|TCPi72wli:중국어 번체,5
KOP9ecocj,2024 나루 스트릿 댄스 페스티벌,축제/공연/행사,축제/공연/행사,13,KOP9ecocj:한국어|ENP9ecocj:영어|JPP9ecocj:일본어|CNP9ecocj:중국어 간체|TCP9ecocj:중국어 번체,5
KOPm679in,불광천 벚꽃축제 &#039;은평의 봄&#039;,축제/공연/행사,축제/공연/행사,13,KOPm679in:한국어|ENPm679in:영어|JPPm679in:일본어|CNPm679in:중국어 간체|TCPm679in:중국어 번체,5
KOPeyonkp,양재아트살롱,축제/공연/행사,축제/공연/행사,13,KOPeyonkp:한국어|ENPeyonkp:영어|JPPeyonkp:일본어|CNPeyonkp:중국어 간체|TCPeyonkp:중국어 번체,5
KOPaqoik3,2024 서울대공원 벚꽃축제,축제/공연/행사,축제/공연/행사,13,KOPaqoik3:한국어|ENPaqoik3:영어|JPPaqoik3:일본어|CNPaqoik3:중국어 간체|TCPaqoik3:중국어 번체,5
KOPy4azfk,2024 서대문 봄빛축제 &#039;봄빛 서대문에서 만나봄&#039;,축제/공연/행사,축제/공연/행사,13,KOPy4azfk:한국어|ENPy4azfk:영어|JPPy4azfk:일본어|CNPy4azfk:중국어 간체|TCPy4azfk:중국어 번체,5
KOPfm6ot9,무브살롱 시즌3 벚꽃다이닝,축제/공연/행사,축제/공연/행사,13,KOPfm6ot9:한국어|ENPfm6ot9:영어|CNPfm6ot9:중국어 간체|TCPfm6ot9:중국어 번체,4
KOP97iwrz,2024서울국제정원박람회,축제/공연/행사,축제/공연/행사,13,KOP97iwrz:한국어|ENP97iwrz:영어|JPP97iwrz:일본어|CNP97iwrz:중국어 간체|TCP97iwrz:중국어 번체|RUP97iwrz:러시아어,6
KOP6zaf2d,서울윈타(서울윈터페스타) 2023,축제/공연/행사,축제/공연/행사,13,KOP6zaf2d:한국어|ENP6zaf2d:영어|JPP6zaf2d:일본어|CNP6zaf2d:중국어 간체|TCP6zaf2d:중국어 번체,5
KOP4djkt0,2023 송현동 솔빛축제,축제/공연/행사,축제/공연/행사,13,KOP4djkt0:한국어|ENP4djkt0:영어|JPP4djkt0:일본어|CNP4djkt0:중국어 간체|TCP4djkt0:중국어 번체,5
KOPihn82t,DDP 겨울축제,축제/공연/행사,축제/공연/행사,13,KOPihn82t:한국어|ENPihn82t:영어|JPPihn82t:일본어|CNPihn82t:중국어 간체|TCPihn82t:중국어 번체,5
KOP9a13z1,"대한민국 소프트웨어대전, 소프트웨이브 2023",축제/공연/행사,축제/공연/행사,13,KOP9a13z1:한국어|ENP9a13z1:영어|JPP9a13z1:일본어|CNP9a13z1:중국어 간체|TCP9a13z1:중국어 번체,5
KOPwhbxuu,서울라이트 DDP 2023 겨울,축제/공연/행사,축제/공연/행사,13,KOPwhbxuu:한국어|ENPwhbxuu:영어|JPPwhbxuu:일본어|CNPwhbxuu:중국어 간체|TCPwhbxuu:중국어 번체,5
KOPbep2ul,2023 엄마아빠 행복 프로젝트 &lt;11월 엄마아빠 예술로 함께&gt;,축제/공연/행사,축제/공연/행사,13,KOPbep2ul:한국어,1
KOPyengwf,제22회 서울카페쇼,축제/공연/행사,축제/공연/행사,13,KOPyengwf:한국어|ENPyengwf:영어|JPPyengwf:일본어|CNPyengwf:중국어 간체|TCPyengwf:중국어 번체,5
KOPj1wjif,2023 엄마아빠 행복 프로젝트 &lt;10월 엄마아빠 행복 페스티벌&gt;,축제/공연/행사,축제/공연/행사,13,KOPj1wjif:한국어,1
KOPxrk7ri,2023 열린지역축제 「오! 해피데이」,축제/공연/행사,축제/공연/행사,13,KOPxrk7ri:한국어,1
KOP4055ea,[서울시립과학관 ] 2023 과학·문화가 있는 날 月刊夜水 : 월간야수,축제/공연/행사,축제/공연/행사,13,KOP4055ea:한국어|ENP4055ea:영어|JPP4055ea:일본어|CNP4055ea:중국어 간체|TCP4055ea:중국어 번체,5
KOP0862n6,한국전통혼례 재현 및 체험,축제/공연/행사,축제/공연/행사,13,KOP0862n6:한국어|ENP0862n6:영어,2
KOPs5w668,2023 정동야행,축제/공연/행사,축제/공연/행사,13,KOPs5w668:한국어|ENPs5w668:영어|JPPs5w668:일본어|CNPs5w668:중국어 간체|TCPs5w668:중국어 번체,5
KOPp6q6zb,추석맞이 서울 도심 등산관광센터 전통놀이 이벤트,축제/공연/행사,축제/공연/행사,14,KOPp6q6zb:한국어|ENPp6q6zb:영어|JPPp6q6zb:일본어|CNPp6q6zb:중국어 간체|TCPp6q6zb:중국어 번체,5
KOP0zndmn,2023 서울 웰니스 위크-당신의 웰니스를 찾아서,축제/공연/행사,축제/공연/행사,14,KOP0zndmn:한국어|ENP0zndmn:영어|JPP0zndmn:일본어|CNP0zndmn:중국어 간체|TCP0zndmn:중국어 번체,5
KOPafmxzm,2023 정조대왕 능행차 공동재현,축제/공연/행사,축제/공연/행사,14,KOPafmxzm:한국어|ENPafmxzm:영어|JPPafmxzm:일본어|CNPafmxzm:중국어 간체|TCPafmxzm:중국어 번체,5
KOPbdorfj,2023 명동맥주페스티벌,축제/공연/행사,축제/공연/행사,14,KOPbdorfj:한국어|ENPbdorfj:영어|JPPbdorfj:일본어|CNPbdorfj:중국어 간체|TCPbdorfj:중국어 번체,5
KOPu6nuxw,2023 서울뷰티트래블위크,축제/공연/행사,축제/공연/행사,14,KOPu6nuxw:한국어|ENPu6nuxw:영어|JPPu6nuxw:일본어|CNPu6nuxw:중국어 간체|TCPu6nuxw:중국어 번체,5
KOP4ihthd,2023 웰컴대학로,축제/공연/행사,축제/공연/행사,14,KOP4ihthd:한국어|ENP4ihthd:영어|JPP4ihthd:일본어|CNP4ihthd:중국어 간체|TCP4ihthd:중국어 번체,5
KOPjgo716,2023 서울국제음악제 &#039;낭만에 관하여&#039;,축제/공연/행사,축제/공연/행사,14,KOPjgo716:한국어|ENPjgo716:영어|JPPjgo716:일본어|CNPjgo716:중국어 간체|TCPjgo716:중국어 번체,5
KOP0lau68,2023 한강 불빛 공연(드론 라이트 쇼),축제/공연/행사,축제/공연/행사,14,KOP0lau68:한국어|ENP0lau68:영어|JPP0lau68:일본어|CNP0lau68:중국어 간체|TCP0lau68:중국어 번체,5
KOP3r44bo,2023 메이커 페어 서울,축제/공연/행사,축제/공연/행사,14,KOP3r44bo:한국어|ENP3r44bo:영어|JPP3r44bo:일본어|CNP3r44bo:중국어 간체|TCP3r44bo:중국어 번체,5
KOP999nht,2023 서울미식주간(Taste of Seoul 2023),축제/공연/행사,축제/공연/행사,14,KOP999nht:한국어|ENP999nht:영어|JPP999nht:일본어|CNP999nht:중국어 간체|TCP999nht:중국어 번체,5
KOP5cko7t,2023 엄마아빠 행복 프로젝트 &lt;9월 엄마아빠 예술로 함께&gt; 참여 안내,축제/공연/행사,축제/공연/행사,14,KOP5cko7t:한국어,1
KOPv2hlgq,2023 남산 NIGHT WALK,축제/공연/행사,축제/공연/행사,14,KOPv2hlgq:한국어|ENPv2hlgq:영어,2
KOPnm6ln1,한일축제한마당 2023 in Seoul,축제/공연/행사,축제/공연/행사,14,KOPnm6ln1:한국어|ENPnm6ln1:영어|JPPnm6ln1:일본어|CNPnm6ln1:중국어 간체|TCPnm6ln1:중국어 번체,5
KOP6qxf92,2023 인터참코리아(InterCHARM Korea 2023),축제/공연/행사,축제/공연/행사,14,KOP6qxf92:한국어|ENP6qxf92:영어|JPP6qxf92:일본어|CNP6qxf92:중국어 간체|TCP6qxf92:중국어 번체,5
KOPbu6jmp,2023 한강페스티벌_여름,축제/공연/행사,축제/공연/행사,14,KOPbu6jmp:한국어|ENPbu6jmp:영어,2
KOPuuwd7b,2023 엔틱&amp;아트페어,축제/공연/행사,축제/공연/행사,14,KOPuuwd7b:한국어|ENPuuwd7b:영어|JPPuuwd7b:일본어|CNPuuwd7b:중국어 간체|TCPuuwd7b:중국어 번체,5
KOPgh3zcm,2023 서울썸머비치 (SEOUL SUMMER BEACH),축제/공연/행사,축제/공연/행사,14,KOPgh3zcm:한국어|ENPgh3zcm:영어|JPPgh3zcm:일본어|CNPgh3zcm:중국어 간체|TCPgh3zcm:중국어 번체,5
KOPscyp2t,스포츠 IN 아트스테이션- KPOP과 함께 여름 타파!,축제/공연/행사,축제/공연/행사,14,KOPscyp2t:한국어|ENPscyp2t:영어|JPPscyp2t:일본어|CNPscyp2t:중국어 간체|TCPscyp2t:중국어 번체,5
KOPg3spq1,스포츠 IN 아트스테이션-비보이와 함께 여름 BREAKING!,축제/공연/행사,축제/공연/행사,14,KOPg3spq1:한국어|ENPg3spq1:영어|JPPg3spq1:일본어|CNPg3spq1:중국어 간체|TCPg3spq1:중국어 번체,5
KOPfdipes,2023 케이펫페어 서울(코엑스),축제/공연/행사,축제/공연/행사,14,KOPfdipes:한국어|ENPfdipes:영어|JPPfdipes:일본어|CNPfdipes:중국어 간체|TCPfdipes:중국어 번체,5
KOPd4b9rs,2023 물총축제,축제/공연/행사,축제/공연/행사,15,KOPd4b9rs:한국어|ENPd4b9rs:영어|JPPd4b9rs:일본어|CNPd4b9rs:중국어 간체|TCPd4b9rs:중국어 번체,5
KOPn1nhc4,2023 서울국제작가축제  &lt;언어의 다리를 건너&gt;,축제/공연/행사,축제/공연/행사,15,KOPn1nhc4:한국어|ENPn1nhc4:영어|JPPn1nhc4:일본어|CNPn1nhc4:중국어 간체|TCPn1nhc4:중국어 번체,5
KOPg6pf2h,2023 엄마아빠 행복 프로젝트 &lt;6월 엄마아빠 예술로 함께&gt; 참여 안내,축제/공연/행사,축제/공연/행사,15,KOPg6pf2h:한국어,1
KOPmkswy0,2023 서울시립교향악단 강변음악회,축제/공연/행사,축제/공연/행사,15,KOPmkswy0:한국어|ENPmkswy0:영어|JPPmkswy0:일본어|CNPmkswy0:중국어 간체|TCPmkswy0:중국어 번체,5
KOPpfo1tq,한강 달빛 야시장,축제/공연/행사,축제/공연/행사,15,KOPpfo1tq:한국어|ENPpfo1tq:영어|JPPpfo1tq:일본어|CNPpfo1tq:중국어 간체|TCPpfo1tq:중국어 번체,5
KOPqu0isp,Seoul in Purple &lt;br&gt;– 서울과 함께하는 BTS 10주년 FESTA,축제/공연/행사,축제/공연/행사,15,KOPqu0isp:한국어|ENPqu0isp:영어|JPPqu0isp:일본어,3
KOPfsaf5d,2023 서울비보이페스티벌 개최,축제/공연/행사,축제/공연/행사,15,KOPfsaf5d:한국어|ENPfsaf5d:영어|JPPfsaf5d:일본어|CNPfsaf5d:중국어 간체,4
KOPpgsixu,2023 엄마아빠 행복 프로젝트 &lt;5월 엄마아빠 행복 페스티벌&gt; 참여 안내,축제/공연/행사,축제/공연/행사,15,KOPpgsixu:한국어,1
KOP7lnu4q,엄마아빠행복프로젝트 2023 시민국악강좌 &lt;br&gt;&lt;남산 율방&gt;,축제/공연/행사,축제/공연/행사,15,KOP7lnu4q:한국어|ENP7lnu4q:영어|JPP7lnu4q:일본어|CNP7lnu4q:중국어 간체|TCP7lnu4q:중국어 번체,5
KOPvescrj,서울장미축제,축제/공연/행사,축제/공연/행사,15,KOPvescrj:한국어|ENPvescrj:영어|JPPvescrj:일본어|CNPvescrj:중국어 간체|TCPvescrj:중국어 번체,5
KOPvv2ijx,2025 연등회(燃燈會),축제/공연/행사,축제/공연/행사,15,KOPvv2ijx:한국어|ENPvv2ijx:영어|JPPvv2ijx:일본어|CNPvv2ijx:중국어 간체|TCPvv2ijx:중국어 번체,5
KOP6d6fpt,2023년 경복궁 생과방 &lt;br&gt;- 경복궁에서 마주한 특별한 시간,축제/공연/행사,축제/공연/행사,15,KOP6d6fpt:한국어|ENP6d6fpt:영어|JPP6d6fpt:일본어|CNP6d6fpt:중국어 간체|TCP6d6fpt:중국어 번체,5
KOP5gd6qo,30회 서울디저트페어 [초코&amp;바나나],축제/공연/행사,축제/공연/행사,15,KOP5gd6qo:한국어|ENP5gd6qo:영어|JPP5gd6qo:일본어|CNP5gd6qo:중국어 간체|TCP5gd6qo:중국어 번체,5
KOPady6nu,창덕궁 달빛기행,축제/공연/행사,축제/공연/행사,15,KOPady6nu:한국어|ENPady6nu:영어|JPPady6nu:일본어|TCPady6nu:중국어 번체,4
KOPm4wwtb,경복궁 야간관람,축제/공연/행사,축제/공연/행사,15,KOPm4wwtb:한국어|ENPm4wwtb:영어|JPPm4wwtb:일본어|TCPm4wwtb:중국어 번체,4
KOP45cpn8,밤의 석조전,축제/공연/행사,축제/공연/행사,15,KOP45cpn8:한국어|ENP45cpn8:영어|JPP45cpn8:일본어|CNP45cpn8:중국어 간체|TCP45cpn8:중국어 번체,5
KOPe44ws3,2023 궁중문화축전,축제/공연/행사,축제/공연/행사,15,KOPe44ws3:한국어|ENPe44ws3:영어|JPPe44ws3:일본어|CNPe44ws3:중국어 간체|TCPe44ws3:중국어 번체,5
KOPi7ar6v,서울시립 북서울미술관 어린이 전시 멜라니 보나요 ≪터치미텔≫,축제/공연/행사,축제/공연/행사 > 행사 > 전시회,15,KOPi7ar6v:한국어|ENPi7ar6v:영어|JPPi7ar6v:일본어|CNPi7ar6v:중국어 간체|TCPi7ar6v:중국어 번체,5
KOP7vjdwh,29회 서울디저트페어 [벚꽃&amp;딸기],축제/공연/행사,축제/공연/행사,15,KOP7vjdwh:한국어|ENP7vjdwh:영어|JPP7vjdwh:일본어|CNP7vjdwh:중국어 간체|TCP7vjdwh:중국어 번체,5
KOPgol6m9,2023 남산소리극축제,축제/공연/행사,축제/공연/행사,15,KOPgol6m9:한국어|ENPgol6m9:영어|JPPgol6m9:일본어|CNPgol6m9:중국어 간체|TCPgol6m9:중국어 번체,5
KOP4i105w,《사유의 공간 : 정신적 영역으로 열어가는 비움 (Reflective Space : Void Towards The Realm of The Mind) 》,축제/공연/행사,축제/공연/행사 > 행사 > 전시회,16,KOP4i105w:한국어|ENP4i105w:영어|CNP4i105w:중국어 간체|TCP4i105w:중국어 번체,4
KOP7y1k7s,2023 서울드럼페스티벌,축제/공연/행사,축제/공연/행사,16,KOP7y1k7s:한국어|ENP7y1k7s:영어|JPP7y1k7s:일본어|CNP7y1k7s:중국어 간체|TCP7y1k7s:중국어 번체,5
KOP8w111p,민병헌 개인전 &lt;남녘유람&gt;,축제/공연/행사,축제/공연/행사 > 행사 > 전시회,16,KOP8w111p:한국어|ENP8w111p:영어|JPP8w111p:일본어|CNP8w111p:중국어 간체,4
KOPj1x46v,2023 서울드럼페스티벌,축제/공연/행사,축제/공연/행사 > 축제,16,KOPj1x46v:한국어|ENPj1x46v:영어|JPPj1x46v:일본어|CNPj1x46v:중국어 간체|TCPj1x46v:중국어 번체,5
KOP88upuz,서울페스타 2023,축제/공연/행사,축제/공연/행사,16,KOP88upuz:한국어|ENP88upuz:영어|JPP88upuz:일본어|CNP88upuz:중국어 간체|TCP88upuz:중국어 번체|RUP88upuz:러시아어|MLP88upuz:말레이어,7
KOPpclfxn,캣워크 페스타 (C.at Work Festa),축제/공연/행사,축제/공연/행사,16,KOPpclfxn:한국어|ENPpclfxn:영어|JPPpclfxn:일본어|CNPpclfxn:중국어 간체,4
KOPyeex1b,2023 서울빛초롱축제,축제/공연/행사,축제/공연/행사,16,KOPyeex1b:한국어|ENPyeex1b:영어|JPPyeex1b:일본어|CNPyeex1b:중국어 간체|TCPyeex1b:중국어 번체,5
KOP2zbv4a,[S-TCEP]2023 서울시향 지안 왕의 엘가 첼로 협주곡,축제/공연/행사,축제/공연/행사 > 공연,16,KOP2zbv4a:한국어|ENP2zbv4a:영어|JPP2zbv4a:일본어|CNP2zbv4a:중국어 간체|TCP2zbv4a:중국어 번체,5
KOPp077e0,[S-TCEP]2023 서울시향 실내악 시리즈 I &lt;br&gt;슈만과 브람스,축제/공연/행사,축제/공연/행사 > 공연,16,KOPp077e0:한국어|JPPp077e0:일본어|CNPp077e0:중국어 간체|TCPp077e0:중국어 번체,4
KOPg5tw1e,[S-TCEP]2023 서울시향 마르쿠스 슈텐츠의 바그너&lt;br&gt; &#039;반지&#039;,축제/공연/행사,축제/공연/행사 > 공연,16,KOPg5tw1e:한국어|ENPg5tw1e:영어|JPPg5tw1e:일본어|CNPg5tw1e:중국어 간체|TCPg5tw1e:중국어 번체,5
KOP6i7br4,[S-TCEP]2023 서울시향 피에르로랑 에마르의 리게티 피아노 협주곡,축제/공연/행사,축제/공연/행사 > 공연,16,KOP6i7br4:한국어|ENP6i7br4:영어|JPP6i7br4:일본어|CNP6i7br4:중국어 간체|TCP6i7br4:중국어 번체,5
KOP9smj6w,[S-TCEP]2023 서울시향 빌마이어의 말러 교향곡 5번,축제/공연/행사,축제/공연/행사 > 공연,16,KOP9smj6w:한국어|ENP9smj6w:영어|JPP9smj6w:일본어|CNP9smj6w:중국어 간체|TCP9smj6w:중국어 번체,5
KOPl23uol,[S-TCEP]2023 서울시향 리사 바티아슈빌리의 시벨리우스 바이올린 협주곡,축제/공연/행사,축제/공연/행사 > 공연,16,KOPl23uol:한국어|ENPl23uol:영어|JPPl23uol:일본어|CNPl23uol:중국어 간체|TCPl23uol:중국어 번체,5
KOPi018lw,[S-TCEP]2023 서울시향 마르쿠스 슈텐츠와 조슈아 벨,축제/공연/행사,축제/공연/행사 > 공연,16,KOPi018lw:한국어|ENPi018lw:영어|JPPi018lw:일본어|CNPi018lw:중국어 간체|TCPi018lw:중국어 번체,5
KOPg50ipl,[S-TCEP]2023 서울시향&lt;br&gt; 미하일 플레트뇨프와 선우예권,축제/공연/행사,축제/공연/행사 > 공연,16,KOPg50ipl:한국어|ENPg50ipl:영어|JPPg50ipl:일본어|CNPg50ipl:중국어 간체|TCPg50ipl:중국어 번체,5
KOPhonaqg,[S-TCEP]장소의 순환 : 2023 서울라이트 DDP 차세대 미디어아티스트 전시,축제/공연/행사,축제/공연/행사 > 행사 > 전시회,16,KOPhonaqg:한국어|ENPhonaqg:영어|JPPhonaqg:일본어|CNPhonaqg:중국어 간체|TCPhonaqg:중국어 번체,5
KOPuucrur,[S-TCEP]DDP 소장품전 VOL.1 &lt;br&gt;＜TELE+VISION 내일의 기억＞,축제/공연/행사,축제/공연/행사 > 행사 > 전시회,16,KOPuucrur:한국어|ENPuucrur:영어|JPPuucrur:일본어|CNPuucrur:중국어 간체|TCPuucrur:중국어 번체,5
KOPg939wm,[S-TCEP]진달래&amp;박우혁: 코스모스,축제/공연/행사,축제/공연/행사 > 행사 > 전시회,16,KOPg939wm:한국어|ENPg939wm:영어|JPPg939wm:일본어|CNPg939wm:중국어 간체|TCPg939wm:중국어 번체,5
KOPg8vzum,[S-TCEP]&lt;팬데믹 × 디자인 + 미래&gt;,축제/공연/행사,축제/공연/행사 > 행사 > 전시회,16,KOPg8vzum:한국어|CNPg8vzum:중국어 간체|TCPg8vzum:중국어 번체,3
KOP3e60eb,"[S-TCEP]HELLO, CREATORS! 서울디자인창업센터 및 입주기업 전시 1부",축제/공연/행사,축제/공연/행사 > 행사 > 전시회,16,KOP3e60eb:한국어|ENP3e60eb:영어|JPP3e60eb:일본어|CNP3e60eb:중국어 간체|TCP3e60eb:중국어 번체,5
KOPw34ngk,[S-TCEP]DDP협력전시 [Visualizing the invisible : 일상화된 건축의 관찰과 기록 ],축제/공연/행사,축제/공연/행사 > 행사 > 전시회,17,KOPw34ngk:한국어|JPPw34ngk:일본어|CNPw34ngk:중국어 간체|TCPw34ngk:중국어 번체,4
KOPdqe35b,[S-TCEP]연극 아마데우스,축제/공연/행사,축제/공연/행사 > 공연,17,KOPdqe35b:한국어,1
KOPakijre,[S-TCEP]연극 미저리(Misery),축제/공연/행사,축제/공연/행사 > 공연,17,KOPakijre:한국어,1
KOPdlccnj,[S-TCEP]뮌헨 필하모닉 내한공연,축제/공연/행사,축제/공연/행사 > 공연,17,KOPdlccnj:한국어|ENPdlccnj:영어|JPPdlccnj:일본어|CNPdlccnj:중국어 간체|TCPdlccnj:중국어 번체,5
KOP12kduj,"[S-TCEP]내셔널지오그래픽 사진전 &lt;br&gt;＜포토아크, 너의 이름은＞",축제/공연/행사,축제/공연/행사 > 행사 > 전시회,17,KOP12kduj:한국어|ENP12kduj:영어|JPP12kduj:일본어|CNP12kduj:중국어 간체|TCP12kduj:중국어 번체,5
KOPlim9ah,[S-TCEP]셀럽이 사랑한 Bag&amp;Shoes,축제/공연/행사,축제/공연/행사 > 행사 > 전시회,17,KOPlim9ah:한국어|ENPlim9ah:영어|CNPlim9ah:중국어 간체|TCPlim9ah:중국어 번체,4
KOPk84x00,아! 좋다 I like it,축제/공연/행사,축제/공연/행사 > 행사 > 전시회,17,KOPk84x00:한국어|ENPk84x00:영어|JPPk84x00:일본어|CNPk84x00:중국어 간체|TCPk84x00:중국어 번체,5
KOP042906,ONE &amp; ALL,축제/공연/행사,축제/공연/행사 > 축제,17,KOP042906:한국어|ENP042906:영어|JPP042906:일본어|CNP042906:중국어 간체|TCP042906:중국어 번체,5
KOP042886,이경미 개인전 《The Best is yet to Come》,축제/공연/행사,축제/공연/행사 > 축제,17,KOP042886:한국어|ENP042886:영어|JPP042886:일본어|CNP042886:중국어 간체|TCP042886:중국어 번체,5
KOP042877,김종구 작가 초대전 《Fe-공중산수》,축제/공연/행사,축제/공연/행사 > 축제,17,KOP042877:한국어|ENP042877:영어|JPP042877:일본어|CNP042877:중국어 간체|TCP042877:중국어 번체,5
KOP042723,《최민 컬렉션: 다르게 보기》,축제/공연/행사,축제/공연/행사 > 축제,17,KOP042723:한국어|ENP042723:영어|JPP042723:일본어|CNP042723:중국어 간체|TCP042723:중국어 번체,5
KOP042701,"숨, 쉬다 : 순수로 가는 여정",축제/공연/행사,축제/공연/행사 > 축제,17,KOP042701:한국어|ENP042701:영어|JPP042701:일본어|CNP042701:중국어 간체|TCP042701:중국어 번체,5
KOP042699,《강석호: 3분의 행복》,축제/공연/행사,축제/공연/행사 > 축제,17,KOP042699:한국어|ENP042699:영어|JPP042699:일본어|CNP042699:중국어 간체|TCP042699:중국어 번체,5
KOP042692,마이 소울 피규어(My Soul Figure),축제/공연/행사,축제/공연/행사 > 축제,17,KOP042692:한국어|ENP042692:영어|JPP042692:일본어|CNP042692:중국어 간체|TCP042692:중국어 번체,5
KOP042665,삐에로로랑 첫번째 이야기 &lt;MAISON DE LAURENT 메종드로랑&gt;,축제/공연/행사,축제/공연/행사 > 축제,17,KOP042665:한국어|ENP042665:영어|JPP042665:일본어|CNP042665:중국어 간체|TCP042665:중국어 번체,5
KOP042540,2022 서울 빛초롱,축제/공연/행사,축제/공연/행사 > 행사 > 전시회,17,KOP042540:한국어|ENP042540:영어|JPP042540:일본어|CNP042540:중국어 간체|TCP042540:중국어 번체|RUP042540:러시아어|MLP042540:말레이어,7
KOP042339,바르도 뉴메호 (Numéro BARDOT),축제/공연/행사,축제/공연/행사 > 축제,17,KOP042339:한국어|ENP042339:영어|JPP042339:일본어|CNP042339:중국어 간체|TCP042339:중국어 번체,5
KOP042233,제1회 서울융합예술페스티벌 &lt;br&gt;언폴드엑스(Unfold X)2022,축제/공연/행사,축제/공연/행사,17,KOP042233:한국어|ENP042233:영어|JPP042233:일본어|CNP042233:중국어 간체|TCP042233:중국어 번체,5
KOP042181,2022 이웃사랑 나눔콘서트,축제/공연/행사,축제/공연/행사 > 축제,17,KOP042181:한국어|ENP042181:영어|JPP042181:일본어|CNP042181:중국어 간체|TCP042181:중국어 번체,5
KOP042176,2022 타이틀 매치: 임흥순 vs. 오메르 파스트 ≪컷!≫,축제/공연/행사,축제/공연/행사 > 축제,17,KOP042176:한국어|ENP042176:영어|JPP042176:일본어|CNP042176:중국어 간체|TCP042176:중국어 번체,5
KOP042143,Kev Munday 개인전 &lt;Making a Scene&gt;,축제/공연/행사,축제/공연/행사 > 축제,18,KOP042143:한국어|ENP042143:영어|JPP042143:일본어|CNP042143:중국어 간체|TCP042143:중국어 번체,5
KOP042071,최동하 작가 개인전&lt;어른아이 9회展 &gt;,축제/공연/행사,축제/공연/행사 > 축제,18,KOP042071:한국어|ENP042071:영어|JPP042071:일본어|CNP042071:중국어 간체|TCP042071:중국어 번체,5
KOP041939,서울뷰티트래블위크,축제/공연/행사,축제/공연/행사 > 행사 > 기타행사,18,KOP041939:한국어|ENP041939:영어|JPP041939:일본어|CNP041939:중국어 간체|TCP041939:중국어 번체|RUP041939:러시아어|MLP041939:말레이어,7
KOP041860,2022년 제9회 세계거리춤축제,축제/공연/행사,축제/공연/행사 > 축제,18,KOP041860:한국어|ENP041860:영어|JPP041860:일본어|CNP041860:중국어 간체|TCP041860:중국어 번체|RUP041860:러시아어|MLP041860:말레이어,7
KOP041813,"5인, 5색 POPISM",축제/공연/행사,축제/공연/행사 > 축제,18,KOP041813:한국어|ENP041813:영어|JPP041813:일본어|CNP041813:중국어 간체|TCP041813:중국어 번체,5
KOP041779,2022 한국문화축제,축제/공연/행사,축제/공연/행사 > 축제,18,KOP041779:한국어|ENP041779:영어|CNP041779:중국어 간체,3
KOP041733,2022 서울뷰티위크,축제/공연/행사,축제/공연/행사 > 행사 > 기타행사,18,KOP041733:한국어|ENP041733:영어|JPP041733:일본어|CNP041733:중국어 간체|TCP041733:중국어 번체|RUP041733:러시아어|MLP041733:말레이어,7
KOP041732,서울디자인 2022,축제/공연/행사,축제/공연/행사 > 행사 > 기타행사,18,KOP041732:한국어|ENP041732:영어|JPP041732:일본어|TCP041732:중국어 번체,4
KOP041711,2022 강남페스티벌,축제/공연/행사,축제/공연/행사 > 행사 > 기타행사,18,KOP041711:한국어|ENP041711:영어|JPP041711:일본어|CNP041711:중국어 간체|TCP041711:중국어 번체,5
KOP041706,색면 추상: 빛 너머의 색-The Abstract Field of Color: Color Beyond the Radiance,축제/공연/행사,축제/공연/행사 > 축제,18,KOP041706:한국어|ENP041706:영어|JPP041706:일본어|CNP041706:중국어 간체|TCP041706:중국어 번체,5
KOP041701,한일축제한마당 2022 in Seoul,축제/공연/행사,축제/공연/행사 > 축제,18,KOP041701:한국어|ENP041701:영어|JPP041701:일본어|CNP041701:중국어 간체|TCP041701:중국어 번체,5
KOP041696,2022 서울국제음악제 ‘우리를 위한 기도’,축제/공연/행사,축제/공연/행사 > 축제,18,KOP041696:한국어|ENP041696:영어|JPP041696:일본어|CNP041696:중국어 간체|TCP041696:중국어 번체,5
KOP041688,나의 하루 이야기- 헝가리에서 온 편지,축제/공연/행사,축제/공연/행사 > 축제,18,KOP041688:한국어|ENP041688:영어|JPP041688:일본어|CNP041688:중국어 간체|TCP041688:중국어 번체,5
KOP041676,"백남준 탄생 90주년 기념 백남준기념관 학술 심포지엄 &lt;디지털 전환의 시대, 백남준을 다시 만나다&gt;",축제/공연/행사,축제/공연/행사 > 축제,18,KOP041676:한국어|ENP041676:영어|JPP041676:일본어|CNP041676:중국어 간체|TCP041676:중국어 번체,5
KOP041671,love is ♡,축제/공연/행사,축제/공연/행사 > 축제,18,KOP041671:한국어|ENP041671:영어|JPP041671:일본어|CNP041671:중국어 간체|TCP041671:중국어 번체,5
KOP041651,"서울 최초의 도시공원, 탑골공원",축제/공연/행사,축제/공연/행사 > 축제,18,KOP041651:한국어|ENP041651:영어|JPP041651:일본어|CNP041651:중국어 간체|TCP041651:중국어 번체,5
KOP041625,제18회 서울와우북페스티벌  &lt;다정함으로 길을 묻다&gt;,축제/공연/행사,축제/공연/행사 > 축제,18,KOP041625:한국어|ENP041625:영어|JPP041625:일본어|CNP041625:중국어 간체|TCP041625:중국어 번체,5
KOP041624,글의 정진展 _도봉 김선영 개인전,축제/공연/행사,축제/공연/행사 > 축제,18,KOP041624:한국어|ENP041624:영어|JPP041624:일본어|CNP041624:중국어 간체|TCP041624:중국어 번체|RUP041624:러시아어|MLP041624:말레이어,7
KOP041623,제17회 종로청계관광특구 육의전 축제,축제/공연/행사,축제/공연/행사 > 축제,18,KOP041623:한국어|ENP041623:영어|JPP041623:일본어|CNP041623:중국어 간체|TCP041623:중국어 번체|RUP041623:러시아어,6
KOP041617,2022 정조대왕 능행차 공동재현,축제/공연/행사,축제/공연/행사 > 축제,18,KOP041617:한국어|ENP041617:영어|JPP041617:일본어|CNP041617:중국어 간체|TCP041617:중국어 번체,5
KOP041612,제 10회 자문밖문화축제 &lt;자문밖ㆍ예술로ㆍ로그인&gt;,축제/공연/행사,축제/공연/행사 > 축제,19,KOP041612:한국어|ENP041612:영어|JPP041612:일본어|CNP041612:중국어 간체|TCP041612:중국어 번체,5
KOP041605,2022 픽스굿 갤러리 개관전 [The New WAVE 展],축제/공연/행사,축제/공연/행사 > 축제,19,KOP041605:한국어|ENP041605:영어|JPP041605:일본어|CNP041605:중국어 간체|TCP041605:중국어 번체,5
KOP041600,서울100K,축제/공연/행사,축제/공연/행사 > 축제,19,KOP041600:한국어|ENP041600:영어|JPP041600:일본어|CNP041600:중국어 간체|TCP041600:중국어 번체,5
KOP041585,2022 서울시립 사진미술관 사전프로그램 《정착세계》,축제/공연/행사,축제/공연/행사 > 축제,19,KOP041585:한국어|ENP041585:영어|JPP041585:일본어|CNP041585:중국어 간체|TCP041585:중국어 번체,5
KOP041580,웰컴대학로 (Welcome Daehakro Festival 2022),축제/공연/행사,축제/공연/행사 > 축제,19,KOP041580:한국어|ENP041580:영어|JPP041580:일본어|CNP041580:중국어 간체|TCP041580:중국어 번체,5
KOP041198,서울페스타 2022,축제/공연/행사,축제/공연/행사 > 축제,19,KOP041198:한국어|ENP041198:영어|JPP041198:일본어|CNP041198:중국어 간체|TCP041198:중국어 번체,5
KOP041157,매직샷展,축제/공연/행사,축제/공연/행사 > 축제,19,KOP041157:한국어|ENP041157:영어|JPP041157:일본어|CNP041157:중국어 간체|TCP041157:중국어 번체,5
KOP041126,Fresh Zone,축제/공연/행사,축제/공연/행사 > 축제,19,KOP041126:한국어|ENP041126:영어|JPP041126:일본어|CNP041126:중국어 간체|TCP041126:중국어 번체|RUP041126:러시아어|MLP041126:말레이어,7
KOP041079,김영은 개인전 《소리의 틀》,축제/공연/행사,축제/공연/행사 > 축제,19,KOP041079:한국어|ENP041079:영어|JPP041079:일본어|CNP041079:중국어 간체|TCP041079:중국어 번체|RUP041079:러시아어|MLP041079:말레이어,7
KOP041009,《장-미셸 오토니엘-정원과 정원》,축제/공연/행사,축제/공연/행사 > 축제,19,KOP041009:한국어|ENP041009:영어|JPP041009:일본어|CNP041009:중국어 간체|TCP041009:중국어 번체|RUP041009:러시아어|MLP041009:말레이어,7
KOP040940,매직드로잉 가족극 &lt;두들팝&gt;,축제/공연/행사,축제/공연/행사 > 축제,19,KOP040940:한국어|ENP040940:영어|JPP040940:일본어|CNP040940:중국어 간체|TCP040940:중국어 번체,5
KOP040939,2022 서울국제불교박람회,축제/공연/행사,축제/공연/행사 > 축제,19,KOP040939:한국어|ENP040939:영어|JPP040939:일본어|CNP040939:중국어 간체|TCP040939:중국어 번체|RUP040939:러시아어|MLP040939:말레이어,7
KOP040891,영재국악회,축제/공연/행사,축제/공연/행사 > 축제,19,KOP040891:한국어|ENP040891:영어|JPP040891:일본어|CNP040891:중국어 간체|TCP040891:중국어 번체,5
KOP040889,2022 신촌물총축제,축제/공연/행사,축제/공연/행사 > 축제,19,KOP040889:한국어|ENP040889:영어|JPP040889:일본어|CNP040889:중국어 간체|TCP040889:중국어 번체|RUP040889:러시아어|MLP040889:말레이어,7
KOP040860,문화가 흐르는 예술마당,축제/공연/행사,축제/공연/행사 > 축제,19,KOP040860:한국어|ENP040860:영어|JPP040860:일본어|CNP040860:중국어 간체|TCP040860:중국어 번체|RUP040860:러시아어|MLP040860:말레이어,7
KOP040815,명품도시 한양 보물100선,축제/공연/행사,축제/공연/행사 > 축제,19,KOP040815:한국어|ENP040815:영어|JPP040815:일본어|CNP040815:중국어 간체|TCP040815:중국어 번체,5
KOP040810,이상호 도자전 : 봄을 장식하다,축제/공연/행사,축제/공연/행사 > 축제,19,KOP040810:한국어|ENP040810:영어|JPP040810:일본어|CNP040810:중국어 간체|TCP040810:중국어 번체,5
KOP040700,2022년 상반기 경복궁 야간관람,축제/공연/행사,축제/공연/행사 > 축제,19,KOP040700:한국어|ENP040700:영어|JPP040700:일본어|CNP040700:중국어 간체|TCP040700:중국어 번체,5
KOP040633,과학의 눈으로 환경을 보다,축제/공연/행사,축제/공연/행사 > 축제,19,KOP040633:한국어|ENP040633:영어|JPP040633:일본어|CNP040633:중국어 간체|TCP040633:중국어 번체|RUP040633:러시아어|MLP040633:말레이어,7
KOP040581,포에틱 AI,축제/공연/행사,축제/공연/행사 > 행사 > 전시회,19,KOP040581:한국어|ENP040581:영어|JPP040581:일본어|CNP040581:중국어 간체|TCP040581:중국어 번체|RUP040581:러시아어|MLP040581:말레이어,7
KOP040579,The Color Spot : 꿈속의 자연,축제/공연/행사,축제/공연/행사 > 행사 > 전시회,20,KOP040579:한국어|ENP040579:영어|JPP040579:일본어|CNP040579:중국어 간체|TCP040579:중국어 번체|RUP040579:러시아어|MLP040579:말레이어,7
KOP040569,송은문화재단 소장품전 Past. Present. Future.,축제/공연/행사,축제/공연/행사 > 행사 > 전시회,20,KOP040569:한국어|ENP040569:영어|JPP040569:일본어|CNP040569:중국어 간체|TCP040569:중국어 번체|RUP040569:러시아어|MLP040569:말레이어,7
KOP040564,서울일러스트레이션페어V.13,축제/공연/행사,축제/공연/행사 > 축제,20,KOP040564:한국어|ENP040564:영어|JPP040564:일본어|CNP040564:중국어 간체|TCP040564:중국어 번체|RUP040564:러시아어|MLP040564:말레이어,7
KOP040546,21km 송파둘레길 벚꽃나들이,축제/공연/행사,축제/공연/행사 > 축제,20,KOP040546:한국어|ENP040546:영어|JPP040546:일본어|CNP040546:중국어 간체|TCP040546:중국어 번체,5
KOP040543,"국가무형문화재, 유네스코 인류무형문화유산 연등회",축제/공연/행사,축제/공연/행사 > 축제,20,KOP040543:한국어|ENP040543:영어|JPP040543:일본어|CNP040543:중국어 간체|TCP040543:중국어 번체|RUP040543:러시아어|MLP040543:말레이어,7
KOP040457,제7회 서울커피페스티벌,축제/공연/행사,축제/공연/행사 > 축제,20,KOP040457:한국어|ENP040457:영어|JPP040457:일본어,3
KOP040455,제11회 월드커피리더스포럼,축제/공연/행사,축제/공연/행사 > 축제,20,KOP040455:한국어|ENP040455:영어|JPP040455:일본어,3
KOP040454,제21회 서울카페쇼,축제/공연/행사,축제/공연/행사 > 축제,20,KOP040454:한국어|ENP040454:영어|JPP040454:일본어|CNP040454:중국어 간체|TCP040454:중국어 번체,5
KOP040427,제21회 송은미술대상전,축제/공연/행사,축제/공연/행사 > 축제,20,KOP040427:한국어|ENP040427:영어|JPP040427:일본어|CNP040427:중국어 간체|TCP040427:중국어 번체,5
KOP040295,INSTANT DETECTION,축제/공연/행사,축제/공연/행사 > 행사 > 전시회,20,KOP040295:한국어|ENP040295:영어|JPP040295:일본어|CNP040295:중국어 간체|TCP040295:중국어 번체|RUP040295:러시아어|MLP040295:말레이어,7
KOP040285,아이 웨이웨이: 인간미래,축제/공연/행사,축제/공연/행사 > 행사 > 전시회,20,KOP040285:한국어|ENP040285:영어|JPP040285:일본어|CNP040285:중국어 간체|TCP040285:중국어 번체|RUP040285:러시아어|MLP040285:말레이어,7
KOP040284,"상어, 새로이 일주하다 Shark, Bite the New World",축제/공연/행사,축제/공연/행사 > 행사 > 전시회,20,KOP040284:한국어|ENP040284:영어|JPP040284:일본어|CNP040284:중국어 간체|TCP040284:중국어 번체|RUP040284:러시아어|MLP040284:말레이어,7
KOP040283,"우연히 웨스 앤더슨: &lt;br&gt;어디에 있든, 영감은 당신 눈앞에 있다",축제/공연/행사,축제/공연/행사 > 행사 > 전시회,20,KOP040283:한국어|ENP040283:영어|JPP040283:일본어|CNP040283:중국어 간체|TCP040283:중국어 번체|RUP040283:러시아어|MLP040283:말레이어,7
KOP040219,프로젝트 해시태그 2021,축제/공연/행사,축제/공연/행사 > 축제,20,KOP040219:한국어|ENP040219:영어|JPP040219:일본어|CNP040219:중국어 간체|TCP040219:중국어 번체|RUP040219:러시아어|MLP040219:말레이어,7
KOP040210,시가 내린 숲,축제/공연/행사,축제/공연/행사 > 행사 > 기타행사,20,KOP040210:한국어|ENP040210:영어|JPP040210:일본어|CNP040210:중국어 간체|TCP040210:중국어 번체|RUP040210:러시아어|MLP040210:말레이어,7
KOP040209,박수근: 봄을 기다리는 나목,축제/공연/행사,축제/공연/행사 > 행사 > 전시회,20,KOP040209:한국어|ENP040209:영어|JPP040209:일본어|CNP040209:중국어 간체|TCP040209:중국어 번체|RUP040209:러시아어|MLP040209:말레이어,7
KOP039903,굴러가는 검은 돌,축제/공연/행사,축제/공연/행사 > 행사 > 전시회,20,KOP039903:한국어|ENP039903:영어|JPP039903:일본어|CNP039903:중국어 간체|TCP039903:중국어 번체|RUP039903:러시아어|MLP039903:말레이어,7
KOP039901,"도성의 서쪽 문, 헐값에 팔리다",축제/공연/행사,축제/공연/행사 > 행사 > 전시회,20,KOP039901:한국어|ENP039901:영어|JPP039901:일본어|CNP039901:중국어 간체|TCP039901:중국어 번체|RUP039901:러시아어|MLP039901:말레이어,7
KOP039899,"한양의 상징대로, 육조거리",축제/공연/행사,축제/공연/행사 > 행사 > 전시회,20,KOP039899:한국어|ENP039899:영어|JPP039899:일본어|CNP039899:중국어 간체|TCP039899:중국어 번체|RUP039899:러시아어|MLP039899:말레이어,7
KOP039898,어느 도시학자가 꿈 꾼 서울,축제/공연/행사,축제/공연/행사 > 행사 > 전시회,20,KOP039898:한국어|ENP039898:영어|JPP039898:일본어|CNP039898:중국어 간체|TCP039898:중국어 번체|RUP039898:러시아어|MLP039898:말레이어,7
KOP039867,서울멋쟁이,축제/공연/행사,축제/공연/행사 > 행사 > 기타행사,21,KOP039867:한국어|ENP039867:영어|JPP039867:일본어|CNP039867:중국어 간체|TCP039867:중국어 번체|RUP039867:러시아어|MLP039867:말레이어,7
KOP039864,마야 : 신성한 도시 - 타칼리크 아바흐,축제/공연/행사,축제/공연/행사 > 행사 > 전시회,21,KOP039864:한국어|ENP039864:영어|JPP039864:일본어|CNP039864:중국어 간체|TCP039864:중국어 번체|RUP039864:러시아어|MLP039864:말레이어,7
KOP039735,경계에 핀 꽃,축제/공연/행사,축제/공연/행사 > 행사 > 기타행사,21,KOP039735:한국어|ENP039735:영어|JPP039735:일본어|CNP039735:중국어 간체|TCP039735:중국어 번체|RUP039735:러시아어|MLP039735:말레이어,7
KOP039307,dreamer.3:45am,축제/공연/행사,축제/공연/행사 > 행사 > 전시회,21,KOP039307:한국어|ENP039307:영어|JPP039307:일본어|CNP039307:중국어 간체|TCP039307:중국어 번체|RUP039307:러시아어|MLP039307:말레이어,7
KOP039291,2021 서울쇼핑페스타,축제/공연/행사,축제/공연/행사 > 축제,21,KOP039291:한국어|RUP039291:러시아어,2
KOP039103,제11회 서울미디어시티비엔날레&lt;br&gt; &lt;하루하루 탈출한다&gt;,축제/공연/행사,축제/공연/행사 > 축제,21,KOP039103:한국어|ENP039103:영어|JPP039103:일본어|CNP039103:중국어 간체|TCP039103:중국어 번체|RUP039103:러시아어,6
KOP039101,2021 서울로미디어캔버스 3회 전시,축제/공연/행사,축제/공연/행사 > 행사 > 전시회,21,KOP039101:한국어|ENP039101:영어|JPP039101:일본어|CNP039101:중국어 간체|TCP039101:중국어 번체|RUP039101:러시아어,6
KOP039065,2021서울릴랙스위크,축제/공연/행사,축제/공연/행사 > 축제,21,KOP039065:한국어|ENP039065:영어|JPP039065:일본어|CNP039065:중국어 간체|TCP039065:중국어 번체|RUP039065:러시아어|MLP039065:말레이어,7
KOP039064,2021서울국제불교박람회,축제/공연/행사,축제/공연/행사 > 행사 > 박람회,21,KOP039064:한국어|ENP039064:영어|JPP039064:일본어|CNP039064:중국어 간체|TCP039064:중국어 번체|RUP039064:러시아어|MLP039064:말레이어,7
KOP038781,다시 일상을 꿈꾸며,축제/공연/행사,축제/공연/행사 > 행사 > 전시회,21,KOP038781:한국어|ENP038781:영어|JPP038781:일본어|CNP038781:중국어 간체|TCP038781:중국어 번체|RUP038781:러시아어,6
KOP038489,"자수, 꽃이 피다",축제/공연/행사,축제/공연/행사 > 행사 > 전시회,21,KOP038489:한국어|ENP038489:영어|JPP038489:일본어|CNP038489:중국어 간체|TCP038489:중국어 번체|RUP038489:러시아어,6
KOP038487,"장인, 세상을 이롭게 하다",축제/공연/행사,축제/공연/행사 > 행사 > 전시회,21,KOP038487:한국어|ENP038487:영어|JPP038487:일본어|CNP038487:중국어 간체|TCP038487:중국어 번체|RUP038487:러시아어,6
KOP038467,정원 만들기 GARDENING,축제/공연/행사,축제/공연/행사 > 행사 > 기타행사,21,KOP038467:한국어|ENP038467:영어|JPP038467:일본어|CNP038467:중국어 간체|TCP038467:중국어 번체|RUP038467:러시아어|MLP038467:말레이어,7
KOP038455,움직임을 만드는 움직임,축제/공연/행사,축제/공연/행사 > 행사 > 전시회,21,KOP038455:한국어|ENP038455:영어|JPP038455:일본어|CNP038455:중국어 간체|TCP038455:중국어 번체|RUP038455:러시아어,6
KOP038454,MMCA 이건희컬렉션 특별전: 한국미술명작,축제/공연/행사,축제/공연/행사 > 행사 > 전시회,21,KOP038454:한국어|ENP038454:영어|JPP038454:일본어|CNP038454:중국어 간체|TCP038454:중국어 번체|RUP038454:러시아어,6
KOP038443,무민 오리지널: 무민 75주년 특별 원화전,축제/공연/행사,축제/공연/행사 > 행사 > 전시회,21,KOP038443:한국어|ENP038443:영어|JPP038443:일본어|CNP038443:중국어 간체|TCP038443:중국어 번체|RUP038443:러시아어,6
KOP038441,제인 진 카이젠: 이별의 공동체,축제/공연/행사,축제/공연/행사 > 행사 > 전시회,21,KOP038441:한국어|ENP038441:영어|JPP038441:일본어|CNP038441:중국어 간체|TCP038441:중국어 번체|RUP038441:러시아어,6
KOP038435,불가리 컬러 전시회(BVLGARI COLORS),축제/공연/행사,축제/공연/행사 > 행사 > 전시회,21,KOP038435:한국어|ENP038435:영어|JPP038435:일본어|CNP038435:중국어 간체|TCP038435:중국어 번체|RUP038435:러시아어,6
KOP038202,"화신백화점, 사라진 종로의 랜드마크",축제/공연/행사,축제/공연/행사 > 행사 > 전시회,21,KOP038202:한국어|ENP038202:영어|JPP038202:일본어|CNP038202:중국어 간체|TCP038202:중국어 번체|RUP038202:러시아어|MLP038202:말레이어,7
KOP038110,블루룸 (BLUE ROOM),축제/공연/행사,축제/공연/행사 > 행사 > 전시회,21,KOP038110:한국어|ENP038110:영어|JPP038110:일본어|CNP038110:중국어 간체|TCP038110:중국어 번체|RUP038110:러시아어,6
KOP038107,요시고 사진전: 따뜻한 휴일의 기록,축제/공연/행사,축제/공연/행사 > 행사 > 전시회,22,KOP038107:한국어|ENP038107:영어|JPP038107:일본어|CNP038107:중국어 간체|TCP038107:중국어 번체|RUP038107:러시아어,6
KOP038094,손끝으로 이어가는 서울의 공예,축제/공연/행사,축제/공연/행사 > 행사 > 전시회,22,KOP038094:한국어|ENP038094:영어|JPP038094:일본어|CNP038094:중국어 간체|TCP038094:중국어 번체|RUP038094:러시아어,6
KOP038093,"공예, 시간과 경계를 넘다",축제/공연/행사,축제/공연/행사 > 행사 > 전시회,22,KOP038093:한국어|ENP038093:영어|JPP038093:일본어|CNP038093:중국어 간체|TCP038093:중국어 번체|RUP038093:러시아어,6
KOP038074,정상화,축제/공연/행사,축제/공연/행사 > 행사 > 기타행사,22,KOP038074:한국어|ENP038074:영어|JPP038074:일본어|CNP038074:중국어 간체|TCP038074:중국어 번체|RUP038074:러시아어,6
KOP038071,호민과 재환,축제/공연/행사,축제/공연/행사 > 행사 > 전시회,22,KOP038071:한국어|ENP038071:영어|JPP038071:일본어|CNP038071:중국어 간체|TCP038071:중국어 번체|RUP038071:러시아어,6
KOP038067,마주보기,축제/공연/행사,축제/공연/행사 > 행사 > 전시회,22,KOP038067:한국어|ENP038067:영어|JPP038067:일본어|CNP038067:중국어 간체|TCP038067:중국어 번체|RUP038067:러시아어,6
KOP038051,"안녕, 모란",축제/공연/행사,축제/공연/행사 > 행사 > 전시회,22,KOP038051:한국어|ENP038051:영어|JPP038051:일본어|CNP038051:중국어 간체|TCP038051:중국어 번체|RUP038051:러시아어,6
KOP038050,유연한 상상,축제/공연/행사,축제/공연/행사 > 행사 > 전시회,22,KOP038050:한국어|ENP038050:영어|JPP038050:일본어|CNP038050:중국어 간체|TCP038050:중국어 번체|RUP038050:러시아어,6
KOP038047,솔리드 시티,축제/공연/행사,축제/공연/행사 > 행사 > 전시회,22,KOP038047:한국어|ENP038047:영어|JPP038047:일본어|CNP038047:중국어 간체|TCP038047:중국어 번체|RUP038047:러시아어,6
KOP037956,마르첼로 바렌기 展,축제/공연/행사,축제/공연/행사 > 행사 > 전시회,22,KOP037956:한국어|ENP037956:영어|JPP037956:일본어|CNP037956:중국어 간체|TCP037956:중국어 번체|RUP037956:러시아어,6
KOP037903,환영 幻影 : 실재와 환상의 사이,축제/공연/행사,축제/공연/행사 > 행사 > 전시회,22,KOP037903:한국어|ENP037903:영어|JPP037903:일본어|CNP037903:중국어 간체|TCP037903:중국어 번체|RUP037903:러시아어,6
KOP037902,피카소 탄생 140주년 특별전,축제/공연/행사,축제/공연/행사 > 행사 > 전시회,22,KOP037902:한국어|ENP037902:영어|JPP037902:일본어|CNP037902:중국어 간체|TCP037902:중국어 번체|RUP037902:러시아어,6
KOP037899,The Beatles by Robert Whitaker,축제/공연/행사,축제/공연/행사 > 행사 > 전시회,22,KOP037899:한국어|ENP037899:영어|JPP037899:일본어|CNP037899:중국어 간체|TCP037899:중국어 번체|RUP037899:러시아어,6
KOP037866,서울일러스트레이션페어,축제/공연/행사,축제/공연/행사 > 행사 > 박람회,22,KOP037866:한국어|ENP037866:영어|JPP037866:일본어|CNP037866:중국어 간체|TCP037866:중국어 번체|RUP037866:러시아어,6
KOP037865,도성 제1의 다리 광통교,축제/공연/행사,축제/공연/행사 > 행사 > 전시회,22,KOP037865:한국어|ENP037865:영어|JPP037865:일본어|CNP037865:중국어 간체|TCP037865:중국어 번체|RUP037865:러시아어,6
KOP037833,"경춘선, 엠티의 추억",축제/공연/행사,축제/공연/행사 > 행사 > 기타행사,22,KOP037833:한국어|ENP037833:영어|JPP037833:일본어|CNP037833:중국어 간체|TCP037833:중국어 번체|RUP037833:러시아어,6
KOP037824,윌리엄 웨그만 비잉휴먼,축제/공연/행사,축제/공연/행사 > 행사 > 전시회,22,KOP037824:한국어|ENP037824:영어|JPP037824:일본어|CNP037824:중국어 간체|TCP037824:중국어 번체|RUP037824:러시아어,6
KOP037823,[BTS X JAMES JEAN] SEVEN PHASES,축제/공연/행사,축제/공연/행사 > 행사 > 전시회,22,KOP037823:한국어|ENP037823:영어|JPP037823:일본어|CNP037823:중국어 간체|TCP037823:중국어 번체|RUP037823:러시아어,6
KOP037795,"모래섬, 비행장, 빌딩숲 여의도",축제/공연/행사,축제/공연/행사 > 행사 > 전시회,22,KOP037795:한국어|ENP037795:영어|JPP037795:일본어|CNP037795:중국어 간체|TCP037795:중국어 번체|RUP037795:러시아어,6
KOP037794,나무 인형의 비밀 - 체코 마리오네트,축제/공연/행사,축제/공연/행사 > 행사 > 전시회,22,KOP037794:한국어|ENP037794:영어|JPP037794:일본어|CNP037794:중국어 간체|TCP037794:중국어 번체|RUP037794:러시아어,6
KOP037780,제9회 서울상징 관광기념품 공모전,축제/공연/행사,축제/공연/행사 > 축제,23,KOP037780:한국어,1
KOP037732,2021 서울드럼페스티벌,축제/공연/행사,축제/공연/행사 > 축제,23,KOP037732:한국어|ENP037732:영어|JPP037732:일본어|CNP037732:중국어 간체|TCP037732:중국어 번체|RUP037732:러시아어,6
KOP037605,연등회,축제/공연/행사,축제/공연/행사 > 행사 > 기타행사,23,KOP037605:한국어|ENP037605:영어|JPP037605:일본어|CNP037605:중국어 간체|TCP037605:중국어 번체|RUP037605:러시아어,6
KOP037603,"맥스 달튼, 영화의 순간들",축제/공연/행사,축제/공연/행사 > 행사 > 전시회,23,KOP037603:한국어|ENP037603:영어|JPP037603:일본어|CNP037603:중국어 간체|TCP037603:중국어 번체|RUP037603:러시아어,6
KOP037695,호모 사피엔스 : 진화∞ 관계&amp; 미래,축제/공연/행사,축제/공연/행사 > 행사 > 전시회,23,KOP037695:한국어|ENP037695:영어|JPP037695:일본어|CNP037695:중국어 간체|TCP037695:중국어 번체|RUP037695:러시아어,6
KOP037607,Flowers by Naked,축제/공연/행사,축제/공연/행사 > 행사 > 전시회,23,KOP037607:한국어|ENP037607:영어|JPP037607:일본어|CNP037607:중국어 간체|TCP037607:중국어 번체|RUP037607:러시아어,6
KOP037686,"시대의 얼굴, 셰익스피어에서 에드 시런까지",축제/공연/행사,축제/공연/행사 > 행사 > 전시회,23,KOP037686:한국어|ENP037686:영어|JPP037686:일본어|CNP037686:중국어 간체|TCP037686:중국어 번체|RUP037686:러시아어,6
KOP037595,라이프 사진전,축제/공연/행사,축제/공연/행사 > 행사 > 전시회,23,KOP037595:한국어|ENP037595:영어|JPP037595:일본어|CNP037595:중국어 간체|TCP037595:중국어 번체|RUP037595:러시아어,6
KOP037592,2021 창덕궁 달빛 기행,축제/공연/행사,축제/공연/행사 > 행사 > 기타행사,23,KOP037592:한국어|ENP037592:영어|JPP037592:일본어|CNP037592:중국어 간체|TCP037592:중국어 번체|RUP037592:러시아어,6
KOP037540,"각자성석, 돌에 새긴 축성의 기록",축제/공연/행사,축제/공연/행사 > 행사 > 전시회,23,KOP037540:한국어|ENP037540:영어|JPP037540:일본어|CNP037540:중국어 간체|TCP037540:중국어 번체|RUP037540:러시아어,6
KOP037380,Artist Prologue 2021,축제/공연/행사,축제/공연/행사 > 행사 > 전시회,23,KOP037380:한국어|ENP037380:영어|JPP037380:일본어|CNP037380:중국어 간체|TCP037380:중국어 번체|RUP037380:러시아어,6
KOP037379,"불혹, 미혹하다 4th The Forties: Alluring Moments",축제/공연/행사,축제/공연/행사 > 행사 > 전시회,23,KOP037379:한국어|ENP037379:영어|JPP037379:일본어|CNP037379:중국어 간체|TCP037379:중국어 번체|RUP037379:러시아어,6
KOP037377,시간의 피부,축제/공연/행사,축제/공연/행사 > 행사 > 전시회,23,KOP037377:한국어|ENP037377:영어|JPP037377:일본어|CNP037377:중국어 간체|TCP037377:중국어 번체|RUP037377:러시아어,6
KOP037376,앤디 워홀: 비기닝 서울,축제/공연/행사,축제/공연/행사 > 행사 > 전시회,23,KOP037376:한국어|ENP037376:영어|JPP037376:일본어|CNP037376:중국어 간체|TCP037376:중국어 번체|RUP037376:러시아어,6
KOP037375,여행갈까요,축제/공연/행사,축제/공연/행사 > 행사 > 전시회,23,KOP037375:한국어|ENP037375:영어|JPP037375:일본어|CNP037375:중국어 간체|TCP037375:중국어 번체|RUP037375:러시아어,6
KOP037199,기후위기 오다,축제/공연/행사,축제/공연/행사 > 행사 > 전시회,23,KOP037199:한국어|ENP037199:영어|JPP037199:일본어|CNP037199:중국어 간체|TCP037199:중국어 번체|RUP037199:러시아어|MLP037199:말레이어,7
KOP037041,스트릿 노이즈,축제/공연/행사,축제/공연/행사 > 행사 > 전시회,23,KOP037041:한국어|ENP037041:영어|JPP037041:일본어|CNP037041:중국어 간체|TCP037041:중국어 번체|RUP037041:러시아어,6
KOP036958,팀랩:라이프,축제/공연/행사,축제/공연/행사 > 행사 > 전시회,23,KOP036958:한국어|ENP036958:영어|JPP036958:일본어|CNP036958:중국어 간체|TCP036958:중국어 번체|RUP036958:러시아어,6
KOP036938,맥 : 혼과 물질 그리고 소리,축제/공연/행사,축제/공연/행사 > 행사 > 전시회,23,KOP036938:한국어|ENP036938:영어|JPP036938:일본어|CNP036938:중국어 간체|TCP036938:중국어 번체|RUP036938:러시아어,6
KOP036917,2021 CRE8TIVE REPORT,축제/공연/행사,축제/공연/행사 > 행사 > 기타행사,23,KOP036917:한국어|ENP036917:영어|JPP036917:일본어|CNP036917:중국어 간체|TCP036917:중국어 번체|RUP036917:러시아어,6
KOP036913,"Hullo Hullo, Following on: 로즈 와일리展",축제/공연/행사,축제/공연/행사 > 행사 > 전시회,24,KOP036913:한국어|ENP036913:영어|JPP036913:일본어|CNP036913:중국어 간체|TCP036913:중국어 번체|RUP036913:러시아어,6
KOP036912,2021 제7회 궁중문화축전,축제/공연/행사,축제/공연/행사 > 축제,24,KOP036912:한국어|ENP036912:영어|JPP036912:일본어|CNP036912:중국어 간체|TCP036912:중국어 번체|RUP036912:러시아어,6
KOP036881,2021 딜라이트서울,축제/공연/행사,축제/공연/행사 > 축제,24,KOP036881:한국어|ENP036881:영어|JPP036881:일본어|CNP036881:중국어 간체|TCP036881:중국어 번체|RUP036881:러시아어,6
KOP036878,독도체험관,축제/공연/행사,축제/공연/행사 > 축제,24,KOP036878:한국어|ENP036878:영어|JPP036878:일본어|CNP036878:중국어 간체|TCP036878:중국어 번체|MLP036878:말레이어,6
KOP036877,홍릉숲 (수목원),축제/공연/행사,축제/공연/행사 > 축제,24,KOP036877:한국어|ENP036877:영어|JPP036877:일본어|CNP036877:중국어 간체|TCP036877:중국어 번체|RUP036877:러시아어|MLP036877:말레이어,7
KOP036876,문화비축기지 겨울탱크 빛 축제 &lt;빛의 바다&gt;,축제/공연/행사,축제/공연/행사 > 축제,24,KOP036876:한국어|ENP036876:영어|JPP036876:일본어|CNP036876:중국어 간체|TCP036876:중국어 번체,5
KOP036872,플랫폼창동61,축제/공연/행사,축제/공연/행사 > 축제,24,KOP036872:한국어|ENP036872:영어|JPP036872:일본어|CNP036872:중국어 간체|TCP036872:중국어 번체|MLP036872:말레이어,6
KOP036854,두산아트랩 2021,축제/공연/행사,축제/공연/행사 > 행사 > 기타행사,24,KOP036854:한국어|ENP036854:영어|JPP036854:일본어|CNP036854:중국어 간체|TCP036854:중국어 번체|RUP036854:러시아어,6
KOP036826,간직해온 마음들,축제/공연/행사,축제/공연/행사 > 행사 > 전시회,24,KOP036826:한국어|ENP036826:영어|JPP036826:일본어|CNP036826:중국어 간체|TCP036826:중국어 번체|RUP036826:러시아어,6
KOP036811,Ocragela : 네덜란드의 지속가능한 디자인,축제/공연/행사,축제/공연/행사 > 행사 > 전시회,24,KOP036811:한국어|ENP036811:영어|JPP036811:일본어|CNP036811:중국어 간체|TCP036811:중국어 번체|RUP036811:러시아어,6
KOP036784,퓰리처상 사진전 앵콜전시,축제/공연/행사,축제/공연/행사 > 행사 > 전시회,24,KOP036784:한국어|ENP036784:영어|JPP036784:일본어|CNP036784:중국어 간체|TCP036784:중국어 번체|RUP036784:러시아어,6
KOP036754,송파둘레길,축제/공연/행사,축제/공연/행사 > 축제,24,KOP036754:한국어|ENP036754:영어|JPP036754:일본어|CNP036754:중국어 간체|TCP036754:중국어 번체|RUP036754:러시아어|MLP036754:말레이어,7
KOP036752,강감찬 전시관,축제/공연/행사,축제/공연/행사 > 축제,24,KOP036752:한국어|ENP036752:영어|JPP036752:일본어|CNP036752:중국어 간체|TCP036752:중국어 번체|MLP036752:말레이어,6
KOP036751,근현대사기념관,축제/공연/행사,축제/공연/행사 > 축제,24,KOP036751:한국어|ENP036751:영어|JPP036751:일본어|CNP036751:중국어 간체|TCP036751:중국어 번체|MLP036751:말레이어,6
KOP036730,나혼자 간다 (솔로투어코스),축제/공연/행사,축제/공연/행사 > 축제,24,KOP036730:한국어|ENP036730:영어|JPP036730:일본어|CNP036730:중국어 간체|TCP036730:중국어 번체|MLP036730:말레이어,6
KOP036729,강남 체험관광 프로그램,축제/공연/행사,축제/공연/행사 > 축제,24,KOP036729:한국어|ENP036729:영어|JPP036729:일본어|CNP036729:중국어 간체|TCP036729:중국어 번체|MLP036729:말레이어,6
KOP036694,아침이면 사라지는 밤 동안의 공상들,축제/공연/행사,축제/공연/행사 > 축제,24,KOP036694:한국어|ENP036694:영어|JPP036694:일본어|CNP036694:중국어 간체|TCP036694:중국어 번체|RUP036694:러시아어,6
KOP036600,한양을 지켜라,축제/공연/행사,축제/공연/행사 > 행사 > 전시회,24,KOP036600:한국어|ENP036600:영어|JPP036600:일본어|CNP036600:중국어 간체|TCP036600:중국어 번체|RUP036600:러시아어,6
KOP036287,K-MAS 라이브 마켓,축제/공연/행사,축제/공연/행사 > 축제,24,KOP036287:한국어|ENP036287:영어|JPP036287:일본어|CNP036287:중국어 간체|TCP036287:중국어 번체|RUP036287:러시아어,6
KOP036050,ㄱ의 순간,축제/공연/행사,축제/공연/행사 > 행사 > 전시회,24,KOP036050:한국어|ENP036050:영어|JPP036050:일본어|CNP036050:중국어 간체|TCP036050:중국어 번체|RUP036050:러시아어,6
KOP036046,"추상을 말해요, 칸딘스키",축제/공연/행사,축제/공연/행사 > 행사 > 전시회,25,KOP036046:한국어|ENP036046:영어|JPP036046:일본어|CNP036046:중국어 간체|TCP036046:중국어 번체|RUP036046:러시아어,6
KOP035914,2020 대한민국무용대상&amp;대한민국무용인의 밤,축제/공연/행사,축제/공연/행사 > 축제,25,KOP035914:한국어|ENP035914:영어|JPP035914:일본어|CNP035914:중국어 간체|TCP035914:중국어 번체|RUP035914:러시아어,6
KOP035904,코엑스 윈터페스티벌 2020,축제/공연/행사,축제/공연/행사 > 축제,25,KOP035904:한국어|ENP035904:영어|JPP035904:일본어|CNP035904:중국어 간체|TCP035904:중국어 번체|RUP035904:러시아어,6
KOP035899,2020 온택트 서울쇼핑위크,축제/공연/행사,축제/공연/행사 > 축제,25,KOP035899:한국어,1
KOP035866,"공원의 기록을 발굴하다, 남산공원과 월드컵공원",축제/공연/행사,축제/공연/행사 > 축제,25,KOP035866:한국어|ENP035866:영어|JPP035866:일본어|CNP035866:중국어 간체|TCP035866:중국어 번체|RUP035866:러시아어,6
KOP035744,OCI미술관 열 돌 기념전 깍지,축제/공연/행사,축제/공연/행사 > 축제,25,KOP035744:한국어|ENP035744:영어|JPP035744:일본어|CNP035744:중국어 간체|TCP035744:중국어 번체|RUP035744:러시아어,6
KOP035577,제41회 서울무용제,축제/공연/행사,축제/공연/행사 > 축제,25,KOP035577:한국어|ENP035577:영어|JPP035577:일본어|CNP035577:중국어 간체|TCP035577:중국어 번체|RUP035577:러시아어,6
KOP035571,2020 석촌호수 단풍&amp;낙엽축제,축제/공연/행사,축제/공연/행사 > 축제,25,KOP035571:한국어|ENP035571:영어|JPP035571:일본어|CNP035571:중국어 간체|TCP035571:중국어 번체|RUP035571:러시아어,6
KOP035451,여행갈까요,축제/공연/행사,축제/공연/행사 > 행사 > 전시회,25,KOP035451:한국어|ENP035451:영어|JPP035451:일본어|CNP035451:중국어 간체|TCP035451:중국어 번체|RUP035451:러시아어,6
KOP035408,국립현대미술관,축제/공연/행사,축제/공연/행사 > 축제,25,KOP035408:한국어|ENP035408:영어|JPP035408:일본어|CNP035408:중국어 간체|TCP035408:중국어 번체|MLP035408:말레이어,6
KOP035379,2020 서울카페쇼,축제/공연/행사,축제/공연/행사 > 축제,25,KOP035379:한국어|ENP035379:영어|JPP035379:일본어|CNP035379:중국어 간체|TCP035379:중국어 번체|RUP035379:러시아어,6
KOP035377,2020 아시아 무용 축전,축제/공연/행사,축제/공연/행사 > 축제,25,KOP035377:한국어|ENP035377:영어|JPP035377:일본어|CNP035377:중국어 간체|TCP035377:중국어 번체|RUP035377:러시아어,6
KOP035370,2020 인사동 문화축제,축제/공연/행사,축제/공연/행사 > 축제,25,KOP035370:한국어|ENP035370:영어|JPP035370:일본어|CNP035370:중국어 간체|TCP035370:중국어 번체|RUP035370:러시아어,6
KOP035308,2020 제6회 흥페스티벌,축제/공연/행사,축제/공연/행사 > 축제,25,KOP035308:한국어|ENP035308:영어|JPP035308:일본어|CNP035308:중국어 간체|TCP035308:중국어 번체|RUP035308:러시아어,6
KOP035057,2020 대한민국 전통연희축제,축제/공연/행사,축제/공연/행사 > 축제,25,KOP035057:한국어|ENP035057:영어|JPP035057:일본어|CNP035057:중국어 간체|TCP035057:중국어 번체|RUP035057:러시아어,6
KOP035056,2020년 제6회 궁중문화축전,축제/공연/행사,축제/공연/행사 > 축제,25,KOP035056:한국어|ENP035056:영어|JPP035056:일본어|CNP035056:중국어 간체|TCP035056:중국어 번체,5
KOP035053,제8회 한양도성문화제,축제/공연/행사,축제/공연/행사 > 축제,25,KOP035053:한국어|ENP035053:영어|JPP035053:일본어|CNP035053:중국어 간체|TCP035053:중국어 번체|RUP035053:러시아어,6
KOP035034,서울청소년연극축제,축제/공연/행사,축제/공연/행사 > 축제,25,KOP035034:한국어|ENP035034:영어|JPP035034:일본어|CNP035034:중국어 간체|TCP035034:중국어 번체|RUP035034:러시아어,6
KOP034908,흙의 숨결,축제/공연/행사,축제/공연/행사 > 행사 > 전시회,25,KOP034908:한국어|ENP034908:영어|JPP034908:일본어|CNP034908:중국어 간체|TCP034908:중국어 번체|RUP034908:러시아어,6
KOP034906,풍경의 이면,축제/공연/행사,축제/공연/행사 > 행사 > 전시회,25,KOP034906:한국어|ENP034906:영어|JPP034906:일본어|CNP034906:중국어 간체|TCP034906:중국어 번체|RUP034906:러시아어,6
KOP034905,"1978, 우리 가족의 라디오",축제/공연/행사,축제/공연/행사 > 행사 > 전시회,26,KOP034905:한국어|ENP034905:영어|JPP034905:일본어|CNP034905:중국어 간체|TCP034905:중국어 번체|RUP034905:러시아어,6
KOP034832,2020 구로G페스티벌,축제/공연/행사,축제/공연/행사 > 축제,26,KOP034832:한국어|ENP034832:영어|JPP034832:일본어|CNP034832:중국어 간체|TCP034832:중국어 번체|RUP034832:러시아어,6
KOP034783,Between Dreamy and Dreary,축제/공연/행사,축제/공연/행사 > 행사 > 전시회,26,KOP034783:한국어|ENP034783:영어|JPP034783:일본어|CNP034783:중국어 간체|TCP034783:중국어 번체|RUP034783:러시아어,6
KOP034781,일어나 올라가,축제/공연/행사,축제/공연/행사 > 행사 > 기타행사,26,KOP034781:한국어|ENP034781:영어|JPP034781:일본어|CNP034781:중국어 간체|TCP034781:중국어 번체|RUP034781:러시아어,6
KOP034780,하나의 사건,축제/공연/행사,축제/공연/행사 > 행사 > 기타행사,26,KOP034780:한국어|ENP034780:영어|JPP034780:일본어|CNP034780:중국어 간체|TCP034780:중국어 번체|RUP034780:러시아어,6
KOP034769,제11회 일우사진상 수상작가전 안종현: 당신으로부터 나의 거리,축제/공연/행사,축제/공연/행사 > 행사 > 전시회,26,KOP034769:한국어|ENP034769:영어|JPP034769:일본어|CNP034769:중국어 간체|TCP034769:중국어 번체|RUP034769:러시아어,6
KOP034768,모두의 전람회: 그럼에도 변하지 않은 것들展,축제/공연/행사,축제/공연/행사 > 행사 > 전시회,26,KOP034768:한국어|ENP034768:영어|JPP034768:일본어|CNP034768:중국어 간체|TCP034768:중국어 번체|RUP034768:러시아어,6
KOP034727,2020 서울드럼페스티벌,축제/공연/행사,축제/공연/행사 > 축제,26,KOP034727:한국어|ENP034727:영어|JPP034727:일본어|CNP034727:중국어 간체|TCP034727:중국어 번체|RUP034727:러시아어,6
KOP034593,서울맥주축제,축제/공연/행사,축제/공연/행사 > 축제,26,KOP034593:한국어|ENP034593:영어|JPP034593:일본어|CNP034593:중국어 간체|TCP034593:중국어 번체|RUP034593:러시아어,6
KOP034591,서대문독립민주축제,축제/공연/행사,축제/공연/행사 > 축제,26,KOP034591:한국어|ENP034591:영어|JPP034591:일본어|CNP034591:중국어 간체|TCP034591:중국어 번체,5
KOP034587,경춘선숲길 거리예술,축제/공연/행사,축제/공연/행사 > 행사 > 기타행사,26,KOP034587:한국어|ENP034587:영어|JPP034587:일본어|CNP034587:중국어 간체|TCP034587:중국어 번체|RUP034587:러시아어,6
KOP034532,28회 서울디저트페어 [수박&amp;망고] 행사 연기안내,축제/공연/행사,축제/공연/행사 > 축제,26,KOP034532:한국어|ENP034532:영어|JPP034532:일본어|CNP034532:중국어 간체|TCP034532:중국어 번체|RUP034532:러시아어,6
KOP034456,굿즈모아선물의집 - GOODS FOR YOU,축제/공연/행사,축제/공연/행사 > 행사 > 기타행사,26,KOP034456:한국어|ENP034456:영어|JPP034456:일본어|CNP034456:중국어 간체|TCP034456:중국어 번체|RUP034456:러시아어,6
KOP034313,내 이름은 초록,축제/공연/행사,축제/공연/행사 > 행사 > 기타행사,26,KOP034313:한국어|ENP034313:영어|JPP034313:일본어|CNP034313:중국어 간체|TCP034313:중국어 번체,5
KOP034312,2020 제17회 서울국제푸드앤테이블웨어박람회,축제/공연/행사,축제/공연/행사 > 축제,26,KOP034312:한국어|ENP034312:영어|JPP034312:일본어|CNP034312:중국어 간체|TCP034312:중국어 번체,5
KOP034311,모네에서 세잔까지,축제/공연/행사,축제/공연/행사 > 행사 > 전시회,26,KOP034311:한국어|ENP034311:영어|JPP034311:일본어|CNP034311:중국어 간체|TCP034311:중국어 번체|RUP034311:러시아어,6
KOP034294,2020 남산골 태권도 상설공연,축제/공연/행사,축제/공연/행사 > 축제,26,KOP034294:한국어|ENP034294:영어|JPP034294:일본어|CNP034294:중국어 간체|TCP034294:중국어 번체|RUP034294:러시아어,6
KOP034259,27회 서울디저트페어 [체리&amp;초코],축제/공연/행사,축제/공연/행사 > 축제,26,KOP034259:한국어|ENP034259:영어|JPP034259:일본어|CNP034259:중국어 간체|TCP034259:중국어 번체|RUP034259:러시아어,6
KOP034176,"&lt;운종가 입전, 조선의 갓을 팔다&gt;",축제/공연/행사,축제/공연/행사 > 행사 > 전시회,26,KOP034176:한국어|ENP034176:영어|JPP034176:일본어|CNP034176:중국어 간체|TCP034176:중국어 번체|RUP034176:러시아어,6
KOP034116,My Dear 피노키오展,축제/공연/행사,축제/공연/행사 > 행사 > 전시회,26,KOP034116:한국어|ENP034116:영어|JPP034116:일본어|CNP034116:중국어 간체|TCP034116:중국어 번체|RUP034116:러시아어,6
KOP034115,송영수 50주기 특별전&lt;br&gt; &lt;상념의 공간: 조각가의 스케치북&gt;,축제/공연/행사,축제/공연/행사 > 행사 > 전시회,27,KOP034115:한국어|ENP034115:영어|JPP034115:일본어|CNP034115:중국어 간체|TCP034115:중국어 번체|RUP034115:러시아어,6
KOP034113,새일꾼 1948-2020 : &lt;br&gt;여러분의 대표를 뽑아 국회로 보내시오,축제/공연/행사,축제/공연/행사 > 행사 > 전시회,27,KOP034113:한국어|ENP034113:영어|JPP034113:일본어|CNP034113:중국어 간체|TCP034113:중국어 번체|RUP034113:러시아어,6
KOP034112,미술관에 書: 한국 근현대 서예전,축제/공연/행사,축제/공연/행사 > 행사 > 전시회,27,KOP034112:한국어|ENP034112:영어|JPP034112:일본어|CNP034112:중국어 간체|TCP034112:중국어 번체|RUP034112:러시아어,6
KOP034079,2020 대한민국 국제요리&amp;제과 경연대회,축제/공연/행사,축제/공연/행사 > 축제,27,KOP034079:한국어|ENP034079:영어|JPP034079:일본어|CNP034079:중국어 간체|TCP034079:중국어 번체|RUP034079:러시아어,6
KOP034075,한양도성의 어제와 오늘,축제/공연/행사,축제/공연/행사 > 행사 > 전시회,27,KOP034075:한국어|ENP034075:영어|JPP034075:일본어|CNP034075:중국어 간체|TCP034075:중국어 번체|RUP034075:러시아어,6
KOP034070,2020 서울국제주류박람회,축제/공연/행사,축제/공연/행사 > 축제,27,KOP034070:한국어|ENP034070:영어|JPP034070:일본어|CNP034070:중국어 간체|TCP034070:중국어 번체|RUP034070:러시아어,6
KOP034069,"《역사가 우리를 망쳐 놨지만 그래도 상관없다 History Has Failed Us, but No Matter》",축제/공연/행사,축제/공연/행사 > 행사 > 전시회,27,KOP034069:한국어|ENP034069:영어|JPP034069:일본어|CNP034069:중국어 간체|TCP034069:중국어 번체|RUP034069:러시아어,6
KOP034068,"조선, 역병에 맞서다",축제/공연/행사,축제/공연/행사 > 행사 > 전시회,27,KOP034068:한국어|ENP034068:영어|JPP034068:일본어|CNP034068:중국어 간체|TCP034068:중국어 번체|RUP034068:러시아어,6
KOP034024,종로랑 페스티벌 &#039;종로랑 놀자!&#039;,축제/공연/행사,축제/공연/행사 > 행사 > 박람회,27,KOP034024:한국어|ENP034024:영어|JPP034024:일본어|CNP034024:중국어 간체|TCP034024:중국어 번체,5
KOP034018,"연남, 바람불어 좋은 날",축제/공연/행사,축제/공연/행사 > 행사 > 전시회,27,KOP034018:한국어|ENP034018:영어|JPP034018:일본어|CNP034018:중국어 간체|TCP034018:중국어 번체,5
KOP033993,서울은 소설의 주인공이다,축제/공연/행사,축제/공연/행사 > 축제,27,KOP033993:한국어|ENP033993:영어|JPP033993:일본어|CNP033993:중국어 간체|TCP033993:중국어 번체|RUP033993:러시아어,6
KOP033053,남산골한옥마을 정월대보름과 친구들 2020,축제/공연/행사,축제/공연/행사 > 행사 > 기타행사,27,KOP033053:한국어|ENP033053:영어|JPP033053:일본어|CNP033053:중국어 간체|TCP033053:중국어 번체,5
KOP033052,서울디저트페어 [초코&amp;딸기전] 2020,축제/공연/행사,축제/공연/행사 > 축제,27,KOP033052:한국어|ENP033052:영어|JPP033052:일본어|CNP033052:중국어 간체|TCP033052:중국어 번체,5
KOP033051,세빛 일루미네이션 빛축제 2020,축제/공연/행사,축제/공연/행사 > 축제,27,KOP033051:한국어|ENP033051:영어|JPP033051:일본어|CNP033051:중국어 간체|TCP033051:중국어 번체,5
KOP032904,2020 코리아그랜드세일,축제/공연/행사,축제/공연/행사 > 축제,27,KOP032904:한국어|ENP032904:영어|JPP032904:일본어|CNP032904:중국어 간체|TCP032904:중국어 번체,5
KOP032846,하늘공원 해맞이 행사,축제/공연/행사,축제/공연/행사 > 축제,27,KOP032846:한국어|ENP032846:영어|JPP032846:일본어|CNP032846:중국어 간체|TCP032846:중국어 번체|RUP032846:러시아어,6
KOP032840,아차산 해맞이 2020,축제/공연/행사,축제/공연/행사 > 축제,27,KOP032840:한국어|ENP032840:영어|JPP032840:일본어|CNP032840:중국어 간체|TCP032840:중국어 번체|RUP032840:러시아어,6
KOP032764,서울우리소리박물관 개관,축제/공연/행사,축제/공연/행사 > 축제,27,KOP032764:한국어|ENP032764:영어|JPP032764:일본어|CNP032764:중국어 간체|TCP032764:중국어 번체,5
KOP032735,2020서울 아시테지 겨울축제,축제/공연/행사,축제/공연/행사 > 축제,27,KOP032735:한국어|ENP032735:영어|JPP032735:일본어|CNP032735:중국어 간체|TCP032735:중국어 번체|RUP032735:러시아어,6
KOP032697,수표교水標橋 한양에 비가 내리면,축제/공연/행사,축제/공연/행사 > 축제,27,KOP032697:한국어|ENP032697:영어|JPP032697:일본어|CNP032697:중국어 간체|TCP032697:중국어 번체|RUP032697:러시아어,6
KOP032694,제6회 서울 살롱 뒤 쇼콜라&lt;br&gt;(Salon du Chocolat Seoul 2020),축제/공연/행사,축제/공연/행사,28,KOP032694:한국어|ENP032694:영어|JPP032694:일본어|CNP032694:중국어 간체|TCP032694:중국어 번체|RUP032694:러시아어,6
KOP032665,2019 서울광장 스케이트장,축제/공연/행사,축제/공연/행사 > 축제,28,KOP032665:한국어|ENP032665:영어|JPP032665:일본어|CNP032665:중국어 간체|TCP032665:중국어 번체|RUP032665:러시아어,6
KOP032659,서울영상광고제 2019,축제/공연/행사,축제/공연/행사 > 축제,28,KOP032659:한국어|ENP032659:영어|JPP032659:일본어|CNP032659:중국어 간체|TCP032659:중국어 번체|RUP032659:러시아어,6
KOP032637,"차가웠던 그 시절, 영맨들의 뜨거웠던 움직임",축제/공연/행사,축제/공연/행사 > 행사 > 전시회,28,KOP032637:한국어|ENP032637:영어|CNP032637:중국어 간체|TCP032637:중국어 번체,4
KOP032590,뮤지엄 오브 컬러(Museum of colors),축제/공연/행사,축제/공연/행사 > 축제,28,KOP032590:한국어|ENP032590:영어|JPP032590:일본어|CNP032590:중국어 간체|TCP032590:중국어 번체|RUP032590:러시아어,6
KOP032567,복합문화공간 개관전시&lt;시작의 힘 : The Power of Beginning 展&gt;,축제/공연/행사,축제/공연/행사 > 축제,28,KOP032567:한국어|ENP032567:영어|JPP032567:일본어|CNP032567:중국어 간체|TCP032567:중국어 번체|RUP032567:러시아어,6
KOP032423,서울 라이트(Seoul Light),축제/공연/행사,축제/공연/행사 > 축제,28,KOP032423:한국어|ENP032423:영어|JPP032423:일본어|CNP032423:중국어 간체|TCP032423:중국어 번체,5
KOP032279,SEOUL LIGHT,축제/공연/행사,축제/공연/행사 > 축제,28,KOP032279:한국어|ENP032279:영어|JPP032279:일본어|CNP032279:중국어 간체|TCP032279:중국어 번체|RUP032279:러시아어,6
KOP032273,성균관과 반촌,축제/공연/행사,축제/공연/행사 > 축제,28,KOP032273:한국어|ENP032273:영어|JPP032273:일본어|CNP032273:중국어 간체|TCP032273:중국어 번체|RUP032273:러시아어,6
KOP032221,서울생활사박물관 개관특별전  &#039;수집가의 방&#039;,축제/공연/행사,축제/공연/행사 > 축제,28,KOP032221:한국어|ENP032221:영어|JPP032221:일본어|CNP032221:중국어 간체|TCP032221:중국어 번체|RUP032221:러시아어,6
KOP032219,"플레이 디자인, play on",축제/공연/행사,축제/공연/행사 > 축제,28,KOP032219:한국어|ENP032219:영어|JPP032219:일본어|CNP032219:중국어 간체|TCP032219:중국어 번체|RUP032219:러시아어,6
KOP032200,"70mK  ‘Image of Korea, Image of Seoul’",축제/공연/행사,축제/공연/행사 > 축제,28,KOP032200:한국어|ENP032200:영어|JPP032200:일본어|CNP032200:중국어 간체|TCP032200:중국어 번체|RUP032200:러시아어,6
KOP032196,청계 줍깅,축제/공연/행사,축제/공연/행사 > 축제,28,KOP032196:한국어|ENP032196:영어|JPP032196:일본어|CNP032196:중국어 간체|TCP032196:중국어 번체,5
KOP032137,서울일러스트레이션페어vol.8,축제/공연/행사,축제/공연/행사 > 축제,28,KOP032137:한국어|ENP032137:영어|JPP032137:일본어|CNP032137:중국어 간체|TCP032137:중국어 번체|RUP032137:러시아어,6
KOP032126,한양도성 AR 소원성벽 쌓기,축제/공연/행사,축제/공연/행사 > 축제,28,KOP032126:한국어|ENP032126:영어|JPP032126:일본어|CNP032126:중국어 간체|TCP032126:중국어 번체,5
KOP032091,2019 서울김장문화제,축제/공연/행사,축제/공연/행사 > 축제,28,KOP032091:한국어|ENP032091:영어|JPP032091:일본어|CNP032091:중국어 간체|TCP032091:중국어 번체|RUP032091:러시아어,6
KOP031937,공평도시유적전시관 특별기획전 &lt;의금부 금오계첩&gt;,축제/공연/행사,축제/공연/행사 > 축제,28,KOP031937:한국어|ENP031937:영어|JPP031937:일본어|CNP031937:중국어 간체|TCP031937:중국어 번체|RUP031937:러시아어,6
KOP031916,2019 서울국제불교박람회,축제/공연/행사,축제/공연/행사 > 축제,28,KOP031916:한국어|ENP031916:영어|JPP031916:일본어|CNP031916:중국어 간체|TCP031916:중국어 번체|RUP031916:러시아어,6
KOP031895,서울 억새축제 2019,축제/공연/행사,축제/공연/행사 > 축제,28,KOP031895:한국어|ENP031895:영어|JPP031895:일본어|CNP031895:중국어 간체|TCP031895:중국어 번체|RUP031895:러시아어,6
KOP031878,2019 정동야행,축제/공연/행사,축제/공연/행사 > 축제,28,KOP031878:한국어|ENP031878:영어|JPP031878:일본어|CNP031878:중국어 간체|TCP031878:중국어 번체|RUP031878:러시아어,6
KOP031873,제8회 메이커 페어 서울 2019,축제/공연/행사,축제/공연/행사 > 축제,29,KOP031873:한국어|ENP031873:영어|JPP031873:일본어|CNP031873:중국어 간체|TCP031873:중국어 번체|RUP031873:러시아어,6
KOP031866,2019 북한 희곡 문학의 흐름,축제/공연/행사,축제/공연/행사 > 축제,29,KOP031866:한국어|ENP031866:영어|JPP031866:일본어|CNP031866:중국어 간체|TCP031866:중국어 번체|RUP031866:러시아어,6
KOP031839,2019 서울관광대상 신청자 접수,축제/공연/행사,축제/공연/행사 > 축제,29,KOP031839:한국어|ENP031839:영어|JPP031839:일본어|CNP031839:중국어 간체|TCP031839:중국어 번체|RUP031839:러시아어,6
KOP031837,2020 S/S 서울패션위크,축제/공연/행사,축제/공연/행사 > 축제,29,KOP031837:한국어|ENP031837:영어|JPP031837:일본어|CNP031837:중국어 간체|TCP031837:중국어 번체|RUP031837:러시아어,6
KOP031825,제16회 선인장페스티벌,축제/공연/행사,축제/공연/행사 > 축제,29,KOP031825:한국어|ENP031825:영어|JPP031825:일본어|CNP031825:중국어 간체|TCP031825:중국어 번체|RUP031825:러시아어,6
KOP031819,360˚ Real Love Story,축제/공연/행사,축제/공연/행사 > 축제,29,KOP031819:한국어|ENP031819:영어|RUP031819:러시아어,3
KOP031818,"My One More Trip, My Experience&lt;br&gt;- Picture Contents Event",축제/공연/행사,축제/공연/행사,29,KOP031818:한국어|ENP031818:영어|JPP031818:일본어|CNP031818:중국어 간체|TCP031818:중국어 번체,5
KOP031753,서울역사박물관 로비전시 &lt;카메라를 든 헝가리 의사 : 보조끼 데죠 1908&gt;,축제/공연/행사,축제/공연/행사 > 축제,29,KOP031753:한국어|ENP031753:영어|JPP031753:일본어|CNP031753:중국어 간체|TCP031753:중국어 번체|RUP031753:러시아어,6
KOP031741,서울 도보해설관광 신규코스 오픈 이벤트,축제/공연/행사,축제/공연/행사 > 축제,29,KOP031741:한국어|ENP031741:영어|JPP031741:일본어|CNP031741:중국어 간체|TCP031741:중국어 번체|RUP031741:러시아어,6
KOP031643,10월 서울 역사문화의 달,축제/공연/행사,축제/공연/행사 > 축제,29,KOP031643:한국어|ENP031643:영어|JPP031643:일본어|CNP031643:중국어 간체|TCP031643:중국어 번체|RUP031643:러시아어,6
KOP031608,제13회 궁중과 사대부가의 전통음식축제,축제/공연/행사,축제/공연/행사 > 축제,29,KOP031608:한국어|ENP031608:영어|JPP031608:일본어|CNP031608:중국어 간체|TCP031608:중국어 번체|RUP031608:러시아어,6
KOP031560,원모어트립 가을 빅세일,축제/공연/행사,축제/공연/행사 > 축제,29,KOP031560:한국어|ENP031560:영어|JPP031560:일본어|CNP031560:중국어 간체|TCP031560:중국어 번체|RUP031560:러시아어,6
KOP031548,2019 RUN ON SEOUL,축제/공연/행사,축제/공연/행사 > 축제,29,KOP031548:한국어|ENP031548:영어|JPP031548:일본어|CNP031548:중국어 간체|TCP031548:중국어 번체,5
KOP031543,"공연, 시티투어버스",축제/공연/행사,축제/공연/행사 > 축제,29,KOP031543:한국어|ENP031543:영어|JPP031543:일본어|TCP031543:중국어 번체,4
KOP031528,2019 염리동 소금축제 &#039;염리동 愛(애) 소금 꽃 피다&#039;,축제/공연/행사,축제/공연/행사 > 축제,29,KOP031528:한국어,1
KOP031472,"2019 서울뮤직페스티벌(Seoul Music Festival, SMUF)",축제/공연/행사,축제/공연/행사 > 축제,29,KOP031472:한국어|ENP031472:영어|JPP031472:일본어|CNP031472:중국어 간체|TCP031472:중국어 번체|RUP031472:러시아어,6
KOP031457,한양도성박물관 기획전 &lt;겸재가 그린 창의문&gt;,축제/공연/행사,축제/공연/행사 > 축제,29,KOP031457:한국어|ENP031457:영어|JPP031457:일본어|CNP031457:중국어 간체|TCP031457:중국어 번체|RUP031457:러시아어,6
KOP031436,2019 외국인 관광객 환대주간,축제/공연/행사,축제/공연/행사 > 축제,29,KOP031436:한국어|ENP031436:영어|JPP031436:일본어|CNP031436:중국어 간체|TCP031436:중국어 번체|RUP031436:러시아어,6
KOP031435,제3회 강북구 산악문화제,축제/공연/행사,축제/공연/행사 > 축제,29,KOP031435:한국어|ENP031435:영어|JPP031435:일본어|TCP031435:중국어 번체,4
KOP031430,관광산업 종사자 역량 강화 2차 교육 참가자 모집공고,축제/공연/행사,축제/공연/행사 > 축제,29,KOP031430:한국어,1
KOP031428,24회 서울디저트페어 [할로윈&amp;이색푸드],축제/공연/행사,축제/공연/행사 > 축제,30,KOP031428:한국어|ENP031428:영어|JPP031428:일본어|TCP031428:중국어 번체,4
KOP031427,2019 서리풀페스티벌,축제/공연/행사,축제/공연/행사 > 축제,30,KOP031427:한국어|ENP031427:영어|JPP031427:일본어|CNP031427:중국어 간체|TCP031427:중국어 번체|RUP031427:러시아어,6
KOP031380,2019 가을 여행주간 ‘DMZ 평화나들이’ &lt;br&gt;참가자 모집공고,축제/공연/행사,축제/공연/행사,30,KOP031380:한국어,1
KOP031282,9월愛 동행,축제/공연/행사,축제/공연/행사 > 축제,30,KOP031282:한국어|ENP031282:영어|JPP031282:일본어|TCP031282:중국어 번체,4
KOP031250,2019 정조대왕 능행차 재현행사,축제/공연/행사,축제/공연/행사 > 축제,30,KOP031250:한국어|ENP031250:영어|JPP031250:일본어|CNP031250:중국어 간체|TCP031250:중국어 번체|RUP031250:러시아어,6
KOP031220,한국전통체험 - 전통체험의 모든것,축제/공연/행사,축제/공연/행사 > 축제,30,KOP031220:한국어|ENP031220:영어|JPP031220:일본어|CNP031220:중국어 간체|TCP031220:중국어 번체|RUP031220:러시아어,6
KOP031208,2019년 너랑나랑우리랑 역사야 놀자,축제/공연/행사,축제/공연/행사 > 축제,30,KOP031208:한국어|ENP031208:영어|CNP031208:중국어 간체|TCP031208:중국어 번체|RUP031208:러시아어,5
KOP031187,SEOUL 100K 서울 국제 울트라 트레일러닝 대회,축제/공연/행사,축제/공연/행사 > 축제,30,KOP031187:한국어|ENP031187:영어|JPP031187:일본어|CNP031187:중국어 간체|TCP031187:중국어 번체|RUP031187:러시아어,6
KOP031165,제 100회 전국체육대회 개회식 무료티켓 오픈,축제/공연/행사,축제/공연/행사 > 축제,30,KOP031165:한국어,1
KOP031117,한화와 함께하는 서울세계불꽃축제 2019,축제/공연/행사,축제/공연/행사 > 축제,30,KOP031117:한국어|ENP031117:영어|JPP031117:일본어|CNP031117:중국어 간체|TCP031117:중국어 번체|RUP031117:러시아어,6
KOP031113,ZERO1NE DAY 2019,축제/공연/행사,축제/공연/행사 > 축제,30,KOP031113:한국어|ENP031113:영어|JPP031113:일본어|CNP031113:중국어 간체|TCP031113:중국어 번체|RUP031113:러시아어,6
KOP031094,2019 중랑패션위크,축제/공연/행사,축제/공연/행사 > 축제,30,KOP031094:한국어|ENP031094:영어|TCP031094:중국어 번체,3
KOP030872,2019 서울세계도시문화축제,축제/공연/행사,축제/공연/행사 > 축제,30,KOP030872:한국어|ENP030872:영어|JPP030872:일본어|CNP030872:중국어 간체|TCP030872:중국어 번체|RUP030872:러시아어,6
KOP030855,2019 한성백제문화제,축제/공연/행사,축제/공연/행사 > 축제,30,KOP030855:한국어|ENP030855:영어|JPP030855:일본어|CNP030855:중국어 간체|TCP030855:중국어 번체|RUP030855:러시아어,6
KOP030824,제 5회 신촌 맥주축제,축제/공연/행사,축제/공연/행사 > 축제,30,KOP030824:한국어|ENP030824:영어|JPP030824:일본어|CNP030824:중국어 간체|TCP030824:중국어 번체|RUP030824:러시아어,6
KOP030788,2019 K-POP 뮤직 페스티벌,축제/공연/행사,축제/공연/행사 > 축제,30,KOP030788:한국어|ENP030788:영어|JPP030788:일본어|CNP030788:중국어 간체|TCP030788:중국어 번체|RUP030788:러시아어,6
KOP030627,서울드라마어워즈,축제/공연/행사,축제/공연/행사 > 축제,30,KOP030627:한국어|ENP030627:영어|JPP030627:일본어|CNP030627:중국어 간체|TCP030627:중국어 번체|RUP030627:러시아어,6
KOP030596,청계천 전통예술공연,축제/공연/행사,축제/공연/행사 > 축제,30,KOP030596:한국어|ENP030596:영어|JPP030596:일본어|CNP030596:중국어 간체|TCP030596:중국어 번체|RUP030596:러시아어,6
KOP030592,2019서울아리랑페스티벌,축제/공연/행사,축제/공연/행사 > 축제,30,KOP030592:한국어|ENP030592:영어|JPP030592:일본어|CNP030592:중국어 간체|TCP030592:중국어 번체|RUP030592:러시아어,6
KOP030524,2019 우수음식관광 공모전,축제/공연/행사,축제/공연/행사 > 축제,30,KOP030524:한국어,1
KOP030502,해띠·해온과 함께 하는 미니체전,축제/공연/행사,축제/공연/행사 > 축제,31,KOP030502:한국어|ENP030502:영어|JPP030502:일본어|CNP030502:중국어 간체|TCP030502:중국어 번체|RUP030502:러시아어,6
KOP030462,퀸 월드투어전시: 보헤미안 랩소디,축제/공연/행사,축제/공연/행사 > 축제,31,KOP030462:한국어|ENP030462:영어|JPP030462:일본어|CNP030462:중국어 간체|TCP030462:중국어 번체|RUP030462:러시아어,6
KOP030396,서울프린지페스티벌2019,축제/공연/행사,축제/공연/행사 > 축제,31,KOP030396:한국어|ENP030396:영어|JPP030396:일본어|CNP030396:중국어 간체|TCP030396:중국어 번체|RUP030396:러시아어,6
KOP030240,2019 서울도시건축비엔날레,축제/공연/행사,축제/공연/행사 > 축제,31,KOP030240:한국어|ENP030240:영어|JPP030240:일본어|CNP030240:중국어 간체|TCP030240:중국어 번체|RUP030240:러시아어,6
KOP030232,제7회 서울국제하모니카페스티벌,축제/공연/행사,축제/공연/행사 > 축제,31,KOP030232:한국어|ENP030232:영어|JPP030232:일본어|CNP030232:중국어 간체|TCP030232:중국어 번체|RUP030232:러시아어,6
KOP030178,2019 아날로그(35mm) 감성영화제,축제/공연/행사,축제/공연/행사 > 축제,31,KOP030178:한국어|ENP030178:영어|JPP030178:일본어|CNP030178:중국어 간체|TCP030178:중국어 번체|RUP030178:러시아어,6
KOP030177,제23회 서울국제만화애니메이션페스티벌,축제/공연/행사,축제/공연/행사 > 축제,31,KOP030177:한국어|ENP030177:영어|JPP030177:일본어|CNP030177:중국어 간체|TCP030177:중국어 번체|RUP030177:러시아어,6
KOP030176,서울시티투어버스 여름이벤트,축제/공연/행사,축제/공연/행사 > 축제,31,KOP030176:한국어|ENP030176:영어|JPP030176:일본어|CNP030176:중국어 간체|TCP030176:중국어 번체|RUP030176:러시아어,6
KOP030107,"경성유람-1929, 「별건곤」으로 본 서울 展",축제/공연/행사,축제/공연/행사 > 축제,31,KOP030107:한국어|ENP030107:영어|JPP030107:일본어|CNP030107:중국어 간체|TCP030107:중국어 번체|RUP030107:러시아어,6
KOP030086,2019 핸드아티코리아,축제/공연/행사,축제/공연/행사 > 축제,31,KOP030086:한국어|ENP030086:영어|JPP030086:일본어|CNP030086:중국어 간체|TCP030086:중국어 번체|RUP030086:러시아어,6
KOP030061,한강 야외수영장 개장 2019,축제/공연/행사,축제/공연/행사 > 축제,31,KOP030061:한국어|ENP030061:영어|JPP030061:일본어|CNP030061:중국어 간체|TCP030061:중국어 번체|RUP030061:러시아어,6
KOP030030,2019 서울썸머세일,축제/공연/행사,축제/공연/행사 > 축제,31,KOP030030:한국어|ENP030030:영어|JPP030030:일본어|CNP030030:중국어 간체|TCP030030:중국어 번체|RUP030030:러시아어,6
KOP029944,2019 JTBC서울마라톤대회,축제/공연/행사,축제/공연/행사 > 축제,31,KOP029944:한국어|ENP029944:영어|JPP029944:일본어|CNP029944:중국어 간체|TCP029944:중국어 번체|RUP029944:러시아어,6
KOP029929,2019 아시아프,축제/공연/행사,축제/공연/행사 > 축제,31,KOP029929:한국어|ENP029929:영어|JPP029929:일본어|CNP029929:중국어 간체|TCP029929:중국어 번체|RUP029929:러시아어,6
KOP029909,남산골바캉스 3,축제/공연/행사,축제/공연/행사 > 축제,31,KOP029909:한국어|ENP029909:영어|JPP029909:일본어|CNP029909:중국어 간체|TCP029909:중국어 번체|RUP029909:러시아어,6
KOP029895,디즈니 애니메이션 특별전,축제/공연/행사,축제/공연/행사 > 축제,31,KOP029895:한국어|ENP029895:영어|JPP029895:일본어|CNP029895:중국어 간체|TCP029895:중국어 번체|RUP029895:러시아어,6
KOP029892,"헬로, 마이 네임 이즈 폴 스미스",축제/공연/행사,축제/공연/행사 > 축제,31,KOP029892:한국어|ENP029892:영어|JPP029892:일본어|CNP029892:중국어 간체|TCP029892:중국어 번체|RUP029892:러시아어,6
KOP029875,제27회 아시테지 국제여름축제,축제/공연/행사,축제/공연/행사 > 축제,31,KOP029875:한국어|ENP029875:영어|JPP029875:일본어|CNP029875:중국어 간체|TCP029875:중국어 번체,5
KOP029874,"안데르센, 코펜하겐 1819 展",축제/공연/행사,축제/공연/행사 > 축제,31,KOP029874:한국어|ENP029874:영어|JPP029874:일본어|CNP029874:중국어 간체|TCP029874:중국어 번체,5
KOP029868,23회 서울디저트페어 [수박&amp;망고],축제/공연/행사,축제/공연/행사 > 축제,31,KOP029868:한국어|ENP029868:영어|JPP029868:일본어|CNP029868:중국어 간체|TCP029868:중국어 번체|RUP029868:러시아어,6
KOP029784,2019 정오의 음악회 6월,축제/공연/행사,축제/공연/행사 > 축제,32,KOP029784:한국어|ENP029784:영어|JPP029784:일본어|CNP029784:중국어 간체|TCP029784:중국어 번체,5
KOP029782,근대미술가의 재발견1: 절필시대,축제/공연/행사,축제/공연/행사 > 축제,32,KOP029782:한국어|ENP029782:영어|JPP029782:일본어|CNP029782:중국어 간체|TCP029782:중국어 번체,5
KOP029781,안도 비도클: 모두를 위한 불멸,축제/공연/행사,축제/공연/행사 > 축제,32,KOP029781:한국어|ENP029781:영어|JPP029781:일본어|CNP029781:중국어 간체|TCP029781:중국어 번체,5
KOP029780,국립무용단 &#039;묵향&#039;,축제/공연/행사,축제/공연/행사 > 축제,32,KOP029780:한국어|ENP029780:영어|JPP029780:일본어|CNP029780:중국어 간체|TCP029780:중국어 번체,5
KOP029779,한중일협력 기념사진전,축제/공연/행사,축제/공연/행사 > 축제,32,KOP029779:한국어|ENP029779:영어|JPP029779:일본어|CNP029779:중국어 간체|TCP029779:중국어 번체,5
KOP029778,국악 둘레여행 IN 북촌&amp;도심,축제/공연/행사,축제/공연/행사 > 축제,32,KOP029778:한국어|ENP029778:영어|JPP029778:일본어|CNP029778:중국어 간체|TCP029778:중국어 번체,5
KOP029768,도성의 수문 展,축제/공연/행사,축제/공연/행사 > 축제,32,KOP029768:한국어|ENP029768:영어|JPP029768:일본어|CNP029768:중국어 간체|TCP029768:중국어 번체,5
KOP029734,더서울라이브투어 5회 [성북동 드로잉투어],축제/공연/행사,축제/공연/행사 > 축제,32,KOP029734:한국어|ENP029734:영어|JPP029734:일본어|CNP029734:중국어 간체|TCP029734:중국어 번체,5
KOP029723,국립민속박물관 단오축제 2019,축제/공연/행사,축제/공연/행사 > 축제,32,KOP029723:한국어|ENP029723:영어|JPP029723:일본어|CNP029723:중국어 간체|TCP029723:중국어 번체,5
KOP029693,2019 홈케어·재활·복지 전시회,축제/공연/행사,축제/공연/행사 > 축제,32,KOP029693:한국어|ENP029693:영어|JPP029693:일본어|CNP029693:중국어 간체|TCP029693:중국어 번체,5
KOP029692,2019 서울자유시민대학 음악회,축제/공연/행사,축제/공연/행사 > 축제,32,KOP029692:한국어|ENP029692:영어|JPP029692:일본어|CNP029692:중국어 간체|TCP029692:중국어 번체,5
KOP029671,2019 한강몽땅 여름축제,축제/공연/행사,축제/공연/행사 > 축제,32,KOP029671:한국어|ENP029671:영어|JPP029671:일본어|CNP029671:중국어 간체|TCP029671:중국어 번체,5
KOP029666,2019 서울달리기대회,축제/공연/행사,축제/공연/행사 > 축제,32,KOP029666:한국어|ENP029666:영어|JPP029666:일본어|CNP029666:중국어 간체|TCP029666:중국어 번체,5
KOP029661,EDC Korea 2019 -Electric Daisy Carnival,축제/공연/행사,축제/공연/행사 > 축제,32,KOP029661:한국어|ENP029661:영어|JPP029661:일본어|CNP029661:중국어 간체|TCP029661:중국어 번체,5
KOP029632,2019 여우락 페스티벌,축제/공연/행사,축제/공연/행사 > 축제,32,KOP029632:한국어|ENP029632:영어|JPP029632:일본어|CNP029632:중국어 간체|TCP029632:중국어 번체,5
KOP029587,2019 서울시립교향악단 강변음악회,축제/공연/행사,축제/공연/행사 > 축제,32,KOP029587:한국어|ENP029587:영어|JPP029587:일본어|CNP029587:중국어 간체|TCP029587:중국어 번체,5
KOP029585,2019 전통연희 페스티벌,축제/공연/행사,축제/공연/행사 > 축제,32,KOP029585:한국어|ENP029585:영어|JPP029585:일본어|CNP029585:중국어 간체|TCP029585:중국어 번체,5
KOP029576,2019 서울 미트 페어,축제/공연/행사,축제/공연/행사 > 축제,32,KOP029576:한국어|ENP029576:영어|JPP029576:일본어|CNP029576:중국어 간체|TCP029576:중국어 번체,5
KOP029558,2019 K-POP 뮤직페스티벌,축제/공연/행사,축제/공연/행사 > 축제,32,KOP029558:한국어|ENP029558:영어|JPP029558:일본어|CNP029558:중국어 간체|TCP029558:중국어 번체,5
KOP029538,제17회 국제차문화대전,축제/공연/행사,축제/공연/행사 > 축제,32,KOP029538:한국어|ENP029538:영어|JPP029538:일본어|CNP029538:중국어 간체|TCP029538:중국어 번체,5
KOP029537,제8회 라틴아메리카축제,축제/공연/행사,축제/공연/행사 > 축제,33,KOP029537:한국어|ENP029537:영어|JPP029537:일본어|CNP029537:중국어 간체|TCP029537:중국어 번체|RUP029537:러시아어,6
KOP029509,제7회 서울상징 관광기념품 공모전,축제/공연/행사,축제/공연/행사 > 축제,33,KOP029509:한국어|ENP029509:영어|JPP029509:일본어|CNP029509:중국어 간체|TCP029509:중국어 번체,5
KOP029496,2019 서울국제도서전,축제/공연/행사,축제/공연/행사 > 축제,33,KOP029496:한국어|ENP029496:영어|JPP029496:일본어|CNP029496:중국어 간체|TCP029496:중국어 번체,5
KOP029491,2019 서울국제관광산업박람회,축제/공연/행사,축제/공연/행사 > 축제,33,KOP029491:한국어|ENP029491:영어|JPP029491:일본어|CNP029491:중국어 간체|TCP029491:중국어 번체,5
KOP029456,제7회 대한민국국제포토페스티벌,축제/공연/행사,축제/공연/행사 > 축제,33,KOP029456:한국어|ENP029456:영어|JPP029456:일본어|CNP029456:중국어 간체|TCP029456:중국어 번체|RUP029456:러시아어,6
KOP029452,제11회 성북세계음식축제 누리마실,축제/공연/행사,축제/공연/행사 > 축제,33,KOP029452:한국어|ENP029452:영어|JPP029452:일본어|CNP029452:중국어 간체|TCP029452:중국어 번체,5
KOP029440,2019 세종페스티벌X서울뮤직위크,축제/공연/행사,축제/공연/행사 > 축제,33,KOP029440:한국어|ENP029440:영어|JPP029440:일본어|CNP029440:중국어 간체|TCP029440:중국어 번체,5
KOP029438,2019 서울아프리카페스티벌,축제/공연/행사,축제/공연/행사 > 축제,33,KOP029438:한국어|ENP029438:영어|JPP029438:일본어|CNP029438:중국어 간체|TCP029438:중국어 번체,5
KOP029423,제6회 다링안심캠페인,축제/공연/행사,축제/공연/행사 > 축제,33,KOP029423:한국어|ENP029423:영어|JPP029423:일본어|CNP029423:중국어 간체|TCP029423:중국어 번체,5
KOP029404,2019 서울거리공연,축제/공연/행사,축제/공연/행사 > 축제,33,KOP029404:한국어|ENP029404:영어|JPP029404:일본어|CNP029404:중국어 간체|TCP029404:중국어 번체,5
KOP029400,제16회 광화문국제아트페스티벌,축제/공연/행사,축제/공연/행사 > 축제,33,KOP029400:한국어|ENP029400:영어|JPP029400:일본어|CNP029400:중국어 간체|TCP029400:중국어 번체|RUP029400:러시아어,6
KOP029392,2019년 경복궁 야간 특별관람,축제/공연/행사,축제/공연/행사 > 축제,33,KOP029392:한국어|ENP029392:영어|JPP029392:일본어|CNP029392:중국어 간체|TCP029392:중국어 번체|RUP029392:러시아어,6
KOP029391,22회 서울디저트페어 [빨간맛],축제/공연/행사,축제/공연/행사 > 축제,33,KOP029391:한국어|ENP029391:영어|JPP029391:일본어|CNP029391:중국어 간체|TCP029391:중국어 번체,5
KOP029390,공방 for my DEAR,축제/공연/행사,축제/공연/행사 > 축제,33,KOP029390:한국어|ENP029390:영어|JPP029390:일본어|CNP029390:중국어 간체|TCP029390:중국어 번체,5
KOP029304,2019 서울드럼페스티벌,축제/공연/행사,축제/공연/행사 > 축제,33,KOP029304:한국어|ENP029304:영어|JPP029304:일본어|CNP029304:중국어 간체|TCP029304:중국어 번체,5
KOP029303,덕수궁 돌담길 음악회,축제/공연/행사,축제/공연/행사 > 축제,33,KOP029303:한국어|ENP029303:영어|JPP029303:일본어|CNP029303:중국어 간체|TCP029303:중국어 번체,5
KOP029240,2019년 봄 여행주간 서울지역 대표 프로그램 소개,축제/공연/행사,축제/공연/행사 > 축제,33,KOP029240:한국어,1
KOP029237,제21회 서울드럼페스티벌,축제/공연/행사,축제/공연/행사 > 축제,33,KOP029237:한국어|ENP029237:영어|JPP029237:일본어|CNP029237:중국어 간체|TCP029237:중국어 번체,5
KOP029198,톤코하우스 애니메이션 展,축제/공연/행사,축제/공연/행사 > 축제,33,KOP029198:한국어|ENP029198:영어|JPP029198:일본어|CNP029198:중국어 간체|TCP029198:중국어 번체,5
KOP029168,마포 봄시즌 관광객 환대이벤트,축제/공연/행사,축제/공연/행사 > 축제,33,KOP029168:한국어|ENP029168:영어|JPP029168:일본어|TCP029168:중국어 번체,4
KOP029166,2019 홍대로 문화로 관광으로,축제/공연/행사,축제/공연/행사 > 축제,34,KOP029166:한국어|ENP029166:영어|JPP029166:일본어|CNP029166:중국어 간체|TCP029166:중국어 번체,5
KOP029106,2019 서울 외국인 관광객 환대주간,축제/공연/행사,축제/공연/행사 > 축제,34,KOP029106:한국어|ENP029106:영어|JPP029106:일본어|CNP029106:중국어 간체|TCP029106:중국어 번체,5
KOP029094,추억의 교복입고 벚꽃과 함께 추억사진 만들기,축제/공연/행사,축제/공연/행사 > 축제,34,KOP029094:한국어|ENP029094:영어|JPP029094:일본어|CNP029094:중국어 간체|TCP029094:중국어 번체,5
KOP029079,외국인 태권도 체험프로그램,축제/공연/행사,축제/공연/행사 > 축제,34,KOP029079:한국어|ENP029079:영어|JPP029079:일본어|CNP029079:중국어 간체|TCP029079:중국어 번체|RUP029079:러시아어,6
KOP029078,2019 남산골 태권도 상설공연,축제/공연/행사,축제/공연/행사 > 축제,34,KOP029078:한국어|ENP029078:영어|JPP029078:일본어|CNP029078:중국어 간체|TCP029078:중국어 번체|RUP029078:러시아어,6
KOP028964,남산골 양탕국,축제/공연/행사,축제/공연/행사 > 축제,34,KOP028964:한국어|ENP028964:영어|JPP028964:일본어|CNP028964:중국어 간체|TCP028964:중국어 번체,5
KOP028959,한국 전통체험의 모든 것,축제/공연/행사,축제/공연/행사 > 축제,34,KOP028959:한국어|JPP028959:일본어|CNP028959:중국어 간체|TCP028959:중국어 번체,4
KOP028941,응봉산 개나리축제 2019,축제/공연/행사,축제/공연/행사 > 축제,34,KOP028941:한국어|ENP028941:영어|JPP028941:일본어|CNP028941:중국어 간체|TCP028941:중국어 번체,5
KOP028874,금천하모니벚꽃축제 2019,축제/공연/행사,축제/공연/행사 > 축제,34,KOP028874:한국어|ENP028874:영어|JPP028874:일본어|CNP028874:중국어 간체|TCP028874:중국어 번체,5
KOP028870,제2회 양재천 벚꽃 등(燈) 축제,축제/공연/행사,축제/공연/행사 > 축제,34,KOP028870:한국어|ENP028870:영어|JPP028870:일본어|CNP028870:중국어 간체|TCP028870:중국어 번체,5
KOP028825,문화비축기지 시즌마켓,축제/공연/행사,축제/공연/행사 > 축제,34,KOP028825:한국어|ENP028825:영어|JPP028825:일본어|CNP028825:중국어 간체|TCP028825:중국어 번체,5
KOP028824,청계천 타임투어마켓,축제/공연/행사,축제/공연/행사 > 축제,34,KOP028824:한국어|ENP028824:영어|JPP028824:일본어|CNP028824:중국어 간체|TCP028824:중국어 번체,5
KOP028822,DDP 청춘런웨이마켓,축제/공연/행사,축제/공연/행사 > 축제,34,KOP028822:한국어|ENP028822:영어|JPP028822:일본어|CNP028822:중국어 간체|TCP028822:중국어 번체,5
KOP028820,반포 낭만달빛마켓,축제/공연/행사,축제/공연/행사 > 축제,34,KOP028820:한국어|ENP028820:영어|JPP028820:일본어|CNP028820:중국어 간체|TCP028820:중국어 번체,5
KOP028819,여의도 월드나이트마켓,축제/공연/행사,축제/공연/행사 > 축제,34,KOP028819:한국어|ENP028819:영어|JPP028819:일본어|CNP028819:중국어 간체|TCP028819:중국어 번체,5
KOP028797,2019 석촌호수 벚꽃축제,축제/공연/행사,축제/공연/행사 > 축제,34,KOP028797:한국어|ENP028797:영어|JPP028797:일본어|CNP028797:중국어 간체|TCP028797:중국어 번체,5
KOP028795,창덕궁 인정전 내부관람,축제/공연/행사,축제/공연/행사 > 축제,34,KOP028795:한국어|ENP028795:영어|JPP028795:일본어|CNP028795:중국어 간체|TCP028795:중국어 번체,5
KOP028775,제10회 디자인아트페어,축제/공연/행사,축제/공연/행사 > 축제,34,KOP028775:한국어|ENP028775:영어|JPP028775:일본어|CNP028775:중국어 간체|TCP028775:중국어 번체,5
KOP028741,2019 서울장미축제,축제/공연/행사,축제/공연/행사 > 축제,34,KOP028741:한국어|ENP028741:영어|JPP028741:일본어|CNP028741:중국어 간체|TCP028741:중국어 번체,5
KOP028738,서울남산국악당 4월 기획공연,축제/공연/행사,축제/공연/행사 > 공연,34,KOP028738:한국어|ENP028738:영어|JPP028738:일본어|CNP028738:중국어 간체|TCP028738:중국어 번체,5
KOP028737,2019 서울밤도깨비야시장,축제/공연/행사,축제/공연/행사 > 축제,35,KOP028737:한국어|ENP028737:영어|JPP028737:일본어|CNP028737:중국어 간체|TCP028737:중국어 번체|RUP028737:러시아어,6
KOP028682,21회 서울디저트페어 [벚꽃&amp;체리],축제/공연/행사,축제/공연/행사 > 축제,35,KOP028682:한국어|ENP028682:영어|JPP028682:일본어|CNP028682:중국어 간체|TCP028682:중국어 번체,5
KOP028655,제5회 궁중문화축전,축제/공연/행사,축제/공연/행사 > 축제,35,KOP028655:한국어|ENP028655:영어|JPP028655:일본어|CNP028655:중국어 간체|TCP028655:중국어 번체,5
KOP028616,제15회 영등포 여의도 봄꽃축제,축제/공연/행사,축제/공연/행사 > 축제,35,KOP028616:한국어|ENP028616:영어|JPP028616:일본어|CNP028616:중국어 간체|TCP028616:중국어 번체,5
KOP028615,2019 상반기 외국인국악아카데미,축제/공연/행사,축제/공연/행사 > 축제,35,KOP028615:한국어|ENP028615:영어|JPP028615:일본어|CNP028615:중국어 간체|TCP028615:중국어 번체,5
KOP028566,서울일러스트레이션페어vol.7,축제/공연/행사,축제/공연/행사 > 축제,35,KOP028566:한국어|ENP028566:영어|JPP028566:일본어|CNP028566:중국어 간체|TCP028566:중국어 번체,5
KOP028418,국악작곡연구회 제3회 정기연주회,축제/공연/행사,축제/공연/행사 > 축제,35,KOP028418:한국어|ENP028418:영어|JPP028418:일본어|CNP028418:중국어 간체|TCP028418:중국어 번체,5
KOP028407,2019 DIY리폼박람회,축제/공연/행사,축제/공연/행사 > 축제,35,KOP028407:한국어|ENP028407:영어|JPP028407:일본어|CNP028407:중국어 간체|TCP028407:중국어 번체,5
KOP028406,정월대보름과 친구들,축제/공연/행사,축제/공연/행사 > 축제,35,KOP028406:한국어|ENP028406:영어|JPP028406:일본어|CNP028406:중국어 간체|TCP028406:중국어 번체,5
KOP028400,2019 롯데월드타워 국제 수직마라톤대회,축제/공연/행사,축제/공연/행사 > 축제,35,KOP028400:한국어|ENP028400:영어|JPP028400:일본어|CNP028400:중국어 간체|TCP028400:중국어 번체,5
KOP028357,2019 서울 카페&amp;베이커리페어,축제/공연/행사,축제/공연/행사 > 축제,35,KOP028357:한국어|ENP028357:영어|JPP028357:일본어|CNP028357:중국어 간체|TCP028357:중국어 번체,5
KOP028246,2019년 서울역사박물관 [설맞이 한마당],축제/공연/행사,축제/공연/행사 > 축제,35,KOP028246:한국어|ENP028246:영어|JPP028246:일본어|CNP028246:중국어 간체|TCP028246:중국어 번체,5
KOP028135,The Flower: 설렘충전소,축제/공연/행사,축제/공연/행사 > 축제,35,KOP028135:한국어|ENP028135:영어|JPP028135:일본어|CNP028135:중국어 간체|TCP028135:중국어 번체,5
KOP028134,2019년 「박물관 배리어프리영화관」,축제/공연/행사,축제/공연/행사 > 축제,35,KOP028134:한국어|ENP028134:영어|JPP028134:일본어|CNP028134:중국어 간체|TCP028134:중국어 번체,5
KOP028079,한강의 다리 사진전-나루에서 다리로,축제/공연/행사,축제/공연/행사 > 축제,35,KOP028079:한국어|ENP028079:영어|JPP028079:일본어|CNP028079:중국어 간체|TCP028079:중국어 번체,5
KOP028032,20회 서울디저트페어 [초코&amp;딸기],축제/공연/행사,축제/공연/행사 > 축제,35,KOP028032:한국어|ENP028032:영어|JPP028032:일본어|CNP028032:중국어 간체|TCP028032:중국어 번체,5
KOP028014,영국에서 온 메이드인 조선: 북한 그래픽디자인 展,축제/공연/행사,축제/공연/행사 > 축제,35,KOP028014:한국어|ENP028014:영어|JPP028014:일본어|CNP028014:중국어 간체|TCP028014:중국어 번체,5
KOP027998,구구소란도(九九騷亂圖),축제/공연/행사,축제/공연/행사 > 축제,35,KOP027998:한국어|ENP027998:영어|JPP027998:일본어|CNP027998:중국어 간체|TCP027998:중국어 번체,5
KOP027881,"장충단에서 이간수문으로 흐르는 물길, 남소문동천 展",축제/공연/행사,축제/공연/행사 > 축제,35,KOP027881:한국어|ENP027881:영어|JPP027881:일본어|CNP027881:중국어 간체|TCP027881:중국어 번체,5
KOP027879,딜쿠샤와 호박목걸이 展,축제/공연/행사,축제/공연/행사 > 축제,35,KOP027879:한국어|ENP027879:영어|JPP027879:일본어|CNP027879:중국어 간체|TCP027879:중국어 번체,5
KOP027845,2019 코리아그랜드세일,축제/공연/행사,축제/공연/행사 > 축제,36,KOP027845:한국어|ENP027845:영어|JPP027845:일본어|CNP027845:중국어 간체|TCP027845:중국어 번체,5
KOP027834,2018 서울광장 스케이트장,축제/공연/행사,축제/공연/행사 > 축제,36,KOP027834:한국어|ENP027834:영어|JPP027834:일본어|CNP027834:중국어 간체|TCP027834:중국어 번체,5
KOP027650,제15회 서울아시테지겨울축제,축제/공연/행사,축제/공연/행사 > 축제,36,KOP027650:한국어|ENP027650:영어|JPP027650:일본어|CNP027650:중국어 간체|TCP027650:중국어 번체,5
KOP027482,19회 서울디저트페어 [딸기&amp;세계푸드전],축제/공연/행사,축제/공연/행사 > 축제,36,KOP027482:한국어|ENP027482:영어|JPP027482:일본어|CNP027482:중국어 간체|TCP027482:중국어 번체,5
KOP027467,"키스 해링 - 예술은 삶, 삶은 곧 예술",축제/공연/행사,축제/공연/행사 > 축제,36,KOP027467:한국어|ENP027467:영어|JPP027467:일본어|CNP027467:중국어 간체|TCP027467:중국어 번체,5
KOP027459,서울일러스트레이션페어W2018,축제/공연/행사,축제/공연/행사 > 축제,36,KOP027459:한국어|ENP027459:영어|JPP027459:일본어|CNP027459:중국어 간체|TCP027459:중국어 번체,5
KOP027383,제35회 대한민국국제음악제,축제/공연/행사,축제/공연/행사 > 축제,36,KOP027383:한국어,1
KOP027352,"숭례문, 다시 세우다",축제/공연/행사,축제/공연/행사 > 축제,36,KOP027352:한국어|ENP027352:영어|JPP027352:일본어|CNP027352:중국어 간체|TCP027352:중국어 번체,5
KOP027351,"경강, 광나루에서 양화진까지",축제/공연/행사,축제/공연/행사 > 축제,36,KOP027351:한국어|ENP027351:영어|JPP027351:일본어|CNP027351:중국어 간체|TCP027351:중국어 번체,5
KOP027321,"김홍도  Alive: Sight, Insight",축제/공연/행사,축제/공연/행사 > 축제,36,KOP027321:한국어|ENP027321:영어|JPP027321:일본어|CNP027321:중국어 간체|TCP027321:중국어 번체,5
KOP027301,2018 산타런,축제/공연/행사,축제/공연/행사 > 축제,36,KOP027301:한국어|ENP027301:영어|JPP027301:일본어|CNP027301:중국어 간체|TCP027301:중국어 번체,5
KOP027297,2018 서울사진축제,축제/공연/행사,축제/공연/행사 > 축제,36,KOP027297:한국어|ENP027297:영어|JPP027297:일본어|CNP027297:중국어 간체|TCP027297:중국어 번체,5
KOP027295,한옥한글,축제/공연/행사,축제/공연/행사 > 축제,36,KOP027295:한국어|ENP027295:영어|JPP027295:일본어|CNP027295:중국어 간체|TCP027295:중국어 번체,5
KOP027256,외국인 템플스테이 주간,축제/공연/행사,축제/공연/행사 > 축제,36,KOP027256:한국어|ENP027256:영어|JPP027256:일본어|CNP027256:중국어 간체|TCP027256:중국어 번체,5
KOP027187,제4회 글로벌 프렌즈쉽 페스티벌,축제/공연/행사,축제/공연/행사 > 축제,36,KOP027187:한국어|ENP027187:영어|JPP027187:일본어|CNP027187:중국어 간체|TCP027187:중국어 번체,5
KOP027045,2018 종묘추향대제,축제/공연/행사,축제/공연/행사 > 축제,36,KOP027045:한국어|ENP027045:영어|JPP027045:일본어|CNP027045:중국어 간체|TCP027045:중국어 번체,5
KOP026951,제5회 서울김장문화제,축제/공연/행사,축제/공연/행사 > 축제,36,KOP026951:한국어|ENP026951:영어|JPP026951:일본어|CNP026951:중국어 간체|TCP026951:중국어 번체,5
KOP026856,시티 오브 러브: 서울로7017,축제/공연/행사,축제/공연/행사 > 축제,36,KOP026856:한국어|ENP026856:영어|JPP026856:일본어|CNP026856:중국어 간체|TCP026856:중국어 번체,5
KOP026847,제6회 한양도성문화제,축제/공연/행사,축제/공연/행사 > 축제,36,KOP026847:한국어|ENP026847:영어|JPP026847:일본어|CNP026847:중국어 간체|TCP026847:중국어 번체,5
KOP026732,제12회 궁중과 사대부가의 전통음식축제,축제/공연/행사,축제/공연/행사 > 축제,36,KOP026732:한국어|ENP026732:영어|JPP026732:일본어|CNP026732:중국어 간체|TCP026732:중국어 번체,5
KOP026730,2018 가락몰 페스티벌,축제/공연/행사,축제/공연/행사 > 축제,37,KOP026730:한국어|ENP026730:영어|JPP026730:일본어|CNP026730:중국어 간체|TCP026730:중국어 번체,5
KOP026694,제17회 서울억새축제,축제/공연/행사,축제/공연/행사 > 축제,37,KOP026694:한국어|ENP026694:영어|JPP026694:일본어|CNP026694:중국어 간체|TCP026694:중국어 번체,5
KOP026691,서울역사박물관과 함께하는 &lt;한가위 한마당&gt;,축제/공연/행사,축제/공연/행사 > 축제,37,KOP026691:한국어,1
KOP026686,2018 정조대왕 능행차 공동재현,축제/공연/행사,축제/공연/행사 > 축제,37,KOP026686:한국어|ENP026686:영어|JPP026686:일본어|CNP026686:중국어 간체|TCP026686:중국어 번체,5
KOP026685,2018 서울정원박람회,축제/공연/행사,축제/공연/행사 > 축제,37,KOP026685:한국어|ENP026685:영어|JPP026685:일본어|CNP026685:중국어 간체|TCP026685:중국어 번체,5
KOP026650,2018 이태원지구촌축제,축제/공연/행사,축제/공연/행사 > 축제,37,KOP026650:한국어|ENP026650:영어|JPP026650:일본어|CNP026650:중국어 간체|TCP026650:중국어 번체,5
KOP026585,2018 종로한복축제,축제/공연/행사,축제/공연/행사 > 축제,37,KOP026585:한국어|ENP026585:영어|JPP026585:일본어|CNP026585:중국어 간체|TCP026585:중국어 번체,5
KOP026576,제13회 육의전 축제,축제/공연/행사,축제/공연/행사 > 축제,37,KOP026576:한국어|ENP026576:영어|JPP026576:일본어|CNP026576:중국어 간체|TCP026576:중국어 번체,5
KOP026566,서울거리예술축제 2018,축제/공연/행사,축제/공연/행사 > 축제,37,KOP026566:한국어|ENP026566:영어|JPP026566:일본어|CNP026566:중국어 간체|TCP026566:중국어 번체,5
KOP026517,제7회 라틴아메리카 축제,축제/공연/행사,축제/공연/행사 > 축제,37,KOP026517:한국어|ENP026517:영어|JPP026517:일본어|CNP026517:중국어 간체|TCP026517:중국어 번체,5
KOP026499,너랑나랑우리랑 역사야 놀자,축제/공연/행사,축제/공연/행사 > 축제,37,KOP026499:한국어,1
KOP026492,2018 서울디자인클라우드,축제/공연/행사,축제/공연/행사 > 축제,37,KOP026492:한국어|ENP026492:영어|JPP026492:일본어|CNP026492:중국어 간체|TCP026492:중국어 번체,5
KOP026424,2018 한가위 박물관 큰잔치,축제/공연/행사,축제/공연/행사 > 축제,37,KOP026424:한국어|ENP026424:영어|JPP026424:일본어|CNP026424:중국어 간체|TCP026424:중국어 번체,5
KOP026393,메이드 인 청계천:대중문화 &#039;빽판&#039;의 시대 展,축제/공연/행사,축제/공연/행사 > 축제,37,KOP026393:한국어|ENP026393:영어|JPP026393:일본어|CNP026393:중국어 간체|TCP026393:중국어 번체,5
KOP026381,2018년 「토요 배리어프리영화관」,축제/공연/행사,축제/공연/행사 > 축제,37,KOP026381:한국어,1
KOP026380,"청년문화의 개척지, 신촌(新村)",축제/공연/행사,축제/공연/행사 > 축제,37,KOP026380:한국어|ENP026380:영어|JPP026380:일본어|CNP026380:중국어 간체|TCP026380:중국어 번체,5
KOP026362,2018 서울 세계도시 문화축제,축제/공연/행사,축제/공연/행사 > 축제,37,KOP026362:한국어|ENP026362:영어|JPP026362:일본어|CNP026362:중국어 간체|TCP026362:중국어 번체,5
KOP026361,2018 런온 서울,축제/공연/행사,축제/공연/행사 > 축제,37,KOP026361:한국어|ENP026361:영어|JPP026361:일본어|CNP026361:중국어 간체|TCP026361:중국어 번체,5
KOP026340,2018 거리예술마켓_문화비축기지,축제/공연/행사,축제/공연/행사 > 축제,37,KOP026340:한국어|ENP026340:영어|JPP026340:일본어|CNP026340:중국어 간체|TCP026340:중국어 번체,5
KOP026339,2018 서초 서리풀페스티벌,축제/공연/행사,축제/공연/행사 > 축제,37,KOP026339:한국어|ENP026339:영어|JPP026339:일본어|CNP026339:중국어 간체|TCP026339:중국어 번체,5
KOP026273,서울세계불꽃축제 2018,축제/공연/행사,축제/공연/행사 > 축제,38,KOP026273:한국어|ENP026273:영어|JPP026273:일본어|CNP026273:중국어 간체|TCP026273:중국어 번체,5
KOP026270,2018 서울아리랑페스티벌,축제/공연/행사,축제/공연/행사 > 축제,38,KOP026270:한국어|ENP026270:영어|JPP026270:일본어|CNP026270:중국어 간체|TCP026270:중국어 번체,5
KOP026249,제7회 세계거리춤축제,축제/공연/행사,축제/공연/행사 > 축제,38,KOP026249:한국어|ENP026249:영어|JPP026249:일본어|CNP026249:중국어 간체|TCP026249:중국어 번체,5
KOP026248,제1회 컬쳐 브릿지 프로젝트,축제/공연/행사,축제/공연/행사 > 축제,38,KOP026248:한국어|ENP026248:영어|JPP026248:일본어|CNP026248:중국어 간체|TCP026248:중국어 번체,5
KOP026247,2019 사직대제,축제/공연/행사,축제/공연/행사 > 축제,38,KOP026247:한국어|ENP026247:영어|JPP026247:일본어|CNP026247:중국어 간체|TCP026247:중국어 번체|RUP026247:러시아어,6
KOP026246,2018 서울 북 페스티벌,축제/공연/행사,축제/공연/행사 > 축제,38,KOP026246:한국어|ENP026246:영어|JPP026246:일본어|CNP026246:중국어 간체|TCP026246:중국어 번체,5
KOP026212,2018 한성백제문화제,축제/공연/행사,축제/공연/행사 > 축제,38,KOP026212:한국어|ENP026212:영어|JPP026212:일본어|CNP026212:중국어 간체|TCP026212:중국어 번체,5
KOP026187,서울이 물에 빠져든 날,축제/공연/행사,축제/공연/행사 > 축제,38,KOP026187:한국어|ENP026187:영어|JPP026187:일본어|CNP026187:중국어 간체|TCP026187:중국어 번체,5
KOP026186,88 올림픽과 서울,축제/공연/행사,축제/공연/행사 > 축제,38,KOP026186:한국어|ENP026186:영어|JPP026186:일본어|CNP026186:중국어 간체|TCP026186:중국어 번체,5
KOP026134,메이커 페어 서울 2018,축제/공연/행사,축제/공연/행사 > 축제,38,KOP026134:한국어|ENP026134:영어|JPP026134:일본어|CNP026134:중국어 간체|TCP026134:중국어 번체,5
KOP026111,Summer 호러(오싹) 나이트투어,축제/공연/행사,축제/공연/행사 > 축제,38,KOP026111:한국어,1
KOP026086,제18회 서울국제뉴미디어페스티벌,축제/공연/행사,축제/공연/행사 > 축제,38,KOP026086:한국어|ENP026086:영어|JPP026086:일본어|CNP026086:중국어 간체|TCP026086:중국어 번체,5
KOP026083,아날로그(35mm필름)감성영화제,축제/공연/행사,축제/공연/행사 > 축제,38,KOP026083:한국어,1
KOP026082,제3회 남산 한국의 맛 축제,축제/공연/행사,축제/공연/행사 > 축제,38,KOP026082:한국어|ENP026082:영어|JPP026082:일본어|CNP026082:중국어 간체|TCP026082:중국어 번체,5
KOP026078,The Seed of New Society_미래의 씨앗,축제/공연/행사,축제/공연/행사 > 축제,38,KOP026078:한국어|ENP026078:영어|JPP026078:일본어|CNP026078:중국어 간체|TCP026078:중국어 번체,5
KOP026036,남산골 바캉스 시즌2,축제/공연/행사,축제/공연/행사 > 축제,38,KOP026036:한국어|ENP026036:영어|JPP026036:일본어|CNP026036:중국어 간체|TCP026036:중국어 번체,5
KOP026034,핸디아티코리아,축제/공연/행사,축제/공연/행사 > 축제,38,KOP026034:한국어,1
KOP025999,2018 서울달리기대회,축제/공연/행사,축제/공연/행사 > 축제,38,KOP025999:한국어|ENP025999:영어|JPP025999:일본어|CNP025999:중국어 간체|TCP025999:중국어 번체,5
KOP025986,2018 서울 문화로 바캉스,축제/공연/행사,축제/공연/행사 > 축제,38,KOP025986:한국어|ENP025986:영어|JPP025986:일본어|CNP025986:중국어 간체|TCP025986:중국어 번체,5
KOP025961,2018 서울 물순환 시민문화제(빗물축제),축제/공연/행사,축제/공연/행사 > 축제,38,KOP025961:한국어|ENP025961:영어|JPP025961:일본어|CNP025961:중국어 간체|TCP025961:중국어 번체,5
KOP025874,백인제가옥 야간개장,축제/공연/행사,축제/공연/행사 > 축제,39,KOP025874:한국어|ENP025874:영어|JPP025874:일본어|CNP025874:중국어 간체|TCP025874:중국어 번체,5
KOP025850,제6회 국악관현악축제,축제/공연/행사,축제/공연/행사 > 축제,39,KOP025850:한국어|ENP025850:영어|JPP025850:일본어|CNP025850:중국어 간체|TCP025850:중국어 번체,5
KOP025776,서울로7017 여름 프로그램,축제/공연/행사,축제/공연/행사 > 축제,39,KOP025776:한국어|ENP025776:영어|JPP025776:일본어|CNP025776:중국어 간체|TCP025776:중국어 번체,5
KOP025771,로메로 브리토 한국 특별展,축제/공연/행사,축제/공연/행사 > 축제,39,KOP025771:한국어|ENP025771:영어|JPP025771:일본어|CNP025771:중국어 간체|TCP025771:중국어 번체,5
KOP025766,오! 에르베 튈레 색색깔깔展,축제/공연/행사,축제/공연/행사 > 축제,39,KOP025766:한국어|ENP025766:영어|JPP025766:일본어|CNP025766:중국어 간체|TCP025766:중국어 번체,5
KOP025709,2018 아시아프&amp;히든아티스트 페스티벌,축제/공연/행사,축제/공연/행사 > 축제,39,KOP025709:한국어|ENP025709:영어|JPP025709:일본어|CNP025709:중국어 간체|TCP025709:중국어 번체,5
KOP025701,서울의 선거 풍경,축제/공연/행사,축제/공연/행사 > 축제,39,KOP025701:한국어|ENP025701:영어|JPP025701:일본어|CNP025701:중국어 간체|TCP025701:중국어 번체,5
KOP025700,"모네, 빛을 그리다展 Ⅱ",축제/공연/행사,축제/공연/행사 > 축제,39,KOP025700:한국어|ENP025700:영어|JPP025700:일본어|CNP025700:중국어 간체|TCP025700:중국어 번체,5
KOP025680,서울프린지페스티벌 2018,축제/공연/행사,축제/공연/행사 > 축제,39,KOP025680:한국어|ENP025680:영어|JPP025680:일본어|CNP025680:중국어 간체|TCP025680:중국어 번체,5
KOP025675,2018 마포국악페스티벌 온고지신,축제/공연/행사,축제/공연/행사 > 축제,39,KOP025675:한국어|ENP025675:영어|JPP025675:일본어|CNP025675:중국어 간체|TCP025675:중국어 번체,5
KOP025658,제6회 서울국제하모니카페스티벌,축제/공연/행사,축제/공연/행사 > 축제,39,KOP025658:한국어|ENP025658:영어|JPP025658:일본어|CNP025658:중국어 간체|TCP025658:중국어 번체,5
KOP025653,제26회 아시테지 국제여름축제,축제/공연/행사,축제/공연/행사 > 축제,39,KOP025653:한국어|ENP025653:영어|JPP025653:일본어|CNP025653:중국어 간체|TCP025653:중국어 번체,5
KOP025650,제3회 충무로뮤지컬영화제,축제/공연/행사,축제/공연/행사 > 축제,39,KOP025650:한국어|ENP025650:영어|JPP025650:일본어|CNP025650:중국어 간체|TCP025650:중국어 번체,5
KOP025643,2018 국립극장 &lt;여우락 페스티벌&gt;,축제/공연/행사,축제/공연/행사 > 축제,39,KOP025643:한국어|ENP025643:영어|JPP025643:일본어|CNP025643:중국어 간체|TCP025643:중국어 번체,5
KOP025642,2018 한강몽땅 여름축제,축제/공연/행사,축제/공연/행사 > 축제,39,KOP025642:한국어|ENP025642:영어|JPP025642:일본어|CNP025642:중국어 간체|TCP025642:중국어 번체,5
KOP025629,칸의 제국 몽골,축제/공연/행사,축제/공연/행사 > 축제,39,KOP025629:한국어|ENP025629:영어|JPP025629:일본어|CNP025629:중국어 간체|TCP025629:중국어 번체,5
KOP025624,2018 서울국제도서전,축제/공연/행사,축제/공연/행사 > 축제,39,KOP025624:한국어|ENP025624:영어|JPP025624:일본어|CNP025624:중국어 간체|TCP025624:중국어 번체,5
KOP025622,제21회 대한민국 관광기념품 공모전,축제/공연/행사,축제/공연/행사 > 축제,39,KOP025622:한국어,1
KOP025620,제33회 한국국제관광전,축제/공연/행사,축제/공연/행사 > 축제,39,KOP025620:한국어|ENP025620:영어|JPP025620:일본어|CNP025620:중국어 간체|TCP025620:중국어 번체,5
KOP025606,2018 성북동 문화재 야행,축제/공연/행사,축제/공연/행사 > 축제,39,KOP025606:한국어|ENP025606:영어|JPP025606:일본어|CNP025606:중국어 간체|TCP025606:중국어 번체,5
KOP025605,2018 서울썸머세일,축제/공연/행사,축제/공연/행사 > 축제,40,KOP025605:한국어|ENP025605:영어|JPP025605:일본어|CNP025605:중국어 간체|TCP025605:중국어 번체|RUP025605:러시아어,6
KOP025592,서울일러스트레이션페어 2018,축제/공연/행사,축제/공연/행사 > 축제,40,KOP025592:한국어|ENP025592:영어|JPP025592:일본어|CNP025592:중국어 간체|TCP025592:중국어 번체,5
KOP025581,2018 단오 맞이 풍물놀이 한마당,축제/공연/행사,축제/공연/행사 > 축제,40,KOP025581:한국어|ENP025581:영어|JPP025581:일본어|CNP025581:중국어 간체|TCP025581:중국어 번체,5
KOP025575,17회 서울디저트페어,축제/공연/행사,축제/공연/행사 > 축제,40,KOP025575:한국어|ENP025575:영어|JPP025575:일본어|CNP025575:중국어 간체|TCP025575:중국어 번체,5
KOP025561,서울코믹콘,축제/공연/행사,축제/공연/행사 > 축제,40,KOP025561:한국어|ENP025561:영어|JPP025561:일본어|CNP025561:중국어 간체|TCP025561:중국어 번체,5
KOP025510,남산골 밤마실 시즌2,축제/공연/행사,축제/공연/행사 > 축제,40,KOP025510:한국어|ENP025510:영어|JPP025510:일본어|CNP025510:중국어 간체|TCP025510:중국어 번체,5
KOP025506,제18회 서울대공원 장미원축제,축제/공연/행사,축제/공연/행사 > 축제,40,KOP025506:한국어|ENP025506:영어|JPP025506:일본어|CNP025506:중국어 간체|TCP025506:중국어 번체,5
KOP025501,제16회 국제차문화대전,축제/공연/행사,축제/공연/행사 > 축제,40,KOP025501:한국어|ENP025501:영어|JPP025501:일본어|CNP025501:중국어 간체|TCP025501:중국어 번체,5
KOP025497,2018 대한민국 라면박람회,축제/공연/행사,축제/공연/행사 > 축제,40,KOP025497:한국어|ENP025497:영어|JPP025497:일본어|CNP025497:중국어 간체|TCP025497:중국어 번체,5
KOP025496,2018 문화가 흐르는 서울광장,축제/공연/행사,축제/공연/행사 > 축제,40,KOP025496:한국어|ENP025496:영어|JPP025496:일본어|CNP025496:중국어 간체|TCP025496:중국어 번체,5
KOP025423,2018 경복궁 별빛야행,축제/공연/행사,축제/공연/행사 > 축제,40,KOP025423:한국어|ENP025423:영어|JPP025423:일본어|CNP025423:중국어 간체|TCP025423:중국어 번체,5
KOP025397,2018 예술로 산책로,축제/공연/행사,축제/공연/행사 > 축제,40,KOP025397:한국어|ENP025397:영어|JPP025397:일본어|CNP025397:중국어 간체|TCP025397:중국어 번체,5
KOP025391,서울아프리카페스티벌 2018,축제/공연/행사,축제/공연/행사 > 축제,40,KOP025391:한국어|ENP025391:영어|JPP025391:일본어|CNP025391:중국어 간체|TCP025391:중국어 번체,5
KOP025388,한양도성 다산성곽길 예술문화제 2018,축제/공연/행사,축제/공연/행사 > 축제,40,KOP025388:한국어|ENP025388:영어|JPP025388:일본어|CNP025388:중국어 간체|TCP025388:중국어 번체,5
KOP025374,박물관 토요음악회,축제/공연/행사,축제/공연/행사 > 축제,40,KOP025374:한국어|ENP025374:영어|JPP025374:일본어|CNP025374:중국어 간체|TCP025374:중국어 번체,5
KOP025373,서울-예테보리 국제교류전 &lt;br&gt;&lt;아이 캔 두잇! (I Can Do It!)&gt;,축제/공연/행사,축제/공연/행사,40,KOP025373:한국어|ENP025373:영어|JPP025373:일본어|CNP025373:중국어 간체|TCP025373:중국어 번체,5
KOP025329,&lt;이상한 나라의 괴짜들 : Geek Zone&gt;,축제/공연/행사,축제/공연/행사 > 축제,40,KOP025329:한국어|ENP025329:영어|JPP025329:일본어|CNP025329:중국어 간체|TCP025329:중국어 번체,5
KOP025322,2018 대학로거리공연축제 ‘D.FESTA&#039;,축제/공연/행사,축제/공연/행사 > 축제,40,KOP025322:한국어|ENP025322:영어|JPP025322:일본어|CNP025322:중국어 간체|TCP025322:중국어 번체,5
KOP025315,2018 서울장미축제,축제/공연/행사,축제/공연/행사 > 축제,40,KOP025315:한국어|ENP025315:영어|JPP025315:일본어|CNP025315:중국어 간체|TCP025315:중국어 번체,5
KOP025294,1890 남산골 야시장 시즌2,축제/공연/행사,축제/공연/행사 > 축제,40,KOP025294:한국어|ENP025294:영어|JPP025294:일본어|CNP025294:중국어 간체|TCP025294:중국어 번체,5
KOP025221,2018 한중 관광사진전,축제/공연/행사,축제/공연/행사 > 축제,41,KOP025221:한국어|ENP025221:영어|JPP025221:일본어|CNP025221:중국어 간체|TCP025221:중국어 번체,5
KOP025213,아드만 애니메이션: 월레스&amp;그로밋과 친구들,축제/공연/행사,축제/공연/행사 > 축제,41,KOP025213:한국어|ENP025213:영어|JPP025213:일본어|CNP025213:중국어 간체|TCP025213:중국어 번체,5
KOP025099,2018 DDP Family Festa,축제/공연/행사,축제/공연/행사 > 축제,41,KOP025099:한국어|ENP025099:영어|JPP025099:일본어|CNP025099:중국어 간체|TCP025099:중국어 번체,5
KOP025096,창경궁 야간 특별관람 2018,축제/공연/행사,축제/공연/행사 > 축제,41,KOP025096:한국어|ENP025096:영어|JPP025096:일본어|CNP025096:중국어 간체|TCP025096:중국어 번체,5
KOP025095,2018년 경복궁 야간 특별관람,축제/공연/행사,축제/공연/행사 > 축제,41,KOP025095:한국어|ENP025095:영어|JPP025095:일본어|CNP025095:중국어 간체|TCP025095:중국어 번체,5
KOP025052,C-페스티벌 2018,축제/공연/행사,축제/공연/행사 > 축제,41,KOP025052:한국어|ENP025052:영어|JPP025052:일본어|CNP025052:중국어 간체|TCP025052:중국어 번체,5
KOP025045,제9회 디자인아트페어2018,축제/공연/행사,축제/공연/행사 > 축제,41,KOP025045:한국어|ENP025045:영어|JPP025045:일본어|CNP025045:중국어 간체|TCP025045:중국어 번체,5
KOP025043,2018 정동야행,축제/공연/행사,축제/공연/행사 > 축제,41,KOP025043:한국어|ENP025043:영어|JPP025043:일본어|CNP025043:중국어 간체|TCP025043:중국어 번체,5
KOP025036,"한강봄꽃축제 &lt;한강의 봄, 꽃으로 피다&gt;",축제/공연/행사,축제/공연/행사 > 축제,41,KOP025036:한국어|ENP025036:영어|JPP025036:일본어|CNP025036:중국어 간체|TCP025036:중국어 번체,5
KOP025035,2018 서울드럼페스티벌,축제/공연/행사,축제/공연/행사 > 축제,41,KOP025035:한국어|ENP025035:영어|JPP025035:일본어|CNP025035:중국어 간체|TCP025035:중국어 번체,5
KOP025008,제 4회 궁중문화축전,축제/공연/행사,축제/공연/행사 > 축제,41,KOP025008:한국어|ENP025008:영어|JPP025008:일본어|CNP025008:중국어 간체|TCP025008:중국어 번체,5
KOP025003,2018 창덕궁 달빛기행,축제/공연/행사,축제/공연/행사 > 축제,41,KOP025003:한국어|ENP025003:영어|JPP025003:일본어|CNP025003:중국어 간체|TCP025003:중국어 번체,5
KOP024997,양재천 벚꽃 등(燈) 축제,축제/공연/행사,축제/공연/행사 > 축제,41,KOP024997:한국어|ENP024997:영어|JPP024997:일본어|CNP024997:중국어 간체|TCP024997:중국어 번체,5
KOP024992,2018 동대문구 봄꽃축제,축제/공연/행사,축제/공연/행사 > 축제,41,KOP024992:한국어|ENP024992:영어|JPP024992:일본어|CNP024992:중국어 간체|TCP024992:중국어 번체,5
KOP024939,2018 서울밤도깨비야시장,축제/공연/행사,축제/공연/행사 > 축제,41,KOP024939:한국어|ENP024939:영어|JPP024939:일본어|CNP024939:중국어 간체|TCP024939:중국어 번체,5
KOP024927,제14회 영등포 여의도 봄꽃축제,축제/공연/행사,축제/공연/행사 > 축제,41,KOP024927:한국어|ENP024927:영어|JPP024927:일본어|CNP024927:중국어 간체|TCP024927:중국어 번체,5
KOP024923,남산골한옥마을 한국 전통체험프로그램 ‘한국 전통체험의 모든것’,축제/공연/행사,축제/공연/행사 > 축제,41,KOP024923:한국어|ENP024923:영어|JPP024923:일본어|CNP024923:중국어 간체|TCP024923:중국어 번체,5
KOP024922,금천하모니벚꽃축제 2018,축제/공연/행사,축제/공연/행사 > 축제,41,KOP024922:한국어|ENP024922:영어|JPP024922:일본어|CNP024922:중국어 간체|TCP024922:중국어 번체,5
KOP024921,16th 서울디저트페어,축제/공연/행사,축제/공연/행사 > 축제,41,KOP024921:한국어|ENP024921:영어|JPP024921:일본어|CNP024921:중국어 간체|TCP024921:중국어 번체,5
KOP024912,2018 석촌호수 벚꽃축제,축제/공연/행사,축제/공연/행사 > 축제,41,KOP024912:한국어|ENP024912:영어|JPP024912:일본어|CNP024912:중국어 간체|TCP024912:중국어 번체,5
KOP024911,2018 광화문국제아트페스티벌,축제/공연/행사,축제/공연/행사 > 축제,42,KOP024911:한국어|ENP024911:영어|JPP024911:일본어|CNP024911:중국어 간체|TCP024911:중국어 번체,5
KOP024898,2018 웃음참기축제,축제/공연/행사,축제/공연/행사 > 축제,42,KOP024898:한국어|ENP024898:영어|JPP024898:일본어|CNP024898:중국어 간체|TCP024898:중국어 번체,5
KOP024888,2018 서울국제불교박람회,축제/공연/행사,축제/공연/행사 > 축제,42,KOP024888:한국어|ENP024888:영어|JPP024888:일본어|CNP024888:중국어 간체|TCP024888:중국어 번체,5
KOP024812,"남산골한옥마을 정월대보름 행사 &lt;br&gt;&lt;뜨겁게, 춤추고, 소망하라&gt;",축제/공연/행사,축제/공연/행사,42,KOP024812:한국어|ENP024812:영어|JPP024812:일본어|CNP024812:중국어 간체|TCP024812:중국어 번체,5
KOP024322,2018 내나라여행박람회,축제/공연/행사,축제/공연/행사 > 축제,42,KOP024322:한국어|ENP024322:영어|JPP024322:일본어|CNP024322:중국어 간체|TCP024322:중국어 번체,5
KOP024319,평창문화올림픽 한식문화행사 &#039;잔치: 맛과 멋으로 따스함을 나누다&#039;,축제/공연/행사,축제/공연/행사 > 축제,42,KOP024319:한국어|ENP024319:영어|JPP024319:일본어|CNP024319:중국어 간체|TCP024319:중국어 번체,5
KOP024307,2018년 무술년 설맞이 한마당,축제/공연/행사,축제/공연/행사 > 축제,42,KOP024307:한국어|ENP024307:영어|JPP024307:일본어|CNP024307:중국어 간체|TCP024307:중국어 번체,5
KOP024302,국립국악원 설맞이 대공연 &lt;한판놀개&gt;,축제/공연/행사,축제/공연/행사 > 축제,42,KOP024302:한국어|ENP024302:영어|JPP024302:일본어|CNP024302:중국어 간체|TCP024302:중국어 번체,5
KOP024297,서울역사박물관 &lt;설맞이 한마당&gt;,축제/공연/행사,축제/공연/행사 > 축제,42,KOP024297:한국어|ENP024297:영어|JPP024297:일본어|CNP024297:중국어 간체|TCP024297:중국어 번체,5
KOP024283,예술의 전당 &lt;동아시아 필묵의 힘&gt;,축제/공연/행사,축제/공연/행사 > 축제,42,KOP024283:한국어|ENP024283:영어|JPP024283:일본어|CNP024283:중국어 간체|TCP024283:중국어 번체,5
KOP024263,서울미술관 &lt;불후의 명작;The Masterpiece&gt;,축제/공연/행사,축제/공연/행사 > 축제,42,KOP024263:한국어|ENP024263:영어|JPP024263:일본어|CNP024263:중국어 간체|TCP024263:중국어 번체,5
KOP024262,남산골한옥마을 [설날],축제/공연/행사,축제/공연/행사 > 축제,42,KOP024262:한국어|ENP024262:영어|JPP024262:일본어|CNP024262:중국어 간체|TCP024262:중국어 번체,5
KOP024258,2018 설날 박물관 큰잔치,축제/공연/행사,축제/공연/행사 > 축제,42,KOP024258:한국어|ENP024258:영어|JPP024258:일본어|CNP024258:중국어 간체|TCP024258:중국어 번체,5
KOP024231,"남산골한옥마을 ‘반가운 봄, 입춘’",축제/공연/행사,축제/공연/행사 > 축제,42,KOP024231:한국어|ENP024231:영어|JPP024231:일본어|CNP024231:중국어 간체|TCP024231:중국어 번체,5
KOP024216,15th 서울디저트페어,축제/공연/행사,축제/공연/행사 > 축제,42,KOP024216:한국어|ENP024216:영어|JPP024216:일본어|CNP024216:중국어 간체|TCP024216:중국어 번체,5
KOP024209,서울 코믹월드 2018,축제/공연/행사,축제/공연/행사 > 축제,42,KOP024209:한국어|ENP024209:영어|JPP024209:일본어|CNP024209:중국어 간체|TCP024209:중국어 번체,5
KOP024168,강동아트센터 &lt;와일드라이프 사진&amp;체험전&gt;,축제/공연/행사,축제/공연/행사 > 축제,42,KOP024168:한국어|ENP024168:영어|JPP024168:일본어|CNP024168:중국어 간체|TCP024168:중국어 번체,5
KOP024149,마리 로랑생 특별전,축제/공연/행사,축제/공연/행사 > 축제,42,KOP024149:한국어|ENP024149:영어|JPP024149:일본어|CNP024149:중국어 간체|TCP024149:중국어 번체,5
KOP024145,서울역사문화특별전&lt;br&gt; &lt;운현궁-하늘과의 거리 한 자 다섯 치&gt;,축제/공연/행사,축제/공연/행사,42,KOP024145:한국어|ENP024145:영어|JPP024145:일본어|CNP024145:중국어 간체|TCP024145:중국어 번체,5
KOP024132,남산골 한옥마을 &lt;남산골 겨울나기&gt;,축제/공연/행사,축제/공연/행사 > 축제,42,KOP024132:한국어|ENP024132:영어|JPP024132:일본어|CNP024132:중국어 간체|TCP024132:중국어 번체,5
KOP023992,[바람을 그리다 : 신윤복∙정선]展,축제/공연/행사,축제/공연/행사 > 축제,43,KOP023992:한국어|ENP023992:영어|JPP023992:일본어|CNP023992:중국어 간체|TCP023992:중국어 번체,5
KOP023842,더불어 평화,축제/공연/행사,축제/공연/행사 > 축제,43,KOP023842:한국어|ENP023842:영어|JPP023842:일본어|CNP023842:중국어 간체|TCP023842:중국어 번체,5
KOP023839,"Hi, POP - 거리로 나온 미술, 팝아트展",축제/공연/행사,축제/공연/행사 > 축제,43,KOP023839:한국어|ENP023839:영어|JPP023839:일본어|CNP023839:중국어 간체|TCP023839:중국어 번체,5
KOP023838,제4회 서울 살롱 뒤 쇼콜라,축제/공연/행사,축제/공연/행사 > 축제,43,KOP023838:한국어|ENP023838:영어|JPP023838:일본어|CNP023838:중국어 간체|TCP023838:중국어 번체,5
KOP023837,제14회 서울 아시테지 겨울축제,축제/공연/행사,축제/공연/행사 > 축제,43,KOP023837:한국어|ENP023837:영어|JPP023837:일본어|CNP023837:중국어 간체|TCP023837:중국어 번체,5
KOP023836,14th 서울디저트페어,축제/공연/행사,축제/공연/행사 > 축제,43,KOP023836:한국어|ENP023836:영어|JPP023836:일본어|CNP023836:중국어 간체|TCP023836:중국어 번체,5
KOP023519,역사·문화 프로그램 &lt;태화관길 &gt;,축제/공연/행사,축제/공연/행사 > 축제,43,KOP023519:한국어|ENP023519:영어|JPP023519:일본어|CNP023519:중국어 간체|TCP023519:중국어 번체,5
KOP023517,2017 서울광장 스케이트장,축제/공연/행사,축제/공연/행사 > 축제,43,KOP023517:한국어|ENP023517:영어|JPP023517:일본어|CNP023517:중국어 간체|TCP023517:중국어 번체,5
KOP023516,2017 서울디자인페스티벌,축제/공연/행사,축제/공연/행사 > 축제,43,KOP023516:한국어|ENP023516:영어|JPP023516:일본어|CNP023516:중국어 간체|TCP023516:중국어 번체,5
KOP023515,내셔널지오그래픽특별展,축제/공연/행사,축제/공연/행사 > 축제,43,KOP023515:한국어|ENP023515:영어|JPP023515:일본어|CNP023515:중국어 간체|TCP023515:중국어 번체,5
KOP023495,노르딕문화예술축제,축제/공연/행사,축제/공연/행사 > 축제,43,KOP023495:한국어|ENP023495:영어|JPP023495:일본어|CNP023495:중국어 간체|TCP023495:중국어 번체,5
KOP023472,2017 크리스마스 거리축제,축제/공연/행사,축제/공연/행사 > 축제,43,KOP023472:한국어|ENP023472:영어|JPP023472:일본어|CNP023472:중국어 간체|TCP023472:중국어 번체,5
KOP023463,2017 산타런,축제/공연/행사,축제/공연/행사 > 축제,43,KOP023463:한국어|ENP023463:영어|JPP023463:일본어|CNP023463:중국어 간체|TCP023463:중국어 번체,5
KOP023389,"을지로, 라이트웨이 2017",축제/공연/행사,축제/공연/행사 > 축제,43,KOP023389:한국어|ENP023389:영어|JPP023389:일본어|CNP023389:중국어 간체|TCP023389:중국어 번체,5
KOP023242,서울시민생활예술축제 ‘아티팟카니발&#039;,축제/공연/행사,축제/공연/행사 > 축제,43,KOP023242:한국어|ENP023242:영어|JPP023242:일본어|CNP023242:중국어 간체|TCP023242:중국어 번체,5
KOP023220,잠실종합운동장 관광·체험 프로그램,축제/공연/행사,축제/공연/행사 > 축제,43,KOP023220:한국어|ENP023220:영어|JPP023220:일본어|CNP023220:중국어 간체|TCP023220:중국어 번체,5
KOP023186,성북동 문화재 야행,축제/공연/행사,축제/공연/행사 > 축제,43,KOP023186:한국어|ENP023186:영어|JPP023186:일본어|CNP023186:중국어 간체|TCP023186:중국어 번체,5
KOP023172,가락몰 초밥 페스티벌,축제/공연/행사,축제/공연/행사 > 축제,43,KOP023172:한국어|ENP023172:영어|JPP023172:일본어|CNP023172:중국어 간체|TCP023172:중국어 번체,5
KOP023171,2017 서울국제음악제,축제/공연/행사,축제/공연/행사 > 축제,43,KOP023171:한국어|ENP023171:영어|JPP023171:일본어|CNP023171:중국어 간체|TCP023171:중국어 번체,5
KOP023170,제4회 서울김장문화제,축제/공연/행사,축제/공연/행사 > 축제,43,KOP023170:한국어|ENP023170:영어|JPP023170:일본어|CNP023170:중국어 간체|TCP023170:중국어 번체,5
KOP023169,더불어 숲 축제 2017,축제/공연/행사,축제/공연/행사 > 축제,44,KOP023169:한국어,1
KOP023161,제 14회 향토식문화대전,축제/공연/행사,축제/공연/행사 > 축제,44,KOP023161:한국어|ENP023161:영어|JPP023161:일본어|CNP023161:중국어 간체|TCP023161:중국어 번체,5
KOP023160,13th 서울디저트페어,축제/공연/행사,축제/공연/행사 > 축제,44,KOP023160:한국어|ENP023160:영어|JPP023160:일본어|CNP023160:중국어 간체|TCP023160:중국어 번체,5
KOP023159,한양도성 다산성곽길 예술문화제,축제/공연/행사,축제/공연/행사 > 축제,44,KOP023159:한국어,1
KOP023158,제 3회 사랑-인도문화축제,축제/공연/행사,축제/공연/행사 > 축제,44,KOP023158:한국어|ENP023158:영어|JPP023158:일본어|CNP023158:중국어 간체|TCP023158:중국어 번체,5
KOP023157,제23회 서울약령시 한방문화축제,축제/공연/행사,축제/공연/행사 > 축제,44,KOP023157:한국어|ENP023157:영어|JPP023157:일본어|CNP023157:중국어 간체|TCP023157:중국어 번체,5
KOP023156,메이커 페어 서울 2017,축제/공연/행사,축제/공연/행사 > 축제,44,KOP023156:한국어|ENP023156:영어|JPP023156:일본어|CNP023156:중국어 간체|TCP023156:중국어 번체,5
KOP023155,서울중앙시장 &lt;먹깨비투어&gt;,축제/공연/행사,축제/공연/행사 > 축제,44,KOP023155:한국어,1
KOP023099,정동야행,축제/공연/행사,축제/공연/행사 > 축제,44,KOP023099:한국어|ENP023099:영어|JPP023099:일본어|CNP023099:중국어 간체|TCP023099:중국어 번체,5
KOP023093,제16회 서울억새축제,축제/공연/행사,축제/공연/행사 > 축제,44,KOP023093:한국어|ENP023093:영어|JPP023093:일본어|CNP023093:중국어 간체|TCP023093:중국어 번체,5
KOP023057,2017 한양도성문화제,축제/공연/행사,축제/공연/행사 > 축제,44,KOP023057:한국어|ENP023057:영어|JPP023057:일본어|CNP023057:중국어 간체|TCP023057:중국어 번체,5
KOP023033,서울역사박물관-한가위 한마당,축제/공연/행사,축제/공연/행사 > 축제,44,KOP023033:한국어|ENP023033:영어|JPP023033:일본어|CNP023033:중국어 간체|TCP023033:중국어 번체,5
KOP023023,국립민속박물관-한가위 큰마당,축제/공연/행사,축제/공연/행사 > 축제,44,KOP023023:한국어|ENP023023:영어|JPP023023:일본어|CNP023023:중국어 간체|TCP023023:중국어 번체,5
KOP023000,제7회 서울미래연극제(ST-Future) × 2017 ST-BOMB(서울연극폭탄),축제/공연/행사,축제/공연/행사 > 축제,44,KOP023000:한국어|ENP023000:영어|JPP023000:일본어|CNP023000:중국어 간체|TCP023000:중국어 번체,5
KOP022997,제 3회 신촌맥주축제,축제/공연/행사,축제/공연/행사 > 축제,44,KOP022997:한국어|ENP022997:영어|JPP022997:일본어|CNP022997:중국어 간체|TCP022997:중국어 번체,5
KOP022991,서울거리예술축제 2017,축제/공연/행사,축제/공연/행사 > 축제,44,KOP022991:한국어|ENP022991:영어|JPP022991:일본어|CNP022991:중국어 간체|TCP022991:중국어 번체,5
KOP022988,2017 종로한복축제,축제/공연/행사,축제/공연/행사 > 축제,44,KOP022988:한국어|ENP022988:영어|JPP022988:일본어|CNP022988:중국어 간체|TCP022988:중국어 번체,5
KOP022978,제 2회 남산 한국의 맛 축제,축제/공연/행사,축제/공연/행사 > 축제,44,KOP022978:한국어|ENP022978:영어|JPP022978:일본어|CNP022978:중국어 간체|TCP022978:중국어 번체,5
KOP022977,2017 한가위 박물관 큰잔치,축제/공연/행사,축제/공연/행사 > 축제,44,KOP022977:한국어|ENP022977:영어|JPP022977:일본어|CNP022977:중국어 간체|TCP022977:중국어 번체,5
KOP022976,제 22회 강동선사문화축제,축제/공연/행사,축제/공연/행사 > 축제,44,KOP022976:한국어|ENP022976:영어|JPP022976:일본어|CNP022976:중국어 간체|TCP022976:중국어 번체,5
KOP022927,공공미술축제 ‘퍼블릭×퍼블릭’,축제/공연/행사,축제/공연/행사 > 축제,45,KOP022927:한국어|ENP022927:영어,2
KOP022926,2017년 정조대왕 능행차 공동재현,축제/공연/행사,축제/공연/행사 > 축제,45,KOP022926:한국어|ENP022926:영어|JPP022926:일본어|CNP022926:중국어 간체|TCP022926:중국어 번체,5
KOP022915,육의전 축제,축제/공연/행사,축제/공연/행사 > 축제,45,KOP022915:한국어|ENP022915:영어|JPP022915:일본어|CNP022915:중국어 간체|TCP022915:중국어 번체,5
KOP022909,한화와 함께하는 서울세계불꽃축제 2017,축제/공연/행사,축제/공연/행사 > 축제,45,KOP022909:한국어|ENP022909:영어|JPP022909:일본어|CNP022909:중국어 간체|TCP022909:중국어 번체,5
KOP022870,2017 이태원 지구촌 축제,축제/공연/행사,축제/공연/행사 > 축제,45,KOP022870:한국어|ENP022870:영어|JPP022870:일본어|CNP022870:중국어 간체|TCP022870:중국어 번체,5
KOP022869,2017서울아리랑페스티벌,축제/공연/행사,축제/공연/행사 > 축제,45,KOP022869:한국어|ENP022869:영어|JPP022869:일본어|CNP022869:중국어 간체|TCP022869:중국어 번체,5
KOP022868,제20회 서울세계무용축제,축제/공연/행사,축제/공연/행사 > 축제,45,KOP022868:한국어|ENP022868:영어|JPP022868:일본어|CNP022868:중국어 간체|TCP022868:중국어 번체,5
KOP022867,제16회 대학로문화축제,축제/공연/행사,축제/공연/행사 > 축제,45,KOP022867:한국어|ENP022867:영어|JPP022867:일본어|CNP022867:중국어 간체|TCP022867:중국어 번체,5
KOP022861,동대문 스토리텔링 전통무예극-하도감 이생전,축제/공연/행사,축제/공연/행사 > 축제,45,KOP022861:한국어|ENP022861:영어|JPP022861:일본어|CNP022861:중국어 간체|TCP022861:중국어 번체,5
KOP022708,서울로 7017 개장 100일 기념 행사,축제/공연/행사,축제/공연/행사 > 축제,45,KOP022708:한국어,1
KOP022688,2017 서울 북 페스티벌,축제/공연/행사,축제/공연/행사 > 축제,45,KOP022688:한국어|ENP022688:영어|JPP022688:일본어|CNP022688:중국어 간체|TCP022688:중국어 번체,5
KOP022687,2017 서울정원박람회,축제/공연/행사,축제/공연/행사 > 축제,45,KOP022687:한국어|ENP022687:영어|JPP022687:일본어|CNP022687:중국어 간체|TCP022687:중국어 번체,5
KOP022654,제2회 성북 세계맥주축제,축제/공연/행사,축제/공연/행사 > 축제,45,KOP022654:한국어|ENP022654:영어|JPP022654:일본어|CNP022654:중국어 간체|TCP022654:중국어 번체,5
KOP022647,2017 서리풀 페스티벌,축제/공연/행사,축제/공연/행사 > 축제,45,KOP022647:한국어|ENP022647:영어|JPP022647:일본어|CNP022647:중국어 간체|TCP022647:중국어 번체,5
KOP022605,서울돈화문국악당-미래의 명곡,축제/공연/행사,축제/공연/행사 > 축제,45,KOP022605:한국어|ENP022605:영어|JPP022605:일본어|CNP022605:중국어 간체|TCP022605:중국어 번체,5
KOP022604,2017 인천공항 SKY FESTIVAL,축제/공연/행사,축제/공연/행사 > 축제,45,KOP022604:한국어|ENP022604:영어|JPP022604:일본어|CNP022604:중국어 간체|TCP022604:중국어 번체,5
KOP022603,2017 서울도시건축비엔날레,축제/공연/행사,축제/공연/행사 > 축제,45,KOP022603:한국어|ENP022603:영어|JPP022603:일본어|CNP022603:중국어 간체|TCP022603:중국어 번체,5
KOP022464,도심 속 봅슬레이,축제/공연/행사,축제/공연/행사 > 축제,45,KOP022464:한국어|ENP022464:영어|JPP022464:일본어|CNP022464:중국어 간체|TCP022464:중국어 번체,5
KOP022458,12th 서울디저트페어,축제/공연/행사,축제/공연/행사 > 축제,45,KOP022458:한국어|ENP022458:영어|JPP022458:일본어|CNP022458:중국어 간체|TCP022458:중국어 번체,5
KOP022437,2017 서울 스타라이트 뮤지컬 페스티벌,축제/공연/행사,축제/공연/행사 > 축제,45,KOP022437:한국어|ENP022437:영어|JPP022437:일본어|CNP022437:중국어 간체|TCP022437:중국어 번체,5
KOP022436,2017 강남페스티벌,축제/공연/행사,축제/공연/행사 > 축제,46,KOP022436:한국어|ENP022436:영어|JPP022436:일본어|CNP022436:중국어 간체|TCP022436:중국어 번체,5
KOP022382,2017 한성백제문화제,축제/공연/행사,축제/공연/행사 > 축제,46,KOP022382:한국어|ENP022382:영어|JPP022382:일본어|CNP022382:중국어 간체|TCP022382:중국어 번체,5
KOP022377,"광복 72주년 광화문시민, 광장음악회",축제/공연/행사,축제/공연/행사 > 축제,46,KOP022377:한국어|ENP022377:영어|JPP022377:일본어|CNP022377:중국어 간체|TCP022377:중국어 번체,5
KOP022375,2017 구로 G-페스티벌,축제/공연/행사,축제/공연/행사 > 축제,46,KOP022375:한국어|ENP022375:영어|JPP022375:일본어|CNP022375:중국어 간체|TCP022375:중국어 번체,5
KOP022365,2017 지구촌 나눔 한마당,축제/공연/행사,축제/공연/행사 > 축제,46,KOP022365:한국어|ENP022365:영어|JPP022365:일본어|CNP022365:중국어 간체|TCP022365:중국어 번체,5
KOP022342,제5회 서울 상징 관광기념품 공모전,축제/공연/행사,축제/공연/행사 > 축제,46,KOP022342:한국어|ENP022342:영어|JPP022342:일본어|CNP022342:중국어 간체|TCP022342:중국어 번체,5
KOP022280,2017 보드게임콘,축제/공연/행사,축제/공연/행사 > 축제,46,KOP022280:한국어|ENP022280:영어|JPP022280:일본어|CNP022280:중국어 간체|TCP022280:중국어 번체,5
KOP022245,남산골한옥마을-남산골 바캉스,축제/공연/행사,축제/공연/행사 > 축제,46,KOP022245:한국어|JPP022245:일본어|CNP022245:중국어 간체|TCP022245:중국어 번체,4
KOP022242,서울로 잇다-회현 달빛축제,축제/공연/행사,축제/공연/행사 > 축제,46,KOP022242:한국어|ENP022242:영어|JPP022242:일본어|CNP022242:중국어 간체|TCP022242:중국어 번체,5
KOP022215,원 썸머 무비 나이트,축제/공연/행사,축제/공연/행사 > 축제,46,KOP022215:한국어|ENP022215:영어|JPP022215:일본어|CNP022215:중국어 간체|TCP022215:중국어 번체,5
KOP022205,2017 서대문 독립민주축제,축제/공연/행사,축제/공연/행사 > 축제,46,KOP022205:한국어|ENP022205:영어|CNP022205:중국어 간체|TCP022205:중국어 번체,4
KOP022175,코믹콘 서울,축제/공연/행사,축제/공연/행사 > 축제,46,KOP022175:한국어|ENP022175:영어|JPP022175:일본어|CNP022175:중국어 간체|TCP022175:중국어 번체,5
KOP022166,제5회 서울국제하모니카페스티벌,축제/공연/행사,축제/공연/행사 > 축제,46,KOP022166:한국어|ENP022166:영어|JPP022166:일본어|CNP022166:중국어 간체|TCP022166:중국어 번체,5
KOP022165,서울문화의 밤,축제/공연/행사,축제/공연/행사 > 축제,46,KOP022165:한국어|ENP022165:영어|JPP022165:일본어|CNP022165:중국어 간체|TCP022165:중국어 번체,5
KOP022140,한복입고 50%할인 공연보기,축제/공연/행사,축제/공연/행사 > 축제,46,KOP022140:한국어|ENP022140:영어|JPP022140:일본어|CNP022140:중국어 간체|TCP022140:중국어 번체,5
KOP022119,세계 3대 디자이너 &lt;카림 라시드展&gt;,축제/공연/행사,축제/공연/행사 > 축제,46,KOP022119:한국어,1
KOP022098,2017 한강나이트워크 42K,축제/공연/행사,축제/공연/행사 > 축제,46,KOP022098:한국어,1
KOP022097,제25회 아시테지 국제여름축제,축제/공연/행사,축제/공연/행사 > 축제,46,KOP022097:한국어|ENP022097:영어|JPP022097:일본어|CNP022097:중국어 간체|TCP022097:중국어 번체,5
KOP021985,11th 서울디저트페어,축제/공연/행사,축제/공연/행사 > 축제,46,KOP021985:한국어|ENP021985:영어|JPP021985:일본어|CNP021985:중국어 간체|TCP021985:중국어 번체,5
KOP021945,창경궁 야간 특별관람 2017,축제/공연/행사,축제/공연/행사 > 축제,46,KOP021945:한국어|ENP021945:영어|JPP021945:일본어|CNP021945:중국어 간체|TCP021945:중국어 번체,5
KOP021928,2017 문화가 흐르는 서울광장,축제/공연/행사,축제/공연/행사 > 축제,47,KOP021928:한국어|ENP021928:영어|JPP021928:일본어|CNP021928:중국어 간체|TCP021928:중국어 번체,5
KOP021910,인생꿀나잇 디저트 페스티벌,축제/공연/행사,축제/공연/행사 > 축제,47,KOP021910:한국어|ENP021910:영어|JPP021910:일본어|CNP021910:중국어 간체|TCP021910:중국어 번체,5
KOP021882,[프로젝트284] 시간여행자의 시계,축제/공연/행사,축제/공연/행사 > 축제,47,KOP021882:한국어|ENP021882:영어|JPP021882:일본어|CNP021882:중국어 간체|TCP021882:중국어 번체,5
KOP021839,2017 한강몽땅 여름축제,축제/공연/행사,축제/공연/행사 > 축제,47,KOP021839:한국어|ENP021839:영어|JPP021839:일본어|CNP021839:중국어 간체|TCP021839:중국어 번체,5
KOP021770,2017 고궁음악회 (경복궁·창경궁),축제/공연/행사,축제/공연/행사 > 축제,47,KOP021770:한국어|ENP021770:영어|JPP021770:일본어|CNP021770:중국어 간체|TCP021770:중국어 번체,5
KOP021769,서울프린지페스티벌 2017,축제/공연/행사,축제/공연/행사 > 축제,47,KOP021769:한국어|ENP021769:영어|JPP021769:일본어|CNP021769:중국어 간체|TCP021769:중국어 번체,5
KOP021680,2017 라틴아메리카 축제,축제/공연/행사,축제/공연/행사 > 축제,47,KOP021680:한국어|ENP021680:영어|JPP021680:일본어|CNP021680:중국어 간체|TCP021680:중국어 번체,5
KOP021645,"프랑스 근현대 복식, 단추로 풀다",축제/공연/행사,축제/공연/행사 > 축제,47,KOP021645:한국어|ENP021645:영어|JPP021645:일본어|CNP021645:중국어 간체|TCP021645:중국어 번체,5
KOP021644,1890 남산골 야시장,축제/공연/행사,축제/공연/행사 > 축제,47,KOP021644:한국어|ENP021644:영어|JPP021644:일본어|CNP021644:중국어 간체|TCP021644:중국어 번체,5
KOP021602,2017 서울대공원 장미원축제,축제/공연/행사,축제/공연/행사 > 축제,47,KOP021602:한국어|ENP021602:영어|JPP021602:일본어|CNP021602:중국어 간체|TCP021602:중국어 번체,5
KOP021601,2017 여우락 페스티벌,축제/공연/행사,축제/공연/행사 > 축제,47,KOP021601:한국어|ENP021601:영어|JPP021601:일본어|CNP021601:중국어 간체|TCP021601:중국어 번체,5
KOP021600,청계천 스토리텔링 야외공연-날아라 이시미,축제/공연/행사,축제/공연/행사 > 축제,47,KOP021600:한국어|ENP021600:영어|JPP021600:일본어|CNP021600:중국어 간체|TCP021600:중국어 번체,5
KOP021537,2017 다례체험,축제/공연/행사,축제/공연/행사 > 축제,47,KOP021537:한국어|ENP021537:영어|JPP021537:일본어|CNP021537:중국어 간체|TCP021537:중국어 번체,5
KOP021536,2017 서울썸머세일,축제/공연/행사,축제/공연/행사 > 축제,47,KOP021536:한국어|ENP021536:영어|JPP021536:일본어|CNP021536:중국어 간체|TCP021536:중국어 번체,5
KOP021534,2017 창덕궁 달빛기행,축제/공연/행사,축제/공연/행사 > 축제,47,KOP021534:한국어|ENP021534:영어|JPP021534:일본어|CNP021534:중국어 간체|TCP021534:중국어 번체,5
KOP021458,10th 서울디저트페어,축제/공연/행사,축제/공연/행사 > 축제,47,KOP021458:한국어|ENP021458:영어|JPP021458:일본어|CNP021458:중국어 간체|TCP021458:중국어 번체,5
KOP021457,"차문화대축제 ‘봄, 그리고 차(茶5) 내음’",축제/공연/행사,축제/공연/행사 > 축제,47,KOP021457:한국어|ENP021457:영어|JPP021457:일본어|CNP021457:중국어 간체|TCP021457:중국어 번체,5
KOP021432,2017 정동야행,축제/공연/행사,축제/공연/행사 > 축제,47,KOP021432:한국어|ENP021432:영어|JPP021432:일본어|CNP021432:중국어 간체|TCP021432:중국어 번체,5
KOP021389,제 10회 전통주와 전통음식의 만남,축제/공연/행사,축제/공연/행사 > 축제,47,KOP021389:한국어|ENP021389:영어|JPP021389:일본어|CNP021389:중국어 간체|TCP021389:중국어 번체,5
KOP021388,"선인들의 마음, 보물이 되다 &lt;br&gt;-新國寶寶物展 2014~2016-",축제/공연/행사,축제/공연/행사,47,KOP021388:한국어|ENP021388:영어|JPP021388:일본어|CNP021388:중국어 간체|TCP021388:중국어 번체,5
KOP021383,2017 서울드럼페스티벌,축제/공연/행사,축제/공연/행사 > 축제,48,KOP021383:한국어|ENP021383:영어|JPP021383:일본어|CNP021383:중국어 간체|TCP021383:중국어 번체,5
KOP021337,특별전 &lt;아라비아의 길&gt;,축제/공연/행사,축제/공연/행사 > 축제,48,KOP021337:한국어|ENP021337:영어|JPP021337:일본어|CNP021337:중국어 간체|TCP021337:중국어 번체,5
KOP021314,2018 남산골한옥마을 태권도 공연 및 체험,축제/공연/행사,축제/공연/행사 > 축제,48,KOP021314:한국어|ENP021314:영어|JPP021314:일본어|CNP021314:중국어 간체|TCP021314:중국어 번체,5
KOP021265,2017 대학로거리공연축제 ‘D.FESTA&#039;,축제/공연/행사,축제/공연/행사 > 축제,48,KOP021265:한국어|ENP021265:영어|JPP021265:일본어|CNP021265:중국어 간체|TCP021265:중국어 번체,5
KOP021206,2017 서울동화축제,축제/공연/행사,축제/공연/행사 > 축제,48,KOP021206:한국어,1
KOP021194,2017 세종페스티벌×서울뮤직위크,축제/공연/행사,축제/공연/행사 > 축제,48,KOP021194:한국어|ENP021194:영어|JPP021194:일본어|CNP021194:중국어 간체|TCP021194:중국어 번체,5
KOP021193,국회어린이날행사-12회 동심한마당,축제/공연/행사,축제/공연/행사 > 축제,48,KOP021193:한국어,1
KOP021192,2017 서울 365 패션쇼,축제/공연/행사,축제/공연/행사 > 축제,48,KOP021192:한국어|ENP021192:영어|JPP021192:일본어|TCP021192:중국어 번체,4
KOP021151,6회 서울보드게임페스타,축제/공연/행사,축제/공연/행사 > 축제,48,KOP021151:한국어|ENP021151:영어|JPP021151:일본어|TCP021151:중국어 번체,4
KOP021144,삼청각 런치콘서트 &#039;자미&#039;,축제/공연/행사,축제/공연/행사 > 축제,48,KOP021144:한국어|ENP021144:영어|JPP021144:일본어|CNP021144:중국어 간체|TCP021144:중국어 번체,5
KOP021129,C-페스티벌 2017,축제/공연/행사,축제/공연/행사 > 축제,48,KOP021129:한국어|ENP021129:영어|JPP021129:일본어|CNP021129:중국어 간체|TCP021129:중국어 번체,5
KOP021120,서울아프리카페스티벌 2017,축제/공연/행사,축제/공연/행사 > 축제,48,KOP021120:한국어|ENP021120:영어|JPP021120:일본어|CNP021120:중국어 간체|TCP021120:중국어 번체,5
KOP021114,2017 서울장미축제,축제/공연/행사,축제/공연/행사 > 축제,48,KOP021114:한국어|ENP021114:영어|JPP021114:일본어|CNP021114:중국어 간체|TCP021114:중국어 번체,5
KOP021113,제 3회 궁중문화축전,축제/공연/행사,축제/공연/행사 > 축제,48,KOP021113:한국어|ENP021113:영어|JPP021113:일본어|CNP021113:중국어 간체|TCP021113:중국어 번체,5
KOP021106,4.19혁명 국민문화제 2017,축제/공연/행사,축제/공연/행사 > 축제,48,KOP021106:한국어,1
KOP021063,Lifeplus 벚꽃피크닉페스티벌 2017,축제/공연/행사,축제/공연/행사 > 축제,48,KOP021063:한국어|ENP021063:영어|JPP021063:일본어|CNP021063:중국어 간체|TCP021063:중국어 번체,5
KOP021054,9th 서울디저트페어,축제/공연/행사,축제/공연/행사 > 축제,48,KOP021054:한국어|ENP021054:영어|JPP021054:일본어|CNP021054:중국어 간체|TCP021054:중국어 번체,5
KOP021018,제13회 금천하모니 벚꽃축제,축제/공연/행사,축제/공연/행사 > 축제,48,KOP021018:한국어|ENP021018:영어|JPP021018:일본어|CNP021018:중국어 간체|TCP021018:중국어 번체,5
KOP021008,2017 영등포 여의도 봄꽃축제,축제/공연/행사,축제/공연/행사 > 축제,48,KOP021008:한국어|ENP021008:영어|JPP021008:일본어|CNP021008:중국어 간체|TCP021008:중국어 번체,5
KOP020993,2017 석촌호수 벚꽃축제,축제/공연/행사,축제/공연/행사 > 축제,48,KOP020993:한국어|ENP020993:영어|JPP020993:일본어|CNP020993:중국어 간체|TCP020993:중국어 번체,5
KOP020992,제20회 응봉산 개나리 축제,축제/공연/행사,축제/공연/행사 > 축제,49,KOP020992:한국어|ENP020992:영어|JPP020992:일본어|CNP020992:중국어 간체|TCP020992:중국어 번체,5
KOP020934,국립한글박물관-훈민정음과 한글 디자인,축제/공연/행사,축제/공연/행사 > 축제,49,KOP020934:한국어|ENP020934:영어|JPP020934:일본어|CNP020934:중국어 간체|TCP020934:중국어 번체,5
KOP020933,"사임당, 그녀의 화원",축제/공연/행사,축제/공연/행사 > 축제,49,KOP020933:한국어|ENP020933:영어|JPP020933:일본어|CNP020933:중국어 간체|TCP020933:중국어 번체,5
KOP020918,서울대공원 벚꽃축제,축제/공연/행사,축제/공연/행사 > 축제,49,KOP020918:한국어|ENP020918:영어|JPP020918:일본어|CNP020918:중국어 간체|TCP020918:중국어 번체,5
KOP020917,2017 F/W 헤라 서울패션위크,축제/공연/행사,축제/공연/행사 > 축제,49,KOP020917:한국어|ENP020917:영어|JPP020917:일본어|CNP020917:중국어 간체|TCP020917:중국어 번체,5
KOP020907,SeMA Green 2017 &lt;날개.파티&gt;,축제/공연/행사,축제/공연/행사 > 축제,49,KOP020907:한국어|ENP020907:영어|JPP020907:일본어|TCP020907:중국어 번체,4
KOP020893,마츠모토 레이지 은하철도999展,축제/공연/행사,축제/공연/행사 > 축제,49,KOP020893:한국어|ENP020893:영어|JPP020893:일본어|CNP020893:중국어 간체|TCP020893:중국어 번체,5
KOP020891,2017 서울밤도깨비야시장,축제/공연/행사,축제/공연/행사 > 축제,49,KOP020891:한국어|ENP020891:영어|JPP020891:일본어|CNP020891:중국어 간체|TCP020891:중국어 번체,5
KOP020852,대장금과 함께하는 경복궁 별빛야행,축제/공연/행사,축제/공연/행사 > 축제,49,KOP020852:한국어|ENP020852:영어|JPP020852:일본어|CNP020852:중국어 간체|TCP020852:중국어 번체,5
KOP020840,힐링페어(Healing Fair) 2017,축제/공연/행사,축제/공연/행사 > 축제,49,KOP020840:한국어|ENP020840:영어|JPP020840:일본어|CNP020840:중국어 간체|TCP020840:중국어 번체,5
KOP020809,서울돈화문국악당 &lt;프리&amp;프리 &gt;,축제/공연/행사,축제/공연/행사 > 축제,49,KOP020809:한국어|ENP020809:영어|JPP020809:일본어|CNP020809:중국어 간체|TCP020809:중국어 번체,5
KOP020779,2017 서울 스타트업 공모전,축제/공연/행사,축제/공연/행사 > 축제,49,KOP020779:한국어,1
KOP020617,정유년-정월대보름 행사,축제/공연/행사,축제/공연/행사 > 축제,49,KOP020617:한국어|ENP020617:영어|JPP020617:일본어|CNP020617:중국어 간체|TCP020617:중국어 번체,5
KOP020588,르누아르의 여인,축제/공연/행사,축제/공연/행사 > 축제,49,KOP020588:한국어|ENP020588:영어|JPP020588:일본어|CNP020588:중국어 간체|TCP020588:중국어 번체,5
KOP020500,르코르뷔지에展,축제/공연/행사,축제/공연/행사 > 축제,49,KOP020500:한국어|ENP020500:영어|JPP020500:일본어|CNP020500:중국어 간체|TCP020500:중국어 번체,5
KOP020499,2017 코리아그랜드세일,축제/공연/행사,축제/공연/행사 > 축제,49,KOP020499:한국어|ENP020499:영어|JPP020499:일본어|CNP020499:중국어 간체|TCP020499:중국어 번체,5
KOP020496,아파트 숲이 된 북서울,축제/공연/행사,축제/공연/행사 > 축제,49,KOP020496:한국어|ENP020496:영어|JPP020496:일본어|CNP020496:중국어 간체|TCP020496:중국어 번체,5
KOP020495,2017 정유년 설맞이 한마당  ‘새벽을 여는 닭’,축제/공연/행사,축제/공연/행사 > 축제,49,KOP020495:한국어|ENP020495:영어|JPP020495:일본어|TCP020495:중국어 번체,4
KOP020476,간송과 백남준의 만남,축제/공연/행사,축제/공연/행사 > 축제,49,KOP020476:한국어|ENP020476:영어|JPP020476:일본어|CNP020476:중국어 간체|TCP020476:중국어 번체,5
KOP020445,이집트 보물전,축제/공연/행사,축제/공연/행사 > 축제,49,KOP020445:한국어|ENP020445:영어|JPP020445:일본어|CNP020445:중국어 간체|TCP020445:중국어 번체,5
KOP020407,8th 서울디저트페어,축제/공연/행사,축제/공연/행사 > 축제,50,KOP020407:한국어|ENP020407:영어|JPP020407:일본어|CNP020407:중국어 간체|TCP020407:중국어 번체,5
KOP020354,FORNASETTI 포르나세티 특별전,축제/공연/행사,축제/공연/행사 > 축제,50,KOP020354:한국어|ENP020354:영어|JPP020354:일본어|CNP020354:중국어 간체|TCP020354:중국어 번체,5
KOP020329,2016년 제야의 종 타종행사,축제/공연/행사,축제/공연/행사 > 축제,50,KOP020329:한국어,1
KOP020294,"알폰스 무하, 모던 그래픽 디자인의 선구자 展",축제/공연/행사,축제/공연/행사 > 축제,50,KOP020294:한국어|ENP020294:영어|JPP020294:일본어|CNP020294:중국어 간체|TCP020294:중국어 번체,5
KOP019990,2017 키덜트 &amp; 하비 엑스포,축제/공연/행사,축제/공연/행사 > 축제,50,KOP019990:한국어|ENP019990:영어|JPP019990:일본어|TCP019990:중국어 번체,4
KOP019989,한성백제박물관 &#039;2017 설날 박물관 큰잔치&#039;,축제/공연/행사,축제/공연/행사 > 축제,50,KOP019989:한국어|ENP019989:영어|JPP019989:일본어|CNP019989:중국어 간체|TCP019989:중국어 번체,5
KOP019986,남산골세시맞이 &lt;오(五)대감 설 잔치&gt;,축제/공연/행사,축제/공연/행사 > 축제,50,KOP019986:한국어|ENP019986:영어|JPP019986:일본어|CNP019986:중국어 간체|TCP019986:중국어 번체,5
KOP019957,모두의 시민청,축제/공연/행사,축제/공연/행사 > 축제,50,KOP019957:한국어|ENP019957:영어|JPP019957:일본어|CNP019957:중국어 간체|TCP019957:중국어 번체,5
KOP019789,LOOK SMITHSONIAN  스미스소니언사진展,축제/공연/행사,축제/공연/행사 > 축제,50,KOP019789:한국어|ENP019789:영어|JPP019789:일본어|CNP019789:중국어 간체|TCP019789:중국어 번체,5
KOP019666,페스티벌284: 영웅본색英雄本色,축제/공연/행사,축제/공연/행사 > 축제,50,KOP019666:한국어|ENP019666:영어|JPP019666:일본어|CNP019666:중국어 간체|TCP019666:중국어 번체,5
KOP019590,7th 서울디저트페어,축제/공연/행사,축제/공연/행사 > 축제,50,KOP019590:한국어|ENP019590:영어|JPP019590:일본어|CNP019590:중국어 간체|TCP019590:중국어 번체,5
KOP019577,프랑스 국립 오르세미술관展,축제/공연/행사,축제/공연/행사 > 축제,50,KOP019577:한국어|ENP019577:영어|JPP019577:일본어|CNP019577:중국어 간체|TCP019577:중국어 번체,5
KOP019565,여의도공원 스케이트장,축제/공연/행사,축제/공연/행사 > 축제,50,KOP019565:한국어|ENP019565:영어|JPP019565:일본어|CNP019565:중국어 간체|TCP019565:중국어 번체,5
KOP019555,2016서울디자인페스티벌,축제/공연/행사,축제/공연/행사 > 축제,50,KOP019555:한국어|ENP019555:영어|JPP019555:일본어|CNP019555:중국어 간체|TCP019555:중국어 번체,5
KOP019551,제13회 서울 아시테지 겨울축제,축제/공연/행사,축제/공연/행사 > 축제,50,KOP019551:한국어|ENP019551:영어|JPP019551:일본어|CNP019551:중국어 간체|TCP019551:중국어 번체,5
KOP019527,서울금손페스티벌,축제/공연/행사,축제/공연/행사 > 축제,50,KOP019527:한국어|ENP019527:영어|JPP019527:일본어|CNP019527:중국어 간체|TCP019527:중국어 번체,5
KOP019485,투르크권 문화예술축제,축제/공연/행사,축제/공연/행사 > 축제,50,KOP019485:한국어|ENP019485:영어|JPP019485:일본어|CNP019485:중국어 간체|TCP019485:중국어 번체,5
KOP019446,제5회 재미로놀자 축제 &#039;라바와 남산도깨비 편&#039;,축제/공연/행사,축제/공연/행사 > 축제,50,KOP019446:한국어|ENP019446:영어|JPP019446:일본어|CNP019446:중국어 간체|TCP019446:중국어 번체,5
KOP019445,"미술 속 도시, 도시 속 미술",축제/공연/행사,축제/공연/행사 > 축제,50,KOP019445:한국어|ENP019445:영어|JPP019445:일본어|CNP019445:중국어 간체|TCP019445:중국어 번체,5
KOP019442,2016 ST-BOMB(서울연극폭탄),축제/공연/행사,축제/공연/행사 > 축제,50,KOP019442:한국어|ENP019442:영어|JPP019442:일본어|CNP019442:중국어 간체|TCP019442:중국어 번체,5
KOP019390,"을지로, 라이트웨이 2016",축제/공연/행사,축제/공연/행사 > 축제,51,KOP019390:한국어|ENP019390:영어|JPP019390:일본어|CNP019390:중국어 간체|TCP019390:중국어 번체,5
KOP019383,궁궐 공개행사 토요마당,축제/공연/행사,축제/공연/행사 > 축제,51,KOP019383:한국어|ENP019383:영어|JPP019383:일본어|CNP019383:중국어 간체|TCP019383:중국어 번체,5
KOP019382,조계사 국화향기 나눔전,축제/공연/행사,축제/공연/행사 > 축제,51,KOP019382:한국어|ENP019382:영어|JPP019382:일본어|CNP019382:중국어 간체|TCP019382:중국어 번체,5
KOP019371,제3회 서울김장문화제,축제/공연/행사,축제/공연/행사 > 축제,51,KOP019371:한국어|ENP019371:영어|JPP019371:일본어|CNP019371:중국어 간체|TCP019371:중국어 번체,5
KOP019351,6th 서울디저트페어,축제/공연/행사,축제/공연/행사 > 축제,51,KOP019351:한국어|ENP019351:영어|JPP019351:일본어|CNP019351:중국어 간체|TCP019351:중국어 번체,5
KOP019348,정동야행,축제/공연/행사,축제/공연/행사 > 축제,51,KOP019348:한국어|ENP019348:영어|JPP019348:일본어|CNP019348:중국어 간체|TCP019348:중국어 번체,5
KOP019301,2016 서울국악주간,축제/공연/행사,축제/공연/행사 > 축제,51,KOP019301:한국어|ENP019301:영어|JPP019301:일본어|CNP019301:중국어 간체|TCP019301:중국어 번체,5
KOP019268,2016 이태원 지구촌 축제,축제/공연/행사,축제/공연/행사 > 축제,51,KOP019268:한국어|ENP019268:영어|JPP019268:일본어|CNP019268:중국어 간체|TCP019268:중국어 번체,5
KOP019267,서울억새축제 2016,축제/공연/행사,축제/공연/행사 > 축제,51,KOP019267:한국어|ENP019267:영어|JPP019267:일본어|CNP019267:중국어 간체|TCP019267:중국어 번체,5
KOP019247,2016 디스커버 서울 (에코워킹투어),축제/공연/행사,축제/공연/행사 > 축제,51,KOP019247:한국어|ENP019247:영어|JPP019247:일본어|CNP019247:중국어 간체|TCP019247:중국어 번체,5
KOP019236,2016 아이공 작가전 : 정희정 &lt;개인극장&gt;,축제/공연/행사,축제/공연/행사 > 축제,51,KOP019236:한국어,1
KOP019198,대학로문화축제 2016,축제/공연/행사,축제/공연/행사 > 축제,51,KOP019198:한국어|ENP019198:영어|JPP019198:일본어|CNP019198:중국어 간체|TCP019198:중국어 번체,5
KOP019162,2016 한성백제문화제,축제/공연/행사,축제/공연/행사 > 축제,51,KOP019162:한국어|ENP019162:영어|JPP019162:일본어|CNP019162:중국어 간체|TCP019162:중국어 번체,5
KOP019118,2016서울아리랑페스티벌,축제/공연/행사,축제/공연/행사 > 축제,51,KOP019118:한국어|ENP019118:영어|JPP019118:일본어|CNP019118:중국어 간체|TCP019118:중국어 번체,5
KOP019114,2016 세종페스티벌,축제/공연/행사,축제/공연/행사 > 축제,51,KOP019114:한국어|ENP019114:영어|JPP019114:일본어|CNP019114:중국어 간체|TCP019114:중국어 번체,5
KOP019107,2016 서울세계불꽃축제,축제/공연/행사,축제/공연/행사 > 축제,51,KOP019107:한국어|ENP019107:영어|JPP019107:일본어|CNP019107:중국어 간체|TCP019107:중국어 번체,5
KOP019098,제22회 서울약령시 한방문화축제,축제/공연/행사,축제/공연/행사 > 축제,51,KOP019098:한국어|ENP019098:영어|JPP019098:일본어|CNP019098:중국어 간체|TCP019098:중국어 번체,5
KOP019097,2016 시민예술축전,축제/공연/행사,축제/공연/행사 > 축제,51,KOP019097:한국어|ENP019097:영어|JPP019097:일본어|CNP019097:중국어 간체|TCP019097:중국어 번체,5
KOP019094,2016 서울정원박람회,축제/공연/행사,축제/공연/행사 > 축제,51,KOP019094:한국어|ENP019094:영어|JPP019094:일본어|CNP019094:중국어 간체|TCP019094:중국어 번체,5
KOP019091,2016 서울 국제공연예술제,축제/공연/행사,축제/공연/행사 > 축제,51,KOP019091:한국어|ENP019091:영어|JPP019091:일본어|CNP019091:중국어 간체|TCP019091:중국어 번체,5
KOP019069,제19회 서울세계무용축제,축제/공연/행사,축제/공연/행사 > 축제,52,KOP019069:한국어|ENP019069:영어|JPP019069:일본어|CNP019069:중국어 간체|TCP019069:중국어 번체,5
KOP019066,정인국 기증유물전,축제/공연/행사,축제/공연/행사 > 축제,52,KOP019066:한국어,1
KOP019065,세상을 찍어내는 인현동 인쇄골목,축제/공연/행사,축제/공연/행사 > 축제,52,KOP019065:한국어,1
KOP019041,오(五)대감 한가위 잔치,축제/공연/행사,축제/공연/행사 > 축제,52,KOP019041:한국어|ENP019041:영어|JPP019041:일본어|CNP019041:중국어 간체|TCP019041:중국어 번체,5
KOP019019,2016년 국립민속박물관 추석 한마당,축제/공연/행사,축제/공연/행사 > 축제,52,KOP019019:한국어|ENP019019:영어|JPP019019:일본어|CNP019019:중국어 간체|TCP019019:중국어 번체,5
KOP018997,2016 한강다리축제,축제/공연/행사,축제/공연/행사 > 축제,52,KOP018997:한국어|ENP018997:영어|JPP018997:일본어|CNP018997:중국어 간체|TCP018997:중국어 번체,5
KOP018994,5th 서울디저트페어,축제/공연/행사,축제/공연/행사 > 축제,52,KOP018994:한국어|ENP018994:영어|JPP018994:일본어|CNP018994:중국어 간체|TCP018994:중국어 번체,5
KOP018993,2016 서울시간여행자 : 명동 우체부의 프러포즈,축제/공연/행사,축제/공연/행사 > 축제,52,KOP018993:한국어|ENP018993:영어|JPP018993:일본어|CNP018993:중국어 간체|TCP018993:중국어 번체,5
KOP018933,제 7회 대한민국 국제관악제,축제/공연/행사,축제/공연/행사 > 축제,52,KOP018933:한국어|ENP018933:영어|JPP018933:일본어|CNP018933:중국어 간체|TCP018933:중국어 번체,5
KOP018896,2016 서리풀 페스티벌,축제/공연/행사,축제/공연/행사 > 축제,52,KOP018896:한국어|ENP018896:영어|JPP018896:일본어|CNP018896:중국어 간체|TCP018896:중국어 번체,5
KOP018879,서울거리예술축제2016,축제/공연/행사,축제/공연/행사 > 축제,52,KOP018879:한국어|ENP018879:영어|JPP018879:일본어|CNP018879:중국어 간체|TCP018879:중국어 번체,5
KOP018779,야간동물원 축제 &lt;썸머 크리스마스&gt;,축제/공연/행사,축제/공연/행사 > 축제,52,KOP018779:한국어|ENP018779:영어|JPP018779:일본어|CNP018779:중국어 간체|TCP018779:중국어 번체,5
KOP018778,제4회 서울 상징 관광기념품 공모전,축제/공연/행사,축제/공연/행사 > 축제,52,KOP018778:한국어|ENP018778:영어|JPP018778:일본어|CNP018778:중국어 간체|TCP018778:중국어 번체,5
KOP018726,북촌뮤직페스티벌 2016,축제/공연/행사,축제/공연/행사 > 축제,52,KOP018726:한국어|ENP018726:영어|JPP018726:일본어|CNP018726:중국어 간체|TCP018726:중국어 번체,5
KOP018725,2016 서울 문화의 밤,축제/공연/행사,축제/공연/행사 > 축제,52,KOP018725:한국어|ENP018725:영어|JPP018725:일본어|CNP018725:중국어 간체|TCP018725:중국어 번체,5
KOP018675,2016 창덕궁 달빛기행,축제/공연/행사,축제/공연/행사 > 축제,52,KOP018675:한국어|ENP018675:영어|JPP018675:일본어|CNP018675:중국어 간체|TCP018675:중국어 번체,5
KOP018667,2016 서울 북 페스티벌,축제/공연/행사,축제/공연/행사 > 축제,52,KOP018667:한국어|ENP018667:영어|JPP018667:일본어|CNP018667:중국어 간체|TCP018667:중국어 번체,5
KOP018657,제4회 서울 디저트페어,축제/공연/행사,축제/공연/행사 > 축제,52,KOP018657:한국어|ENP018657:영어|JPP018657:일본어|CNP018657:중국어 간체|TCP018657:중국어 번체,5
KOP018583,한강 파이어댄싱 페스티벌 - 라파이어 2016,축제/공연/행사,축제/공연/행사 > 축제,52,KOP018583:한국어|ENP018583:영어|JPP018583:일본어|CNP018583:중국어 간체|TCP018583:중국어 번체,5
KOP018582,한강이불영화제 2016,축제/공연/행사,축제/공연/행사 > 축제,52,KOP018582:한국어|ENP018582:영어|JPP018582:일본어|CNP018582:중국어 간체|TCP018582:중국어 번체,5
KOP018565,백남준쇼,축제/공연/행사,축제/공연/행사 > 축제,53,KOP018565:한국어|ENP018565:영어|JPP018565:일본어|CNP018565:중국어 간체|TCP018565:중국어 번체,5
KOP018439,호안 미로 특별展,축제/공연/행사,축제/공연/행사 > 축제,53,KOP018439:한국어|ENP018439:영어|JPP018439:일본어|CNP018439:중국어 간체|TCP018439:중국어 번체,5
KOP018435,2016 서울 소울 페스티벌,축제/공연/행사,축제/공연/행사 > 축제,53,KOP018435:한국어|ENP018435:영어|JPP018435:일본어|CNP018435:중국어 간체|TCP018435:중국어 번체,5
KOP018421,조선시대의 궁중화 민화 걸작전,축제/공연/행사,축제/공연/행사 > 축제,53,KOP018421:한국어|ENP018421:영어|JPP018421:일본어|CNP018421:중국어 간체|TCP018421:중국어 번체,5
KOP018415,슬라이드더시티 in 뚝섬한강공원,축제/공연/행사,축제/공연/행사 > 축제,53,KOP018415:한국어|ENP018415:영어|JPP018415:일본어|CNP018415:중국어 간체|TCP018415:중국어 번체,5
KOP018404,물순환 시민문화제(빗물축제) 2016,축제/공연/행사,축제/공연/행사 > 축제,53,KOP018404:한국어,1
KOP018402,2016 정조대왕 능행차,축제/공연/행사,축제/공연/행사 > 축제,53,KOP018402:한국어|ENP018402:영어|JPP018402:일본어|CNP018402:중국어 간체|TCP018402:중국어 번체,5
KOP018233,제16회 서울국제뉴미디어페스티벌,축제/공연/행사,축제/공연/행사 > 축제,53,KOP018233:한국어|ENP018233:영어|JPP018233:일본어|TCP018233:중국어 번체,4
KOP018139,서울프린지페스티벌 2016,축제/공연/행사,축제/공연/행사 > 축제,53,KOP018139:한국어|ENP018139:영어|JPP018139:일본어|CNP018139:중국어 간체|TCP018139:중국어 번체,5
KOP018046,2016 아시아프&amp;히든아티스트 페스티벌,축제/공연/행사,축제/공연/행사 > 축제,53,KOP018046:한국어|ENP018046:영어|JPP018046:일본어|CNP018046:중국어 간체|TCP018046:중국어 번체,5
KOP017915,2016 웨이크업시티 페스타 - 신촌,축제/공연/행사,축제/공연/행사 > 축제,53,KOP017915:한국어|ENP017915:영어|JPP017915:일본어|CNP017915:중국어 간체|TCP017915:중국어 번체,5
KOP017597,2016 한강몽땅,축제/공연/행사,축제/공연/행사 > 축제,53,KOP017597:한국어|ENP017597:영어|JPP017597:일본어|CNP017597:중국어 간체|TCP017597:중국어 번체,5
KOP017580,2016 서울지하철 스탬프투어,축제/공연/행사,축제/공연/행사 > 축제,53,KOP017580:한국어,1
KOP017486,2016 문화가 흐르는 서울광장,축제/공연/행사,축제/공연/행사 > 축제,53,KOP017486:한국어|ENP017486:영어|JPP017486:일본어|CNP017486:중국어 간체|TCP017486:중국어 번체,5
KOP017279,한강 야외수영장 개장,축제/공연/행사,축제/공연/행사 > 축제,53,KOP017279:한국어|ENP017279:영어|JPP017279:일본어|CNP017279:중국어 간체|TCP017279:중국어 번체,5
KOP017266,서울국제만화애니메이션 페스티벌,축제/공연/행사,축제/공연/행사 > 축제,53,KOP017266:한국어|ENP017266:영어|JPP017266:일본어|CNP017266:중국어 간체|TCP017266:중국어 번체,5
KOP017151,2016 서울썸머세일,축제/공연/행사,축제/공연/행사 > 축제,53,KOP017151:한국어|ENP017151:영어|JPP017151:일본어|CNP017151:중국어 간체|TCP017151:중국어 번체,5
KOP017105,"이중섭, 백년의 신화展",축제/공연/행사,축제/공연/행사 > 축제,53,KOP017105:한국어|ENP017105:영어|JPP017105:일본어|CNP017105:중국어 간체|TCP017105:중국어 번체,5
KOP017078,앤서니 브라운展,축제/공연/행사,축제/공연/행사 > 축제,53,KOP017078:한국어|ENP017078:영어|JPP017078:일본어|CNP017078:중국어 간체|TCP017078:중국어 번체,5
KOP017071,2016 단오행사,축제/공연/행사,축제/공연/행사 > 축제,53,KOP017071:한국어|ENP017071:영어|JPP017071:일본어|CNP017071:중국어 간체|TCP017071:중국어 번체,5
KOP017067,덕수궁 석조전 미디어파사드,축제/공연/행사,축제/공연/행사 > 축제,54,KOP017067:한국어|ENP017067:영어|JPP017067:일본어|CNP017067:중국어 간체|TCP017067:중국어 번체,5
KOP017058,라틴아메리카 축제 2016,축제/공연/행사,축제/공연/행사 > 축제,54,KOP017058:한국어|ENP017058:영어|JPP017058:일본어|CNP017058:중국어 간체|TCP017058:중국어 번체,5
KOP017050,간송문화전 6부 : 풍속인물화,축제/공연/행사,축제/공연/행사 > 축제,54,KOP017050:한국어|ENP017050:영어|JPP017050:일본어|CNP017050:중국어 간체|TCP017050:중국어 번체,5
KOP017049,무용가 최승희 사진전,축제/공연/행사,축제/공연/행사 > 축제,54,KOP017049:한국어|ENP017049:영어|JPP017049:일본어|CNP017049:중국어 간체|TCP017049:중국어 번체,5
KOP017036,서울돈화문국악당 국악축제,축제/공연/행사,축제/공연/행사 > 축제,54,KOP017036:한국어,1
KOP017024,서울대공원 장미원축제,축제/공연/행사,축제/공연/행사 > 축제,54,KOP017024:한국어|ENP017024:영어|JPP017024:일본어|CNP017024:중국어 간체|TCP017024:중국어 번체,5
KOP016986,2016 전국생활체육대축전,축제/공연/행사,축제/공연/행사 > 축제,54,KOP016986:한국어,1
KOP016985,대학로 거리공연 축제,축제/공연/행사,축제/공연/행사 > 축제,54,KOP016985:한국어|ENP016985:영어|JPP016985:일본어|CNP016985:중국어 간체|TCP016985:중국어 번체,5
KOP016952,전통주와 전통음식의 만남,축제/공연/행사,축제/공연/행사 > 축제,54,KOP016952:한국어|ENP016952:영어|JPP016952:일본어|CNP016952:중국어 간체|TCP016952:중국어 번체,5
KOP016951,제24회 아시테지 국제여름축제,축제/공연/행사,축제/공연/행사 > 축제,54,KOP016951:한국어|ENP016951:영어|JPP016951:일본어|CNP016951:중국어 간체|TCP016951:중국어 번체,5
KOP016938,2016 정동야행,축제/공연/행사,축제/공연/행사 > 축제,54,KOP016938:한국어|ENP016938:영어|JPP016938:일본어|CNP016938:중국어 간체|TCP016938:중국어 번체,5
KOP016937,시장에 간 서커스,축제/공연/행사,축제/공연/행사 > 축제,54,KOP016937:한국어|TCP016937:중국어 번체,2
KOP016928,2016 서울드럼페스티벌,축제/공연/행사,축제/공연/행사 > 축제,54,KOP016928:한국어|ENP016928:영어|JPP016928:일본어|CNP016928:중국어 간체|TCP016928:중국어 번체,5
KOP016916,프로젝트284 : 복숭아 꽃이 피었습니다,축제/공연/행사,축제/공연/행사 > 축제,54,KOP016916:한국어|ENP016916:영어|JPP016916:일본어|CNP016916:중국어 간체|TCP016916:중국어 번체,5
KOP016900,세종예술시장 소소,축제/공연/행사,축제/공연/행사 > 축제,54,KOP016900:한국어|ENP016900:영어|JPP016900:일본어|CNP016900:중국어 간체|TCP016900:중국어 번체,5
KOP016876,5월 5일 어린이날 행사,축제/공연/행사,축제/공연/행사 > 축제,54,KOP016876:한국어|ENP016876:영어|JPP016876:일본어|CNP016876:중국어 간체|TCP016876:중국어 번체,5
KOP016865,드림웍스 애니메이션 특별전,축제/공연/행사,축제/공연/행사 > 축제,54,KOP016865:한국어|ENP016865:영어|JPP016865:일본어|CNP016865:중국어 간체|TCP016865:중국어 번체,5
KOP016851,토요일은 청이 좋아,축제/공연/행사,축제/공연/행사 > 축제,54,KOP016851:한국어,1
KOP016850,2016 C-Festival,축제/공연/행사,축제/공연/행사 > 축제,54,KOP016850:한국어|ENP016850:영어|JPP016850:일본어|CNP016850:중국어 간체|TCP016850:중국어 번체,5
KOP016818,팔레드도쿄 교류 도시괴담,축제/공연/행사,축제/공연/행사 > 축제,54,KOP016818:한국어|ENP016818:영어|JPP016818:일본어|CNP016818:중국어 간체|TCP016818:중국어 번체,5
KOP016793,김광석을보다展 : 만나다•듣다•그리다,축제/공연/행사,축제/공연/행사 > 축제,55,KOP016793:한국어,1
KOP016789,2016 광화문국제아트페스티벌,축제/공연/행사,축제/공연/행사 > 축제,55,KOP016789:한국어|ENP016789:영어|JPP016789:일본어|CNP016789:중국어 간체|TCP016789:중국어 번체,5
KOP016786,마돈나를 춤추게한 허브릿츠,축제/공연/행사,축제/공연/행사 > 축제,55,KOP016786:한국어|ENP016786:영어|JPP016786:일본어|CNP016786:중국어 간체|TCP016786:중국어 번체,5
KOP016742,MBC World 방송테마파크 투어,축제/공연/행사,축제/공연/행사,55,KOP016742:한국어,1
KOP016715,2016 서울장미축제,축제/공연/행사,축제/공연/행사 > 축제,55,KOP016715:한국어|ENP016715:영어|JPP016715:일본어|CNP016715:중국어 간체|TCP016715:중국어 번체,5
KOP016701,렛츠런파크 서울 야간 벚꽃축제,축제/공연/행사,축제/공연/행사 > 축제,55,KOP016701:한국어|ENP016701:영어|JPP016701:일본어|CNP016701:중국어 간체,4
KOP016691,덕수궁 봄 음악회,축제/공연/행사,축제/공연/행사 > 축제,55,KOP016691:한국어|ENP016691:영어|JPP016691:일본어|CNP016691:중국어 간체|TCP016691:중국어 번체,5
KOP016682,4.19 혁명 국민문화제,축제/공연/행사,축제/공연/행사 > 축제,55,KOP016682:한국어,1
KOP016661,고종 명성후 가례 재현 행사,축제/공연/행사,축제/공연/행사 > 축제,55,KOP016661:한국어|ENP016661:영어|JPP016661:일본어|CNP016661:중국어 간체|TCP016661:중국어 번체,5
KOP016637,서울대공원 벚꽃축제,축제/공연/행사,축제/공연/행사 > 축제,55,KOP016637:한국어|ENP016637:영어|JPP016637:일본어|CNP016637:중국어 간체|TCP016637:중국어 번체,5
KOP016630,뮤지엄나이트,축제/공연/행사,축제/공연/행사 > 축제,55,KOP016630:한국어|ENP016630:영어|JPP016630:일본어|CNP016630:중국어 간체|TCP016630:중국어 번체,5
KOP016620,4월의 한강공원 문화프로그램,축제/공연/행사,축제/공연/행사 > 축제,55,KOP016620:한국어|ENP016620:영어|JPP016620:일본어|CNP016620:중국어 간체|TCP016620:중국어 번체,5
KOP016618,&#039;서울 엘레지&#039; 사진전,축제/공연/행사,축제/공연/행사 > 축제,55,KOP016618:한국어|ENP016618:영어|JPP016618:일본어|CNP016618:중국어 간체|TCP016618:중국어 번체,5
KOP016613,2016 서울밤도깨비야시장,축제/공연/행사,축제/공연/행사 > 축제,55,KOP016613:한국어|ENP016613:영어|JPP016613:일본어|CNP016613:중국어 간체|TCP016613:중국어 번체,5
KOP016579,장 폴 고티에 전,축제/공연/행사,축제/공연/행사 > 축제,55,KOP016579:한국어|ENP016579:영어|JPP016579:일본어|CNP016579:중국어 간체|TCP016579:중국어 번체,5
KOP016496,석촌호수 벚꽃축제,축제/공연/행사,축제/공연/행사 > 축제,55,KOP016496:한국어|ENP016496:영어|JPP016496:일본어|CNP016496:중국어 간체|TCP016496:중국어 번체,5
KOP016493,"백제 신라, 서울의 기억",축제/공연/행사,축제/공연/행사 > 축제,55,KOP016493:한국어|ENP016493:영어|JPP016493:일본어|CNP016493:중국어 간체|TCP016493:중국어 번체,5
KOP016491,반짝반짝 18가지 색으로 빛나는 한강다리,축제/공연/행사,축제/공연/행사 > 축제,55,KOP016491:한국어|ENP016491:영어|JPP016491:일본어|CNP016491:중국어 간체|TCP016491:중국어 번체,5
KOP016474,2016 영등포 여의도 봄꽃축제,축제/공연/행사,축제/공연/행사 > 축제,55,KOP016474:한국어|ENP016474:영어|JPP016474:일본어|CNP016474:중국어 간체|TCP016474:중국어 번체,5
KOP016388,2016 헤라서울패션위크,축제/공연/행사,축제/공연/행사 > 축제,55,KOP016388:한국어|ENP016388:영어|JPP016388:일본어|CNP016388:중국어 간체|TCP016388:중국어 번체,5
KOP016343,남산골한옥마을 다도 프로그램 &amp;lt;윤씨 다실(茶室)&amp;gt;,축제/공연/행사,축제/공연/행사 > 축제,56,KOP016343:한국어|ENP016343:영어|JPP016343:일본어|CNP016343:중국어 간체|TCP016343:중국어 번체,5
KOP015390,한강몽땅 여름축제,축제/공연/행사,축제/공연/행사 > 축제,56,KOP015390:한국어|ENP015390:영어|JPP015390:일본어|CNP015390:중국어 간체|TCP015390:중국어 번체,5
KOP015385,2016 아일랜드 문화축제,축제/공연/행사,축제/공연/행사 > 축제,56,KOP015385:한국어|ENP015385:영어|JPP015385:일본어|CNP015385:중국어 간체|TCP015385:중국어 번체,5
KOP015337,"달빛불놀이, 정월대보름",축제/공연/행사,축제/공연/행사 > 축제,56,KOP015337:한국어|ENP015337:영어|JPP015337:일본어|CNP015337:중국어 간체|TCP015337:중국어 번체,5
KOP015316,2016 SeMA Blue &lt;서울 바벨&gt;,축제/공연/행사,축제/공연/행사 > 축제,56,KOP015316:한국어|ENP015316:영어|JPP015316:일본어|CNP015316:중국어 간체|TCP015316:중국어 번체,5
KOP015236,2016 코리아그랜드세일,축제/공연/행사,축제/공연/행사 > 축제,56,KOP015236:한국어|ENP015236:영어|JPP015236:일본어|CNP015236:중국어 간체|TCP015236:중국어 번체,5
KOP015188,남산골한옥마을 태권도 상설공연,축제/공연/행사,축제/공연/행사 > 축제,56,KOP015188:한국어|ENP015188:영어|CNP015188:중국어 간체|TCP015188:중국어 번체,4
KOP015012,2016세종시즌,축제/공연/행사,축제/공연/행사 > 축제,56,KOP015012:한국어,1
KOP005374,2016서울한옥박람회,축제/공연/행사,축제/공연/행사 > 축제,56,KOP005374:한국어|ENP005374:영어|JPP005374:일본어|CNP005374:중국어 간체|TCP005374:중국어 번체,5
KOP001748,홍대 클럽 거리,축제/공연/행사,축제/공연/행사 > 축제,56,KOP001748:한국어|JPP001748:일본어,2
KOP001125,"모네, 빛을 그리다 展",축제/공연/행사,축제/공연/행사 > 축제,56,KOP001125:한국어|ENP001125:영어|JPP001125:일본어|CNP001125:중국어 간체|TCP001125:중국어 번체,5
KOP001025,반 고흐 인사이드 : 빛과 음악의 축제,축제/공연/행사,축제/공연/행사 > 축제,56,KOP001025:한국어|ENP001025:영어|JPP001025:일본어|TCP001025:중국어 번체,4
KOP000858,사직대제 봉행,축제/공연/행사,축제/공연/행사,56,KOP000858:한국어|ENP000858:영어|JPP000858:일본어|CNP000858:중국어 간체|TCP000858:중국어 번체,5
KOP000840,서울 프린지 페스티벌,축제/공연/행사,축제/공연/행사 > 축제,56,KOP000840:한국어|CNP000840:중국어 간체|TCP000840:중국어 번체,3
KOP000809,종묘제례 봉행,축제/공연/행사,축제/공연/행사 > 축제,56,KOP000809:한국어|ENP000809:영어|JPP000809:일본어|CNP000809:중국어 간체|TCP000809:중국어 번체,5
KOP000785,서울문화의 밤,축제/공연/행사,축제/공연/행사 > 축제,56,KOP000785:한국어|ENP000785:영어|JPP000785:일본어|CNP000785:중국어 간체|TCP000785:중국어 번체,5
KOP000730,"서울썸머세일, 여름을 부탁해!",축제/공연/행사,축제/공연/행사 > 축제,56,KOP000730:한국어|ENP000730:영어|JPP000730:일본어|CNP000730:중국어 간체|TCP000730:중국어 번체,5
KOP000599,서울디자인위크,축제/공연/행사,축제/공연/행사 > 축제,56,KOP000599:한국어|ENP000599:영어|CNP000599:중국어 간체|TCP000599:중국어 번체,4
KOP000598,서울사진축제,축제/공연/행사,축제/공연/행사 > 축제,56,KOP000598:한국어|ENP000598:영어,2
KOP000593,을지로 라이트웨이,축제/공연/행사,축제/공연/행사 > 축제,56,KOP000593:한국어|ENP000593:영어|CNP000593:중국어 간체|TCP000593:중국어 번체,4
KOP000587,제3회 대한민국국제포토페스티벌,축제/공연/행사,축제/공연/행사 > 축제,57,KOP000587:한국어|ENP000587:영어,2
KOP000581,국기원 태권도 시범단 상설공연,축제/공연/행사,축제/공연/행사 > 축제,57,KOP000581:한국어|ENP000581:영어|JPP000581:일본어|CNP000581:중국어 간체|TCP000581:중국어 번체,5
KOP000571,SBS 어워즈 페스티벌,축제/공연/행사,축제/공연/행사 > 축제,57,KOP000571:한국어|ENP000571:영어,2
KOP000540,DDP LED 장미정원,축제/공연/행사,축제/공연/행사 > 축제,57,KOP000540:한국어|ENP000540:영어|JPP000540:일본어|CNP000540:중국어 간체|TCP000540:중국어 번체,5
KOP000530,알레산드로 멘디니展,축제/공연/행사,축제/공연/행사 > 축제,57,KOP000530:한국어|ENP000530:영어|JPP000530:일본어|CNP000530:중국어 간체|TCP000530:중국어 번체,5
KOP000523,간송문화전 5부 : 화훼영모,축제/공연/행사,축제/공연/행사 > 축제,57,KOP000523:한국어|ENP000523:영어|JPP000523:일본어|TCP000523:중국어 번체,4
KOP000436,한양도성박물관 특별전_도성일관,축제/공연/행사,축제/공연/행사 > 축제,57,KOP000436:한국어|ENP000436:영어,2
KOP000431,백남준 그루브_흥興,축제/공연/행사,축제/공연/행사 > 축제,57,KOP000431:한국어|ENP000431:영어|JPP000431:일본어|CNP000431:중국어 간체|TCP000431:중국어 번체,5
KOP000415,스탠리 큐브릭전,축제/공연/행사,축제/공연/행사 > 축제,57,KOP000415:한국어|ENP000415:영어|JPP000415:일본어|CNP000415:중국어 간체|TCP000415:중국어 번체,5
KOP000382,"2016 뚝섬, 여의도한강공원 눈썰매장 개장",축제/공연/행사,축제/공연/행사 > 축제,57,KOP000382:한국어|ENP000382:영어|JPP000382:일본어|CNP000382:중국어 간체|TCP000382:중국어 번체,5
KOP000119,연등회(연등축제),축제/공연/행사,축제/공연/행사 > 축제,57,KOP000119:한국어|ENP000119:영어|JPP000119:일본어|CNP000119:중국어 간체|TCP000119:중국어 번체,5
KOP000038,하이서울페스티벌,축제/공연/행사,축제/공연/행사 > 축제,57,KOP000038:한국어|ENP000038:영어|JPP000038:일본어|CNP000038:중국어 간체|TCP000038:중국어 번체,5
KOP000031,영등포 여의도 봄꽃축제,축제/공연/행사,축제/공연/행사 > 축제,57,KOP000031:한국어|ENP000031:영어|JPP000031:일본어|CNP000031:중국어 간체|TCP000031:중국어 번체,5
KOP000003,2016 서울광장 스케이트장,축제/공연/행사,축제/공연/행사 > 축제,57,KOP000003:한국어|ENP000003:영어|JPP000003:일본어|CNP000003:중국어 간체|TCP000003:중국어 번체,5
KOP000005,제12회 서울 아시테지 겨울축제,축제/공연/행사,축제/공연/행사 > 축제,57,KOP000005:한국어|ENP000005:영어|JPP000005:일본어|CNP000005:중국어 간체|TCP000005:중국어 번체,5
KOP009411,제4회 북팔코믹스 페스티벌,축제/공연/행사,축제/공연/행사 > 축제,57,KOP009411:한국어,1
KOP009288,서울대공원 가을축제,축제/공연/행사,축제/공연/행사 > 축제,57,KOP009288:한국어|ENP009288:영어|JPP009288:일본어|CNP009288:중국어 간체|TCP009288:중국어 번체,5
KOP009221,서울약령시 한방문화축제,축제/공연/행사,축제/공연/행사 > 축제,57,KOP009221:한국어|ENP009221:영어|JPP009221:일본어|CNP009221:중국어 간체|TCP009221:중국어 번체,5
KOP009141,서울바자축제,축제/공연/행사,축제/공연/행사 > 축제,57,KOP009141:한국어|ENP009141:영어|JPP009141:일본어|CNP009141:중국어 간체|TCP009141:중국어 번체,5
KOP009100,강남페스티벌,축제/공연/행사,축제/공연/행사 > 축제,57,KOP009100:한국어|ENP009100:영어|JPP009100:일본어|CNP009100:중국어 간체|TCP009100:중국어 번체,5
KOP009384,무역센터 국화축제,축제/공연/행사,축제/공연/행사 > 축제,58,KOP009384:한국어|ENP009384:영어|JPP009384:일본어|CNP009384:중국어 간체|TCP009384:중국어 번체,5
KOP009352,One-Asia 서울메가콘서트,축제/공연/행사,축제/공연/행사 > 축제,58,KOP009352:한국어|ENP009352:영어|JPP009352:일본어|CNP009352:중국어 간체|TCP009352:중국어 번체,5
KOP009318,추석절 농수산물 장터축제,축제/공연/행사,축제/공연/행사 > 축제,58,KOP009318:한국어|ENP009318:영어|JPP009318:일본어|CNP009318:중국어 간체|TCP009318:중국어 번체,5
KOP009298,조이올팍 페스티벌,축제/공연/행사,축제/공연/행사 > 축제,58,KOP009298:한국어|JPP009298:일본어|CNP009298:중국어 간체|TCP009298:중국어 번체,4
KOP009278,"이영희展－바람, 바램",축제/공연/행사,축제/공연/행사 > 축제,58,KOP009278:한국어|ENP009278:영어|JPP009278:일본어|CNP009278:중국어 간체|TCP009278:중국어 번체,5
KOP009270,북팔코믹스 페스티벌,축제/공연/행사,축제/공연/행사 > 축제,58,KOP009270:한국어,1
KOP009259,서초 서리풀페스티벌,축제/공연/행사,축제/공연/행사 > 축제,58,KOP009259:한국어|ENP009259:영어|JPP009259:일본어|CNP009259:중국어 간체|TCP009259:중국어 번체,5
KOP009245,북촌뮤직페스티벌,축제/공연/행사,축제/공연/행사 > 축제,58,KOP009245:한국어|ENP009245:영어|JPP009245:일본어|CNP009245:중국어 간체|TCP009245:중국어 번체,5
KOP009235,서울드라마어워즈,축제/공연/행사,축제/공연/행사 > 축제,58,KOP009235:한국어|ENP009235:영어|JPP009235:일본어|CNP009235:중국어 간체|TCP009235:중국어 번체,5
KOP009210,영양고추 핫페스티벌,축제/공연/행사,축제/공연/행사 > 축제,58,KOP009210:한국어|ENP009210:영어|JPP009210:일본어|CNP009210:중국어 간체|TCP009210:중국어 번체,5
KOP009186,문화가 흐르는 서울광장,축제/공연/행사,축제/공연/행사 > 축제,58,KOP009186:한국어|ENP009186:영어|JPP009186:일본어|CNP009186:중국어 간체|TCP009186:중국어 번체,5
KOP009185,사랑하라! 대한민국,축제/공연/행사,축제/공연/행사 > 축제,58,KOP009185:한국어,1
KOP009160,육의전 체험축제,축제/공연/행사,축제/공연/행사 > 축제,58,KOP009160:한국어|ENP009160:영어|JPP009160:일본어|CNP009160:중국어 간체|TCP009160:중국어 번체,5
KOP009110,남산골한옥마을 오(五)대감 한가위 잔치,축제/공연/행사,축제/공연/행사 > 축제,58,KOP009110:한국어|ENP009110:영어|JPP009110:일본어|CNP009110:중국어 간체|TCP009110:중국어 번체,5
KOP009095,코리아그랜드세일,축제/공연/행사,축제/공연/행사 > 축제,58,KOP009095:한국어|ENP009095:영어|JPP009095:일본어|CNP009095:중국어 간체|TCP009095:중국어 번체,5
KOP009086,마로니에 여름축제,축제/공연/행사,축제/공연/행사 > 축제,58,KOP009086:한국어|ENP009086:영어|CNP009086:중국어 간체|TCP009086:중국어 번체,4
KOP009293,서울대공원 별밤축제,축제/공연/행사,축제/공연/행사 > 축제,58,KOP009293:한국어|ENP009293:영어|JPP009293:일본어|CNP009293:중국어 간체|TCP009293:중국어 번체,5
KOP009250,인천공항 여름 정기공연‘Fantastic Summer Concert&#039;,축제/공연/행사,축제/공연/행사 > 축제,58,KOP009250:한국어|ENP009250:영어|CNP009250:중국어 간체|TCP009250:중국어 번체,4
KOP009216,Appearance in NEPAL - 고맙습니다! 네팔,축제/공연/행사,축제/공연/행사 > 축제,58,KOP009216:한국어|ENP009216:영어|JPP009216:일본어|CNP009216:중국어 간체|TCP009216:중국어 번체,5
KOP009201,"폴란드, 천년의 예술",축제/공연/행사,축제/공연/행사 > 축제,58,KOP009201:한국어|ENP009201:영어|JPP009201:일본어,3
KOP009130,앤디 워홀 LIVE,축제/공연/행사,축제/공연/행사 > 축제,59,KOP009130:한국어|ENP009130:영어|JPP009130:일본어|CNP009130:중국어 간체|TCP009130:중국어 번체,5
KOP009105,아름다운 공유_한성에 모인 보물들,축제/공연/행사,축제/공연/행사 > 축제,59,KOP009105:한국어|ENP009105:영어|JPP009105:일본어|CNP009105:중국어 간체,4
KOP009010,"간송문화전 4부 - 매, 난, 국, 죽_선비의 향기",축제/공연/행사,축제/공연/행사 > 축제,59,KOP009010:한국어|ENP009010:영어|JPP009010:일본어|CNP009010:중국어 간체|TCP009010:중국어 번체,5
KOP008966,7월 한강 문화 행사,축제/공연/행사,축제/공연/행사 > 축제,59,KOP008966:한국어|ENP008966:영어|JPP008966:일본어|CNP008966:중국어 간체|TCP008966:중국어 번체,5
KOP008811,"판화, 시대를 담다",축제/공연/행사,축제/공연/행사 > 축제,59,KOP008811:한국어|ENP008811:영어|JPP008811:일본어|CNP008811:중국어 간체|TCP008811:중국어 번체,5
KOP008692,쿠바문화예술축제,축제/공연/행사,축제/공연/행사 > 축제,59,KOP008692:한국어|ENP008692:영어|JPP008692:일본어|CNP008692:중국어 간체|TCP008692:중국어 번체,5
KOP008641,에스프리 디올 - 디올 정신,축제/공연/행사,축제/공연/행사 > 축제,59,KOP008641:한국어|ENP008641:영어|JPP008641:일본어|CNP008641:중국어 간체|TCP008641:중국어 번체,5
KOP008572,프리다 칼로 - 절망에서 피어난 천재 화가,축제/공연/행사,축제/공연/행사 > 축제,59,KOP008572:한국어|ENP008572:영어|JPP008572:일본어|CNP008572:중국어 간체|TCP008572:중국어 번체,5
KOP008321,서울애니시네마,축제/공연/행사,축제/공연/행사 > 축제,59,KOP008321:한국어|ENP008321:영어|JPP008321:일본어|CNP008321:중국어 간체,4
KOP007952,피스마이너스원,축제/공연/행사,축제/공연/행사 > 축제,59,KOP007952:한국어|ENP007952:영어|JPP007952:일본어|CNP007952:중국어 간체|TCP007952:중국어 번체,5
KOP009470,북촌한옥마을 전통문화체험,축제/공연/행사,축제/공연/행사 > 축제,59,KOP009470:한국어|ENP009470:영어|JPP009470:일본어|CNP009470:중국어 간체|TCP009470:중국어 번체,5
KOP009445,을지문덕과 함께 하는 렛츠런 마상쇼,축제/공연/행사,축제/공연/행사 > 축제,59,KOP009445:한국어|ENP009445:영어|JPP009445:일본어|CNP009445:중국어 간체|TCP009445:중국어 번체,5
KOP009430,고궁에서 우리음악 듣기,축제/공연/행사,축제/공연/행사 > 축제,59,KOP009430:한국어|JPP009430:일본어|CNP009430:중국어 간체|TCP009430:중국어 번체,4
KOP008829,서울 템플스테이 위크,축제/공연/행사,축제/공연/행사 > 축제,59,KOP008829:한국어|ENP008829:영어|JPP008829:일본어|CNP008829:중국어 간체|TCP008829:중국어 번체,5
KOP008783,LetsRun Park 벚꽃이 빛나는 밤에,축제/공연/행사,축제/공연/행사 > 축제,59,KOP008783:한국어|ENP008783:영어|JPP008783:일본어|CNP008783:중국어 간체|TCP008783:중국어 번체,5
KOP008744,"서울대공원 봄꽃 축제「봄, 꽃을 깨우다!」",축제/공연/행사,축제/공연/행사 > 축제,59,KOP008744:한국어|ENP008744:영어|JPP008744:일본어|CNP008744:중국어 간체|TCP008744:중국어 번체,5
KOP009044,뚝섬 한강공원 눈썰매장 개장,축제/공연/행사,축제/공연/행사 > 축제,59,KOP009044:한국어|ENP009044:영어|CNP009044:중국어 간체|TCP009044:중국어 번체,4
KOP008898,서울김장문화제,축제/공연/행사,축제/공연/행사 > 축제,59,KOP008898:한국어|ENP008898:영어|JPP008898:일본어|CNP008898:중국어 간체|TCP008898:중국어 번체,5
KOP008849,북촌개방의 날,축제/공연/행사,축제/공연/행사 > 축제,59,KOP008849:한국어,1
KOP008616,서울와우북페스티벌,축제/공연/행사,축제/공연/행사,59,KOP008616:한국어,1
KOP008581,인천아시아경기대회,축제/공연/행사,축제/공연/행사 > 축제,60,KOP008581:한국어|JPP008581:일본어|CNP008581:중국어 간체,3
KOP008005,한일축제한마당,축제/공연/행사,축제/공연/행사 > 축제,60,KOP008005:한국어|JPP008005:일본어,2
KOP007957,"인천공항 하계 성수기 정기공연, &lt;쿨 썸머 콘서트&gt;",축제/공연/행사,축제/공연/행사 > 축제,60,KOP007957:한국어,1
KOP007907,2014 서울 문화의 밤,축제/공연/행사,축제/공연/행사 > 축제,60,KOP007907:한국어|ENP007907:영어|CNP007907:중국어 간체|TCP007907:중국어 번체,4
KOP009033,마로니에 여름축제,축제/공연/행사,축제/공연/행사 > 축제,60,KOP009033:한국어|ENP009033:영어,2
KOP009004,"달빛아래 정인(情人)을 만나다, ‘한양도성 달빛기행’",축제/공연/행사,축제/공연/행사 > 축제,60,KOP009004:한국어,1
KOP008997,서울지하철 스탬프 투어,축제/공연/행사,축제/공연/행사 > 축제,60,KOP008997:한국어,1
KOP009500,SBS드라마 특별기획전 [별에서 온 그대],축제/공연/행사,축제/공연/행사 > 축제,60,KOP009500:한국어|ENP009500:영어|JPP009500:일본어|CNP009500:중국어 간체|TCP009500:중국어 번체,5
KOP008859,국악한마당,축제/공연/행사,축제/공연/행사 > 축제,60,KOP008859:한국어|ENP008859:영어|JPP008859:일본어|CNP008859:중국어 간체|TCP008859:중국어 번체,5
KOP008762,단오 행사,축제/공연/행사,축제/공연/행사 > 축제,60,KOP008762:한국어|ENP008762:영어|JPP008762:일본어,3
KOP008594,한강 역사탐방 프로그램「한강의 역사를 찾아서」,축제/공연/행사,축제/공연/행사 > 축제,60,KOP008594:한국어,1
KOP008520,"꽃피는 3월, 서울시 문화예술 프로그램 안내",축제/공연/행사,축제/공연/행사 > 축제,60,KOP008520:한국어,1
KOP008502,도성길라잡이와 함께하는 한양도성투어,축제/공연/행사,축제/공연/행사 > 축제,60,KOP008502:한국어,1
KOP008444,The GREAT Festival(영국 문화 축제),축제/공연/행사,축제/공연/행사 > 축제,60,KOP008444:한국어|ENP008444:영어,2
KOP008392,"매달 마지막 수요일, 문화가 있는 날",축제/공연/행사,축제/공연/행사 > 축제,60,KOP008392:한국어|ENP008392:영어|JPP008392:일본어|CNP008392:중국어 간체|TCP008392:중국어 번체,5
KOP008235,운현궁 궁중의상체험,축제/공연/행사,축제/공연/행사 > 축제,60,KOP008235:한국어|ENP008235:영어|JPP008235:일본어|CNP008235:중국어 간체|TCP008235:중국어 번체|RUP008235:러시아어,6
KOP008256,경복궁 수문장 교대의식,축제/공연/행사,축제/공연/행사,60,KOP008256:한국어|ENP008256:영어|JPP008256:일본어|CNP008256:중국어 간체|RUP008256:러시아어,5
KOP008705,남산봉수대 전통문화공연,축제/공연/행사,축제/공연/행사,60,KOP008705:한국어|ENP008705:영어|JPP008705:일본어|CNP008705:중국어 간체|TCP008705:중국어 번체,5
KOP008653,조선시대 과거제 행사,축제/공연/행사,축제/공연/행사 > 축제,60,KOP008653:한국어,1
KOP008010,남산봉수대 거화의식,축제/공연/행사,축제/공연/행사,60,KOP008010:한국어|ENP008010:영어|JPP008010:일본어|CNP008010:중국어 간체|TCP008010:중국어 번체,5
KOP008609,덕수궁 왕궁수문장 교대의식,축제/공연/행사,축제/공연/행사 > 축제,61,KOP008609:한국어|ENP008609:영어|JPP008609:일본어|CNP008609:중국어 간체|TCP008609:중국어 번체,5
KOP001747,소극장 산울림,축제/공연/행사,축제/공연/행사 > 공연,61,KOP001747:한국어|ENP001747:영어|JPP001747:일본어|CNP001747:중국어 간체|TCP001747:중국어 번체|RUP001747:러시아어|MLP001747:말레이어,7
KOP007254,운현궁 고종·명성황후 가례,축제/공연/행사,축제/공연/행사,61,KOP007254:한국어|CNP007254:중국어 간체,2
